,BBBP,smiles,cano_smiles
0,0,O=C(O)c1cc(N=Nc2ccc(S(=O)(=O)Nc3ccccn3)cc2)ccc1O,O=C(O)c1cc(N=Nc2ccc(S(=O)(=O)Nc3ccccn3)cc2)ccc1O
1,0,COC1(NC(=O)C(C(=O)O)c2ccc(O)cc2)C(=O)N2C(C(=O)O)=C(CSc3nnnn3C)COC21,COC1(NC(=O)C(C(=O)O)c2ccc(O)cc2)C(=O)N2C(C(=O)O)=C(CSc3nnnn3C)COC21
2,0,Oc1c(I)cc(Cl)c2cccnc12,Oc1c(I)cc(Cl)c2cccnc12
3,0,CCNC(=NCCSCc1ncccc1Br)NC#N,CCNC(=NCCSCc1ncccc1Br)NC#N
4,0,CN1CC[C@]23c4c5ccc(OC6O[C@H](C(=O)O)[C@@H](O)[C@H](O)[C@H]6O)c4O[C@H]2[C@@H](O)C=C[C@H]3[C@H]1C5,CN1CC[C@]23c4c5ccc(OC6O[C@H](C(=O)O)[C@@H](O)[C@H](O)[C@H]6O)c4O[C@H]2[C@@H](O)C=C[C@H]3[C@H]1C5
5,0,CS(=O)(=O)N(CCO)c1c(Cl)c(Cl)cc2[nH]c(=O)c(=O)[nH]c12,CS(=O)(=O)N(CCO)c1c(Cl)c(Cl)cc2[nH]c(=O)c(=O)[nH]c12
6,0,O=c1[nH]c2cc(Cl)ccc2c(O)c1-c1cccc(Oc2ccccc2)c1,O=c1[nH]c2cc(Cl)ccc2c(O)c1-c1cccc(Oc2ccccc2)c1
7,0,COc1cc(C2c3cc4c(cc3C(OC3OC5COC(C)OC5C(O)C3O)C3COC(=O)C23)OCO4)cc(OC)c1O,COc1cc(C2c3cc4c(cc3C(OC3OC5COC(C)OC5C(O)C3O)C3COC(=O)C23)OCO4)cc(OC)c1O
8,0,COc1cccnc1CCCCNc1ncc(Cc2ccc(C)nc2)c(=O)[nH]1,COc1cccnc1CCCCNc1ncc(Cc2ccc(C)nc2)c(=O)[nH]1
9,0,CCC(CC)O[C@@H]1C=C(C(=O)O)C[C@H](N)[C@@H]1NCOC,CCC(CC)O[C@@H]1C=C(C(=O)O)C[C@H](N)[C@@H]1NCOC
10,0,Cc1ccc(Cc2cnc(NCCCCc3ncc(Br)cc3C)[nH]c2=O)cn1,Cc1ccc(Cc2cnc(NCCCCc3ncc(Br)cc3C)[nH]c2=O)cn1
11,0,COC1(NC(=O)C2SC(=C(C(N)=O)C(=O)O)S2)C(=O)N2C(C(=O)O)=C(CSc3nnnn3C)CSC21,COC1(NC(=O)C2SC(=C(C(N)=O)C(=O)O)S2)C(=O)N2C(C(=O)O)=C(CSc3nnnn3C)CSC21
12,0,CO[C@@]1(NC(=O)C2SC(=C(C(N)=O)C(=O)O)S2)C(=O)N2C(C(=O)O)=C(CSc3nnnn3C)CS[C@@H]21,CO[C@@]1(NC(=O)C2SC(=C(C(N)=O)C(=O)O)S2)C(=O)N2C(C(=O)O)=C(CSc3nnnn3C)CS[C@@H]21
13,0,c1ccc(NC2=NCCN2)cc1,c1ccc(NC2=NCCN2)cc1
14,0,Cc1ccc(CC2CNC(NCCCCc3ncc(Br)cc3C)NC2=O)cn1,Cc1ccc(CC2CNC(NCCCCc3ncc(Br)cc3C)NC2=O)cn1
15,0,CN1Cc2c(-c3noc(C(C)(O)CO)n3)ncn2-c2cccc(Cl)c2C1=O,CN1Cc2c(-c3noc(C(C)(O)CO)n3)ncn2-c2cccc(Cl)c2C1=O
16,0,CC(C)c1nc(CN(C)C(=O)N[C@@H](C)C(=O)C[C@@H](Cc2ccccc2)C[C@H](O)[C@H](Cc2ccccc2)NC(=O)OCc2cncs2)cs1,CC(C)c1nc(CN(C)C(=O)N[C@@H](C)C(=O)C[C@@H](Cc2ccccc2)C[C@H](O)[C@H](Cc2ccccc2)NC(=O)OCc2cncs2)cs1
17,0,CN1Cc2c(-c3noc(C(C)(CO)CO)n3)ncn2-c2cccc(Cl)c2C1=O,CN1Cc2c(-c3noc(C(C)(CO)CO)n3)ncn2-c2cccc(Cl)c2C1=O
18,0,CN1Cc2c(-c3noc(C(C)(O)O)n3)ncn2-c2cccc(Cl)c2C1=O,CN1Cc2c(-c3noc(C(C)(O)O)n3)ncn2-c2cccc(Cl)c2C1=O
19,0,CN1Cc2c(-c3noc([C@](C)(O)CO)n3)ncn2-c2cccc(Cl)c2C1=O,CN1Cc2c(-c3noc([C@](C)(O)CO)n3)ncn2-c2cccc(Cl)c2C1=O
20,0,O=C(c1ccc(OCCN2CCCCC2)cc1)c1c(-c2ccc(O)cc2)sc2cc(O)ccc12,O=C(c1ccc(OCCN2CCCCC2)cc1)c1c(-c2ccc(O)cc2)sc2cc(O)ccc12
21,0,CCOC(=O)N1CSCC1C(=O)O,CCOC(=O)N1CSCC1C(=O)O
22,0,O=C(O)CCCc1ccc(N(CCCl)CCCl)cc1,O=C(O)CCCc1ccc(N(CCCl)CCCl)cc1
23,0,O=C1c2c(O)cc(O)cc2CC(c2ccc(O)c(O)c2)C1O,O=C1c2c(O)cc(O)cc2CC(c2ccc(O)c(O)c2)C1O
24,0,OC[C@H]1O[C@H](O[C@]2(CO)O[C@H](CO)[C@@H](O)[C@@H]2O)[C@H](O)[C@@H](O)[C@@H]1O,OC[C@H]1O[C@@](CO)(O[C@H]2O[C@H](CO)[C@@H](O)[C@H](O)[C@H]2O)[C@@H](O)[C@@H]1O
25,0,CC(C(=O)O)c1ccc(-c2ccccc2)c(F)c1,CC(C(=O)O)c1ccc(-c2ccccc2)c(F)c1
26,0,C=CCc1cccc(/C=N\NC(=O)CN2CCN(Cc3ccc(S(N)(=O)=O)cc3)CC2)c1O,C=CCc1cccc(/C=N\NC(=O)CN2CCN(Cc3ccc(S(N)(=O)=O)cc3)CC2)c1O
27,0,OC[C@@H](O)[C@@H](O)[C@H](O)[C@H](O)CO,OC[C@@H](O)[C@@H](O)[C@H](O)[C@H](O)CO
28,0,CC(=O)Nc1cccc(-c2csc(N=C(N)N)n2)c1,CC(=O)Nc1cccc(-c2csc(N=C(N)N)n2)c1
29,0,O=C(O)c1nc2ccc(C(F)(F)F)cc2nc1NCc1ccc(C(F)(F)F)cc1,O=C(O)c1nc2ccc(C(F)(F)F)cc2nc1NCc1ccc(C(F)(F)F)cc1
30,0,CN=C(NC#N)Nc1cccc(-c2csc(N=C(N)N)n2)c1,CN=C(NC#N)Nc1cccc(-c2csc(N=C(N)N)n2)c1
31,0,NC(N)=Nc1nc(-c2ccc(O)c(O)c2)cs1,NC(N)=Nc1nc(-c2ccc(O)c(O)c2)cs1
32,0,CC(C)CC(=O)c1ccc(OCCCCO)cc1O,CC(C)CC(=O)c1ccc(OCCCCO)cc1O
33,0,CC(C)CC(=O)c1ccc(OCCCCOc2ccc(CCC(=O)O)c(O)c2)cc1O,CC(C)CC(=O)c1ccc(OCCCCOc2ccc(CCC(=O)O)c(O)c2)cc1O
34,0,CC(C)CC(=O)c1ccc(OCCCCOc2ccc3ccc(=O)oc3c2)cc1O,CC(C)CC(=O)c1ccc(OCCCCOc2ccc3ccc(=O)oc3c2)cc1O
35,0,CCNc1cccnc1N1CCN(C(=O)c2cc3cc(NS(C)(=O)=O)ccc3[nH]2)CC1,CCNc1cccnc1N1CCN(C(=O)c2cc3cc(NS(C)(=O)=O)ccc3[nH]2)CC1
36,0,CN(Cc1cnc2nc(N)nc(N)c2n1)c1ccc(C(=O)NC(CCC(=O)O)C(=O)O)cc1,CN(Cc1cnc2nc(N)nc(N)c2n1)c1ccc(C(=O)NC(CCC(=O)O)C(=O)O)cc1
37,0,CO[C@H]1/C=C/O[C@@]2(C)Oc3c(C)c(O)c4c(O)c(c(/C=N/N5CCN(C)CC5)c(O)c4c3C2=O)NC(=O)C/C(C)=C\C=C\[C@@H](C)C(O)[C@@H](C)[C@H](O)[C@H](C)[C@H](OC(C)=O)[C@@H]1C,CO[C@H]1/C=C/O[C@@]2(C)Oc3c(C)c(O)c4c(O)c(c(/C=N/N5CCN(C)CC5)c(O)c4c3C2=O)NC(=O)C/C(C)=C\C=C\[C@@H](C)C(O)[C@@H](C)[C@H](O)[C@H](C)[C@H](OC(C)=O)[C@@H]1C
38,0,NCC(CC(=O)O)c1ccc(Cl)cc1,NCC(CC(=O)O)c1ccc(Cl)cc1
39,0,COc1cc([C@@H]2c3cc4c(cc3[C@@H](O[C@@H]3O[C@@H]5CO[C@@H](C)O[C@H]5[C@H](O)[C@H]3O)[C@H]3COC(=O)[C@H]23)OCO4)cc(OC)c1O,COc1cc([C@@H]2c3cc4c(cc3[C@@H](O[C@@H]3O[C@@H]5CO[C@@H](C)O[C@H]5[C@H](O)[C@H]3O)[C@H]3COC(=O)[C@H]23)OCO4)cc(OC)c1O
40,0,CN(Cc1cnc2nc(N)nc(N)c2n1)c1ccc(C(=O)N[C@@H](CCC(=O)O)C(=O)O)cc1,CN(Cc1cnc2nc(N)nc(N)c2n1)c1ccc(C(=O)N[C@@H](CCC(=O)O)C(=O)O)cc1
41,0,Cc1ccc(NC(=O)c2ccc(CN3CCN(C)CC3)cc2)cc1Nc1nccc(-c2cccnc2)n1,Cc1ccc(NC(=O)c2ccc(CN3CCN(C)CC3)cc2)cc1Nc1nccc(-c2cccnc2)n1
42,0,Cc1nnc2n1-c1ccc(Cl)cc1C(c1ccccc1)=NC2O,Cc1nnc2n1-c1ccc(Cl)cc1C(c1ccccc1)=NC2O
43,0,CCc1cccc2c3c([nH]c12)C(CC)(CC(=O)O)OCC3,CCc1cccc2c3c([nH]c12)C(CC)(CC(=O)O)OCC3
44,0,CC(C)NC(O)COc1ccc(CC(N)=O)cc1,CC(C)NC(O)COc1ccc(CC(N)=O)cc1
45,0,CN=C(NC#N)NCCSCC1=NC=NC1C,CN=C(NC#N)NCCSCC1=NC=NC1C
46,0,CN=C(NC#N)NCCSCc1nc[nH]c1C,CN=C(NC#N)NCCSCc1nc[nH]c1C
47,0,CC1(C(=O)O)CCC2(C)CCC3(C)C(=CC(=O)C4C5(C)CCC(O)C(C)(C)C5CCC43C)C2C1,CC1(C(=O)O)CCC2(C)CCC3(C)C(=CC(=O)C4C5(C)CCC(O)C(C)(C)C5CCC43C)C2C1
48,0,CCCc1nc(C)c2c(=O)[nH]c(-c3cc(S(=O)(=O)N4CCN(CC)CC4)ccc3OCC)nn12,CCCc1nc(C)c2c(=O)[nH]c(-c3cc(S(=O)(=O)N4CCN(CC)CC4)ccc3OCC)nn12
49,0,CCCn1c(=O)c2[nH]c(C3CCC(=O)C3)nc2n(CCC)c1=O,CCCn1c(=O)c2[nH]c(C3CCC(=O)C3)nc2n(CCC)c1=O
50,0,CCCn1c(=O)c2[nH]c([C@H]3CCC(=O)C3)nc2n(CCC)c1=O,CCCn1c(=O)c2[nH]c([C@H]3CCC(=O)C3)nc2n(CCC)c1=O
51,0,COC(=O)Nc1nc2ccc(C(=O)N3CCN(c4ccccn4)CC3)cc2[nH]1,COC(=O)Nc1nc2ccc(C(=O)N3CCN(c4ccccn4)CC3)cc2[nH]1
52,0,COc1nccc(-c2c(-c3ccc(F)cc3)ncn2C2CCC(O)CC2)n1,COc1nccc(-c2c(-c3ccc(F)cc3)ncn2C2CCC(O)CC2)n1
53,0,NCc1c[n+]2ccccc2[nH]1,NCc1c[n+]2ccccc2[nH]1
54,0,CCOc1ccc(C(=O)c2cccc3ccccc23)c2ccccc12,CCOc1ccc(C(=O)c2cccc3ccccc23)c2ccccc12
55,0,Cc1ccccc1N=C1N(C)CCN1C,Cc1ccccc1N=C1N(C)CCN1C
56,0,Cc1ccccc1NC1=NCCN1,Cc1ccccc1NC1=NCCN1
57,0,CC(C)c1c(C(=O)Nc2ccccc2)c(-c2ccccc2)c(-c2ccc(F)cc2)n1CC[C@@H](O)C[C@@H](O)CC(=O)O,CC(C)c1c(C(=O)Nc2ccccc2)c(-c2ccccc2)c(-c2ccc(F)cc2)n1CC[C@@H](O)C[C@@H](O)CC(=O)O
58,0,CN1Cc2c(-c3noc(C(C)(C)O)n3)ncn2-c2cccc(Cl)c2C1=O,CN1Cc2c(-c3noc(C(C)(C)O)n3)ncn2-c2cccc(Cl)c2C1=O
59,0,O=C(O)c1cc(=O)c2c(Cl)cc(Cl)cc2[nH]1,O=C(O)c1cc(=O)c2c(Cl)cc(Cl)cc2[nH]1
60,0,O=c1[nH]cnc2c1ncn2C1CCC(CO)O1,O=c1[nH]cnc2c1ncn2C1CCC(CO)O1
61,0,CC(C)(C)NCC(O)c1ccc(O)c(CO)c1,CC(C)(C)NCC(O)c1ccc(O)c(CO)c1
62,0,CN(C)Cc1ccc(CSCCNc2nc(=O)c(Cc3ccc4ccccc4c3)c[nH]2)o1,CN(C)Cc1ccc(CSCCNc2nc(=O)c(Cc3ccc4ccccc4c3)c[nH]2)o1
63,0,COc1ccc(NS(=O)(=O)c2sc3ccc(Cl)cc3c2C)cc1N1CCNCC1,COc1ccc(NS(=O)(=O)c2sc3ccc(Cl)cc3c2C)cc1N1CCNCC1
64,0,COc1ccc2c(c1)c(CC(=O)O)c(C)n2C(=O)c1ccc(Cl)cc1,COc1ccc2c(c1)c(CC(=O)O)c(C)n2C(=O)c1ccc(Cl)cc1
65,0,COc1cccnc1CCCCNc1ncc(Cc2cccc(C)n2)c(=O)[nH]1,COc1cccnc1CCCCNc1ncc(Cc2cccc(C)n2)c(=O)[nH]1
66,0,Cc1ccc(N=C2N(C)CCN2C)c(C)c1,Cc1ccc(N=C2N(C)CCN2C)c(C)c1
67,0,Cc1ccc(NC2=NCCN2)c(C)c1,Cc1ccc(NC2=NCCN2)c(C)c1
68,0,N#CC(c1ccc(Cl)cc1)c1c(Cl)cc(-n2ncc(=O)[nH]c2=O)cc1Cl,N#CC(c1ccc(Cl)cc1)c1c(Cl)cc(-n2ncc(=O)[nH]c2=O)cc1Cl
69,0,NCC1(Cc2noc(=O)[nH]2)CCCCC1,NCC1(Cc2noc(=O)[nH]2)CCCCC1
70,0,NCCc1nc(-c2ccccc2)cs1,NCCc1nc(-c2ccccc2)cs1
71,0,Nc1nc(NCCc2ccc(O)cc2)nc2nc(-c3ccco3)nn12,Nc1nc(NCCc2ccc(O)cc2)nc2nc(-c3ccco3)nn12
72,0,O=c1[nH]cnc2c1ncn2[C@@H]1CC[C@H](CO)O1,O=c1[nH]cnc2c1ncn2[C@@H]1CC[C@H](CO)O1
73,0,OCc1nnc2n1-c1ccc(Cl)cc1C(c1ccccc1)=NC2,OCc1nnc2n1-c1ccc(Cl)cc1C(c1ccccc1)=NC2
74,0,COc1ccc2c(c1)C(CC(=O)O)C(C)N2C(=O)c1ccc(Cl)cc1,COc1ccc2c(c1)C(CC(=O)O)C(C)N2C(=O)c1ccc(Cl)cc1
75,0,COc1ccc2c(c1)[C@@H](CC(=O)O)[C@H](C)N2C(=O)c1ccc(Cl)cc1,COc1ccc2c(c1)[C@@H](CC(=O)O)[C@H](C)N2C(=O)c1ccc(Cl)cc1
76,0,O=C(O)c1ccc(-c2ccccc2)cc1,O=C(O)c1ccc(-c2ccccc2)cc1
77,0,CN/C(=C/[N+](=O)[O-])NCCSc1ccc(CN(C)C)o1,CN/C(=C/[N+](=O)[O-])NCCSc1ccc(CN(C)C)o1
78,0,CN/C(=C\[N+](=O)[O-])NCCSCc1ccc(CN(C)C)o1,CN/C(=C\[N+](=O)[O-])NCCSCc1ccc(CN(C)C)o1
79,0,CN=C(C[N+](=O)[O-])NCCCSc1ccc(CN(C)C)o1,CN=C(C[N+](=O)[O-])NCCCSc1ccc(CN(C)C)o1
80,0,CN=C(C[N+](=O)[O-])NCCSCc1ccc(CN(C)C)o1,CN=C(C[N+](=O)[O-])NCCSCc1ccc(CN(C)C)o1
81,0,CNC(=C[N+](=O)[O-])NCCSCc1ccc(CN(C)C)o1,CNC(=C[N+](=O)[O-])NCCSCc1ccc(CN(C)C)o1
82,0,CNC(C[N+](=O)[O-])=NCCSc1ccc(CN(C)C)o1,CNC(C[N+](=O)[O-])=NCCSc1ccc(CN(C)C)o1
83,0,C[C@H]1O[C@@H](O[C@H]2[C@@H](O)C[C@H](O[C@H]3[C@@H](O)C[C@H](O[C@H]4CC[C@]5(C)[C@H]6C[C@@H](O)[C@]7(C)C(C8=CC(=O)OC8)CC[C@]7(O)[C@@H]6CC[C@@H]5C4)O[C@@H]3C)O[C@@H]2C)C[C@H](O)[C@@H]1O,C[C@H]1O[C@@H](O[C@H]2[C@@H](O)C[C@H](O[C@H]3[C@@H](O)C[C@H](O[C@H]4CC[C@@]5(C)[C@H](CC[C@@H]6[C@@H]5C[C@@H](O)[C@]5(C)C(C7=CC(=O)OC7)CC[C@]65O)C4)O[C@@H]3C)O[C@@H]2C)C[C@H](O)[C@@H]1O
84,0,CO[C@H]1CN(CC2Cc3ccc(NC(=O)C(C)C)cc3C2)CCC1n1c(C)nc2cc(C)ccc21,CO[C@H]1CN(CC2Cc3ccc(NC(=O)C(C)C)cc3C2)CCC1n1c(C)nc2cc(C)ccc21
85,0,CC1OC(OC2C(O)CC(OC3C(O)CC(OC4CCC5(C)C(CCC6C5CC(O)C5(C)C(C7=CC(=O)OC7)CCC65O)C4)OC3C)OC2C)CC(O)C1O,CC1OC(OC2C(O)CC(OC3C(O)CC(OC4CCC5(C)C(CCC6C5CC(O)C5(C)C(C7=CC(=O)OC7)CCC65O)C4)OC3C)OC2C)CC(O)C1O
86,0,Nc1ccn(C2CCC(CO)O2)c(=O)n1,Nc1ccn(C2CCC(CO)O2)c(=O)n1
87,0,Nc1ccn([C@H]2CC[C@@H](CO)O2)c(=O)n1,Nc1ccn([C@H]2CC[C@@H](CO)O2)c(=O)n1
88,0,CN(C)CCc1c[nH]c2ccc(O)cc12,CN(C)CCc1c[nH]c2ccc(O)cc12
89,0,CC(=O)Oc1ccc(/C=C/C(=O)NCCc2ccccc2)cc1OC(C)=O,CC(=O)Oc1ccc(/C=C/C(=O)NCCc2ccccc2)cc1OC(C)=O
90,0,CN(C)c1cc(-c2n[nH]c(N)n2)ccn1,CN(C)c1cc(-c2n[nH]c(N)n2)ccn1
91,0,NC(N)=Nc1nc(-c2cccc(N)c2)cs1,NC(N)=Nc1nc(-c2cccc(N)c2)cs1
92,0,CCOc1ccc(Cc2nc3cc(N(C)S(=O)(=O)c4cccs4)ccc3n2CC2CCCCC2)nc1,CCOc1ccc(Cc2nc3cc(N(C)S(=O)(=O)c4cccs4)ccc3n2CC2CCCCC2)nc1
93,0,CCS(=O)(=O)n1c2c(c3cc(C(=O)N4CCC(C)CC4)ccc31)CN(C1CCOCC1)CC2,CCS(=O)(=O)n1c2c(c3cc(C(=O)N4CCC(C)CC4)ccc31)CN(C1CCOCC1)CC2
94,0,CCCCCCCCCCCCCCCCOP(=O)(O)OCC[N+](C)(C)C,CCCCCCCCCCCCCCCCOP(=O)(O)OCC[N+](C)(C)C
95,0,Cc1ccc(/C(=C\CN2CCCC2)c2cccc(/C=C/C(=O)O)n2)cc1,Cc1ccc(/C(=C\CN2CCCC2)c2cccc(/C=C/C(=O)O)n2)cc1
96,0,CN(C)Cc1ccc(CSCCNC2N=CC=C2[N+](=O)[O-])o1,CN(C)Cc1ccc(CSCCNC2N=CC=C2[N+](=O)[O-])o1
97,0,CN(C)Cc1ccc(CSCCNc2[nH]ccc2[N+](=O)[O-])o1,CN(C)Cc1ccc(CSCCNc2[nH]ccc2[N+](=O)[O-])o1
98,0,CN(C)Cc1ccc(SCCNc2[nH]ccc2[N+](=O)[O-])o1,CN(C)Cc1ccc(SCCNc2[nH]ccc2[N+](=O)[O-])o1
99,0,O=C(O)c1ccccc1O,O=C(O)c1ccccc1O
100,0,CCn1cc(C(=O)O)c(=O)c2cc(F)c(N3CCNCC3)cc21,CCn1cc(C(=O)O)c(=O)c2cc(F)c(N3CCNCC3)cc21
101,0,CC(C)CC1C(=O)N2CCCC2C2(O)OC(NC(=O)C3C=C4c5cccc6[nH]c(Br)c(c56)CC4N(C)C3)(C(C)C)C(=O)N12,CC(C)CC1C(=O)N2CCCC2C2(O)OC(NC(=O)C3C=C4c5cccc6[nH]c(Br)c(c56)CC4N(C)C3)(C(C)C)C(=O)N12
102,0,CC(C)C[C@H]1C(=O)N2CCC[C@H]2[C@]2(O)O[C@](NC(=O)[C@@H]3C=C4c5cccc6[nH]c(Br)c(c56)C[C@H]4N(C)C3)(C(C)C)C(=O)N12,CC(C)C[C@H]1C(=O)N2CCC[C@H]2[C@]2(O)O[C@](NC(=O)[C@@H]3C=C4c5cccc6[nH]c(Br)c(c56)C[C@H]4N(C)C3)(C(C)C)C(=O)N12
103,0,CN1CC(C(=O)NC2(C)OC3(O)C4CCCN4C(=O)C(Cc4ccccc4)N3C2=O)CC2C3=CC=CC4NC=CC(=C34)CC21,CN1CC(C(=O)NC2(C)OC3(O)C4CCCN4C(=O)C(Cc4ccccc4)N3C2=O)CC2C3=CC=CC4NC=CC(=C34)CC21
104,0,Cc1ccc(Cc2cnc(NCCSCc3ccc(CN(C)C)o3)[nH]c2=O)cn1,Cc1ccc(Cc2cnc(NCCSCc3ccc(CN(C)C)o3)[nH]c2=O)cn1
105,0,CCCCc1oc2ccccc2c1C(=O)c1cc(I)c(OCCN(CC)CC)c(I)c1,CCCCc1oc2ccccc2c1C(=O)c1cc(I)c(OCCN(CC)CC)c(I)c1
106,0,CC(C)(C)NC(=O)C1CC2CCCCC2CN1CC(O)C(Cc1ccccc1)NC(=O)C(CC(N)=O)NC(=O)c1ccc2ccccc2n1,CC(C)(C)NC(=O)C1CC2CCCCC2CN1CC(O)C(Cc1ccccc1)NC(=O)C(CC(N)=O)NC(=O)c1ccc2ccccc2n1
107,0,CCC1(O)CC2CN(CCc3c([nH]c4ccccc34)C(C(=O)OC)(c3cc4c(cc3OC)N(C=O)C3C(O)(C(=O)OC)C(OC(C)=O)C5(CC)C=CCN6CCC43C65)C2)C1,CCC1(O)CC2CN(CCc3c([nH]c4ccccc34)C(C(=O)OC)(c3cc4c(cc3OC)N(C=O)C3C(O)(C(=O)OC)C(OC(C)=O)C5(CC)C=CCN6CCC43C65)C2)C1
108,0,CC[C@]1(O)C[C@H]2CN(CCc3c([nH]c4ccccc34)[C@@](C(=O)OC)(c3cc4c(cc3OC)N(C=O)[C@H]3[C@@](O)(C(=O)OC)[C@H](OC(C)=O)[C@]5(CC)C=CCN6CC[C@]43[C@@H]65)C2)C1,CC[C@]1(O)C[C@H]2CN(CCc3c([nH]c4ccccc34)[C@@](C(=O)OC)(c3cc4c(cc3OC)N(C=O)[C@H]3[C@@](O)(C(=O)OC)[C@H](OC(C)=O)[C@]5(CC)C=CCN6CC[C@]43[C@@H]65)C2)C1
109,1,CC(C)(C(=O)O)c1ccc(C(O)CCCN2CCC(C(O)(c3ccccc3)c3ccccc3)CC2)cc1,CC(C)(C(=O)O)c1ccc(C(O)CCCN2CCC(C(O)(c3ccccc3)c3ccccc3)CC2)cc1
110,1,CC(C)(C)c1ccc(C(=O)N2CCN(c3ccc(OCCCN4CCCCC4)cc3)C(=O)C2)cc1,CC(C)(C)c1ccc(C(=O)N2CCN(c3ccc(OCCCN4CCCCC4)cc3)C(=O)C2)cc1
111,1,CCC(NC(=O)c1c(OCC(=O)O)c(-c2ccccc2)nc2ccccc12)c1ccccc1,CCC(NC(=O)c1c(OCC(=O)O)c(-c2ccccc2)nc2ccccc12)c1ccccc1
112,1,CCOC(=O)NNc1ccc(N(CC(C)O)C(C)C)nn1,CCOC(=O)NNc1ccc(N(CC(C)O)C(C)C)nn1
113,1,COC(=O)C1C(=O)C=C(Nc2cccc([N+](=O)[O-])c2)CC1C,COC(=O)C1C(=O)C=C(Nc2cccc([N+](=O)[O-])c2)CC1C
114,1,COC(=O)[C@@H]1C(=O)C=C(Nc2cccc([N+](=O)[O-])c2)C[C@H]1C,COC(=O)[C@@H]1C(=O)C=C(Nc2cccc([N+](=O)[O-])c2)C[C@H]1C
115,1,COc1cc(N)cn[n+]1-c1ccccc1,COc1cc(N)cn[n+]1-c1ccccc1
116,1,COc1cc2c(cc1CNC1C3CCN(C3)C1C(c1ccccc1)c1ccccc1)N(S(C)(=O)=O)CC2,COc1cc2c(cc1CNC1C3CCN(C3)C1C(c1ccccc1)c1ccccc1)N(S(C)(=O)=O)CC2
117,1,CSc1nn2c(N3CCNCC3)c3c(nc2c1S(=O)(=O)c1ccccc1)CCC3,CSc1nn2c(N3CCNCC3)c3c(nc2c1S(=O)(=O)c1ccccc1)CCC3
118,1,Cc1ccc(-c2cc(C(F)(F)F)nn2-c2ccc(S(N)(=O)=O)cc2)cc1,Cc1ccc(-c2cc(C(F)(F)F)nn2-c2ccc(S(N)(=O)=O)cc2)cc1
119,1,O=C(O)CCCCO/N=C(\c1cccnc1)c1cccc(C(F)(F)F)c1,O=C(O)CCCCO/N=C(\c1cccnc1)c1cccc(C(F)(F)F)c1
120,1,O=C(c1ccc(C(=O)N2CCN(c3ccc(OC4CCN(C5CCC5)CC4)cc3)C(=O)C2)cc1)N1CCC1,O=C(c1ccc(C(=O)N2CCN(c3ccc(OC4CCN(C5CCC5)CC4)cc3)C(=O)C2)cc1)N1CCC1
121,1,Oc1cc(-c2nc(-c3ccccc3)[nH]c2-c2ccncc2)ccc1Cl,Oc1cc(-c2nc(-c3ccccc3)[nH]c2-c2ccncc2)ccc1Cl
122,1,CC(C)(C)NC(=O)[C@@H]1C[C@@H]2CCCC[C@@H]2CN1C[C@@H](O)[C@H](Cc1ccccc1)NC(=O)[C@H](CC(N)=O)NC(=O)c1ccc2ccccc2n1,CC(C)(C)NC(=O)[C@@H]1C[C@@H]2CCCC[C@@H]2CN1C[C@@H](O)[C@H](Cc1ccccc1)NC(=O)[C@H](CC(N)=O)NC(=O)c1ccc2ccccc2n1
123,1,COC(=O)C1C(=O)C=C(Nc2ccc(Cl)cc2)CC1C,COC(=O)C1C(=O)C=C(Nc2ccc(Cl)cc2)CC1C
124,1,Cc1c(O)cccc1C(=O)NC(CSc1ccccc1)C(O)CN1CC2CCCCC2CC1C(=O)NC(C)(C)C,Cc1c(O)cccc1C(=O)NC(CSc1ccccc1)C(O)CN1CC2CCCCC2CC1C(=O)NC(C)(C)C
125,1,Cc1c(O)cccc1C(=O)N[C@@H](CSc1ccccc1)[C@@H](O)CN1CC2CCCCC2C[C@H]1C(=O)CNC(C)(C)C,Cc1c(O)cccc1C(=O)N[C@@H](CSc1ccccc1)[C@@H](O)CN1CC2CCCCC2C[C@H]1C(=O)CNC(C)(C)C
126,1,COn1cc(C(=O)O)c(=O)c2cc3c(cc21)OCO3,COn1cc(C(=O)O)c(=O)c2cc3c(cc21)OCO3
127,1,CCS(=O)(=O)c1ccc(-c2ccc3cc(O)ccc3c2Oc2ccc(OCCN3CCCCC3)cc2)cc1,CCS(=O)(=O)c1ccc(-c2ccc3cc(O)ccc3c2Oc2ccc(OCCN3CCCCC3)cc2)cc1
128,1,COc1ccc(Cl)cc1C(=O)NCCc1ccc(S(=O)(=O)NC(=O)NC2CCCCC2)cc1,COc1ccc(Cl)cc1C(=O)NCCc1ccc(S(=O)(=O)NC(=O)NC2CCCCC2)cc1
129,1,Nc1cccc(CN2CCC(NC(=O)C(O)(c3ccccc3)C3CCC(F)(F)C3)CC2)n1,Nc1cccc(CN2CCC(NC(=O)C(O)(c3ccccc3)C3CCC(F)(F)C3)CC2)n1
130,1,CC1CCN(CCC2CCN2S(=O)(=O)C2=CC(O)=CCC2)CC1,CC1CCN(CCC2CCN2S(=O)(=O)C2=CC(O)=CCC2)CC1
131,1,CN(C)CCOc1ccc(-c2nc(-c3ccc4c(c3)CC/C4=N\CO)c(-c3ccncc3)[nH]2)cc1,CN(C)CCOc1ccc(-c2nc(-c3ccc4c(c3)CC/C4=N\CO)c(-c3ccncc3)[nH]2)cc1
132,1,COc1ccc(NS(=O)(=O)c2ccc(N)cc2)nn1,COc1ccc(NS(=O)(=O)c2ccc(N)cc2)nn1
133,1,Cc1cn([C@H]2C[C@H](F)[C@@H](CO)O2)c(=O)[nH]c1=O,Cc1cn([C@H]2C[C@H](F)[C@@H](CO)O2)c(=O)[nH]c1=O
134,1,Nc1ccccc1NC(=O)c1ccc(CNC(=O)OCc2ccccc2)cc1,Nc1ccccc1NC(=O)c1ccc(CNC(=O)OCc2ccccc2)cc1
135,1,COc1cccc2c1C(=O)c1c(O)c3c(c(O)c1C2=O)C[C@@](O)(C(=O)CO)C[C@@H]3O[C@H]1C[C@H](N)[C@H](O)[C@H](C)O1,COc1cccc2c1C(=O)c1c(O)c3c(c(O)c1C2=O)C[C@@](O)(C(=O)CO)C[C@@H]3O[C@H]1C[C@H](N)[C@H](O)[C@H](C)O1
136,1,COc1ccc2nc([S+]([O-])Cc3ncc(C)c(OC)c3C)[nH]c2c1,COc1ccc2nc([S+]([O-])Cc3ncc(C)c(OC)c3C)[nH]c2c1
137,1,CS(=O)(=O)c1ccc(-c2ccc3cc(O)ccc3c2Oc2ccc(OCCN3CCCCC3)cc2)cc1,CS(=O)(=O)c1ccc(-c2ccc3cc(O)ccc3c2Oc2ccc(OCCN3CCCCC3)cc2)cc1
138,1,Nc1nc(=O)c2ncn(COCCO)c2[nH]1,Nc1nc(=O)c2ncn(COCCO)c2[nH]1
139,1,CCc1ccc(-n2cnc3c(sc4nccc(N(C)CCc5ccccn5)c43)c2=O)cc1,CCc1ccc(-n2cnc3c(sc4nccc(N(C)CCc5ccccn5)c43)c2=O)cc1
140,1,CCn1nnc(NC(=O)C2c3ccccc3Oc3ccccc32)n1,CCn1nnc(NC(=O)C2c3ccccc3Oc3ccccc32)n1
141,1,CN1CCN(Cc2ccc(Nc3ncc(Cl)c(Nc4ccccc4S(=O)(=O)N(C)C)n3)cc2)CC1,CN1CCN(Cc2ccc(Nc3ncc(Cl)c(Nc4ccccc4S(=O)(=O)N(C)C)n3)cc2)CC1
142,1,COc1cc2c(c(OC)c1OC)-c1ccc(OC)c(=O)cc1C(NC(C)=O)CC2,COc1cc2c(c(OC)c1OC)-c1ccc(OC)c(=O)cc1C(NC(C)=O)CC2
143,1,Cc1nc2n(c(=O)c1CCN1CCC(c3coc4cc(F)ccc34)CC1)CCCC2O,Cc1nc2n(c(=O)c1CCN1CCC(c3coc4cc(F)ccc34)CC1)CCCC2O
144,1,N[C@H](Cc1ccccc1)C(=O)ON1CCC[C@H]1C(=O)O,N[C@H](Cc1ccccc1)C(=O)ON1CCC[C@H]1C(=O)O
145,1,Nc1ccn(C2CC(CO)C(CO)O2)c(=O)n1,Nc1ccn(C2CC(CO)C(CO)O2)c(=O)n1
146,1,C=C(C)C(=O)/C(=C\C(=O)O)OC,C=C(C)C(=O)/C(=C\C(=O)O)OC
147,1,CNC(=O)c1c(NCC2CCC3(CCC3)CC2)nc(C#N)nc1OCC1CCN(C(C)=O)CC1,CNC(=O)c1c(NCC2CCC3(CCC3)CC2)nc(C#N)nc1OCC1CCN(C(C)=O)CC1
148,1,Nc1ccn([C@@H]2CC(CO)C(CO)O2)c(=O)n1,Nc1ccn([C@@H]2CC(CO)C(CO)O2)c(=O)n1
149,1,C/C=C/C(C)C(O)C1C(=O)NC(CC)C(=O)N(C)CC(=O)N(C)C(CC(C)C)C(=O)NC(C(C)C)C(=O)N(C)C(CC(C)C)C(=O)NC(C)C(=O)NC(C)C(=O)N(C)C(CC(C)C)C(=O)N(C)C(CC(C)C)C(=O)N(C)C(CC(C)C)C(=O)N1C,C/C=C/C(C)C(O)C1C(=O)NC(CC)C(=O)N(C)CC(=O)N(C)C(CC(C)C)C(=O)NC(C(C)C)C(=O)N(C)C(CC(C)C)C(=O)NC(C)C(=O)NC(C)C(=O)N(C)C(CC(C)C)C(=O)N(C)C(CC(C)C)C(=O)N(C)C(CC(C)C)C(=O)N1C
150,1,CC=CCC(C)C(O)C1C(=O)NC(CC)C(=O)N(C)CC(=O)N(C)C(CC(C)C)C(=O)NC(C(C)C)C(=O)N(C)C(CC(C)C)C(=O)NC(C)C(=O)NC(C)C(=O)N(C)C(CC(C)C)C(=O)N(C)C(CC(C)C)C(=O)N(C)C(C(C)C)C(=O)N1C,CC=CCC(C)C(O)C1C(=O)NC(CC)C(=O)N(C)CC(=O)N(C)C(CC(C)C)C(=O)NC(C(C)C)C(=O)N(C)C(CC(C)C)C(=O)NC(C)C(=O)NC(C)C(=O)N(C)C(CC(C)C)C(=O)N(C)C(CC(C)C)C(=O)N(C)C(C(C)C)C(=O)N1C
151,1,Oc1ccc(-c2ccc3cc(O)ccc3c2Oc2ccc(OCCN3CCCCC3)cc2)cc1,Oc1ccc(-c2ccc3cc(O)ccc3c2Oc2ccc(OCCN3CCCCC3)cc2)cc1
152,1,CC1COc2c(N3CCN(C)CC3)c(F)cc3c(=O)c(C(=O)O)cn1c23,CC1COc2c(N3CCN(C)CC3)c(F)cc3c(=O)c(C(=O)O)cn1c23
153,1,CC(C)(C)NC(=O)C1CN(Cc2cccnc2)CCN1CC(O)CC(Cc1ccccc1)C(=O)NC1c2ccccc2CC1O,CC(C)(C)NC(=O)C1CN(Cc2cccnc2)CCN1CC(O)CC(Cc1ccccc1)C(=O)NC1c2ccccc2CC1O
154,1,CN(C)Cc1ccc(CSCCNc2[nH]ccc2Cc2ccccc2)o1,CN(C)Cc1ccc(CSCCNc2[nH]ccc2Cc2ccccc2)o1
155,1,CN(C)Cc1ccc(CSCCNc2cc(Cc3ccccc3)c[nH]2)o1,CN(C)Cc1ccc(CSCCNc2cc(Cc3ccccc3)c[nH]2)o1
156,1,Cc1cn(C2CC(N=[N+]=[N-])C(CO)O2)c(=O)[nH]c1=O,Cc1cn(C2CC(N=[N+]=[N-])C(CO)O2)c(=O)[nH]c1=O
157,1,CCC(CO)Nc1nc(NCc2ccccc2)c2ncn(C(C)C)c2n1,CCC(CO)Nc1nc(NCc2ccccc2)c2ncn(C(C)C)c2n1
158,1,Cc1cn(C2CC(NN=N)C(CO)O2)c(=O)[nH]c1=O,Cc1cn(C2CC(NN=N)C(CO)O2)c(=O)[nH]c1=O
159,1,Cc1cn([C@@H]2C[C@H](N=[N+]=[N-])[C@H](CO)O2)c(=O)[nH]c1=O,Cc1cn([C@@H]2C[C@H](N=[N+]=[N-])[C@H](CO)O2)c(=O)[nH]c1=O
160,1,S=c1nc[nH]c2nc[nH]c12,S=c1nc[nH]c2nc[nH]c12
161,1,Cc1cn([C@H]2C[C@H](N=[N+]=[N-])[C@@H](CO)O2)c(=O)[nH]c1=O,Cc1cn([C@H]2C[C@H](N=[N+]=[N-])[C@@H](CO)O2)c(=O)[nH]c1=O
162,1,C=CC1C[C@@H]2CC[C@H]1C[C@@H]2[C@@H](O)c1ccnc2ccc(OC)cc12,C=CC1C[C@@H]2CC[C@H]1C[C@@H]2[C@@H](O)c1ccnc2ccc(OC)cc12
163,1,CC(C)c1nc(CN(C)C(=O)NC(C(=O)NC(Cc2ccccc2)CC(O)C(Cc2ccccc2)NC(=O)OCc2cncs2)C(C)C)cs1,CC(C)c1nc(CN(C)C(=O)NC(C(=O)NC(Cc2ccccc2)CC(O)C(Cc2ccccc2)NC(=O)OCc2cncs2)C(C)C)cs1
164,1,CC1CN(C2CCC(C#N)(c3ccc(F)cc3)CC2)CCC1(C(=O)O)c1ccccc1,CC1CN(C2CCC(C#N)(c3ccc(F)cc3)CC2)CCC1(C(=O)O)c1ccccc1
165,1,CC1N=C(N)Nc2cccc(Cl)c21,CC1N=C(N)Nc2cccc(Cl)c21
166,1,CC[C@@H](C)n1ncn(-c2ccc(N3CCN(c4ccc(OC[C@@H]5CO[C@@](CSc6nncn6C)(c6ccc(Cl)cc6)O5)cc4)CC3)cc2)c1=O,CC[C@@H](C)n1ncn(-c2ccc(N3CCN(c4ccc(OC[C@@H]5CO[C@@](CSc6nncn6C)(c6ccc(Cl)cc6)O5)cc4)CC3)cc2)c1=O
167,1,N#Cc1ccc(C(=O)N2CCN(c3ccc(OC4CCN(C5CCC5)CC4)cc3)C(=O)C2)cc1,N#Cc1ccc(C(=O)N2CCN(c3ccc(OC4CCN(C5CCC5)CC4)cc3)C(=O)C2)cc1
168,1,Cc1nc2n(c(=O)c1CCN1CCC(c3noc4cc(F)ccc34)CC1)CCCC2O,Cc1nc2n(c(=O)c1CCN1CCC(c3noc4cc(F)ccc34)CC1)CCCC2O
169,1,CN1C2CCCC1CC(NC(=O)c1nn(C)c3ccccc13)C2,CN1C2CCCC1CC(NC(=O)c1nn(C)c3ccccc13)C2
170,1,O=C1CC=[N+](C2CC(F)C(CO)O2)C(=O)N1,O=C1CC=[N+](C2CC(F)C(CO)O2)C(=O)N1
171,1,CNC(=O)c1c(NCC2CCC3(CCC3)CC2)nc(C#N)nc1OCC1CCNCC1,CNC(=O)c1c(NCC2CCC3(CCC3)CC2)nc(C#N)nc1OCC1CCNCC1
172,1,Cc1nc2n(c(=O)c1CCN1CCC(c3noc4cc(F)ccc34)CC1)CC(O)CC2,Cc1nc2n(c(=O)c1CCN1CCC(c3noc4cc(F)ccc34)CC1)CC(O)CC2
173,1,NC(=O)c1ncn(C2OC(CO)C(O)C2O)n1,NC(=O)c1ncn(C2OC(CO)C(O)C2O)n1
174,1,O=C(O)c1cc[nH]c1NCCSCc1ncccc1Br,O=C(O)c1cc[nH]c1NCCSCc1ncccc1Br
175,1,O=[N+]([O-])c1cc[nH]c1NCCSCc1ncccc1Br,O=[N+]([O-])c1cc[nH]c1NCCSCc1ncccc1Br
176,1,NC(=O)c1cnn(C2OC(CO)C(O)C2O)n1,NC(=O)c1cnn(C2OC(CO)C(O)C2O)n1
177,1,Nc1cc(N)c(N)cc1N,Nc1cc(N)c(N)cc1N
178,1,O=[N+]([O-])c1[nH]ccc1NCCSCc1ncccc1Br,O=[N+]([O-])c1[nH]ccc1NCCSCc1ncccc1Br
179,1,O=[N+]([O-])c1cc[nH]c1NCCSCc1ccccn1,O=[N+]([O-])c1cc[nH]c1NCCSCc1ccccn1
180,1,Cc1cccc(COc2cccc(/C=C3\C(=O)NN(c4ccccc4)C3=O)c2)c1,Cc1cccc(COc2cccc(/C=C3\C(=O)NN(c4ccccc4)C3=O)c2)c1
181,1,O=C1NCC(c2ccccc2)C2(CCN(C(=O)c3cc(C(F)(F)F)cc(C(F)(F)F)c3)CC2)O1,O=C1NCC(c2ccccc2)C2(CCN(C(=O)c3cc(C(F)(F)F)cc(C(F)(F)F)c3)CC2)O1
182,1,O=[N+]([O-])C1=CC=NC1NCCSCc1ccccn1,O=[N+]([O-])C1=CC=NC1NCCSCc1ccccn1
183,1,Cc1ccc(NC2=NCCN2)c(Cl)c1,Cc1ccc(NC2=NCCN2)c(Cl)c1
184,1,CCC(C)n1ncn(-c2ccc(N3CCN(c4ccc(OCC5COC(Cn6cncn6)(c6ccc(Cl)cc6Cl)O5)cc4)CC3)cc2)c1=O,CCC(C)n1ncn(-c2ccc(N3CCN(c4ccc(OCC5COC(Cn6cncn6)(c6ccc(Cl)cc6Cl)O5)cc4)CC3)cc2)c1=O
185,1,CCC(C)n1ncn(-c2ccc(N3CCN(c4ccc(OC[C@H]5CO[C@](Cn6cncn6)(c6ccc(Cl)cc6Cl)O5)cc4)CC3)cc2)c1=O,CCC(C)n1ncn(-c2ccc(N3CCN(c4ccc(OC[C@H]5CO[C@](Cn6cncn6)(c6ccc(Cl)cc6Cl)O5)cc4)CC3)cc2)c1=O
186,1,COc1ccc(CCNCCCC(C#N)(c2ccc(OC)c(OC)c2)C(C)C)cc1OC,COc1ccc(CCNCCCC(C#N)(c2ccc(OC)c(OC)c2)C(C)C)cc1OC
187,1,CC(=O)N1CCN(c2ccc(OCC3CO[C@@](Cn4ccnc4)(c4ccc(Cl)cc4Cl)O3)cc2)CC1,CC(=O)N1CCN(c2ccc(OCC3CO[C@@](Cn4ccnc4)(c4ccc(Cl)cc4Cl)O3)cc2)CC1
188,1,CC(=O)N1CCc2ccc(N(C(=O)/C=C/c3cccc(C#N)c3)N3CCN(CCC4CCCC4)CC3)cc21,CC(=O)N1CCc2ccc(N(C(=O)/C=C/c3cccc(C#N)c3)N3CCN(CCC4CCCC4)CC3)cc21
189,1,NC(=O)C(c1ccccc1)(c1ccccc1)C1CCN(CCc2ccc3c(c2)CCO3)C1,NC(=O)C(c1ccccc1)(c1ccccc1)C1CCN(CCc2ccc3c(c2)CCO3)C1
190,1,NC(=O)C(c1ccccc1)(c1ccccc1)[C@@H]1CCN(CCc2ccc3c(c2)CCO3)C1,NC(=O)C(c1ccccc1)(c1ccccc1)[C@@H]1CCN(CCc2ccc3c(c2)CCO3)C1
191,1,Cc1cn(C2CC(F)C(CO)O2)c(=O)[nH]c1=O,Cc1cn(C2CC(F)C(CO)O2)c(=O)[nH]c1=O
192,1,CSC(=N)N,CSC(=N)N
193,1,COc1ccc2c3c1O[C@@H]1C(O)CC[C@@]4(O)C(C2)NCC[C@]314,COc1ccc2c3c1O[C@@H]1C(O)CC[C@@]4(O)C(C2)NCC[C@]314
194,1,COc1ccc2c3c1O[C@H]1[C@H](O)CC[C@@]4(O)C(C2)N(C)CC[C@]314,COc1ccc2c3c1O[C@H]1[C@H](O)CC[C@@]4(O)C(C2)N(C)CC[C@]314
195,1,C[C@@H]1CCCN1CCCOc1ccc(N2CCN(C(=O)c3ccc(F)cc3F)CC2=O)cc1,C[C@@H]1CCCN1CCCOc1ccc(N2CCN(C(=O)c3ccc(F)cc3F)CC2=O)cc1
196,1,O=S1(=O)N[C@H]2CCCN2c2ccccc21,O=S1(=O)N[C@H]2CCCN2c2ccccc21
197,1,CC(C)CC1C(=O)N2CCC[C@H]2C2O[C@](NC(=O)[C@@H]3C=C4c5cccc6[nH]c(Br)c(c56)C[C@H]4N(C)C3)(C(C)C)C(=O)N12,CC(C)CC1C(=O)N2CCC[C@H]2C2O[C@](NC(=O)[C@@H]3C=C4c5cccc6[nH]c(Br)c(c56)C[C@H]4N(C)C3)(C(C)C)C(=O)N12
198,1,Cc1nc(N2CCc3ccccc3CC2)c([N+](=O)[O-])c(=O)[nH]1,Cc1nc(N2CCc3ccccc3CC2)c([N+](=O)[O-])c(=O)[nH]1
199,1,NC(=O)N1c2ccccc2CC(O)c2ccccc21,NC(=O)N1c2ccccc2CC(O)c2ccccc21
200,1,O=C(Cc1ccc(OCc2ccccc2)cc1)Nc1ccc2ccn(CCN3CCCC3)c2c1,O=C(Cc1ccc(OCc2ccccc2)cc1)Nc1ccc2ccn(CCN3CCCC3)c2c1
201,1,CC(=O)Nc1ccc(C(=O)Nc2ccccc2N)cc1,CC(=O)Nc1ccc(C(=O)Nc2ccccc2N)cc1
202,1,C/C(=C(\CCOC(=O)c1cc(=O)c2c(Cl)cc(Cl)cc2[nH]1)SSC(C)C)N(C=O)Cc1cnc(C)nc1N,C/C(=C(\CCOC(=O)c1cc(=O)c2c(Cl)cc(Cl)cc2[nH]1)SSC(C)C)N(C=O)Cc1cnc(C)nc1N
203,1,Oc1cccc(-c2ccc3cc(O)ccc3c2Oc2ccc(OCCN3CCCCC3)cc2)c1,Oc1cccc(-c2ccc3cc(O)ccc3c2Oc2ccc(OCCN3CCCCC3)cc2)c1
204,1,CC(C)CN(CC(O)C(Cc1ccccc1)NC(=O)OC1CCOC1)S(=O)(=O)c1ccc(N)cc1,CC(C)CN(CC(O)C(Cc1ccccc1)NC(=O)OC1CCOC1)S(=O)(=O)c1ccc(N)cc1
205,1,CC(C)CN(C[C@@H](O)[C@H](Cc1ccccc1)NC(=O)O[C@@H]1CCOC1)S(=O)(=O)c1ccc(N)cc1,CC(C)CN(C[C@@H](O)[C@H](Cc1ccccc1)NC(=O)O[C@@H]1CCOC1)S(=O)(=O)c1ccc(N)cc1
206,1,CC(C)CN(C[C@@H](O)[C@H](Cc1ccccc1)NC(=O)O[C@H]1CCOC1)S(=O)(=O)c1ccc(N)cc1,CC(C)CN(C[C@@H](O)[C@H](Cc1ccccc1)NC(=O)O[C@H]1CCOC1)S(=O)(=O)c1ccc(N)cc1
207,1,CN1CN(c2ccc(Br)cc2)C2(CCN(CCCC(=O)c3ccc(F)cc3)CC2)C1=O,CN1CN(c2ccc(Br)cc2)C2(CCN(CCCC(=O)c3ccc(F)cc3)CC2)C1=O
208,1,CC(=O)Nc1ccc(OC[C@@H](O)CNC(C)C)cc1,CC(=O)Nc1ccc(OC[C@@H](O)CNC(C)C)cc1
209,1,CC(=O)OC1C(=O)[C@]2(C)[C@@H](O)C[C@H]3OCC3(OC(C)=O)[C@H]2C(OC(=O)c2ccccc2)[C@]2(O)C[C@H](OC(=O)[C@H](O)C(NC(=O)c3ccccc3)c3ccccc3)C(C)=C1C2(C)C,CC(=O)OC1C(=O)[C@@]2(C)[C@H](C(OC(=O)c3ccccc3)[C@]3(O)C[C@H](OC(=O)[C@H](O)C(NC(=O)c4ccccc4)c4ccccc4)C(C)=C1C3(C)C)C1(OC(C)=O)CO[C@@H]1C[C@@H]2O
210,1,CC(C)CC(CN)CC(=O)O,CC(C)CC(CN)CC(=O)O
211,1,CC1=CN2C(CC(=O)N(C)C)=C(c3ccc(C)cc3)NC2C=C1,CC1=CN2C(CC(=O)N(C)C)=C(c3ccc(C)cc3)NC2C=C1
212,1,Cc1ccc(C(=O)NC2CC2)cc1-c1ccc(C(=O)NCC2CC2)cc1,Cc1ccc(C(=O)NC2CC2)cc1-c1ccc(C(=O)NCC2CC2)cc1
213,1,CC(=O)Nc1nnc(S(N)(=O)=O)s1,CC(=O)Nc1nnc(S(N)(=O)=O)s1
214,1,CN(C)c1ccc(O)c2c1C[C@H]1C[C@H]3[C@@H](N(C)C)C(=O)C(C(N)=O)=C(O)[C@@]3(O)C(=O)C1=C2O,CN(C)c1ccc(O)c2c1C[C@H]1C[C@H]3[C@@H](N(C)C)C(=O)C(C(N)=O)=C(O)[C@@]3(O)C(=O)C1=C2O
215,1,CN(C)c1ccc(O)c2c1C[C@H]1C[C@H]3[C@H](N(C)C)C(=O)C(C(N)=O)=C(O)[C@@]3(O)C(=O)C1=C2O,CN(C)c1ccc(O)c2c1C[C@H]1C[C@H]3[C@H](N(C)C)C(=O)C(C(N)=O)=C(O)[C@@]3(O)C(=O)C1=C2O
216,1,COc1cc(/C=C/C(=O)NCCn2c(C)cc3ccccc32)cc(OC)c1OC,COc1cc(/C=C/C(=O)NCCn2c(C)cc3ccccc32)cc(OC)c1OC
217,1,COc1ccc(S(=O)(=O)Nc2cc(Br)cc(F)c2Br)cc1N1CCNCC1,COc1ccc(S(=O)(=O)Nc2cc(Br)cc(F)c2Br)cc1N1CCNCC1
218,1,O=c1[nH]c2ccc([S+]([O-])CCN3CCC(Cc4ccc(F)cc4)CC3)cc2o1,O=c1[nH]c2ccc([S+]([O-])CCN3CCC(Cc4ccc(F)cc4)CC3)cc2o1
219,1,CCCCc1c(O)n(-c2ccccc2)n(-c2ccccc2)c1=O,CCCCc1c(O)n(-c2ccccc2)n(-c2ccccc2)c1=O
220,1,CN(C(=O)C(c1ccccc1)c1ccccc1)C(CN1CCC(O)C1)c1ccccc1,CN(C(=O)C(c1ccccc1)c1ccccc1)C(CN1CCC(O)C1)c1ccccc1
221,1,O=C(CF)NCCCCCC(=O)Nc1ccccc1,O=C(CF)NCCCCCC(=O)Nc1ccccc1
222,1,CC(=O)Oc1ccccc1C(=O)O,CC(=O)Oc1ccccc1C(=O)O
223,1,CCCCC1C(=O)N(c2ccccc2)N(c2ccccc2)C1=O,CCCCC1C(=O)N(c2ccccc2)N(c2ccccc2)C1=O
224,1,COc1cc2ncnc(Nc3ccc(F)c(Cl)c3)c2cc1OCCCN1CCOCC1,COc1cc2ncnc(Nc3ccc(F)c(Cl)c3)c2cc1OCCCN1CCOCC1
225,1,C[C@]12C[C@@H](O)[C@H]3[C@@H](CCC4=CC(=O)CC[C@@]43C)[C@@H]1CC[C@@H]2C(=O)CO,C[C@]12C[C@@H](O)[C@H]3[C@@H](CCC4=CC(=O)CC[C@@]43C)[C@@H]1CC[C@@H]2C(=O)CO
226,1,CC1=C(/C=C/C(C)=C/C=C/C(C)=C\C(=O)O)C(C)(C)CCC1,CC1=C(/C=C/C(C)=C/C=C/C(C)=C\C(=O)O)C(C)(C)CCC1
227,1,CC(C=CC1=C(C)CCCC1(C)C)=CC=CC(C)=CC(=O)O,CC(C=CC1=C(C)CCCC1(C)C)=CC=CC(C)=CC(=O)O
228,1,CC1=C(/C=C/C(C)=C/C=C/C(C)=C/C(=O)O)C(C)(C)CCC1,CC1=C(/C=C/C(C)=C/C=C/C(C)=C/C(=O)O)C(C)(C)CCC1
229,1,Cc1ccc(-c2nc3ccc(C)cn3c2CC(=O)N(C)C)cc1,Cc1ccc(-c2nc3ccc(C)cn3c2CC(=O)N(C)C)cc1
230,1,Cc1cn(C2C=CC(CO)O2)c(=O)[nH]c1=O,Cc1cn(C2C=CC(CO)O2)c(=O)[nH]c1=O
231,1,CN(C)CCCN1c2ccccc2[S+]([O-])c2ccccc21,CN(C)CCCN1c2ccccc2[S+]([O-])c2ccccc21
232,1,CCc1ccc(-n2cnc3c(sc4nccc(N(C)C)c43)c2=O)cc1,CCc1ccc(-n2cnc3c(sc4nccc(N(C)C)c43)c2=O)cc1
233,1,Cn1nnc2c(C(N)=O)ncn2c1=O,Cn1nnc2c(C(N)=O)ncn2c1=O
234,1,NC(=O)c1ccc(S(=O)(=O)C2CCN(CCc3ccc(F)cc3F)CC2)cc1,NC(=O)c1ccc(S(=O)(=O)C2CCN(CCc3ccc(F)cc3F)CC2)cc1
235,1,CC(=O)NCCCOc1cccc(CN2CCCCC2)c1,CC(=O)NCCCOc1cccc(CN2CCCCC2)c1
236,1,CC(C)(C)NC(=O)[C@@]1(c2c(C(=O)O)[nH]c3cc(Cl)ccc23)N2C(=O)[C@]21c1ccc(OCc2ccc(Cl)cc2)cc1,CC(C)(C)NC(=O)[C@@]1(c2c(C(=O)O)[nH]c3cc(Cl)ccc23)N2C(=O)[C@]21c1ccc(OCc2ccc(Cl)cc2)cc1
237,1,CNS(=O)(=O)CCc1ccc2[nH]cc(C3CCN(C)CC3)c2c1,CNS(=O)(=O)CCc1ccc2[nH]cc(C3CCN(C)CC3)c2c1
238,1,O=C(c1ccc(F)cc1)N1CCN(c2ccc(OCCCN3CCCCC3)cc2)C(=O)C1,O=C(c1ccc(F)cc1)N1CCN(c2ccc(OCCCN3CCCCC3)cc2)C(=O)C1
239,1,O=C(O)CNC(=O)c1ccccc1O,O=C(O)CNC(=O)c1ccccc1O
240,1,CCN1CN(c2ccc(Br)cc2)C2(CCN(CCCC(=O)c3ccc(F)cc3)CC2)C1=O,CCN1CN(c2ccc(Br)cc2)C2(CCN(CCCC(=O)c3ccc(F)cc3)CC2)C1=O
241,1,CN1CCN(c2c(F)cc3c(=O)c(C(=O)O)cn(CCF)c3c2F)CC1,CN1CCN(c2c(F)cc3c(=O)c(C(=O)O)cn(CCF)c3c2F)CC1
242,1,NC1(C(=O)O)CCCC1,NC1(C(=O)O)CCCC1
243,1,CC1=C(C(=O)OC(C)(C)C)C(c2cccc([N+](=O)[O-])c2)C(C(=O)OC(C)(C)C)=C(C)N1,CC1=C(C(=O)OC(C)(C)C)C(c2cccc([N+](=O)[O-])c2)C(C(=O)OC(C)(C)C)=C(C)N1
244,1,CC[C@@]1(O)C(=O)OCc2c1cc1n(c2=O)Cc2cc3c(CN(C)C)c(O)ccc3nc2-1,CC[C@@]1(O)C(=O)OCc2c1cc1n(c2=O)Cc2cc3c(CN(C)C)c(O)ccc3nc2-1
245,1,CC[S@@]1(O)C(=O)OCc2c1cc1n(c2=O)Cc2cc3cc(CN(C)C)c(O)cc3nc2-1,CC[S@@]1(O)C(=O)OCc2c1cc1n(c2=O)Cc2cc3cc(CN(C)C)c(O)cc3nc2-1
246,1,COc1cc2c(cc1CNC1CCCNC1c1ccccc1)N(S(C)(=O)=O)C(C)C2,COc1cc2c(cc1CNC1CCCNC1c1ccccc1)N(S(C)(=O)=O)C(C)C2
247,1,CC(C)(C)NCC(O)COc1cccc2c1CCC(=O)N2,CC(C)(C)NCC(O)COc1cccc2c1CCC(=O)N2
248,1,C=CC#N,C=CC#N
249,1,CC1CN(Cc2ncccn2)CC1c1nc2c(cnn2C2CCOCC2)c(=O)[nH]1,CC1CN(Cc2ncccn2)CC1c1nc2c(cnn2C2CCOCC2)c(=O)[nH]1
250,1,CCCN(CCC)S(=O)(=O)c1ccc(C(=O)O)cc1,CCCN(CCC)S(=O)(=O)c1ccc(C(=O)O)cc1
251,1,CN1CCCCC1CCN1c2ccccc2Sc2ccc([S+](C)[O-])cc21,CN1CCCCC1CCN1c2ccccc2Sc2ccc([S+](C)[O-])cc21
252,1,Cc1nc(NC(=O)C2c3ccccc3Oc3ccccc32)no1,Cc1nc(NC(=O)C2c3ccccc3Oc3ccccc32)no1
253,1,NCCCS(=O)(=O)O,NCCCS(=O)(=O)O
254,1,O=C(c1ccc(Cl)cc1)N1CCN(c2ccc(OC3CCN(C4CCC4)CC3)cc2)C(=O)C1,O=C(c1ccc(Cl)cc1)N1CCN(c2ccc(OC3CCN(C4CCC4)CC3)cc2)C(=O)C1
255,1,COc1cc(Nc2nn3c(NC(CO)C(C)C)cc(C4CC4)nc3c2C(N)=O)cc(OC)c1,COc1cc(Nc2nn3c(NC(CO)C(C)C)cc(C4CC4)nc3c2C(N)=O)cc(OC)c1
256,1,Cc1ccc2c(OCCN3CCC(Cc4ccc5c(c4)NC(=O)CO5)CC3)cccc2n1,Cc1ccc2c(OCCN3CCC(Cc4ccc5c(c4)NC(=O)CO5)CC3)cccc2n1
257,1,CC(C)(C)/[N+]([O-])=C\c1cc[n+]([O-])cc1,CC(C)(C)/[N+]([O-])=C\c1cc[n+]([O-])cc1
258,1,CC(C)(C)[N+](=O)C=C1C=CN([O-])C=C1,CC(C)(C)[N+](=O)C=C1C=CN([O-])C=C1
259,1,CC(C)Oc1cccc(CC(=O)N2CCC[C@](CC[N+]34CCC(c5ccccc5)(CC3)CC4)(c3ccc(Cl)c(Cl)c3)C2)c1,CC(C)Oc1cccc(CC(=O)N2CCC[C@](CC[N+]34CCC(c5ccccc5)(CC3)CC4)(c3ccc(Cl)c(Cl)c3)C2)c1
260,1,CN(C)CCC[C@@]1(c2ccc(F)cc2)OCc2cc(C#N)ccc21,CN(C)CCC[C@@]1(c2ccc(F)cc2)OCc2cc(C#N)ccc21
261,1,CN(C)S(=O)(=O)c1ccc(-c2ccc3cc(O)ccc3c2Oc2ccc(OCCN3CCCCC3)cc2)cc1,CN(C)S(=O)(=O)c1ccc(-c2ccc3cc(O)ccc3c2Oc2ccc(OCCN3CCCCC3)cc2)cc1
262,1,COc1ccc(N(c2nc(C)c(C)s2)S(C)(=O)=O)cc1CNC1CCCNC1c1ccccc1,COc1ccc(N(c2nc(C)c(C)s2)S(C)(=O)=O)cc1CNC1CCCNC1c1ccccc1
263,1,O=C(OCc1ccccc1)N1CCC(CNc2ncccn2)CC1,O=C(OCc1ccccc1)N1CCC(CNc2ncccn2)CC1
264,1,CC(=O)C1CSc2ccccc2N1CCC1CCCCN1C,CC(=O)C1CSc2ccccc2N1CCC1CCCCN1C
265,1,CC1c2ccccc2N(C(N)=O)c2ccccc2C1C,CC1c2ccccc2N(C(N)=O)c2ccccc2C1C
266,1,NC(=O)C1c2ccccc2C2OC2c2ccccc21,NC(=O)C1c2ccccc2C2OC2c2ccccc21
267,1,NC(=O)N1c2ccccc2C2CC2c2ccccc21,NC(=O)N1c2ccccc2C2CC2c2ccccc21
268,1,CN1C(=O)CC[C@H]1c1cccnc1,CN1C(=O)CC[C@H]1c1cccnc1
269,1,Cc1nc2n(c(=O)c1CCN1CCC(c3coc4cc(F)ccc34)CC1)CCCC2,Cc1nc2n(c(=O)c1CCN1CCC(c3coc4cc(F)ccc34)CC1)CCCC2
270,1,CC(=O)Cn1nc(-c2c(-c3ccccc3)nn3ccccc23)ccc1=O,CC(=O)Cn1nc(-c2c(-c3ccccc3)nn3ccccc23)ccc1=O
271,1,CC(=O)Nc1ccc(O)cc1,CC(=O)Nc1ccc(O)cc1
272,1,Cn1c(=O)c2[nH]cnc2n(C)c1=O,Cn1c(=O)c2[nH]cnc2n(C)c1=O
273,1,NC(=O)N1c2ccccc2C2OC2c2ccccc21,NC(=O)N1c2ccccc2C2OC2c2ccccc21
274,1,ClCCl,ClCCl
275,1,CN1CC[C@]23c4c5ccc(O)c4O[C@H]2[C@@H](O)C=C[C@H]3[C@H]1C5,CN1CC[C@]23c4c5ccc(O)c4O[C@H]2[C@@H](O)C=C[C@H]3[C@H]1C5
276,1,CC(C)c1nc(-c2ncn3c2CN(C)C(=O)c2c(Cl)cccc2-3)no1,CC(C)c1nc(-c2ncn3c2CN(C)C(=O)c2c(Cl)cccc2-3)no1
277,1,C[C@]12CC[C@@H]3c4ccc(O)cc4CC[C@H]3[C@@H]1C[C@H](F)[C@@H]2O,C[C@]12CC[C@@H]3c4ccc(O)cc4CC[C@H]3[C@@H]1C[C@H](F)[C@@H]2O
278,1,CC(=O)OC1C(=O)C2(C)C(O)CC3OCC3(OC(C)=O)C2C(OC(=O)c2ccccc2)C2(O)CC(OC(=O)C(O)C(NC(=O)c3ccccc3)c3ccccc3)C(C)=C1C2(C)C,CC(=O)OC1C(=O)C2(C)C(O)CC3OCC3(OC(C)=O)C2C(OC(=O)c2ccccc2)C2(O)CC(OC(=O)C(O)C(NC(=O)c3ccccc3)c3ccccc3)C(C)=C1C2(C)C
279,1,CC(C)c1nc(-c2ncn3c2CNC(=O)c2c(Cl)cccc2-3)no1,CC(C)c1nc(-c2ncn3c2CNC(=O)c2c(Cl)cccc2-3)no1
280,1,CC1(C)SSC(C)(C)[C@@H](C(=O)O)NC(=O)C(Cc2ccccc2)NC(=O)CNC(=O)[C@@H]1NC(=O)C(N)Cc1ccc(O)cc1,CC1(C)SSC(C)(C)[C@@H](NC(=O)C(N)Cc2ccc(O)cc2)C(=O)NCC(=O)NC(Cc2ccccc2)C(=O)N[C@@H]1C(=O)O
281,1,CC1(C)SSC(C)(C)[C@@H](NC(=O)[C@@H](N)Cc2ccc(O)cc2)C(=O)NCC(=O)N[C@@H](Cc2ccccc2)C(=O)N[C@H]1C(=O)O,CC1(C)SSC(C)(C)[C@@H](NC(=O)[C@@H](N)Cc2ccc(O)cc2)C(=O)NCC(=O)N[C@@H](Cc2ccccc2)C(=O)N[C@H]1C(=O)O
282,1,CC1C=Nc2c1c(=O)[nH]c(=O)n2C,CC1C=Nc2c1c(=O)[nH]c(=O)n2C
283,1,CCOC(=O)c1ncn2c1CN(C)C(=O)c1cc(F)ccc1-2,CCOC(=O)c1ncn2c1CN(C)C(=O)c1cc(F)ccc1-2
284,1,Cc1ncc2n1-c1ccc(Cl)cc1C(c1ccccc1F)=NC2O,Cc1ncc2n1-c1ccc(Cl)cc1C(c1ccccc1F)=NC2O
285,1,Cn1cnc2c1c(=O)[nH]c(=O)n2C,Cn1cnc2c1c(=O)[nH]c(=O)n2C
286,1,O=C(Nc1cc(Cl)ccc1O)Nc1cc(C(F)(F)F)ccc1Cl,O=C(Nc1cc(Cl)ccc1O)Nc1cc(C(F)(F)F)ccc1Cl
287,1,CC[C@@]1(O)C(=O)OCc2c1cc1n(c2=O)Cc2cc3ccccc3nc2-1,CC[C@@]1(O)C(=O)OCc2c1cc1n(c2=O)Cc2cc3ccccc3nc2-1
288,1,CN1C(=O)C2N=CN=C2N(C)C1=O,CN1C(=O)C2N=CN=C2N(C)C1=O
289,1,CN1C(=O)C2NC=NC2N(C)C1=O,CN1C(=O)C2NC=NC2N(C)C1=O
290,1,CC(=O)N1CCN(c2ccc(OC[C@H]3CO[C@](Cn4ccnc4)(c4ccc(Cl)cc4Cl)O3)cc2)CC1,CC(=O)N1CCN(c2ccc(OC[C@H]3CO[C@](Cn4ccnc4)(c4ccc(Cl)cc4Cl)O3)cc2)CC1
291,1,CC(C)NCC(O)c1ccc(NS(C)(=O)=O)cc1,CC(C)NCC(O)c1ccc(NS(C)(=O)=O)cc1
292,1,CC(Cl)Cl,CC(Cl)Cl
293,1,CN(C)Cc1ccnc(-c2cccc(NC3N=CC=C3[N+](=O)[O-])c2)c1,CN(C)Cc1ccnc(-c2cccc(NC3N=CC=C3[N+](=O)[O-])c2)c1
294,1,CN(C)Cc1ccnc(-c2cccc(NC3NC=CC3[N+](=O)[O-])c2)c1,CN(C)Cc1ccnc(-c2cccc(NC3NC=CC3[N+](=O)[O-])c2)c1
295,1,CN(C)Cc1ccnc(-c2cccc(Nc3[nH]ccc3[N+](=O)[O-])c2)c1,CN(C)Cc1ccnc(-c2cccc(Nc3[nH]ccc3[N+](=O)[O-])c2)c1
296,1,N=C(N)SCCF,N=C(N)SCCF
297,1,CN(C)Cc1ccc(-c2cccc(Nc3[nH]ccc3[N+](=O)[O-])c2)o1,CN(C)Cc1ccc(-c2cccc(Nc3[nH]ccc3[N+](=O)[O-])c2)o1
298,1,CN(C)c1ccc(-c2cccc(Nc3[nH]ccc3[N+](=O)[O-])c2)o1,CN(C)c1ccc(-c2cccc(Nc3[nH]ccc3[N+](=O)[O-])c2)o1
299,1,CC1NC(=O)C2(CCCC2)NC1=O,CC1NC(=O)C2(CCCC2)NC1=O
300,1,CN1CN(c2ccccc2)C2(CCN(CCCC(=O)c3csc(I)c3)CC2)C1=O,CN1CN(c2ccccc2)C2(CCN(CCCC(=O)c3csc(I)c3)CC2)C1=O
301,1,CN1CN(c2ccccc2)C2(CCN(CCCC(=O)c3ccc(I)s3)CC2)C1=O,CN1CN(c2ccccc2)C2(CCN(CCCC(=O)c3ccc(I)s3)CC2)C1=O
302,1,CN1Cc2c(C(=O)OC(C)(C)C)ncn2-c2ccsc2C1=O,CN1Cc2c(C(=O)OC(C)(C)C)ncn2-c2ccsc2C1=O
303,1,CNC(=O)c1c(NCC2CCC3(CCC3)CC2)nc(C#N)nc1OC1CC(C)(C)NC(C)(C)C1,CNC(=O)c1c(NCC2CCC3(CCC3)CC2)nc(C#N)nc1OC1CC(C)(C)NC(C)(C)C1
304,1,NC(=O)c1ccccc1,NC(=O)c1ccccc1
305,1,O=C(NCCCOc1cccc(CN2CCCCC2)c1)c1ccccc1,O=C(NCCCOc1cccc(CN2CCCCC2)c1)c1ccccc1
306,1,O=[N+]([O-])c1nccn1CCCF,O=[N+]([O-])c1nccn1CCCF
307,1,C#CCO,C#CCO
308,1,C=CCc1ccccc1OCC(O)CNC(C)C,C=CCc1ccccc1OCC(O)CNC(C)C
309,1,CC(C)(O)Cn1nc(-c2c(-c3ccccc3)nn3ccccc23)ccc1=O,CC(C)(O)Cn1nc(-c2c(-c3ccccc3)nn3ccccc23)ccc1=O
310,1,C=CCC1(CC=C)C(=O)NC(=O)NC1=O,C=CCC1(CC=C)C(=O)NC(=O)NC1=O
311,1,CCCN(CC1CC1)c1nc(C)nc2c1CCN2c1ccc(Cl)cc1Cl,CCCN(CC1CC1)c1nc(C)nc2c1CCN2c1ccc(Cl)cc1Cl
312,1,COc1cc(N)c(Cl)cc1C(=O)NC1CCNCC1OC,COc1cc(N)c(Cl)cc1C(=O)NC1CCNCC1OC
313,1,COc1cc(N)c(Cl)cc1C(=O)N[C@@H]1CCNC[C@@H]1OC,COc1cc(N)c(Cl)cc1C(=O)N[C@@H]1CCNC[C@@H]1OC
314,1,COc1ccc(N2CCCC2=O)cc1CNC1CCCNC1c1ccccc1,COc1ccc(N2CCCC2=O)cc1CNC1CCCNC1c1ccccc1
315,1,C[C@]12C[C@H](O)[C@H]3[C@@H](CCC4=CC(=O)CC[C@@]43C)[C@@H]1CC[C@]2(O)C(=O)CO,C[C@]12CCC(=O)C=C1CC[C@@H]1[C@@H]2[C@@H](O)C[C@@]2(C)[C@H]1CC[C@]2(O)C(=O)CO
316,1,C[C@]12C[C@H](O)[C@H]3[C@H](CCC4=CC(=O)CC[C@@]43C)[C@@H]1CC[C@]2(O)C(=O)CO,C[C@]12CCC(=O)C=C1CC[C@H]1[C@@H]2[C@@H](O)C[C@@]2(C)[C@H]1CC[C@]2(O)C(=O)CO
317,1,Nc1nc(NC2CC2)c2ncn([C@H]3C=C[C@@H](CO)C3)c2n1,Nc1nc(NC2CC2)c2ncn([C@H]3C=C[C@@H](CO)C3)c2n1
318,1,OCC(O)CO,OCC(O)CO
319,1,C=CC1CN2CCC1CC2C(O)c1ccnc2ccc(OC)cc12,C=CC1CN2CCC1CC2C(O)c1ccnc2ccc(OC)cc12
320,1,CCC1(C)C(=O)NC(=O)NC1=O,CCC1(C)C(=O)NC(=O)NC1=O
321,1,Cn1ncnc1COc1nn2c(-c3cc(F)ccc3F)nnc2cc1C(C)(C)C,Cn1ncnc1COc1nn2c(-c3cc(F)ccc3F)nnc2cc1C(C)(C)C
322,1,O=c1n(CCCN2CCN(c3cccc(Cl)c3)CC2)nc2ccccn12,O=c1n(CCCN2CCN(c3cccc(Cl)c3)CC2)nc2ccccn12
323,1,Clc1ccc(C(Cn2ccnc2)OCc2ccsc2Cl)c(Cl)c1,Clc1ccc(C(Cn2ccnc2)OCc2ccsc2Cl)c(Cl)c1
324,1,NNCCc1ccccc1,NNCCc1ccccc1
325,1,O=C(Cc1ccc(OCc2ccccc2)cc1)Nc1ccc2cnn(CCN3CCCC3)c2c1,O=C(Cc1ccc(OCc2ccccc2)cc1)Nc1ccc2cnn(CCN3CCCC3)c2c1
326,1,O=C(OCc1ccccc1)N1CCC(CNc2ccncn2)CC1,O=C(OCc1ccccc1)N1CCC(CNc2ccncn2)CC1
327,1,S=C(NC1CCCCC1)N1CCC(c2cnc[nH]2)CC1,S=C(NC1CCCCC1)N1CCC(c2cnc[nH]2)CC1
328,1,CCNC(=O)C(C(N)=O)c1ccccc1,CCNC(=O)C(C(N)=O)c1ccccc1
329,1,CCC(=O)N[C@@H]1C(=O)NC(=O)NC1=NC[C@H](O)[C@H](O)[C@H](O)CO,CCC(=O)N[C@@H]1C(=O)NC(=O)NC1=NC[C@H](O)[C@H](O)[C@H](O)CO
330,1,CCCC(C)(COC(N)=O)COC(=O)NC,CCCC(C)(COC(N)=O)COC(=O)NC
331,1,C[C@]12CC(O)[C@H]3[C@@H](CCC4=CC(=O)C=C[C@@]43C)[C@@H]1CC[C@]2(O)C(=O)CO,C[C@]12C=CC(=O)C=C1CC[C@@H]1[C@@H]2C(O)C[C@@]2(C)[C@H]1CC[C@]2(O)C(=O)CO
332,1,C[C@]12C[C@H](O)[C@H]3[C@@H](CCC4=CC(=O)C=C[C@@]43C)[C@@H]1CC[C@]2(O)C(=O)CO,C[C@]12C=CC(=O)C=C1CC[C@@H]1[C@@H]2[C@@H](O)C[C@@]2(C)[C@H]1CC[C@]2(O)C(=O)CO
333,1,C=CC=C,C=CC=C
334,1,C=CCc1cccc(/C=N\NC(=O)CN2CCN(Cc3ccccc3)CC2)c1O,C=CCc1cccc(/C=N\NC(=O)CN2CCN(Cc3ccccc3)CC2)c1O
335,1,CC(C)CO,CC(C)CO
336,1,CC(N)C(=O)O,CC(N)C(=O)O
337,1,CC1CCN(CC[C@H]2CCCN2S(=O)(=O)c2cccc(O)c2)CC1,CC1CCN(CC[C@H]2CCCN2S(=O)(=O)c2cccc(O)c2)CC1
338,1,COC(=O)C1C(=O)C=C(Nc2cccc(OC(F)(F)F)c2)CC1C,COC(=O)C1C(=O)C=C(Nc2cccc(OC(F)(F)F)c2)CC1C
339,1,C[n+]1ccccc1/C=N/O,C[n+]1ccccc1/C=N/O
340,1,O=[N+]([O-])c1nccn1CCCCCCCCF,O=[N+]([O-])c1nccn1CCCCCCCCF
341,1,CCCO,CCCO
342,1,Cn1nnc2ccc(C(c3ccc(Cl)cc3)n3cncn3)cc21,Cn1nnc2ccc(C(c3ccc(Cl)cc3)n3cncn3)cc21
343,1,NC1=NCC2c3ccccc3Cc3ccccc3N12,NC1=NCC2c3ccccc3Cc3ccccc3N12
344,1,C[C@@H]1C[C@H]2[C@@H]3CCC4=CC(=O)C=C[C@]4(C)[C@@]3(F)[C@@H](O)C[C@]2(C)[C@@]1(O)C(=O)CO,C[C@@H]1C[C@H]2[C@@H]3CCC4=CC(=O)C=C[C@]4(C)[C@@]3(F)[C@@H](O)C[C@]2(C)[C@@]1(O)C(=O)CO
345,1,CC(C)=O,CC(C)=O
346,1,c1ccc(-c2nnc(N3CCN(c4ncccn4)CC3)cc2-c2ccncc2)cc1,c1ccc(-c2nnc(N3CCN(c4ncccn4)CC3)cc2-c2ccncc2)cc1
347,1,CCCC(=O)Nc1ccc(OCC(O)CNC(C)C)c(C(C)=O)c1,CCCC(=O)Nc1ccc(OCC(O)CNC(C)C)c(C(C)=O)c1
348,1,COc1ccc(S(C)(=O)=O)cc1CNC1CCCNC1c1ccccc1,COc1ccc(S(C)(=O)=O)cc1CNC1CCCNC1c1ccccc1
349,1,O=c1c(-c2ccc(O)cc2)coc2cc(O)ccc12,O=c1c(-c2ccc(O)cc2)coc2cc(O)ccc12
350,1,CC(=O)/C=C/c1cccs1,CC(=O)/C=C/c1cccs1
351,1,CCC1(CC)C(=O)NC(=O)NC1=O,CCC1(CC)C(=O)NC(=O)NC1=O
352,1,CCOC(=O)c1ncn2c1CN(CCF)C(=O)c1cc(F)ccc1-2,CCOC(=O)c1ncn2c1CN(CCF)C(=O)c1cc(F)ccc1-2
353,1,ClCCCl,ClCCCl
354,1,N#Cc1ccsc1C1=Nc2ccc(Cl)cc2NC(=O)C1,N#Cc1ccsc1C1=Nc2ccc(Cl)cc2NC(=O)C1
355,1,O=c1cc(NC2CCN(Cc3ccc4c(c3)CCO4)CC2)c2cc(Cl)ccc2o1,O=c1cc(NC2CCN(Cc3ccc4c(c3)CCO4)CC2)c2cc(Cl)ccc2o1
356,1,C=CCn1c2c(c3cc(C(=O)N4CCC(C)CC4)ccc31)CN(CC1CC1)CC2,C=CCn1c2c(c3cc(C(=O)N4CCC(C)CC4)ccc31)CN(CC1CC1)CC2
357,1,CC(C)NCCCOc1cccc(CN2CCCCC2)c1,CC(C)NCCCOc1cccc(CN2CCCCC2)c1
358,1,CCC1(c2ccccc2)C(=O)NC(=O)NC1=O,CCC1(c2ccccc2)C(=O)NC(=O)NC1=O
359,1,CC(C)n1nnc(NC(=O)C2c3ccccc3Oc3ccccc32)n1,CC(C)n1nnc(NC(=O)C2c3ccccc3Oc3ccccc32)n1
360,1,O=[N+]([O-])c1c(Cc2ccccc2)c[nH]c1NCCSCc1ccccn1,O=[N+]([O-])c1c(Cc2ccccc2)c[nH]c1NCCSCc1ccccn1
361,1,CN(C)C1CCN(Cc2ccc(C(=O)Nc3cc(-c4ccccc4)ccc3N)cc2)CC1,CN(C)C1CCN(Cc2ccc(C(=O)Nc3cc(-c4ccccc4)ccc3N)cc2)CC1
362,1,CCC1(O)CC2CN(CCc3c([nH]c4ccccc34)C(C(=O)OC)(c3cc4c(cc3OC)N(C)C3C(O)(C(=O)OC)C(OC(C)=O)C5(CC)C=CCN6CCC43C65)C2)C1,CCC1(O)CC2CN(CCc3c([nH]c4ccccc34)C(C(=O)OC)(c3cc4c(cc3OC)N(C)C3C(O)(C(=O)OC)C(OC(C)=O)C5(CC)C=CCN6CCC43C65)C2)C1
363,1,O=C1NC(=O)C(c2ccccc2)(c2ccccc2)N1,O=C1NC(=O)C(c2ccccc2)(c2ccccc2)N1
364,1,CCCC(C)C1(CC)C(=O)NC(=S)NC1=O,CCCC(C)C1(CC)C(=O)NC(=S)NC1=O
365,1,Cc1cc(=O)n(-c2ccccc2)n1C,Cc1cc(=O)n(-c2ccccc2)n1C
366,1,CC(C)O,CC(C)O
367,1,CCC(C)=O,CCC(C)=O
368,1,NC(=O)N1c2ccccc2C=Cc2ccccc21,NC(=O)N1c2ccccc2C=Cc2ccccc21
369,1,C=CCC1(C(C)C#CCC)C(=O)NC(=O)N(C)C1=O,C=CCC1(C(C)C#CCC)C(=O)NC(=O)N(C)C1=O
370,1,CC(=O)[C@H]1CC[C@H]2[C@@H]3CCC4=CC(=O)CC[C@]4(C)[C@H]3CC[C@]12C,CC(=O)[C@H]1CC[C@H]2[C@@H]3CCC4=CC(=O)CC[C@]4(C)[C@H]3CC[C@]12C
371,1,CC(F)OC(=O)c1ncn2c1CN(C)C(=O)c1cc(F)ccc1-2,CC(F)OC(=O)c1ncn2c1CN(C)C(=O)c1cc(F)ccc1-2
372,1,CN(C)Cc1ccc(-c2c[nH]c(=O)c3cccc(O)c23)cc1,CN(C)Cc1ccc(-c2c[nH]c(=O)c3cccc(O)c23)cc1
373,1,COCCCN1CCC(NC(=O)c2cc(Cl)c(N)c3c2OCC3)CC1,COCCCN1CCC(NC(=O)c2cc(Cl)c(N)c3c2OCC3)CC1
374,1,CS(=O)(=O)c1ccc(C2=C(c3ccccc3)C(=O)OC2)cc1,CS(=O)(=O)c1ccc(C2=C(c3ccccc3)C(=O)OC2)cc1
375,1,Cc1c(I)c(=O)n(-c2ccccc2)n1C,Cc1c(I)c(=O)n(-c2ccccc2)n1C
376,1,Cc1cc(-c2cc(N)n3nc(-c4ccccn4)nc3c2)ccn1,Cc1cc(-c2cc(N)n3nc(-c4ccccn4)nc3c2)ccn1
377,1,Cn1c(=O)c2c(ncn2C)n(C)c1=O,Cn1c(=O)c2c(ncn2C)n(C)c1=O
378,1,O=S(=O)(c1ccc2cc[nH]c2c1)N1CCCC1CCN1CCC(Oc2ccc(Cl)cc2)CC1,O=S(=O)(c1ccc2cc[nH]c2c1)N1CCCC1CCN1CCC(Oc2ccc(Cl)cc2)CC1
379,1,CC(C)(C)OC(=O)c1ncn2c1C1CCCN1C(=O)c1c(Br)cccc1-2,CC(C)(C)OC(=O)c1ncn2c1C1CCCN1C(=O)c1c(Br)cccc1-2
380,1,CC(C)(C)OC(=O)c1ncn2c1C1CCCN1C(=O)c1cc(Br)ccc1-2,CC(C)(C)OC(=O)c1ncn2c1C1CCCN1C(=O)c1cc(Br)ccc1-2
381,1,COC1/C=C\C=C(\C)C(=O)NC2=CC(=O)C(NCCN(C)C)=C(CC(C)CC(OC)C(O)C(C)/C=C(/C)C1OC(N)=O)C2=O,COC1/C=C\C=C(\C)C(=O)NC2=CC(=O)C(NCCN(C)C)=C(CC(C)CC(OC)C(O)C(C)/C=C(/C)C1OC(N)=O)C2=O
382,1,CO[C@H]1/C=C\C=C(/C)C(=O)NC2=CC(=O)C(NCCN(C)C)=C(C[C@H](C)C[C@@H](OC)[C@@H](O)[C@H](C)/C=C(\C)[C@@H]1OC(N)=O)C2=O,CO[C@H]1/C=C\C=C(/C)C(=O)NC2=CC(=O)C(NCCN(C)C)=C(C[C@H](C)C[C@@H](OC)[C@@H](O)[C@H](C)/C=C(\C)[C@@H]1OC(N)=O)C2=O
383,1,Cn1nc(CC(=O)NC2CC[N+]3(C)CCCC2C3)c2ccccc21,Cn1nc(CC(=O)NC2CC[N+]3(C)CCCC2C3)c2ccccc21
384,1,CC1CCN(CCC2CCN2S(=O)(=O)c2cccc(O)c2)CC1,CC1CCN(CCC2CCN2S(=O)(=O)c2cccc(O)c2)CC1
385,1,CC1(C)O[C@@H]2CO[C@@]3(COS(N)(=O)=O)OC(C)(C)O[C@H]3[C@@H]2O1,CC1(C)O[C@@H]2[C@@H](CO[C@@]3(COS(N)(=O)=O)OC(C)(C)O[C@@H]23)O1
386,1,CC1(O)NC=C2CN=C(c3ccccc3F)c3cc(Cl)ccc3N21,CC1(O)NC=C2CN=C(c3ccccc3F)c3cc(Cl)ccc3N21
387,1,CCC1(c2ccccc2)C(=O)NCNC1=O,CCC1(c2ccccc2)C(=O)NCNC1=O
388,1,CC[C@]1(O)C[C@@H]2CN(CCc3c([nH]c4ccccc34)[C@@](C(=O)OC)(c3cc4c(cc3OC)N(C)[C@H]3[C@@](O)(C(=O)OC)[C@H](OC(C)=O)[C@]5(CC)C=CCN6CC[C@]43[C@@H]65)C2)C1,CC[C@]1(O)C[C@@H]2CN(CCc3c([nH]c4ccccc34)[C@@](C(=O)OC)(c3cc4c(cc3OC)N(C)[C@H]3[C@@](O)(C(=O)OC)[C@H](OC(C)=O)[C@]5(CC)C=CCN6CC[C@]43[C@@H]65)C2)C1
389,1,COc1cc2c(cc1OC)[C@@H]1Cc3ccc(OC)c(OC)c3CN1CC2,COc1cc2c(cc1OC)[C@@H]1Cc3ccc(OC)c(OC)c3CN1CC2
390,1,COc1cc2c(cc1OC)[C@H]1Cc3ccc(OC)c(OC)c3CN1CC2,COc1cc2c(cc1OC)[C@H]1Cc3ccc(OC)c(OC)c3CN1CC2
391,1,C=CC,C=CC
392,1,C=CCC1(C(C)CCCC)C(=O)NC(=O)N(C)C1=O,C=CCC1(C(C)CCCC)C(=O)NC(=O)N(C)C1=O
393,1,CN1C2CCC1CC(OC(=O)C(CO)c1ccccc1)C2,CN1C2CCC1CC(OC(=O)C(CO)c1ccccc1)C2
394,1,Cn1cc(-c2ccncc2)c(-c2ccc(OCc3ccc4ccccc4n3)cc2)n1,Cn1cc(-c2ccncc2)c(-c2ccc(OCc3ccc4ccccc4n3)cc2)n1
395,1,CCOc1ccccc1C(N)=O,CCOc1ccccc1C(N)=O
396,1,Cc1c(F)c(=O)n(-c2ccccc2)n1C,Cc1c(F)c(=O)n(-c2ccccc2)n1C
397,1,Cc1cc(=O)n(-c2ccc(F)cc2)n1C,Cc1cc(=O)n(-c2ccc(F)cc2)n1C
398,1,O=c1cccc2n1CC1CNC(Br)C2C1,O=c1cccc2n1CC1CNC(Br)C2C1
399,1,O=c1cccc2n1C[C@H]1CNC(Br)[C@@H]2C1,O=c1cccc2n1C[C@H]1CNC(Br)[C@@H]2C1
400,1,CCNCc1ccc(C(=O)Nc2cc(C)n(Cc3cc(Cl)ccc3OCC(C)C)n2)cc1,CCNCc1ccc(C(=O)Nc2cc(C)n(Cc3cc(Cl)ccc3OCC(C)C)n2)cc1
401,1,CNCc1ccc(C(=O)Nc2cc(-c3ccccc3)ccc2N)cc1,CNCc1ccc(C(=O)Nc2cc(-c3ccccc3)ccc2N)cc1
402,1,CO[C@@H]1CN(CC2Cc3ccc(C#N)cc3C2)CCC1n1c(C(C)(C)O)nc2cc(C)ccc21,CO[C@@H]1CN(CC2Cc3ccc(C#N)cc3C2)CCC1n1c(C(C)(C)O)nc2cc(C)ccc21
403,1,Cc1cccc(C)c1Nc1ncc(-c2cccc(OCCN3CCCC3)c2)n2cncc12,Cc1cccc(C)c1Nc1ncc(-c2cccc(OCCN3CCCC3)c2)n2cncc12
404,1,O=C1CCC(N2C(=O)c3ccccc3C2=O)C(=O)N1,O=C1CCC(N2C(=O)c3ccccc3C2=O)C(=O)N1
405,1,CC1C=[N+](C2CC(N=[N+]=N)C(CO)O2)C(=O)NC1=O,CC1C=[N+](C2CC(N=[N+]=N)C(CO)O2)C(=O)NC1=O
406,1,CC[C@@H](C(N)=O)N1CCCC1=O,CC[C@@H](C(N)=O)N1CCCC1=O
407,1,O=S(=O)(c1ccc2cc[nH]c2c1)N1CCCC1CCN1CCC(Oc2cccc(Cl)c2)CC1,O=S(=O)(c1ccc2cc[nH]c2c1)N1CCCC1CCN1CCC(Oc2cccc(Cl)c2)CC1
408,1,Cc1cnc(N=C(N)N)s1,Cc1cnc(N=C(N)N)s1
409,1,Cc1csc(N=C(N)N)n1,Cc1csc(N=C(N)N)n1
410,1,Cc1ncc(-c2csc(N=C(N)N)n2)[nH]1,Cc1ncc(-c2csc(N=C(N)N)n2)[nH]1
411,1,Oc1ccc2c(c1)OCO2,Oc1ccc2c(c1)OCO2
412,1,C1CCc2nnnn2CC1,C1CCc2nnnn2CC1
413,1,Cc1ncc2n1-c1ccc(Cl)cc1C(c1ccccc1F)=N[C@@H]2O,Cc1ncc2n1-c1ccc(Cl)cc1C(c1ccccc1F)=N[C@@H]2O
414,1,O=c1[nH]c(CCCN2CCC(c3ccccc3)CC2)nc2c(Cl)cccc12,O=c1[nH]c(CCCN2CCC(c3ccccc3)CC2)nc2c(Cl)cccc12
415,1,CCCCO,CCCCO
416,1,FC(F)=CCl,FC(F)=CCl
417,1,OCCCOc1cccc(CN2CCCCC2)c1,OCCCOc1cccc(CN2CCCCC2)c1
418,1,CC(C)(C)c1cnc(CSc2cnc(NC(=O)C3CCNCC3)s2)o1,CC(C)(C)c1cnc(CSc2cnc(NC(=O)C3CCNCC3)s2)o1
419,1,CC(=O)N1CCN(C2CCN(C(=O)N(C)C(C)c3cc(C(F)(F)F)cc(C(F)(F)F)c3)C(c3ccc(F)cc3C)C2)CC1,CC(=O)N1CCN(C2CCN(C(=O)N(C)C(C)c3cc(C(F)(F)F)cc(C(F)(F)F)c3)C(c3ccc(F)cc3C)C2)CC1
420,1,CCC(C)(C)C(=O)O[C@H]1C[C@@H](C)C=C2C=C[C@H](C)[C@H](CC[C@@H]3C[C@@H](O)CC(=O)O3)[C@H]21,CCC(C)(C)C(=O)O[C@H]1C[C@@H](C)C=C2C=C[C@H](C)[C@H](CC[C@@H]3C[C@@H](O)CC(=O)O3)[C@H]21
421,1,CCCC(C)=O,CCCC(C)=O
422,1,CCCN1CN(c2ccc(Br)cc2)C2(CCN(CCCC(=O)c3ccc(F)cc3)CC2)C1=O,CCCN1CN(c2ccc(Br)cc2)C2(CCN(CCCC(=O)c3ccc(F)cc3)CC2)C1=O
423,1,CCN1CN(c2ccccc2)C2(CCN(CCCC(=O)c3ccc(F)cc3)CC2)C1=O,CCN1CN(c2ccccc2)C2(CCN(CCCC(=O)c3ccc(F)cc3)CC2)C1=O
424,1,CCNc1cccnc1N1CCN(C(=O)c2cc3cc(OC)ccc3[nH]2)CC1,CCNc1cccnc1N1CCN(C(=O)c2cc3cc(OC)ccc3[nH]2)CC1
425,1,O=[N+]([O-])c1nccn1CC(O)CF,O=[N+]([O-])c1nccn1CC(O)CF
426,1,O=[N+]([O-])c1nccn1CC(O)COCF,O=[N+]([O-])c1nccn1CC(O)COCF
427,1,c1ccc2c(c1)CCC(CNCCCNC1=NCCCN1)O2,c1ccc2c(c1)CCC(CNCCCNC1=NCCCN1)O2
428,1,Cc1nc2n(c(=O)c1CCN1CCC(c3noc4cc(F)ccc34)CC1)CCCC2,Cc1nc2n(c(=O)c1CCN1CCC(c3noc4cc(F)ccc34)CC1)CCCC2
429,1,CC(C)(C)/[N+]([O-])=C/c1ccccc1,CC(C)(C)/[N+]([O-])=C/c1ccccc1
430,1,Cc1nnc2n1-c1ccc(Cl)cc1C(c1ccccc1)=NC2,Cc1nnc2n1-c1ccc(Cl)cc1C(c1ccccc1)=NC2
431,1,CCOCC,CCOCC
432,1,C=CCC(N)c1ccccc1-c1noc2ccccc12,C=CCC(N)c1ccccc1-c1noc2ccccc12
433,1,CC(=O)[C@]1(O)Cc2c(O)c3c(c(O)c2[C@@H](O[C@H]2C[C@H](N)[C@H](O)[C@H](C)O2)C1)C(=O)c1ccccc1C3=O,CC(=O)[C@]1(O)Cc2c(O)c3c(c(O)c2[C@@H](O[C@H]2C[C@H](N)[C@H](O)[C@H](C)O2)C1)C(=O)c1ccccc1C3=O
434,1,CC12CCC(=O)C=C1CCC1C2CCC2(C)C(O)CCC12,CC12CCC(=O)C=C1CCC1C2CCC2(C)C(O)CCC12
435,1,CCCCCc1cc(O)c2c(c1)OC(C)(C)[C@@H]1CCC(C)=C[C@@H]21,CCCCCc1cc(O)c2c(c1)OC(C)(C)[C@@H]1CCC(C)=C[C@@H]21
436,1,CCOC(C)=O,CCOC(C)=O
437,1,CN1CCC23CCCCC2C1Cc1ccc(O)cc13,CN1CCC23CCCCC2C1Cc1ccc(O)cc13
438,1,CN1CC[C@]23CCCC[C@H]2[C@H]1Cc1ccc(O)cc13,CN1CC[C@]23CCCC[C@H]2[C@H]1Cc1ccc(O)cc13
439,1,COC(=O)[C@@H]1C(=O)C=C(Nc2ccc(Cl)cc2)C[C@@H]1C,COC(=O)[C@@H]1C(=O)C=C(Nc2ccc(Cl)cc2)C[C@@H]1C
440,1,Cc1c(N(C)C)c(=O)n(-c2ccccc2)n1C,Cc1c(N(C)C)c(=O)n(-c2ccccc2)n1C
441,1,Cc1ccnc2c1NC(=O)c1cccnc1N2C1CC1,Cc1ccnc2c1NC(=O)c1cccnc1N2C1CC1
442,1,N#Cc1c(COc2ccccn2)nc(N)nc1-c1ccco1,N#Cc1c(COc2ccccn2)nc(N)nc1-c1ccco1
443,1,NC(=Nc1ccccc1)Nc1ccccc1,NC(=Nc1ccccc1)Nc1ccccc1
444,1,NC(=O)C1c2ccccc2C=Cc2ccccc21,NC(=O)C1c2ccccc2C=Cc2ccccc21
445,1,C1CO1,C1CO1
446,1,C[C@H](Nc1cc(-c2c(-c3cccc(C(F)(F)F)c3)nc(C3CCNCC3)n2C)ccn1)c1ccccc1,C[C@H](Nc1cc(-c2c(-c3cccc(C(F)(F)F)c3)nc(C3CCNCC3)n2C)ccn1)c1ccccc1
447,1,C=CCOc1ccccc1OCC(O)CNC(C)C,C=CCOc1ccccc1OCC(O)CNC(C)C
448,1,CO,CO
449,1,COc1ccc2c(c1)[C@]13CCCC[C@@H]1[C@H](C2)N(C)CC3,COc1ccc2c(c1)[C@]13CCCC[C@@H]1[C@H](C2)N(C)CC3
450,1,O=C(CC1=NC2NN(c3ccccc3)C(=O)C2=C1CC(=O)c1cccc2ccccc12)c1cccc2ccccc12,O=C(CC1=NC2NN(c3ccccc3)C(=O)C2=C1CC(=O)c1cccc2ccccc12)c1cccc2ccccc12
451,1,N#N,N#N
452,1,[N-]=[N+]=O,[N-]=[N+]=O
453,1,CCCCNC(=S)Nc1ccccc1,CCCCNC(=S)Nc1ccccc1
454,1,NN,NN
455,1,CC(C)CCO,CC(C)CCO
456,1,CCC(C)CO,CCC(C)CO
457,1,CCC(O)(CC(N)=O)c1ccccc1,CCC(O)(CC(N)=O)c1ccccc1
458,1,CCC1(CCC(C)C)C(=O)NC(=O)NC1=O,CCC1(CCC(C)C)C(=O)NC(=O)NC1=O
459,1,Cl/C=C/Cl,Cl/C=C/Cl
460,1,CCn1c(C)nc(N2CCc3ccccc3CC2)c([N+](=O)[O-])c1=O,CCn1c(C)nc(N2CCc3ccccc3CC2)c([N+](=O)[O-])c1=O
461,1,CC(C)(C)/[N+]([O-])=C\c1ccccc1,CC(C)(C)/[N+]([O-])=C\c1ccccc1
462,1,CC(C)(C)[N+]([O-])=Cc1ccccc1,CC(C)(C)[N+]([O-])=Cc1ccccc1
463,1,CCN(CC)CCOC(=O)c1ccc(N)cc1,CCN(CC)CCOC(=O)c1ccc(N)cc1
464,1,CN1CCC(n2nc(-c3c(-c4ccccc4)nn4ccccc34)ccc2=O)CC1,CN1CCC(n2nc(-c3c(-c4ccccc4)nn4ccccc34)ccc2=O)CC1
465,1,CN1C(=O)NC2=NCN(C)C2C1=O,CN1C(=O)NC2=NCN(C)C2C1=O
466,1,CN1C(=O)NC2N=CN(C)C2C1=O,CN1C(=O)NC2N=CN(C)C2C1=O
467,1,CCC(C)(C)O,CCC(C)(C)O
468,1,CCCN(CCC)c1cc(C)nc2c(-c3cnc(N(C)C)cc3C)c(C)nn12,CCCN(CCC)c1cc(C)nc2c(-c3cnc(N(C)C)cc3C)c(C)nn12
469,1,CC[C@@]1(O)C[C@@H]2CN(CCc3c([nH]c4ccccc34)[C@](C(=O)OC)(c3cc4c(cc3OC)N(C)C3[C@@](O)(C(=O)OC)[C@H](OC(C)=O)[C@]5(CC)C=CCN6CC[C@]43C65)C2)C1,CC[C@@]1(O)C[C@@H]2CN(CCc3c([nH]c4ccccc34)[C@](C(=O)OC)(c3cc4c(cc3OC)N(C)C3[C@]45CCN4CC=C[C@](CC)(C45)[C@@H](OC(C)=O)[C@]3(O)C(=O)OC)C2)C1
470,1,O=C(CCCN1CCC2(CC1)C(=O)NCN2c1ccc(Br)cc1)c1ccc(F)cc1,O=C(CCCN1CCC2(CC1)C(=O)NCN2c1ccc(Br)cc1)c1ccc(F)cc1
471,1,CNC(=O)c1c(NCC2CCC3(CCC3)CC2)nc(C#N)nc1OCC1CCN(C(C)C)CC1,CNC(=O)c1c(NCC2CCC3(CCC3)CC2)nc(C#N)nc1OCC1CCN(C(C)C)CC1
472,1,CNC(=O)Oc1ccc2c(c1)C1(C)CCN(C)C1N2C,CNC(=O)Oc1ccc2c(c1)C1(C)CCN(C)C1N2C
473,1,CN(CC=CC#CC(C)(C)C)Cc1cccc2ccccc12,CN(CC=CC#CC(C)(C)C)Cc1cccc2ccccc12
474,1,CCOc1cc(OCCCCOc2ccc(C(=O)CC(C)C)c(O)c2)ccc1CCC(=O)O,CCOc1cc(OCCCCOc2ccc(C(=O)CC(C)C)c(O)c2)ccc1CCC(=O)O
475,1,CNC(=O)Oc1ccc2c(c1)[C@@]1(C)CCN(C)[C@@H]1N2C,CNC(=O)Oc1ccc2c(c1)[C@@]1(C)CCN(C)[C@@H]1N2C
476,1,COCCOC(=O)C1=C(C)NC(C)=C(C(=O)OC(C)C)C1c1cccc([N+](=O)[O-])c1,COCCOC(=O)C1=C(C)NC(C)=C(C(=O)OC(C)C)C1c1cccc([N+](=O)[O-])c1
477,1,FCC(Cl)(Cl)Cl,FCC(Cl)(Cl)Cl
478,1,CCCC1(CC)C(=O)NC(=O)NC1=O,CCCC1(CC)C(=O)NC(=O)NC1=O
479,1,CCN(CC)CCCC(=O)c1cc(Cl)c(N)cc1OC,CCN(CC)CCCC(=O)c1cc(Cl)c(N)cc1OC
480,1,COc1ccccc1N1CCN(CCN(C(=O)c2ccc(F)cc2)c2ccccn2)CC1,COc1ccccc1N1CCN(CCN(C(=O)c2ccc(F)cc2)c2ccccn2)CC1
481,1,O=C(O)c1ccccc1C(=O)OC1CCc2ccccc2C1,O=C(O)c1ccccc1C(=O)OC1CCc2ccccc2C1
482,1,CN1C(=O)NC(=O)C(C)(C2=CCCCC2)C1=O,CN1C(=O)NC(=O)C(C)(C2=CCCCC2)C1=O
483,1,C1CC1,C1CC1
484,1,CCCC(C)C1(CC)C(=O)NC(=O)NC1=O,CCCC(C)C1(CC)C(=O)NC(=O)NC1=O
485,1,Cn1c(=O)[nH]c2ncn(C)c2c1=O,Cn1c(=O)[nH]c2ncn(C)c2c1=O
486,1,CNC(=O)Oc1ccc2c(c1)[C@]1(C)CCN(C)[C@@H]1N2C,CNC(=O)Oc1ccc2c(c1)[C@]1(C)CCN(C)[C@@H]1N2C
487,1,O=C(O)c1cc(O)ccc1O,O=C(O)c1cc(O)ccc1O
488,1,C=CC1CC2CCC1CC2C(O)c1ccnc2ccc(OC)cc12,C=CC1CC2CCC1CC2C(O)c1ccnc2ccc(OC)cc12
489,1,C=COCC(F)(F)F,C=COCC(F)(F)F
490,1,CN1CC(C)(C2=CCCCC2)C(=O)NC1=O,CN1CC(C)(C2=CCCCC2)C(=O)NC1=O
491,1,Clc1cccc(Cl)c1NC1=NCCN1,Clc1cccc(Cl)c1NC1=NCCN1
492,1,c1cc(CN2CCCCC2)cc(OCCCNc2nc3ccccc3s2)c1,c1cc(CN2CCCCC2)cc(OCCCNc2nc3ccccc3s2)c1
493,1,CN1C2=C3N=c4ccccc4=C3CCN2C(=O)c2ccccc21,CN1C2=C3N=c4ccccc4=C3CCN2C(=O)c2ccccc21
494,1,COc1ccc(-n2nc(C)cc2C)cc1CNC1CCCNC1c1ccccc1,COc1ccc(-n2nc(C)cc2C)cc1CNC1CCCNC1c1ccccc1
495,1,COc1ccc2c3c1O[C@H]1C(=O)CC[C@@]4(O)[C@@H](C2)N(C)CC[C@]314,COc1ccc2c3c1O[C@H]1C(=O)CC[C@@]4(O)[C@@H](C2)N(C)CC[C@]314
496,1,C[n+]1c2n(c(=O)c3ccccc31)CCC1c3ccccc3NC21,C[n+]1c2n(c(=O)c3ccccc31)CCC1c3ccccc3NC21
497,1,Cc1ccc2c(OCCN3CCC(Cc4ccc5c(c4)N(C)C(=O)CO5)CC3)cccc2n1,Cc1ccc2c(OCCN3CCC(Cc4ccc5c(c4)N(C)C(=O)CO5)CC3)cccc2n1
498,1,Clc1cccc(Cl)c1NC1N=CCN1,Clc1cccc(Cl)c1NC1N=CCN1
499,1,Clc1cccc(Cl)c1N[C@@H]1N=CCN1,Clc1cccc(Cl)c1N[C@@H]1N=CCN1
500,1,CCCOC(C)=O,CCCOC(C)=O
501,1,C=COCCCCOC=C,C=COCCCCOC=C
502,1,CCC[C@@H](C)C1(CC)C(=O)NC(=O)NC1=O,CCC[C@@H](C)C1(CC)C(=O)NC(=O)NC1=O
503,1,FC=COC=CF,FC=COC=CF
504,1,O=c1cc(NC2CCN(C/C=C/c3ccccc3)CC2)c2cc(Cl)ccc2o1,O=c1cc(NC2CCN(C/C=C/c3ccccc3)CC2)c2cc(Cl)ccc2o1
505,1,CCN(CC)CCNC(=O)c1ccc(N)c(Cl)c1,CCN(CC)CCNC(=O)c1ccc(N)c(Cl)c1
506,1,CNCc1ccc(NC(=O)c2cc(C)n(Cc3cc(Cl)ccc3OCc3ccccc3)n2)cc1,CNCc1ccc(NC(=O)c2cc(C)n(Cc3cc(Cl)ccc3OCc3ccccc3)n2)cc1
507,1,OC[C@H]1OC(OC2=C(c3ccc(O)c(O)c3)OC3C=C(O)C=C(O)C3=C2)[C@H](O)[C@@H](O)[C@@H]1O,OC[C@H]1OC(OC2=C(c3ccc(O)c(O)c3)OC3C=C(O)C=C(O)C3=C2)[C@H](O)[C@@H](O)[C@@H]1O
508,1,OC[C@H]1O[C@@H](Oc2cc3c(O)cc(O)cc3[o+]c2-c2ccc(O)c(O)c2)[C@H](O)[C@@H](O)[C@@H]1O,OC[C@H]1O[C@@H](Oc2cc3c(O)cc(O)cc3[o+]c2-c2ccc(O)c(O)c2)[C@H](O)[C@@H](O)[C@@H]1O
509,1,O=C(O)COc1ccc(Cl)cc1Cl,O=C(O)COc1ccc(Cl)cc1Cl
510,1,CC(O)C(=O)O,CC(O)C(=O)O
511,1,Clc1ccc(NC2=NCCN2)c(Cl)c1,Clc1ccc(NC2=NCCN2)c(Cl)c1
512,1,O=C1CCCN1CCCCN1CCN(c2cc(C(F)(F)F)cc(Cl)n2)CC1,O=C1CCCN1CCCCN1CCN(c2cc(C(F)(F)F)cc(Cl)n2)CC1
513,1,O=C1CCCN1CCCCN1CCN(c2cc(C(F)(F)F)ccn2)CC1,O=C1CCCN1CCCCN1CCN(c2cc(C(F)(F)F)ccn2)CC1
514,1,FC(F)(F)c1ccc(Cl)cc1,FC(F)(F)c1ccc(Cl)cc1
515,1,N#Cc1cccc(-c2ccc3cc(O)ccc3c2Oc2ccc(OCCN3CCCCC3)cc2)c1,N#Cc1cccc(-c2ccc3cc(O)ccc3c2Oc2ccc(OCCN3CCCCC3)cc2)c1
516,1,CCOc1ccc(-c2nn3ncccc3c2-c2ccc(S(C)(=O)=O)cc2)cc1,CCOc1ccc(-c2nn3ncccc3c2-c2ccc(S(C)(=O)=O)cc2)cc1
517,1,COc1ccc2c3c1O[C@H]1C[C@@H](O)C=C[C@@]31CCNC2,COc1ccc2c3c1O[C@H]1C[C@@H](O)C=C[C@@]31CCNC2
518,1,O=C1c2ccccc2S(=O)(=O)N1CCCCN[C@H]1CCc2ccccc2O1,O=C1c2ccccc2S(=O)(=O)N1CCCCN[C@H]1CCc2ccccc2O1
519,1,CCCCC1(CC)C(=O)NC(=O)NC1=O,CCCCC1(CC)C(=O)NC(=O)NC1=O
520,1,CC(=O)O[C@H]1C(=O)[C@@]2(C)[C@@H](O)C[C@H]3OC[C@@]3(OC(C)=O)[C@H]2[C@@H](OC(=O)c2ccccc2)[C@]2(O)C[C@H](OC(=O)[C@@H](O)[C@H](NC(=O)c3ccc(F)cc3)c3ccccc3)C(C)=C1C2(C)C,CC(=O)O[C@H]1C(=O)[C@]2(C)[C@H]([C@@H](OC(=O)c3ccccc3)[C@]3(O)C[C@H](OC(=O)[C@@H](O)[C@H](NC(=O)c4ccc(F)cc4)c4ccccc4)C(C)=C1C3(C)C)[C@]1(OC(C)=O)CO[C@@H]1C[C@@H]2O
521,1,CC(=O)O[C@H]1C(=O)[C@]2(C)[C@@H](O)C[C@H]3OC[C@@]3(OC(C)=O)[C@H]2[C@H](OC(=O)c2ccccc2)[C@]2(O)C[C@H](OC(=O)[C@H](O)[C@@H](NC(=O)c3ccc(F)cc3)c3ccccc3)C(C)=C1C2(C)C,CC(=O)O[C@H]1C(=O)[C@@]2(C)[C@H]([C@H](OC(=O)c3ccccc3)[C@]3(O)C[C@H](OC(=O)[C@H](O)[C@@H](NC(=O)c4ccc(F)cc4)c4ccccc4)C(C)=C1C3(C)C)[C@]1(OC(C)=O)CO[C@@H]1C[C@@H]2O
522,1,CCCN(CCC)CCc1cccc2c1CC(=O)N2,CCCN(CCC)CCc1cccc2c1CC(=O)N2
523,1,CSc1ccc2c(c1)N(CCC1CCCCN1C)c1ccccc1S2,CSc1ccc2c(c1)N(CCC1CCCCN1C)c1ccccc1S2
524,1,COC(F)(F)C(Cl)Cl,COC(F)(F)C(Cl)Cl
525,1,CN1CCCCC1CCN1c2ccccc2Sc2ccc(S(C)(=O)=O)cc21,CN1CCCCC1CCN1c2ccccc2Sc2ccc(S(C)(=O)=O)cc21
526,1,CCc1ccccc1,CCc1ccccc1
527,1,C=CCC1(C(C)CCC)C(=O)NC(=O)NC1=O,C=CCC1(C(C)CCC)C(=O)NC(=O)NC1=O
528,1,C=CCC1([C@H](C)CCC)C(=O)NC(=O)NC1=O,C=CCC1([C@H](C)CCC)C(=O)NC(=O)NC1=O
529,1,CCC(=O)N(c1ccccc1)C1(COC)CCN(CCc2cccs2)CC1,CCC(=O)N(c1ccccc1)C1(COC)CCN(CCc2cccs2)CC1
530,1,CCCCCO,CCCCCO
531,1,CN(C)Cc1ccccc1Sc1cc(F)c(Cl)cc1N,CN(C)Cc1ccccc1Sc1cc(F)c(Cl)cc1N
532,1,CN(C)Cc1ccccc1Sc1ccc(F)cc1N,CN(C)Cc1ccccc1Sc1ccc(F)cc1N
533,1,COc1ccc2c3c1OC1CC(O)C=C(CN(C)C2)C31,COc1ccc2c3c1OC1CC(O)C=C(CN(C)C2)C31
534,1,FC(F)OC(F)(F)[C@H](F)Cl,FC(F)OC(F)(F)[C@H](F)Cl
535,1,Cc1cccc(C)c1,Cc1cccc(C)c1
536,1,CCOC(C)(C)C,CCOC(C)(C)C
537,1,CNCCCC1(c2ccccc2)SC(C)(C)c2ccccc21,CNCCCC1(c2ccccc2)SC(C)(C)c2ccccc21
538,1,CN1C2CC(OC(=O)C(CO)c3ccccc3)CC1C1OC12,CN1C2CC(OC(=O)C(CO)c3ccccc3)CC1C1OC12
539,1,CN1C2CC(OC(=O)[C@@H](CO)c3ccccc3)CC1C1OC12,CN1C2CC(OC(=O)[C@@H](CO)c3ccccc3)CC1C1OC12
540,1,CN1[C@H]2CC(OC(=O)C(CO)c3ccccc3)C[C@H]1[C@H]1O[C@@H]21,CN1[C@H]2CC(OC(=O)C(CO)c3ccccc3)C[C@H]1[C@H]1O[C@H]12
541,1,COc1cc(/C=C/C(=O)NCCn2c(C(F)(F)F)cc3ccccc32)cc(OC)c1OC,COc1cc(/C=C/C(=O)NCCn2c(C(F)(F)F)cc3ccccc32)cc(OC)c1OC
542,1,Cc1cccc(C)c1Nc1ncc(-c2ccc(OCCN3CCCC3)cc2)n2cncc12,Cc1cccc(C)c1Nc1ncc(-c2ccc(OCCN3CCCC3)cc2)n2cncc12
543,1,FC(F)OC(F)(F)C(F)Cl,FC(F)OC(F)(F)C(F)Cl
544,1,CCCCCCCCC1(CC)C(=O)NC(=O)NC1=O,CCCCCCCCC1(CC)C(=O)NC(=O)NC1=O
545,1,COc1ccc(-n2nnnc2C(F)(F)F)cc1CNC1CCCNC1c1ccccc1,COc1ccc(-n2nnnc2C(F)(F)F)cc1CNC1CCCNC1c1ccccc1
546,1,CCCN(CCC)CCc1ccc2c(c1)CC(=O)N2,CCCN(CCC)CCc1ccc2c(c1)CC(=O)N2
547,1,CCCN1CCC[C@@H]2Cc3nc(N)ncc3C[C@H]21,CCCN1CCC[C@@H]2Cc3nc(N)ncc3C[C@H]21
548,1,O=C(CCCN1CCC2(CC1)C(=O)NCN2c1ccccc1)c1ccc(F)cc1,O=C(CCCN1CCC2(CC1)C(=O)NCN2c1ccccc1)c1ccc(F)cc1
549,1,CCCN1CCOC2c3cc(O)ccc3CCC21,CCCN1CCOC2c3cc(O)ccc3CCC21
550,1,CCCBr,CCCBr
551,1,CCOC(=O)Cc1cc2c(c(N)n1)N=C(c1ccccc1)C(C)N2,CCOC(=O)Cc1cc2c(c(N)n1)N=C(c1ccccc1)C(C)N2
552,1,CCOC(=O)c1ccc(N)cc1,CCOC(=O)c1ccc(N)cc1
553,1,Cc1cccc(OCC(O)CNC(C)C)c1,Cc1cccc(OCC(O)CNC(C)C)c1
554,1,CCCCOC(C)=O,CCCCOC(C)=O
555,1,CC(C)=CCN1Cc2cc(Cl)cc3[nH]c(=S)n(c23)CC1C,CC(C)=CCN1Cc2cc(Cl)cc3[nH]c(=S)n(c23)CC1C
556,1,CC(C)=CCN1Cc2cc(Cl)cc3[nH]c(=S)n(c23)C[C@@H]1C,CC(C)=CCN1Cc2cc(Cl)cc3[nH]c(=S)n(c23)C[C@@H]1C
557,1,CC1=C(CC2CCc3c(c4ccccc4n3C)C2=O)CC=N1,CC1=C(CC2CCc3c(c4ccccc4n3C)C2=O)CC=N1
558,1,Cc1nccn1CC1CCc2c(c3ccccc3n2C)C1=O,Cc1nccn1CC1CCc2c(c3ccccc3n2C)C1=O
559,1,ClC=C(Cl)Cl,ClC=C(Cl)Cl
560,1,ClC(Cl)Cl,ClC(Cl)Cl
561,1,CC(C)(C)c1nc(N2CCN(CCCSc3nccc(=O)[nH]3)CC2)cc(C(F)(F)F)n1,CC(C)(C)c1nc(N2CCN(CCCSc3nccc(=O)[nH]3)CC2)cc(C(F)(F)F)n1
562,1,CCC(NC(=O)c1c(C)c(-c2ccccc2)cc2ccccc12)c1ccccc1,CCC(NC(=O)c1c(C)c(-c2ccccc2)cc2ccccc12)c1ccccc1
563,1,CCC(NC(=O)c1c(C)c(-c2ccccc2)nc2ccccc12)c1ccccc1,CCC(NC(=O)c1c(C)c(-c2ccccc2)nc2ccccc12)c1ccccc1
564,1,CCCN1CC(CSC)CC2c3cccc4[nH]cc(c34)CC21,CCCN1CC(CSC)CC2c3cccc4[nH]cc(c34)CC21
565,1,CCCN1C[C@H](CSC)C[C@@H]2c3cccc4[nH]cc(c34)C[C@H]21,CCCN1C[C@H](CSC)C[C@@H]2c3cccc4[nH]cc(c34)C[C@H]21
566,1,CC[C@H](NC(=O)c1c(C)c(-c2ccccc2)nc2ccccc12)c1ccccc1,CC[C@H](NC(=O)c1c(C)c(-c2ccccc2)nc2ccccc12)c1ccccc1
567,1,COc1ccc([C@@H]2Sc3ccccc3N(CCN(C)C)C(=O)[C@@H]2OC(C)=O)cc1,COc1ccc([C@@H]2Sc3ccccc3N(CCN(C)C)C(=O)[C@@H]2OC(C)=O)cc1
568,1,Cc1cc(-c2ccccc2)nnc1NCCN1CCOCC1,Cc1cc(-c2ccccc2)nnc1NCCN1CCOCC1
569,1,Cc1cc(NC(=O)c2ccc(CN3CCCC3)cc2)nn1Cc1cc(Cl)ccc1OCC(C)C,Cc1cc(NC(=O)c2ccc(CN3CCCC3)cc2)nn1Cc1cc(Cl)ccc1OCC(C)C
570,1,Cc1cn(-c2cccc(Nc3ncnc4c3CCc3ccccc3-4)c2)cn1,Cc1cn(-c2cccc(Nc3ncnc4c3CCc3ccccc3-4)c2)cn1
571,1,Cc1nc2sccn2c(=O)c1CCN1CCC(=C(c2ccc(F)cc2)c2ccc(F)cc2)CC1,Cc1nc2sccn2c(=O)c1CCN1CCC(=C(c2ccc(F)cc2)c2ccc(F)cc2)CC1
572,1,N#Cc1cccc(C2=Nc3ccc(C#Cc4ccccc4)cc3NC(=O)C2)c1,N#Cc1cccc(C2=Nc3ccc(C#Cc4ccccc4)cc3NC(=O)C2)c1
573,1,C=C,C=C
574,1,CN1C(=O)CC(=O)N(c2ccccc2)c2cc(Cl)ccc21,CN1C(=O)CC(=O)N(c2ccccc2)c2cc(Cl)ccc21
575,1,CCCCN1CC2Cc3cc(OC)c(OC)cc3C2C1,CCCCN1CC2Cc3cc(OC)c(OC)cc3C2C1
576,1,COc1ccc2c3c1O[C@H]1C[C@@H](O)C=C[C@@]31CCN(C)C2,COc1ccc2c3c1O[C@H]1C[C@@H](O)C=C[C@@]31CCN(C)C2
577,1,Cc1nc2cc(CNC3CCCNC3c3ccccc3)c(OC(C)C)cc2s1,Cc1nc2cc(CNC3CCCNC3c3ccccc3)c(OC(C)C)cc2s1
578,1,c1cncc(C2CCCN2)c1,c1cncc(C2CCCN2)c1
579,1,COc1ccc2c3c1O[C@H]1C(=O)CC[C@H]4[C@@H](C2)N(C)CC[C@]314,COc1ccc2c3c1O[C@H]1C(=O)CC[C@H]4[C@@H](C2)N(C)CC[C@]314
580,1,Cc1cnn(C2CCN(c3nc4ccccc4n3Cc3ccc(F)cc3)CC2)c1,Cc1cnn(C2CCN(c3nc4ccccc4n3Cc3ccc(F)cc3)CC2)c1
581,1,O=C1CN=C(c2ccccc2)c2cc([N+](=O)[O-])ccc2N1,O=C1CN=C(c2ccccc2)c2cc([N+](=O)[O-])ccc2N1
582,1,OC1CNCc2ccccc21,OC1CNCc2ccccc21
583,1,c1cncc([C@@H]2CCCN2)c1,c1cncc([C@@H]2CCCN2)c1
584,1,Brc1cccc(Br)c1NC1=NCCN1,Brc1cccc(Br)c1NC1=NCCN1
585,1,CCc1cc2cc(C(=O)C3CCC(OC)CC3)ccc2nc1C,CCc1cc2cc(C(=O)C3CCC(OC)CC3)ccc2nc1C
586,1,Cc1ccccc1-c1ccc(N)cc1N(C)C(=O)C(C)(C)c1cc(C(F)(F)F)cc(C(F)(F)F)c1,Cc1ccccc1-c1ccc(N)cc1N(C)C(=O)C(C)(C)c1cc(C(F)(F)F)cc(C(F)(F)F)c1
587,1,FC(F)(F)CC(Cl)Br,FC(F)(F)CC(Cl)Br
588,1,FC(F)(F)CCC(Cl)Br,FC(F)(F)CCC(Cl)Br
589,1,FC(F)(F)[C@H](Cl)Br,FC(F)(F)[C@H](Cl)Br
590,1,CCCCCCC1(CC)C(=O)NC(=O)NC1=O,CCCCCCC1(CC)C(=O)NC(=O)NC1=O
591,1,CCOC(=O)Nc1cc2c(c(N)n1)N=C(CN(C)c1ccc(OC)cc1)CN2,CCOC(=O)Nc1cc2c(c(N)n1)N=C(CN(C)c1ccc(OC)cc1)CN2
592,1,COC(C)(C)C,COC(C)(C)C
593,1,COc1ccc(-c2nccs2)cc1CNC1CCCNC1c1ccccc1,COc1ccc(-c2nccs2)cc1CNC1CCCNC1c1ccccc1
594,1,Cc1nc2c(c(-n3ccc(C(F)(F)F)n3)n1)CCN2c1ccc(Cl)cc1Cl,Cc1nc2c(c(-n3ccc(C(F)(F)F)n3)n1)CCN2c1ccc(Cl)cc1Cl
595,1,O=c1[nH]c(C2=CC(N3CCC(c4ccccc4)CC3)CC2)nc2c(Cl)cccc12,O=c1[nH]c(C2=CC(N3CCC(c4ccccc4)CC3)CC2)nc2c(Cl)cccc12
596,1,COc1ccccc1CNC1C2CCN(CC2)C1C(c1ccccc1)c1ccccc1,COc1ccccc1CNC1C2CCN(CC2)C1C(c1ccccc1)c1ccccc1
597,1,ClC(Cl)=C(Cl)Cl,ClC(Cl)=C(Cl)Cl
598,1,CN(C)c1ccc(O)c(CNc2cccc3ccc(CO)nc23)c1,CN(C)c1ccc(O)c(CNc2cccc3ccc(CO)nc23)c1
599,1,Clc1ccc(Cl)c(N=C2NCCN2)c1,Clc1ccc(Cl)c(N=C2NCCN2)c1
600,1,O=c1ccc(-c2c(-c3ccccc3)nn3ccccc23)nn1CCN1CCCCC1,O=c1ccc(-c2c(-c3ccccc3)nn3ccccc23)nn1CCN1CCCCC1
601,1,CC(C)NCC(O)COc1ccc(CCOCC2CC2)cc1,CC(C)NCC(O)COc1ccc(CCOCC2CC2)cc1
602,1,COc1cc2c(c(CNC3CCCNC3c3ccccc3)c1)OCC2,COc1cc2c(c(CNC3CCCNC3c3ccccc3)c1)OCC2
603,1,Clc1ccc2c(c1)C1CNCC1c1ccccc1O2,Clc1ccc2c(c1)C1CNCC1c1ccccc1O2
604,1,Clc1ccc2c(c1)[C@H]1CNC[C@@H]1c1ccccc1O2,Clc1ccc2c(c1)[C@H]1CNC[C@@H]1c1ccccc1O2
605,1,COc1cc2c(c(CN[C@H]3CCCN[C@@H]3c3ccccc3)c1)OCC2,COc1cc2c(c(CN[C@H]3CCCN[C@@H]3c3ccccc3)c1)OCC2
606,1,Cc1cccc2c1Oc1ccccc1C1(O)CNCC21,Cc1cccc2c1Oc1ccccc1C1(O)CNCC21
607,1,Clc1ccc2c(c1)C1CCNCC1c1ccccc1O2,Clc1ccc2c(c1)C1CCNCC1c1ccccc1O2
608,1,Fc1ccc(Cn2c([C@@H]3CCCNC3)nc3ccccc32)cc1,Fc1ccc(Cn2c([C@@H]3CCCNC3)nc3ccccc32)cc1
609,1,OCCOCCN1CCN(C(c2ccccc2)c2ccc(Cl)cc2)CC1,OCCOCCN1CCN(C(c2ccccc2)c2ccc(Cl)cc2)CC1
610,1,c1ccccc1,c1ccccc1
611,1,Cc1ccccc1,Cc1ccccc1
612,1,Cc1ccc(C)cc1,Cc1ccc(C)cc1
613,1,Cc1ncc2n1-c1ccc(Cl)cc1C(c1ccccc1F)=NC2,Cc1ncc2n1-c1ccc(Cl)cc1C(c1ccccc1F)=NC2
614,1,Cc1ccccc1C,Cc1ccccc1C
615,1,CC(=O)OC(C)C,CC(=O)OC(C)C
616,1,C#CC1(O)CCC2C3C(C)CC4=C(CCC(=O)C4)C3CCC21,C#CC1(O)CCC2C3C(C)CC4=C(CCC(=O)C4)C3CCC21
617,1,C#CC1(O)CCC2C3C(C)CC4=C(CCC(=O)C4)C3CCC21C,C#CC1(O)CCC2C3C(C)CC4=C(CCC(=O)C4)C3CCC21C
618,1,CCCCCOC(C)=O,CCCCCOC(C)=O
619,1,CC[C@H](C)[C@H]1O[C@@]2(CC[C@H]1C)C[C@@H]1C[C@@H](CC=C(C)[C@@H](O[C@H]3C[C@H](OC)[C@@H](O[C@H]4C[C@H](OC)[C@H](O)[C@H](C)O4)[C@H](C)O3)[C@H](C)C=CC=C3COC4[C@H](O)C(C)=C[C@@H](C(=O)O1)[C@]34O)O2,CC[C@H](C)[C@H]1O[C@@]2(CC[C@H]1C)C[C@@H]1C[C@@H](CC=C(C)[C@@H](O[C@H]3C[C@H](OC)[C@@H](O[C@H]4C[C@H](OC)[C@H](O)[C@H](C)O4)[C@H](C)O3)[C@H](C)C=CC=C3COC4[C@H](O)C(C)=C[C@@H](C(=O)O1)[C@]34O)O2
620,1,Clc1cc(Br)cc(Cl)c1NC1=NCCN1,Clc1cc(Br)cc(Cl)c1NC1=NCCN1
621,1,FC(F)OC(Cl)C(F)(F)F,FC(F)OC(Cl)C(F)(F)F
622,1,CCCCOC(=O)c1ccc(N)cc1,CCCCOC(=O)c1ccc(N)cc1
623,1,CCN(CCC#N)c1ccccc1,CCN(CCC#N)c1ccccc1
624,1,COc1ccc(C=C2CCCN=C2c2cccnc2)c(OC)c1,COc1ccc(C=C2CCCN=C2c2cccnc2)c(OC)c1
625,1,FC(F)O[C@H](Cl)C(F)(F)F,FC(F)O[C@H](Cl)C(F)(F)F
626,1,CC(C)(C)c1ccccc1,CC(C)(C)c1ccccc1
627,1,CN(C)c1ccnc2sc3c(=O)n(C4CCCCCC4)cnc3c12,CN(C)c1ccnc2sc3c(=O)n(C4CCCCCC4)cnc3c12
628,1,CN(C)c1ccnc2sc3c(=O)n(N4CCCCCC4)cnc3c12,CN(C)c1ccnc2sc3c(=O)n(N4CCCCCC4)cnc3c12
629,1,CN1CCC[C@@H](c2nc3ccccc3n2Cc2ccc(F)cc2)C1,CN1CCC[C@@H](c2nc3ccccc3n2Cc2ccc(F)cc2)C1
630,1,O=C1Nc2ccc(Cl)cc2C(c2ccccc2Cl)=NC1O,O=C1Nc2ccc(Cl)cc2C(c2ccccc2Cl)=NC1O
631,1,O=C(Nc1ccc(Cl)nc1)c1ccc(F)c(F)c1,O=C(Nc1ccc(Cl)nc1)c1ccc(F)c(F)c1
632,1,c1cc(CN2CCCCC2)cc(OCCCNc2nccs2)c1,c1cc(CN2CCCCC2)cc(OCCCNc2nccs2)c1
633,1,C=Cc1ccccc1,C=Cc1ccccc1
634,1,CN1CN(c2ccccc2)C2(CCN(CCCC(=O)c3ccc(F)cc3)CC2)C1=O,CN1CN(c2ccccc2)C2(CCN(CCCC(=O)c3ccc(F)cc3)CC2)C1=O
635,1,COc1ccc(C(C)(C)C)cc1CNC1C2CCN(CC2)C1C(c1ccccc1)c1ccccc1,COc1ccc(C(C)(C)C)cc1CNC1C2CCN(CC2)C1C(c1ccccc1)c1ccccc1
636,1,Clc1cc(Cl)c(NC2=NCCN2)c(Cl)c1,Clc1cc(Cl)c(NC2=NCCN2)c(Cl)c1
637,1,Nc1nnc(-c2cccc(Cl)c2Cl)c(N)n1,Nc1nnc(-c2cccc(Cl)c2Cl)c(N)n1
638,1,CCC(C)N(C)C(=O)c1cc2ccccc2c(-c2ccccc2Cl)n1,CCC(C)N(C)C(=O)c1cc2ccccc2c(-c2ccccc2Cl)n1
639,1,COc1cc2sc(C)nc2cc1CNC1CCCNC1c1ccccc1,COc1cc2sc(C)nc2cc1CNC1CCCNC1c1ccccc1
640,1,CCN(CC)Cc1ccc2c(c1)CCC(N1CCN(CCc3ccc(F)cc3)CC1=O)C2,CCN(CC)Cc1ccc2c(c1)CCC(N1CCN(CCc3ccc(F)cc3)CC1=O)C2
641,1,O=C(NCCCCN1CCC(Oc2cccc(C(F)(F)F)c2)CC1)c1ccnc2ccccc12,O=C(NCCCCN1CCC(Oc2cccc(C(F)(F)F)c2)CC1)c1ccnc2ccccc12
642,1,O=S(=O)(c1cccc(Cl)c1)n1ccc2c(N3CCNCC3)c(Cl)ccc21,O=S(=O)(c1cccc(Cl)c1)n1ccc2c(N3CCNCC3)c(Cl)ccc21
643,1,CCc1nc(N)nc(N)c1-c1ccc(Cl)cc1,CCc1nc(N)nc(N)c1-c1ccc(Cl)cc1
644,1,COc1cc2oc(C)nc2cc1CNC1CCCNC1c1ccccc1,COc1cc2oc(C)nc2cc1CNC1CCCNC1c1ccccc1
645,1,O=C1CC2(CCCC2)CC(=O)N1CCCCN1CCN(c2ncccn2)CC1,O=C1CC2(CCCC2)CC(=O)N1CCCCN1CCN(c2ncccn2)CC1
646,1,CN1CCN2c3ncccc3Cc3ccccc3C2C1,CN1CCN2c3ncccc3Cc3ccccc3C2C1
647,1,COc1ccc(CN(CCN(C)C)c2ccccn2)cc1,COc1ccc(CN(CCN(C)C)c2ccccn2)cc1
648,1,O=C1CN=C(c2ccccc2)c2c(Cl)cccc2N1,O=C1CN=C(c2ccccc2)c2c(Cl)cccc2N1
649,1,O=C1CN=C(c2ccccc2)c2cc(Cl)ccc2N1,O=C1CN=C(c2ccccc2)c2cc(Cl)ccc2N1
650,1,CC(C)=CCN1CC[C@@]2(C)c3cc(O)ccc3CC1C2C,CC(C)=CCN1CC[C@@]2(C)c3cc(O)ccc3CC1C2C
651,1,CCc1cc2c(s1)N(C)C(=O)CN=C2c1ccccc1Cl,CCc1cc2c(s1)N(C)C(=O)CN=C2c1ccccc1Cl
652,1,CCCCCCCCC,CCCCCCCCC
653,1,C/C=C/C[C@@H](C)[C@@H](O)[C@H]1C(=O)N[C@@H](CC)C(=O)N(C)CC(=O)N(C)[C@@H](CC(C)C)C(=O)N[C@@H](C(C)C)C(=O)N(C)[C@@H](CC(C)C)C(=O)N[C@@H](C)C(=O)N[C@H](C)C(=O)N(C)[C@@H](CC(C)C)C(=O)N(C)[C@@H](CC(C)C)C(=O)N(C)[C@@H](C(C)C)C(=O)N1C,C/C=C/C[C@@H](C)[C@@H](O)[C@H]1C(=O)N[C@@H](CC)C(=O)N(C)CC(=O)N(C)[C@@H](CC(C)C)C(=O)N[C@@H](C(C)C)C(=O)N(C)[C@@H](CC(C)C)C(=O)N[C@@H](C)C(=O)N[C@H](C)C(=O)N(C)[C@@H](CC(C)C)C(=O)N(C)[C@@H](CC(C)C)C(=O)N(C)[C@@H](C(C)C)C(=O)N1C
654,1,C/C(=C(\CCOC(=O)C(N)Cc1ccc(OC(=O)C(C)(C)C)c(OC(=O)C(C)(C)C)c1)SSC(C)C)N(C)C=O,C/C(=C(\CCOC(=O)C(N)Cc1ccc(OC(=O)C(C)(C)C)c(OC(=O)C(C)(C)C)c1)SSC(C)C)N(C)C=O
655,1,CC(C)=CCN1CCC2(C)c3cc(O)ccc3CC1C2C,CC(C)=CCN1CCC2(C)c3cc(O)ccc3CC1C2C
656,1,CCCOC(=O)c1ccc(N)cc1,CCCOC(=O)c1ccc(N)cc1
657,1,CN(C)c1ccccc1Sc1ccc(CCF)cc1N,CN(C)c1ccccc1Sc1ccc(CCF)cc1N
658,1,CC(=O)OCCC(C)C,CC(=O)OCCC(C)C
659,1,COc1ccc2c3c1O[C@H]1[C@@H](O)C=C[C@H]4C(C2)N(C)CCC341,COc1ccc2c3c1O[C@H]1[C@@H](O)C=C[C@H]4C(C2)N(C)CCC341
660,1,COc1ccc2c3c1O[C@H]1[C@H](O)C=C[C@H]4[C@@H](C2)N(C)CC[C@@]341,COc1ccc2c3c1O[C@H]1[C@H](O)C=C[C@H]4[C@@H](C2)N(C)CC[C@@]341
661,1,CCC1(O)CC(OC2CC(N3CCOCC3)C(O)C(C)O2)c2c(O)c3c(c(O)c2C1O)C(=O)c1cccc(O)c1C3=O,CCC1(O)CC(OC2CC(N3CCOCC3)C(O)C(C)O2)c2c(O)c3c(c(O)c2C1O)C(=O)c1cccc(O)c1C3=O
662,1,CN1CCN(Cc2ccc(C(=O)Nc3cc(-c4ccccc4)ccc3N)cc2)CC1,CN1CCN(Cc2ccc(C(=O)Nc3cc(-c4ccccc4)ccc3N)cc2)CC1
663,1,N#Cc1ccc2c(c1)CCN(CCC1CCC(NC(=O)c3ccnc4ccccc34)CC1)C2,N#Cc1ccc2c(c1)CCN(CCC1CCC(NC(=O)c3ccnc4ccccc34)CC1)C2
664,1,c1ccc2c(c1)CCNC2,c1ccc2c(c1)CCNC2
665,1,C#CCN(C)[C@H](C)Cc1ccccc1,C#CCN(C)[C@H](C)Cc1ccccc1
666,1,COc1ccc2[nH]nc(NC3CCN(Cc4ccc5c(c4)OCO5)CC3)c2c1,COc1ccc2[nH]nc(NC3CCN(Cc4ccc5c(c4)OCO5)CC3)c2c1
667,1,Cc1nnc2n1C1CCC(Cl)CC1C(c1ccccc1Cl)=NC2,Cc1nnc2n1C1CCC(Cl)CC1C(c1ccccc1Cl)=NC2
668,1,Brc1cc(Br)c(NC2=NCCN2)c(Br)c1,Brc1cc(Br)c(NC2=NCCN2)c(Br)c1
669,1,CC(CF)NC[C@H](O)COc1cccc2[nH]c3ccccc3c12,CC(CF)NC[C@H](O)COc1cccc2[nH]c3ccccc3c12
670,1,CN(c1nc2ccccc2s1)C1CCN(CC(O)COc2ccc(F)c(F)c2)CC1,CN(c1nc2ccccc2s1)C1CCN(CC(O)COc2ccc(F)c(F)c2)CC1
671,1,CN(c1nc2ccccc2s1)C1CCN(C[C@H](O)COc2ccc(F)c(F)c2)CC1,CN(c1nc2ccccc2s1)C1CCN(C[C@H](O)COc2ccc(F)c(F)c2)CC1
672,1,COc1ccc2c3c1OC1C(O)C=CC4C(C2)N(C)CCC341,COc1ccc2c3c1OC1C(O)C=CC4C(C2)N(C)CCC341
673,1,COc1ccc2c3c1O[C@H]1[C@@H](O)C=C[C@H]4[C@@H](C2)N(C)CC[C@]314,COc1ccc2c3c1O[C@H]1[C@@H](O)C=C[C@H]4[C@@H](C2)N(C)CC[C@@]341
674,1,COC(=O)C1C(OC(=O)c2ccccc2)CC2CCC1N2C,COC(=O)C1C(OC(=O)c2ccccc2)CC2CCC1N2C
675,1,CC1NC(=NCC(F)F)Nc2cccc(Cl)c21,CC1NC(=NCC(F)F)Nc2cccc(Cl)c21
676,1,CCC12CCN(CC3(O)CC3)C(Cc3ccc(O)cc31)C2(C)C,CCC12CCN(CC3(O)CC3)C(Cc3ccc(O)cc31)C2(C)C
677,1,CCCCC1CCN(CCCN2C(=O)CCc3ccccc32)CC1,CCCCC1CCN(CCCN2C(=O)CCc3ccccc32)CC1
678,1,CN(C)Cc1ccc(C(=O)Nc2ccccc2N)cc1,CN(C)Cc1ccc(C(=O)Nc2ccccc2N)cc1
679,1,COC(=O)[C@@H]1C2CCC(C[C@@H]1OC(=O)c1ccccc1)N2C,COC(=O)[C@@H]1C2CCC(C[C@@H]1OC(=O)c1ccccc1)N2C
680,1,Cc1nc(N2CCc3ccccc3CC2)c(C#N)c(=O)n1CC(F)(F)F,Cc1nc(N2CCc3ccccc3CC2)c(C#N)c(=O)n1CC(F)(F)F
681,1,S=C=S,S=C=S
682,1,CC(C)(C)C1CCCCC1,CC(C)(C)C1CCCCC1
683,1,CC1=NC(O)C(=O)Nc2ccc(Cl)cc21,CC1=NC(O)C(=O)Nc2ccc(Cl)cc21
684,1,O=C1Nc2ccc(Cl)cc2C(c2ccccc2)=N[C@H]1O,O=C1Nc2ccc(Cl)cc2C(c2ccccc2)=N[C@H]1O
685,1,COc1cc2sc(C3CC3)nc2cc1CNC1CCCNC1c1ccccc1,COc1cc2sc(C3CC3)nc2cc1CNC1CCCNC1c1ccccc1
686,1,COc1ccc(C(CN(C)C)C2(O)CCCCC2)cc1,COc1ccc(C(CN(C)C)C2(O)CCCCC2)cc1
687,1,COc1ccc(OC(F)(F)F)cc1CNC1CCCNC1c1ccccc1,COc1ccc(OC(F)(F)F)cc1CNC1CCCNC1c1ccccc1
688,1,OC(c1cc(C(F)(F)F)nc2c(C(F)(F)F)cccc12)C1CCCCN1,OC(c1cc(C(F)(F)F)nc2c(C(F)(F)F)cccc12)C1CCCCN1
689,1,CN(C)CCOC(C)(c1ccccc1)c1ccccn1,CN(C)CCOC(C)(c1ccccc1)c1ccccn1
690,1,CN(C)CCO[C@@](C)(c1ccccc1)c1ccccn1,CN(C)CCO[C@@](C)(c1ccccc1)c1ccccn1
691,1,Clc1ccc(N2CCN(Cc3cnn4ccccc34)CC2)cc1,Clc1ccc(N2CCN(Cc3cnn4ccccc34)CC2)cc1
692,1,CCc1nc(N)nc(N)c1-c1ccc(Cl)c(Cl)c1,CCc1nc(N)nc(N)c1-c1ccc(Cl)c(Cl)c1
693,1,CC(C)(C)N1CCC(c2ccccc2)(c2ccccc2)CC1,CC(C)(C)N1CCC(c2ccccc2)(c2ccccc2)CC1
694,1,CCCCCCCCCC,CCCCCCCCCC
695,1,Cc1ccccc1-c1ccncc1C(=O)N(C)Cc1cc(C(F)(F)F)cc(C(F)(F)F)c1,Cc1ccccc1-c1ccncc1C(=O)N(C)Cc1cc(C(F)(F)F)cc(C(F)(F)F)c1
696,1,CCCCCCCC,CCCCCCCC
697,1,CC(C)c1cccc(C(C)C)c1O,CC(C)c1cccc(C(C)C)c1O
698,1,COc1cccc([C@@]2(O)CCCC[C@@H]2CN(C)C)c1,COc1cccc([C@@]2(O)CCCC[C@@H]2CN(C)C)c1
699,1,Cc1nnc2n1-c1ccc(Cl)cc1C(c1ccccc1Cl)=NC2,Cc1nnc2n1-c1ccc(Cl)cc1C(c1ccccc1Cl)=NC2
700,1,c1ccc2c(c1)CCCN2,c1ccc2c(c1)CCCN2
701,1,CNC(=O)c1c(NCC2CCC3(CCC3)CC2)nc(C#N)nc1OCCO,CNC(=O)c1c(NCC2CCC3(CCC3)CC2)nc(C#N)nc1OCCO
702,1,OCCN1CCN(CCCN2c3ccccc3Sc3ccc(Cl)cc32)CC1,OCCN1CCN(CCCN2c3ccccc3Sc3ccc(Cl)cc32)CC1
703,1,OCCOCCN1CCN(C2=Nc3ccccc3Sc3ccccc32)CC1,OCCOCCN1CCN(C2=Nc3ccccc3Sc3ccccc32)CC1
704,1,COc1ccc(-c2nc(-c3cccc(CN(C)C)c3)n(CCO)n2)cc1,COc1ccc(-c2nc(-c3cccc(CN(C)C)c3)n(CCO)n2)cc1
705,1,CNCCC(Oc1ccc(C(F)(F)F)cc1)c1ccccc1,CNCCC(Oc1ccc(C(F)(F)F)cc1)c1ccccc1
706,1,Oc1ccc2c(Oc3ccc(OCCN4CCCCC4)cc3)c(-c3cccc(F)c3)ccc2c1,Oc1ccc2c(Oc3ccc(OCCN4CCCCC4)cc3)c(-c3cccc(F)c3)ccc2c1
707,1,C=CCCCCCC,C=CCCCCCC
708,1,CCCCCCNC(=O)C(c1ccccc1)c1ccccc1,CCCCCCNC(=O)C(c1ccccc1)c1ccccc1
709,1,CCCCN1C2CC[C@@H]1C[C@@H](OC(c1ccc(F)cc1)c1ccc(F)cc1)C2,CCCCN1C2CC[C@@H]1C[C@@H](OC(c1ccc(F)cc1)c1ccc(F)cc1)C2
710,1,COc1cccc(CC2CCN(C3CCC(OC)(c4ccc5c(c4)OCO5)CC3)CC2)c1,COc1cccc(CC2CCN(C3CCC(OC)(c4ccc5c(c4)OCO5)CC3)CC2)c1
711,1,Cc1ncc2n1-c1ccc(Cl)cc1C(c1ccccc1Cl)=NC2,Cc1ncc2n1-c1ccc(Cl)cc1C(c1ccccc1Cl)=NC2
712,1,NCc1cccc(NC(=O)c2ccc3ccccc3c2)c1,NCc1cccc(NC(=O)c2ccc3ccccc3c2)c1
713,1,CCCCN1[C@H]2CC[C@@H]1CC(OC(c1ccc(F)cc1)c1ccc(F)cc1)C2,CCCCN1[C@@H]2CC[C@H]1CC(OC(c1ccc(F)cc1)c1ccc(F)cc1)C2
714,1,CN(C)Cc1ccc(C(=O)Nc2cc(-c3cccs3)ccc2N)cc1,CN(C)Cc1ccc(C(=O)Nc2cc(-c3cccs3)ccc2N)cc1
715,1,Cc1ccc(/C(=C/CN2CCCC2)c2ccccn2)cc1,Cc1ccc(/C(=C/CN2CCCC2)c2ccccn2)cc1
716,1,Fc1ccc(Cn2c([C@H]3CNCCO3)nc3ccccc32)cc1,Fc1ccc(Cn2c([C@H]3CNCCO3)nc3ccccc32)cc1
717,1,CN(c1nc2ccccc2s1)C1CCN(CC(O)COc2ccc(F)cc2)CC1,CN(c1nc2ccccc2s1)C1CCN(CC(O)COc2ccc(F)cc2)CC1
718,1,COc1cc(-n2cnc3cc(-c4ccc(Cl)cc4)sc3c2=O)ccc1OCCN1CCCC1,COc1cc(-n2cnc3cc(-c4ccc(Cl)cc4)sc3c2=O)ccc1OCCN1CCCC1
719,1,COc1ccccc1N1CCN(CCCCNC(=O)c2ccc3ccccc3c2)CC1,COc1ccccc1N1CCN(CCCCNC(=O)c2ccc3ccccc3c2)CC1
720,1,COCCCC/C(=N/OCCN)c1ccc(C(F)(F)F)cc1,COCCCC/C(=N/OCCN)c1ccc(C(F)(F)F)cc1
721,1,COCCCC/C(=N\OCCN)c1ccc(C(F)(F)F)cc1,COCCCC/C(=N\OCCN)c1ccc(C(F)(F)F)cc1
722,1,COCCCCC(=NOCCN)c1ccc(C(F)(F)F)cc1,COCCCCC(=NOCCN)c1ccc(C(F)(F)F)cc1
723,1,CCCCCCC,CCCCCCC
724,1,CCCCC,CCCCC
725,1,CCCCCC,CCCCCC
726,1,CSc1ccc2c(c1)N(CCC1CCCCN1)c1ccccc1S2,CSc1ccc2c(c1)N(CCC1CCCCN1)c1ccccc1S2
727,1,CN1CCN(C2=Nc3ccccc3Oc3ccc(Cl)cc32)CC1,CN1CCN(C2=Nc3ccccc3Oc3ccc(Cl)cc32)CC1
728,1,CCc1ccc(-c2ccc(C(=O)N(C)C3CCN(C(=O)N4CCC(N5CCCCC5)C4)C3)cc2)cc1,CCc1ccc(-c2ccc(C(=O)N(C)C3CCN(C(=O)N4CCC(N5CCCCC5)C4)C3)cc2)cc1
729,1,Cc1nc(N)nc(N)c1-c1ccc(Cl)c(Cl)c1,Cc1nc(N)nc(N)c1-c1ccc(Cl)c(Cl)c1
730,1,N[C@H]1C[C@@H]1c1ccc(F)cc1,N[C@H]1C[C@@H]1c1ccc(F)cc1
731,1,Cc1cccc2c1Oc1ccccc1C1(O)CCN(C)CC21,Cc1cccc2c1Oc1ccccc1C1(O)CCN(C)CC21
732,1,Cc1cccc2c1Oc1ccccc1[C@@]1(O)CCN(C)C[C@@H]21,Cc1cccc2c1Oc1ccccc1[C@@]1(O)CCN(C)C[C@@H]21
733,1,CC1CCN(CCCC(=O)c2ccc(F)cc2)CC1,CC1CCN(CCCC(=O)c2ccc(F)cc2)CC1
734,1,CN(C)CCCN1c2ccccc2CCC2CCCCCC21,CN(C)CCCN1c2ccccc2CCC2CCCCCC21
735,1,CN(C)CCCN1c2ccccc2Cc2ccccc21,CN(C)CCCN1c2ccccc2Cc2ccccc21
736,1,CCOC(=O)C1(c2ccccc2)CCN(C)CC1,CCOC(=O)C1(c2ccccc2)CCN(C)CC1
737,1,CC[C@H](C)C(=O)O[C@H]1C[C@H](C)C=C2C=C[C@H](C)[C@H](CC[C@@H]3C[C@@H](O)CC(=O)O3)[C@H]21,CC[C@H](C)C(=O)O[C@H]1C[C@H](C)C=C2C=C[C@H](C)[C@H](CC[C@@H]3C[C@@H](O)CC(=O)O3)[C@H]21
738,1,COc1cc2sc(C(C)(C)C)nc2cc1CNC1CCCNC1c1ccccc1,COc1cc2sc(C(C)(C)C)nc2cc1CNC1CCCNC1c1ccccc1
739,1,C=CCCCCCCC,C=CCCCCCCC
740,1,CCCCC(C)C,CCCCC(C)C
741,1,CCCCCC(C)C,CCCCCC(C)C
742,1,COc1ccccc1CNC1CCCNC1c1ccccc1,COc1ccccc1CNC1CCCNC1c1ccccc1
743,1,CCN(C)C(=O)Oc1cccc(C(C)N(C)C)c1,CCN(C)C(=O)Oc1cccc(C(C)N(C)C)c1
744,1,COC(=O)C(c1ccccc1)C1CCCCN1,COC(=O)C(c1ccccc1)C1CCCCN1
745,1,FC(F)Oc1ccc(OC(F)(F)F)cc1CNC1CCCNC1c1ccccc1,FC(F)Oc1ccc(OC(F)(F)F)cc1CNC1CCCNC1c1ccccc1
746,1,COc1cc2c(cc1OC)C(=O)C(CC1CCN(Cc3ccccc3)CC1)C2,COc1cc2c(cc1OC)C(=O)C(CC1CCN(Cc3ccccc3)CC1)C2
747,1,Fc1ccc(Cn2c([C@H]3CNCCS3)nc3ccccc32)cc1,Fc1ccc(Cn2c([C@H]3CNCCS3)nc3ccccc32)cc1
748,1,CCC(=O)C(CC(C)N(C)C)(c1ccccc1)c1ccccc1,CCC(=O)C(CC(C)N(C)C)(c1ccccc1)c1ccccc1
749,1,CN(C)CCC=C1c2ccccc2CCc2ccccc21,CN(C)CCC=C1c2ccccc2CCc2ccccc21
750,1,CCCC(C)CC,CCCC(C)CC
751,1,C=C([CH]CC)CC,C=C([CH]CC)CC
752,1,C1CCCCC1,C1CCCCC1
753,1,CC1CCCC1,CC1CCCC1
754,1,CCC(=O)NC1CCC(CCN2CCN(c3cccc(Cl)c3Cl)CC2)CC1,CCC(=O)NC1CCC(CCN2CCN(c3cccc(Cl)c3Cl)CC2)CC1
755,1,CNC(C)Cc1ccccc1,CNC(C)Cc1ccccc1
756,1,COc1ccc(-c2cc(NCCO)c3ccccc3n2)cc1,COc1ccc(-c2cc(NCCO)c3ccccc3n2)cc1
757,1,CC(C)(C)c1cc(CN2CCN(CC(O)c3ccc(Cl)cc3)CC2)cc(C(C)(C)C)c1O,CC(C)(C)c1cc(CN2CCN(CC(O)c3ccc(Cl)cc3)CC2)cc(C(C)(C)C)c1O
758,1,CC/C(=C(\c1ccccc1)c1ccc(OCCN(C)C)cc1)c1ccccc1,CC/C(=C(\c1ccccc1)c1ccc(OCCN(C)C)cc1)c1ccccc1
759,1,CC/C(=C(/c1ccccc1)c1ccc(OCCN(C)C)cc1)c1ccccc1,CC/C(=C(/c1ccccc1)c1ccc(OCCN(C)C)cc1)c1ccccc1
760,1,COc1ccc(C(C)C)cc1CNC1CCCNC1c1ccccc1,COc1ccc(C(C)C)cc1CNC1CCCNC1c1ccccc1
761,1,Oc1ccc2c(Oc3ccc(OCCN4CCCCC4)cc3)c(-c3ccc(F)c(F)c3)ccc2c1,Oc1ccc2c(Oc3ccc(OCCN4CCCCC4)cc3)c(-c3ccc(F)c(F)c3)ccc2c1
762,1,O=[SH](O)(c1ccc2cc[nH]c2c1)N1CCCC1CCN1CCC(Oc2cccc(Cl)c2)CC1,O=[SH](O)(c1ccc2cc[nH]c2c1)N1CCCC1CCN1CCC(Oc2cccc(Cl)c2)CC1
763,1,CN[C@@H](C)Cc1ccccc1,CN[C@@H](C)Cc1ccccc1
764,1,C=CCCCCCCCC,C=CCCCCCCCC
765,1,CC(C)(C)c1ccc(OC(F)(F)F)c(CNC2CCCNC2c2ccccc2)c1,CC(C)(C)c1ccc(OC(F)(F)F)c(CNC2CCCNC2c2ccccc2)c1
766,1,CC1CCCCC1,CC1CCCCC1
767,1,NCCCN1c2ccccc2Sc2ccc(Cl)cc21,NCCCN1c2ccccc2Sc2ccc(Cl)cc21
768,1,CCCCCCC(C)C,CCCCCCC(C)C
769,1,COc1ccc(C(C)(C)C)cc1CNC1CCCNC1c1ccccc1,COc1ccc(C(C)(C)C)cc1CNC1CCCNC1c1ccccc1
770,1,Ic1ccc(CN2CCCCC2)cc1CN1CCCCC1,Ic1ccc(CN2CCCCC2)cc1CN1CCCCC1
771,1,COc1ccc(C(C)(C)C)cc1CN[C@H]1CCCN[C@H]1c1ccccc1,COc1ccc(C(C)(C)C)cc1CN[C@H]1CCCN[C@H]1c1ccccc1
772,1,CC(CN(C)C)CN1c2ccccc2CCc2ccccc21,CC(CN(C)C)CN1c2ccccc2CCc2ccccc21
773,1,CN1CCN2c3ccccc3Cc3ccccc3C2C1,CN1CCN2c3ccccc3Cc3ccccc3C2C1
774,1,CCCC(C)C,CCCC(C)C
775,1,CC(C)(C)OC(=O)CCCc1ccc(N(CCCl)CCCl)cc1,CC(C)(C)OC(=O)CCCc1ccc(N(CCCl)CCCl)cc1
776,1,CCC(C)(C)C,CCC(C)(C)C
777,1,CCC(C)CC,CCC(C)CC
778,1,CN1CCC2(C)c3cc(OC(=O)Nc4ccccc4)ccc3N(C)C12,CN1CCC2(C)c3cc(OC(=O)Nc4ccccc4)ccc3N(C)C12
779,1,CS(=O)(=O)NC1CCC(CCN2CCN(c3cccc(Cl)c3Cl)CC2)CC1,CS(=O)(=O)NC1CCC(CCN2CCN(c3cccc(Cl)c3Cl)CC2)CC1
780,1,CCCCCCN1CCN(c2ccc(I)cc2)CC1,CCCCCCN1CCN(c2ccc(I)cc2)CC1
781,1,CC1CCC(C)C(C)C1,CC1CCC(C)C(C)C1
782,1,CN1CC2c3ccccc3Oc3ccc(Cl)cc3C2C1,CN1CC2c3ccccc3Oc3ccc(Cl)cc3C2C1
783,1,CN1CCC2(O)c3ccccc3Oc3ccc(Cl)cc3C2C1,CN1CCC2(O)c3ccccc3Oc3ccc(Cl)cc3C2C1
784,1,CN(C)CCCN1c2ccccc2CCc2ccc(Cl)cc21,CN(C)CCCN1c2ccccc2CCc2ccc(Cl)cc21
785,1,CNCCC=C1c2ccccc2CCc2ccccc21,CNCCC=C1c2ccccc2CCc2ccccc21
786,1,COc1ccc(Cl)cc1[C@]1(F)C(=O)Nc2cc(C(F)(F)F)ccc21,COc1ccc(Cl)cc1[C@]1(F)C(=O)Nc2cc(C(F)(F)F)ccc21
787,1,O=C(NCCCCN1CCC(Oc2cccc(C(F)(F)F)c2)CC1)c1ccc(Br)cc1,O=C(NCCCCN1CCC(Oc2cccc(C(F)(F)F)c2)CC1)c1ccc(Br)cc1
788,1,CCCCCCCC(C)C,CCCCCCCC(C)C
789,1,CN(C)CCCN1c2ccccc2Sc2ccc(Cl)cc21,CN(C)CCCN1c2ccccc2Sc2ccc(Cl)cc21
790,1,CN1CCC2c3cc(Cl)ccc3Oc3ccccc3C2C1,CN1CCC2c3cc(Cl)ccc3Oc3ccccc3C2C1
791,1,CC1CCCCC1C,CC1CCCCC1C
792,1,CCc1ccc(C(=O)C(C)CN2CCCC2)cc1,CCc1ccc(C(=O)C(C)CN2CCCC2)cc1
793,1,CNC(C)CC1CCCCC1,CNC(C)CC1CCCCC1
794,1,NCCCN1c2ccccc2CCc2ccccc21,NCCCN1c2ccccc2CCc2ccccc21
795,1,COc1ccc(CCN2CCC(Nc3nc4ccccc4n3Cc3ccc(F)cc3)CC2)cc1,COc1ccc(CCN2CCC(Nc3nc4ccccc4n3Cc3ccc(F)cc3)CC2)cc1
796,1,CC12NC(Cc3ccccc31)c1ccccc12,CC12NC(Cc3ccccc31)c1ccccc12
797,1,COc1ccc(OC(F)(F)F)cc1CN[C@H]1CCCN[C@@H]1c1ccccc1,COc1ccc(OC(F)(F)F)cc1CN[C@H]1CCCN[C@@H]1c1ccccc1
798,1,COc1ccc(OC(F)(F)F)cc1CN[C@H]1CCCN[C@H]1c1ccccc1,COc1ccc(OC(F)(F)F)cc1CN[C@H]1CCCN[C@H]1c1ccccc1
799,1,C[C@]12N[C@H](Cc3ccccc31)c1ccccc12,C[C@]12N[C@H](Cc3ccccc31)c1ccccc12
800,1,O=C(O)C=C1C=CC(=O)O1,O=C(O)C=C1C=CC(=O)O1
801,1,N#Cc1ccc(OCC2CCN(C/C=C/I)CC2)cc1,N#Cc1ccc(OCC2CCN(C/C=C/I)CC2)cc1
802,1,O=C(CCC1CCN(Cc2ccccc2)CC1)c1ccc2c(c1)NCCCC2,O=C(CCC1CCN(Cc2ccccc2)CC1)c1ccc2c(c1)NCCCC2
803,1,COCCc1ccc(OCC(O)CNC(C)C)cc1,COCCc1ccc(OCC(O)CNC(C)C)cc1
804,1,O=C(NCCCCN1CCC(Nc2cccc(C(F)(F)F)c2)CC1)c1ccc(Br)cc1,O=C(NCCCCN1CCC(Nc2cccc(C(F)(F)F)c2)CC1)c1ccc(Br)cc1
805,1,CNCCCN1c2ccccc2CCc2ccccc21,CNCCCN1c2ccccc2CCc2ccccc21
806,1,CCc1cccc(N=C(C)Nc2cccc(CC)c2)c1,CCc1cccc(N=C(C)Nc2cccc(CC)c2)c1
807,1,CN(C)CCCN1c2ccccc2Sc2ccccc21,CN(C)CCCN1c2ccccc2Sc2ccccc21
808,1,COc1ccc(-c2nc(-c3cccc(CN(C)C)c3)n(C)n2)cc1,COc1ccc(-c2nc(-c3cccc(CN(C)C)c3)n(C)n2)cc1
809,1,O=C(CCCN1CCC(O)(c2ccc(Cl)cc2)CC1)c1ccc(F)cc1,O=C(CCCN1CCC(O)(c2ccc(Cl)cc2)CC1)c1ccc(F)cc1
810,1,CC(CN1c2ccccc2Sc2ccccc21)N(C)C,CC(CN1c2ccccc2Sc2ccccc21)N(C)C
811,1,CNCCCC12CCC(c3ccccc31)c1ccccc12,CNCCCC12CCC(c3ccccc31)c1ccccc12
812,1,CNCCCN1c2ccccc2Sc2cccc(Cl)c21,CNCCCN1c2ccccc2Sc2cccc(Cl)c21
813,1,CC(C)N1CCN(c2ccc(I)cc2)CC1,CC(C)N1CCN(c2ccc(I)cc2)CC1
814,1,CCC(C)N1CCN(c2ccc(I)cc2)CC1,CCC(C)N1CCN(c2ccc(I)cc2)CC1
815,1,COCn1nc(-c2ccc(OC)cc2)nc1-c1cccc(CN(C)C)c1,COCn1nc(-c2ccc(OC)cc2)nc1-c1cccc(CN(C)C)c1
816,1,O=C(CCCN1CCC(O)(c2ccc(Br)cc2)CC1)c1ccc(F)cc1,O=C(CCCN1CCC(O)(c2ccc(Br)cc2)CC1)c1ccc(F)cc1
817,1,CNCCCN1c2ccccc2Sc2ccc(Cl)cc21,CNCCCN1c2ccccc2Sc2ccc(Cl)cc21
818,1,CN1CCN(CCCN2c3ccccc3Sc3ccc(C(F)(F)F)cc32)CC1,CN1CCN(CCCN2c3ccccc3Sc3ccc(C(F)(F)F)cc32)CC1
819,1,CC(NC(C)(C)C)C(=O)c1cccc(Cl)c1,CC(NC(C)(C)C)C(=O)c1cccc(Cl)c1
820,1,CC1CCN(CCCN2c3ccccc3Sc3ccc(C(F)(F)F)cc32)CC1,CC1CCN(CCCN2c3ccccc3Sc3ccc(C(F)(F)F)cc32)CC1
821,1,CN(C)CCCN1c2ccccc2Sc2ccc(C(F)(F)F)cc21,CN(C)CCCN1c2ccccc2Sc2ccc(C(F)(F)F)cc21
822,1,O=C(CCCN1CCCN(c2ccc(Cl)cc2)CC1)c1ccc(F)cc1,O=C(CCCN1CCCN(c2ccc(Cl)cc2)CC1)c1ccc(F)cc1
823,1,OCCN1CCN(CCCN2c3ccccc3Sc3ccc(C(F)(F)F)cc32)CC1,OCCN1CCN(CCCN2c3ccccc3Sc3ccc(C(F)(F)F)cc32)CC1
824,1,CN(C)CCC(c1ccc(Cl)cc1)c1ccccn1,CN(C)CCC(c1ccc(Cl)cc1)c1ccccn1
825,1,CN[C@H]1CC[C@@H](c2ccc(Cl)c(Cl)c2)c2ccccc21,CN[C@H]1CC[C@@H](c2ccc(Cl)c(Cl)c2)c2ccccc21
826,1,CNC1CCC(c2ccc(Cl)c(Cl)c2)c2ccccc21,CNC1CCC(c2ccc(Cl)c(Cl)c2)c2ccccc21
827,1,FC(F)(F)c1ccc(N2CCNCC2)nc1Cl,FC(F)(F)c1ccc(N2CCNCC2)nc1Cl
828,1,CC(C)c1ccc(SCCCC2CCN2C)cc1,CC(C)c1ccc(SCCCC2CCN2C)cc1
829,1,BrC(Br)Br,BrC(Br)Br
830,1,C#CC(C)(O)CC,C#CC(C)(O)CC
831,1,C#CC1(OCC(O)CN2CCN(c3ccc(F)cc3)CC2)CCCCC1,C#CC1(OCC(O)CN2CCN(c3ccc(F)cc3)CC2)CCCCC1
832,1,C#CCC1(OC(N)=O)CCCCC1,C#CCC1(OC(N)=O)CCCCC1
833,1,C#CCN(C)CCCOc1ccc(Cl)cc1Cl,C#CCN(C)CCCOc1ccc(Cl)cc1Cl
834,1,C#CCN(C)Cc1ccccc1,C#CCN(C)Cc1ccccc1
835,1,C#CCN[C@@H]1CCc2ccccc21,C#CCN[C@@H]1CCc2ccccc21
836,1,C#C[C@]1(O)CC[C@H]2C3CCC4=Cc5c(cnn5-c5ccc(F)cc5)CC4(C)[C@H]3CCC21C,C#C[C@]1(O)CC[C@H]2C3CCC4=Cc5c(cnn5-c5ccc(F)cc5)CC4(C)[C@H]3CCC21C
837,0,C#C[C@]1(O)CC[C@H]2[C@@H]3CCC4=CC(=O)CC[C@@H]4[C@H]3CC[C@@]21C,C#C[C@]1(O)CC[C@H]2[C@@H]3CCC4=CC(=O)CC[C@@H]4[C@H]3CC[C@@]21C
838,0,C#C[C@]1(O)CC[C@H]2[C@@H]3CCc4cc(O)ccc4[C@H]3CC[C@@]21C,C#C[C@]1(O)CC[C@H]2[C@@H]3CCc4cc(O)ccc4[C@H]3CC[C@@]21C
839,0,C#C[C@]1(O)CC[C@H]2[C@@H]3CCc4cc(OC)ccc4[C@H]3CC[C@@]21C,C#C[C@]1(O)CC[C@H]2[C@@H]3CCc4cc(OC)ccc4[C@H]3CC[C@@]21C
840,1,C/C(=C(/CCO)SSCC1CCCO1)N(C=O)Cc1cnc(C)nc1N,C/C(=C(/CCO)SSCC1CCCO1)N(C=O)Cc1cnc(C)nc1N
841,1,C/C(=C(/CCOC(=O)c1ccccc1)SS/C(CCOC(=O)c1ccccc1)=C(\C)N(C=O)Cc1cnc(C)nc1N)N(C=O)Cc1cnc(C)nc1N,C/C(=C(/CCOC(=O)c1ccccc1)SS/C(CCOC(=O)c1ccccc1)=C(\C)N(C=O)Cc1cnc(C)nc1N)N(C=O)Cc1cnc(C)nc1N
842,1,C/C(=C(\CCOC(=O)c1ccccc1)SC(=O)c1ccccc1)N(C=O)Cc1cnc(C)nc1N,C/C(=C(\CCOC(=O)c1ccccc1)SC(=O)c1ccccc1)N(C=O)Cc1cnc(C)nc1N
843,1,C/C(=C1/CCOC(=O)S1)N(C=O)Cc1cnc(C)nc1N,C/C(=C1/CCOC(=O)S1)N(C=O)Cc1cnc(C)nc1N
844,1,C/C=C/C(=O)N(CC)C(CC)C(=O)N(C)C,C/C=C/C(=O)N(CC)C(CC)C(=O)N(C)C
845,1,C/C=C/C(=O)N(CCC)C(CC)C(=O)N(C)C,C/C=C/C(=O)N(CCC)C(CC)C(=O)N(C)C
846,0,C/C=C/C=C/C1OC(O)(C(CC)C(=O)NC/C=C/C=C(\C)C(OC)C(C)C2OC(/C=C/C=C/C=C(\C)C(=O)c3c(O)ccn(C)c3=O)C(O)C2O)C(O)C(OC2OC(C)C(OC3OC(C)C(OC)C(O)C3OC)C(OC)C2O)C1(C)C,C/C=C/C=C/C1OC(O)(C(CC)C(=O)NC/C=C/C=C(\C)C(OC)C(C)C2OC(/C=C/C=C/C=C(\C)C(=O)c3c(O)ccn(C)c3=O)C(O)C2O)C(O)C(OC2OC(C)C(OC3OC(C)C(OC)C(O)C3OC)C(OC)C2O)C1(C)C
847,1,C/C=C\C1O[C@]2(C(=O)COC(=O)c3ccncc3)CC[C@@]3(O1)[C@@H]1CCC4=CC(=O)CC[C@]4(C)[C@H]1[C@@H](O)C[C@]23C,C/C=C\C1O[C@]2(C(=O)COC(=O)c3ccncc3)CC[C@@]3(O1)[C@@H]1CCC4=CC(=O)CC[C@]4(C)[C@H]1[C@@H](O)C[C@]23C
848,1,C1=C(CC2=NCNC2)CCc2ccccc21,C1=C(CC2=NCNC2)CCc2ccccc21
849,1,C=C(C)CNCC(=O)N(C)c1ccc(Cl)cc1C(=O)c1ccccc1,C=C(C)CNCC(=O)N(C)c1ccc(Cl)cc1C(=O)c1ccccc1
850,1,C=C(C)[C@@H]1CCC(C)=CC1c1c(O)cc(CCCCC)cc1O,C=C(C)[C@@H]1CCC(C)=CC1c1c(O)cc(CCCCC)cc1O
851,1,C=C1CC2C3C=CC4=CC(=O)CCC4(C)C3C(O)CC2(C)[C@@]1(O)C(=O)CO,C=C1CC2C3C=CC4=CC(=O)CCC4(C)C3C(O)CC2(C)[C@@]1(O)C(=O)CO
852,1,C=C1CC2C3CCC4=CC(=O)C=CC4(C)C3C(O)CC2(C)C1(O)C(=O)CO,C=C1CC2C3CCC4=CC(=O)C=CC4(C)C3C(O)CC2(C)C1(O)C(=O)CO
853,1,C=C1CC[C@@]2(O)[C@H]3Cc4ccc(O)c5c4[C@@]2(CCN3CC2CC2)[C@H]1O5,C=C1CC[C@@]2(O)[C@H]3Cc4ccc(O)c5c4[C@@]2(CCN3CC2CC2)[C@H]1O5
854,1,C=C1C[C@H](C)[C@H]2[C@H]3Cc4ccc(O)cc4[C@@]2(CCN3CC2CCC2)C1,C=C1C[C@H](C)[C@H]2[C@H]3Cc4ccc(O)cc4[C@@]2(CCN3CC2CCC2)C1
855,1,C=C1Cc2c(CCN(CCC)CCC)ccc(O)c2N1,C=C1Cc2c(CCN(CCC)CCC)ccc(O)c2N1
856,0,C=C1c2c(Cl)ccc(O)c2C(O)=C2C(=O)C3(O)C(O)=C(C(N)=O)C(=O)C(N(C)C)C3C(O)C12,C=C1c2c(Cl)ccc(O)c2C(O)=C2C(=O)C3(O)C(O)=C(C(N)=O)C(=O)C(N(C)C)C3C(O)C12
857,0,C=C1c2cccc(O)c2C(O)=C2C(=O)[C@]3(O)C(O)=C(C(N)=O)C(=O)[C@@H](N(C)C)[C@@H]3[C@@H](O)[C@H]12,C=C1c2cccc(O)c2C(O)=C2C(=O)[C@]3(O)C(O)=C(C(N)=O)C(=O)[C@@H](N(C)C)[C@@H]3[C@@H](O)[C@H]12
858,1,C=C1c2ccccc2CN(CCCN(C)C)c2ccccc21,C=C1c2ccccc2CN(CCCN(C)C)c2ccccc21
859,0,C=CC1=C(C(=O)O)N2C(=O)[C@@H](NC(=O)/C(=N/O)c3csc(N)n3)[C@H]2SC1,C=CC1=C(C(=O)O)N2C(=O)[C@@H](NC(=O)/C(=N/O)c3csc(N)n3)[C@H]2SC1
860,1,C=CC1CNCCC1CCCc1ccnc2ccc(OC)cc12,C=CC1CNCCC1CCCc1ccnc2ccc(OC)cc12
861,1,C=CCC(CC)(CC)C(N)=O,C=CCC(CC)(CC)C(N)=O
862,1,C=CCC(N)Cc1ccccc1,C=CCC(N)Cc1ccccc1
863,1,C=CCC1(C(C)C)C(=O)NC(=O)NC1=O,C=CCC1(C(C)C)C(=O)NC(=O)NC1=O
864,1,C=CCC1(C(C)CCC)C(=O)NC(=S)NC1=O,C=CCC1(C(C)CCC)C(=O)NC(=S)NC1=O
865,1,C=CCC1(C2C=CCCC2)C(=O)NC(=S)NC1=O,C=CCC1(C2C=CCCC2)C(=O)NC(=S)NC1=O
866,1,C=CCC1(CC(=C)Br)C(=O)NC(=O)NC1=O,C=CCC1(CC(=C)Br)C(=O)NC(=O)NC1=O
867,1,C=CCC1(CC(C)(C)C)C(=O)NC(=O)NC1=O,C=CCC1(CC(C)(C)C)C(=O)NC(=O)NC1=O
868,1,C=CCC1(CC(C)C)C(=O)NC(=O)NC1=O,C=CCC1(CC(C)C)C(=O)NC(=O)NC1=O
869,1,C=CCC1(CC(C)O)C(=O)NC(=O)NC1=O,C=CCC1(CC(C)O)C(=O)NC(=O)NC1=O
870,1,C=CCN1C(=O)C(CC(C)C)NC1=S,C=CCN1C(=O)C(CC(C)C)NC1=S
871,1,C=CCN1CCC23c4c5ccc(O)c4OC2C2(OC)C=CC3(CC2[C@](C)(O)CCC)C1C5,C=CCN1CCC23c4c5ccc(O)c4OC2C2(OC)C=CC3(CC2[C@](C)(O)CCC)C1C5
872,1,C=CCN1CCC23c4c5ccc(OC(C)=O)c4OC2C(OC(C)=O)C=CC3C1C5,C=CCN1CCC23c4c5ccc(OC(C)=O)c4OC2C(OC(C)=O)C=CC3C1C5
873,1,C=CCN1CCCC1CNC(=O)c1cc(S(=O)(=O)NC)c(N)cc1OC,C=CCN1CCCC1CNC(=O)c1cc(S(=O)(=O)NC)c(N)cc1OC
874,1,C=CCN1CCCC1CNC(=O)c1cc(S(N)(=O)=O)cc(OC)c1OC,C=CCN1CCCC1CNC(=O)c1cc(S(N)(=O)=O)cc(OC)c1OC
875,1,C=CCN1CC[C@]23c4c5ccc(O)c4O[C@H]2[C@@H](O)C=C[C@H]3[C@H]1C5,C=CCN1CC[C@]23c4c5ccc(O)c4O[C@H]2[C@@H](O)C=C[C@H]3[C@H]1C5
876,1,C=CCN1C[C@H](C(=O)N(CCCN(C)C)C(=O)NCC)C[C@@H]2c3cccc4[nH]cc(c34)C[C@H]21,C=CCN1C[C@H](C(=O)N(CCCN(C)C)C(=O)NCC)C[C@@H]2c3cccc4[nH]cc(c34)C[C@H]21
877,1,C=CCONC1=Nc2ccc(Cl)cc2C(c2ccccc2Cl)=NC1,C=CCONC1=Nc2ccc(Cl)cc2C(c2ccccc2Cl)=NC1
878,0,C=CC[C@@H]1/C=C(\C)C[C@H](C)C[C@H](OC)[C@H]2O[C@@](O)(C(=O)C(=O)N3CCCC[C@H]3C(=O)O[C@H](/C(C)=C/[C@@H]3CC[C@@H](O)[C@H](OC)C3)[C@H](C)[C@@H](O)CC1=O)[C@H](C)C[C@@H]2OC,C=CC[C@@H]1/C=C(\C)C[C@H](C)C[C@H](OC)[C@H]2O[C@@](O)(C(=O)C(=O)N3CCCC[C@H]3C(=O)O[C@H](/C(C)=C/[C@@H]3CC[C@@H](O)[C@H](OC)C3)[C@H](C)[C@@H](O)CC1=O)[C@H](C)C[C@@H]2OC
879,1,C=CC[C@H](N)c1ccccc1-c1noc2ccccc12,C=CC[C@H](N)c1ccccc1-c1noc2ccccc12
880,1,C=C[C@@H]1CNCC[C@H]1CCCc1ccnc2ccc(OC)cc12,C=C[C@@H]1CNCC[C@H]1CCCc1ccnc2ccc(OC)cc12
881,0,C=C[C@H]1CN2CC[C@@H]1C[C@H]2[C@H](O)c1ccnc2ccc(OC)cc12,C=C[C@H]1CN2CC[C@@H]1C[C@H]2[C@H](O)c1ccnc2ccc(OC)cc12
882,0,C=NC(C(=O)NC1C(=O)N2C1SC(C)(C)C2C(=O)O)c1ccccc1,C=NC(C(=O)NC1C(=O)N2C1SC(C)(C)C2C(=O)O)c1ccccc1
883,0,CC#C[C@]1(O)CC[C@H]2[C@@H]3CCC4=CC(=O)CCC4=C3[C@@H](c3ccc(N(C)C)cc3)C[C@@]21C,CC#C[C@]1(O)CC[C@H]2[C@@H]3CCC4=CC(=O)CCC4=C3[C@@H](c3ccc(N(C)C)cc3)C[C@@]21C
884,0,CC(=O)C1=C(O)[C@@]2(O)C(=O)c3c(c(C)c4ccc(C)c(O)c4c3O)C[C@H]2[C@@H](N)C1=O,CC(=O)C1=C(O)[C@@]2(O)C(=O)c3c(c(C)c4ccc(C)c(O)c4c3O)C[C@H]2[C@@H](N)C1=O
885,1,CC(=O)C1CCC2C3CC(C)C4=CC(=O)C=CC4(C)C3C(O)CC12C,CC(=O)C1CCC2C3CC(C)C4=CC(=O)C=CC4(C)C3C(O)CC12C
886,0,CC(=O)N1CCN(C(=O)Cc2cc(F)cc(F)c2)[C@@H](CN2CC[C@@H](O)C2)C1,CC(=O)N1CCN(C(=O)Cc2cc(F)cc(F)c2)[C@@H](CN2CC[C@@H](O)C2)C1
887,0,CC(=O)N1CCN(C(=O)Cc2ccc(C(F)(F)F)cc2)[C@@H](CN2CC[C@@H](O)C2)C1,CC(=O)N1CCN(C(=O)Cc2ccc(C(F)(F)F)cc2)[C@@H](CN2CC[C@@H](O)C2)C1
888,1,CC(=O)N1CCN(C(=O)Cc2ccc(Cl)c(Cl)c2)[C@@H](CN2CCCC2)C1,CC(=O)N1CCN(C(=O)Cc2ccc(Cl)c(Cl)c2)[C@@H](CN2CCCC2)C1
889,0,CC(=O)N1CCN(C(=O)Cc2ccc(Cl)c(Cl)c2)[C@@H](CN2CC[C@@H](O)C2)C1,CC(=O)N1CCN(C(=O)Cc2ccc(Cl)c(Cl)c2)[C@@H](CN2CC[C@@H](O)C2)C1
890,0,CC(=O)N1CCN(C(=O)Cc2ccc(S(C)(=O)=O)cc2)[C@@H](CN2CC[C@H](O)C2)C1,CC(=O)N1CCN(C(=O)Cc2ccc(S(C)(=O)=O)cc2)[C@@H](CN2CC[C@H](O)C2)C1
891,0,CC(=O)N1CCN(C(=O)Cc2ccc([S@@+](C)[O-])cc2)[C@@H](CN2CC[C@H](O)C2)C1,CC(=O)N1CCN(C(=O)Cc2ccc([S@@+](C)[O-])cc2)[C@@H](CN2CC[C@H](O)C2)C1
892,0,CC(=O)N1CCN(C(=O)Cc2cccc([N+](=O)[O-])c2)[C@@H](CN2CC[C@H](O)C2)C1,CC(=O)N1CCN(C(=O)Cc2cccc([N+](=O)[O-])c2)[C@@H](CN2CC[C@H](O)C2)C1
893,0,CC(=O)N1CCN(C(=O)Cc2ccccc2)[C@@H](CN2CC[C@@H](O)C2)C1,CC(=O)N1CCN(C(=O)Cc2ccccc2)[C@@H](CN2CC[C@@H](O)C2)C1
894,1,CC(=O)NC(CCC(N)=O)C(=O)O,CC(=O)NC(CCC(N)=O)C(=O)O
895,1,CC(=O)NCCCN1CCN(c2cc(Cl)ccc2Cl)CC1,CC(=O)NCCCN1CCN(c2cc(Cl)ccc2Cl)CC1
896,1,CC(=O)NCCC[C@H](NC(C)=O)C(=O)O,CC(=O)NCCC[C@H](NC(C)=O)C(=O)O
897,1,CC(=O)NNC(=O)CC(O)(c1ccccc1)c1ccccc1,CC(=O)NNC(=O)CC(O)(c1ccccc1)c1ccccc1
898,0,CC(=O)Nc1c(I)c(NC(C)=O)c(I)c(C(=O)O)c1I,CC(=O)Nc1c(I)c(NC(C)=O)c(I)c(C(=O)O)c1I
899,1,CC(=O)Nc1ccc(OC(=O)[C@@H]2CCC(=O)N2)cc1,CC(=O)Nc1ccc(OC(=O)[C@@H]2CCC(=O)N2)cc1
900,1,CC(=O)Nc1ccc(OC(=O)c2ccccc2O)cc1,CC(=O)Nc1ccc(OC(=O)c2ccccc2O)cc1
901,1,CC(=O)Nc1cccc(O)c1,CC(=O)Nc1cccc(O)c1
902,1,CC(=O)OC(c1ccccc1)C1CCCCN1,CC(=O)OC(c1ccccc1)C1CCCCN1
903,0,CC(=O)OC1/C=C/C(C)=C/CC(O)/C=C/C(C)=C/C(NC(=O)C(C)=O)C2(C)C(=O)OC(C1)C(C)C2=O,CC(=O)OC1/C=C/C(C)=C/CC(O)/C=C/C(C)=C/C(NC(=O)C(C)=O)C2(C)C(=O)OC(C1)C(C)C2=O
904,1,CC(=O)OC1CC[C@@]2(C)C([C@@H]1Br)[C@H](Br)C[C@@H]1[C@@H]2CC[C@@]2(C)[C@H]1CC[C@@H]2[C@H](C)CCCC(C)C,CC(=O)OC1CC[C@@]2(C)C([C@@H]1Br)[C@H](Br)C[C@H]1[C@@H]3CC[C@H]([C@H](C)CCCC(C)C)[C@@]3(C)CC[C@@H]12
905,1,CC(=O)OCC(=O)C12N=C(C)OC1CC1C3CCC4=CC(=O)C=CC4(C)[C@@]3(F)C(O)CC12C,CC(=O)OCC(=O)C12N=C(C)OC1CC1C3CCC4=CC(=O)C=CC4(C)[C@@]3(F)C(O)CC12C
906,1,CC(=O)OCC(=O)OCC/C(SC(=O)c1ccco1)=C(/C)N(C=O)Cc1cnc(C)nc1N,CC(=O)OCC(=O)OCC/C(SC(=O)c1ccco1)=C(/C)N(C=O)Cc1cnc(C)nc1N
907,1,CC(=O)OCC(=O)[C@@]1(O)CC[C@H]2[C@@H]3CCC4=CC(=O)C=C[C@]4(C)[C@@]3(F)[C@@H](O)C[C@@]21C,CC(=O)OCC(=O)[C@@]1(O)CC[C@H]2[C@@H]3CCC4=CC(=O)C=C[C@]4(C)[C@@]3(F)[C@@H](O)C[C@@]21C
908,1,CC(=O)OCC(=O)[C@@]1(O)CC[C@H]2[C@@H]3CCC4=CC(=O)C=C[C@]4(C)[C@H]3[C@@H](O)C[C@@]21C,CC(=O)OCC(=O)[C@@]1(O)CC[C@H]2[C@@H]3CCC4=CC(=O)C=C[C@]4(C)[C@H]3[C@@H](O)C[C@@]21C
909,1,CC(=O)OCC(=O)[C@@]1(O)CC[C@H]2[C@@H]3CCC4=CC(=O)CC[C@]4(C)[C@H]3[C@@H](O)C[C@@]21C,CC(=O)OCC(=O)[C@@]1(O)CC[C@H]2[C@@H]3CCC4=CC(=O)CC[C@]4(C)[C@H]3[C@@H](O)C[C@@]21C
910,1,CC(=O)OCC(=O)[C@@]1(O)CC[C@H]2[C@@H]3C[C@H](C)C4=CC(=O)C=C[C@]4(C)[C@H]3[C@@H](O)C[C@@]21C,CC(=O)OCC(=O)[C@@]1(O)CC[C@H]2[C@@H]3C[C@H](C)C4=CC(=O)C=C[C@]4(C)[C@H]3[C@@H](O)C[C@@]21C
911,1,CC(=O)OCC(=O)[C@@]1(O)CC[C@H]2[C@@H]3C[C@H](Cl)C4=CC(=O)C=C[C@]4(C)[C@H]3C(=O)C[C@@]21C,CC(=O)OCC(=O)[C@@]1(O)CC[C@H]2[C@@H]3C[C@H](Cl)C4=CC(=O)C=C[C@]4(C)[C@H]3C(=O)C[C@@]21C
912,1,CC(=O)OCC(=O)[C@@]1(O)[C@@H](C)C[C@H]2[C@@H]3CCC4=CC(=O)C=C[C@]4(C)[C@@]3(F)[C@@H](O)C[C@@]21C,CC(=O)OCC(=O)[C@@]1(O)[C@@H](C)C[C@H]2[C@@H]3CCC4=CC(=O)C=C[C@]4(C)[C@@]3(F)[C@@H](O)C[C@@]21C
913,1,CC(=O)OCC(=O)[C@@]1(O)[C@H](C)C[C@H]2[C@@H]3C=C(C)C4=Cc5c(cnn5-c5ccccc5)C[C@]4(C)[C@H]3[C@@H](O)C[C@@]21C,CC(=O)OCC(=O)[C@@]1(O)[C@H](C)C[C@H]2[C@@H]3C=C(C)C4=Cc5c(cnn5-c5ccccc5)C[C@]4(C)[C@H]3[C@@H](O)C[C@@]21C
914,1,CC(=O)OCC(=O)[C@@]1(O)[C@H](OC(C)=O)C[C@H]2[C@@H]3CCC4=CC(=O)C=C[C@]4(C)[C@@]3(F)[C@@H](O)C[C@@]21C,CC(=O)OCC(=O)[C@@]1(O)[C@H](OC(C)=O)C[C@H]2[C@@H]3CCC4=CC(=O)C=C[C@]4(C)[C@@]3(F)[C@@H](O)C[C@@]21C
915,1,CC(=O)OCC(=O)[C@@]1(OC(=O)C(C)C)[C@@H](C)C[C@H]2[C@@H]3CCC4=CC(=O)C=C[C@]4(C)[C@@]3(F)[C@@H](O)C[C@@]21C,CC(=O)OCC(=O)[C@@]1(OC(=O)C(C)C)[C@@H](C)C[C@H]2[C@@H]3CCC4=CC(=O)C=C[C@]4(C)[C@@]3(F)[C@@H](O)C[C@@]21C
916,1,CC(=O)OCC(=O)[C@@]1(OC(C)=O)[C@@H](C)C[C@H]2[C@@H]3C[C@H](F)C4=CC(=O)C=C[C@]4(C)[C@@]3(F)[C@@H](O)C[C@@]21C,CC(=O)OCC(=O)[C@@]1(OC(C)=O)[C@@H](C)C[C@H]2[C@@H]3C[C@H](F)C4=CC(=O)C=C[C@]4(C)[C@@]3(F)[C@@H](O)C[C@@]21C
917,1,CC(=O)OCC(=O)[C@@]12N=C(C)O[C@@H]1C[C@H]1[C@@H]3CCC4=CC(=O)C=C[C@]4(C)[C@H]3[C@@H](O)C[C@@]12C,CC(=O)OCC(=O)[C@@]12N=C(C)O[C@@H]1C[C@H]1[C@@H]3CCC4=CC(=O)C=C[C@]4(C)[C@H]3[C@@H](O)C[C@@]12C
918,1,CC(=O)OCC(=O)[C@@]12OC(C)(C)O[C@@H]1CC1C3CC(C=O)=C4C=C(OCCCl)CCC4(C)[C@@]3(F)C(O)CC12C,CC(=O)OCC(=O)[C@@]12OC(C)(C)O[C@@H]1CC1C3CC(C=O)=C4C=C(OCCCl)CCC4(C)[C@@]3(F)C(O)CC12C
919,1,CC(=O)OCC(=O)[C@@]12OC(C)(C)O[C@@H]1CC1C3C[C@H](F)C4=CC(=O)C=CC4(C)[C@H]3C(O)CC12C,CC(=O)OCC(=O)[C@@]12OC(C)(C)O[C@@H]1CC1C3C[C@H](F)C4=CC(=O)C=CC4(C)[C@H]3C(O)CC12C
920,1,CC(=O)OCC(=O)[C@@]12OC(C)(C)O[C@@H]1C[C@H]1C3CC(C#N)=C4C=C(OCCCl)CCC4(C)[C@@]3(F)C(O)CC12C,CC(=O)OCC(=O)[C@@]12OC(C)(C)O[C@@H]1C[C@H]1C3CC(C#N)=C4C=C(OCCCl)CCC4(C)[C@@]3(F)C(O)CC12C
921,1,CC(=O)OCC(=O)[C@@]12OC(C)(C)O[C@@H]1C[C@H]1[C@@H]3C[C@H](F)C4=CC(=O)C=C[C@]4(C)[C@@]3(F)[C@@H](O)C[C@@]12C,CC(=O)OCC(=O)[C@@]12OC(C)(C)O[C@@H]1C[C@H]1[C@@H]3C[C@H](F)C4=CC(=O)C=C[C@]4(C)[C@@]3(F)[C@@H](O)C[C@@]12C
922,1,CC(=O)OCC/C(SC(C)=O)=C(/C)N(C=O)Cc1cnc(C)nc1N,CC(=O)OCC/C(SC(C)=O)=C(/C)N(C=O)Cc1cnc(C)nc1N
923,0,CC(=O)OCC1=C(C(=O)O)N2C(=O)[C@@H](NC(=O)CSc3ccncc3)[C@H]2SC1,CC(=O)OCC1=C(C(=O)O)N2C(=O)[C@@H](NC(=O)CSc3ccncc3)[C@H]2SC1
924,0,CC(=O)OCC1=C(C(=O)O)N2C(=O)[C@@H](NC(=O)Cc3ccccc3)[C@H]2SC1,CC(=O)OCC1=C(C(=O)O)N2C(=O)[C@@H](NC(=O)Cc3ccccc3)[C@H]2SC1
925,0,CC(=O)OCC1=C(C(=O)O)N2C(=O)[C@@H](NC(=O)Cc3cccs3)[C@H]2SC1,CC(=O)OCC1=C(C(=O)O)N2C(=O)[C@@H](NC(=O)Cc3cccs3)[C@H]2SC1
926,0,CC(=O)OCC1=C(C(=O)O)N2C(=O)[C@@H](NC(=O)[C@H](N)c3ccccc3)[C@H]2SC1,CC(=O)OCC1=C(C(=O)O)N2C(=O)[C@@H](NC(=O)[C@H](N)c3ccccc3)[C@H]2SC1
927,0,CC(=O)OCC1=C(C(=O)O)N2C(=O)[C@@H](NC(=O)c3c(-c4ccccc4Cl)noc3C)[C@H]2SC1,CC(=O)OCC1=C(C(=O)O)N2C(=O)[C@@H](NC(=O)c3c(-c4ccccc4Cl)noc3C)[C@H]2SC1
928,1,CC(=O)OCC1=CO[C@@H](OC(=O)CC(C)C)[C@H]2C1=C[C@H](OC(=O)CC(C)C)[C@]21CO1,CC(=O)OCC1=CO[C@@H](OC(=O)CC(C)C)[C@H]2C1=C[C@H](OC(=O)CC(C)C)[C@]21CO1
929,0,CC(=O)OCOC(=O)C1N2C(=O)C(NC(=O)Cc3ccccc3)C2SC1(C)C,CC(=O)OCOC(=O)C1N2C(=O)C(NC(=O)Cc3ccccc3)C2SC1(C)C
930,1,CC(=O)O[C@@H](C)C(=O)[C@@]1(O)CC[C@H]2[C@@H]3CCC4=CC(=O)C=C[C@]4(C)[C@@]3(F)[C@@H](O)C[C@@]21C,CC(=O)O[C@@H](C)C(=O)[C@@]1(O)CC[C@H]2[C@@H]3CCC4=CC(=O)C=C[C@]4(C)[C@@]3(F)[C@@H](O)C[C@@]21C
931,0,CC(=O)O[C@@]12CO[C@@H]1C[C@H](O)[C@@]1(C)C(=O)[C@H](O)C3=C(C)[C@@H](OC(=O)[C@H](O)[C@@H](NC(=O)OC(C)(C)C)c4ccccc4)C[C@@](O)([C@@H](OC(=O)c4ccccc4)[C@@H]12)C3(C)C,CC(=O)O[C@@]12CO[C@@H]1C[C@H](O)[C@@]1(C)C(=O)[C@H](O)C3=C(C)[C@@H](OC(=O)[C@H](O)[C@@H](NC(=O)OC(C)(C)C)c4ccccc4)C[C@@](O)([C@@H](OC(=O)c4ccccc4)[C@H]21)C3(C)C
932,0,CC(=O)O[C@H]1C(=O)[C@@]2(C)C([C@H](OC(=O)c3ccccc3)[C@]3(O)C[C@H](OC(=O)[C@H](O)[C@@H](NC(=O)c4ccccc4)c4ccccc4)C(C)=C1C3(C)C)[C@]1(OC(C)=O)CO[C@@H]1C[C@@H]2O,CC(=O)O[C@H]1C(=O)[C@@]2(C)C([C@H](OC(=O)c3ccccc3)[C@]3(O)C[C@H](OC(=O)[C@H](O)[C@@H](NC(=O)c4ccccc4)c4ccccc4)C(C)=C1C3(C)C)[C@]1(OC(C)=O)CO[C@@H]1C[C@@H]2O
933,0,CC(=O)O[C@H]1C[C@@]2(C)[C@@H](C[C@@H](O)[C@H]3[C@@]4(C)CC[C@@H](O)[C@@H](C)[C@@H]4CC[C@@]32C)/C1=C(\CCC=C(C)C)C(=O)O,CC(=O)O[C@H]1C[C@@]2(C)[C@@H](C[C@@H](O)[C@H]3[C@@]4(C)CC[C@@H](O)[C@@H](C)[C@@H]4CC[C@@]32C)/C1=C(\CCC=C(C)C)C(=O)O
934,1,CC(=O)O[C@]1(C(C)=O)CC[C@H]2[C@@H]3C[C@H](C)C4=CC(=O)C=C[C@]4(C)[C@@]3(F)[C@@H](O)C[C@@]21C,CC(=O)O[C@]1(C(C)=O)CC[C@H]2[C@@H]3C[C@H](C)C4=CC(=O)C=C[C@]4(C)[C@@]3(F)[C@@H](O)C[C@@]21C
935,1,CC(=O)Oc1ccc2c3c1O[C@H]1[C@@H](OC(C)=O)C=C[C@H]4[C@@H](C2)N(C)CC[C@]314,CC(=O)Oc1ccc2c3c1O[C@H]1[C@@H](OC(C)=O)C=C[C@H]4[C@@H](C2)N(C)CC[C@@]341
936,1,CC(=O)[C@@]1(O)CC[C@H]2[C@@H]3C[C@H](C)C4=CC(=O)C=C[C@]4(C)[C@@]3(F)[C@@H](O)C[C@@]21C,CC(=O)[C@@]1(O)CC[C@H]2[C@@H]3C[C@H](C)C4=CC(=O)C=C[C@]4(C)[C@@]3(F)[C@@H](O)C[C@@]21C
937,1,CC(=O)[C@@]1(O)[C@@H](C)C[C@H]2[C@@H]3CCC4=CC(=O)C=C[C@]4(C)[C@@]3(F)[C@@H](O)C[C@@]21C,CC(=O)[C@@]1(O)[C@@H](C)C[C@H]2[C@@H]3CCC4=CC(=O)C=C[C@]4(C)[C@@]3(F)[C@@H](O)C[C@@]21C
938,1,CC(=O)[C@@]1(O)[C@H](O)C[C@H]2[C@@H]3CCC4=CC(=O)C=C[C@]4(C)[C@@]3(F)[C@@H](O)C[C@@]21C,CC(=O)[C@@]1(O)[C@H](O)C[C@H]2[C@@H]3CCC4=CC(=O)C=C[C@]4(C)[C@@]3(F)[C@@H](O)C[C@@]21C
939,1,CC(=O)[C@@]1(O)[C@H](O)C[C@H]2[C@@H]3CCC4=CC(=O)CC[C@]4(C)[C@H]3CC[C@@]21C,CC(=O)[C@@]1(O)[C@H](O)C[C@H]2[C@@H]3CCC4=CC(=O)CC[C@]4(C)[C@H]3CC[C@@]21C
940,1,CC(=O)[C@H]1CC[C@H]2[C@@H]3CC[C@@H]4C[C@H](O)CC[C@]4(C)[C@H]3CC[C@]12C,CC(=O)[C@H]1CC[C@H]2[C@@H]3CC[C@@H]4C[C@H](O)CC[C@]4(C)[C@H]3CC[C@]12C
941,1,CC(=O)[C@H]1CC[C@H]2[C@@H]3CC[C@H]4C[C@](C)(O)CC[C@]4(C)[C@H]3CC[C@]12C,CC(=O)[C@H]1CC[C@H]2[C@@H]3CC[C@H]4C[C@](C)(O)CC[C@]4(C)[C@H]3CC[C@]12C
942,1,CC(=O)[C@H]1CC[C@H]2[C@@H]3C[C@@H](O)C45CC4CC[C@]5(C)[C@H]3CC[C@]12C,CC(=O)[C@H]1CC[C@H]2[C@@H]3C[C@@H](O)C45CC4CC[C@]5(C)[C@H]3CC[C@]12C
943,0,CC(=O)[C@]1(N)Cc2c(O)c3c(c(O)c2[C@@H](O[C@H]2C[C@H](O)[C@H](O)CO2)C1)C(=O)c1ccccc1C3=O,CC(=O)[C@]1(N)Cc2c(O)c3c(c(O)c2[C@@H](O[C@H]2C[C@H](O)[C@H](O)CO2)C1)C(=O)c1ccccc1C3=O
944,0,CC(=O)[C@]1(O)Cc2c(O)c3c(c(O)c2C(OC2CC(N)C(O)C(C)O2)C1)C(=O)c1c(O)cccc1C3=O,CC(=O)[C@]1(O)Cc2c(O)c3c(c(O)c2C(OC2CC(N)C(O)C(C)O2)C1)C(=O)c1c(O)cccc1C3=O
945,1,CC(=O)c1ccc(C(O)C(CO)NC(=O)C(Cl)Cl)cc1,CC(=O)c1ccc(C(O)C(CO)NC(=O)C(Cl)Cl)cc1
946,1,CC(=O)c1ccc2c(c1)N(CC(C)N(C)C)c1ccccc1S2,CC(=O)c1ccc2c(c1)N(CC(C)N(C)C)c1ccccc1S2
947,1,CC(=O)c1ccc2c(c1)N(CCCN(C)C)c1ccccc1S2,CC(=O)c1ccc2c(c1)N(CCCN(C)C)c1ccccc1S2
948,1,CC(=O)c1ccc2c(c1)N(CCCN1CCN(CCO)CC1)c1ccccc1S2,CC(=O)c1ccc2c(c1)N(CCCN1CCN(CCO)CC1)c1ccccc1S2
949,1,CC(C(=O)c1ccccc1)N(C)C,CC(C(=O)c1ccccc1)N(C)C
950,1,CC(C)(C)C(=O)NCCCC(=O)O,CC(C)(C)C(=O)NCCCC(=O)O
951,1,CC(C)(C)C(=O)OC1N=C(c2ccccc2)c2cc(Cl)ccc2NC1=O,CC(C)(C)C(=O)OC1N=C(c2ccccc2)c2cc(Cl)ccc2NC1=O
952,0,CC(C)(C)C(=O)OCOC(=O)C1N2C(=O)[C@@H](N=CN3CCCCCC3)[C@H]2SC1(C)C,CC(C)(C)C(=O)OCOC(=O)C1N2C(=O)[C@@H](N=CN3CCCCCC3)[C@H]2SC1(C)C
953,0,CC(C)(C)C(=O)OCOC(=O)[C@@H]1N2C(=O)[C@@H](NC(=O)[C@H](N)c3ccccc3)[C@H]2SC1(C)C,CC(C)(C)C(=O)OCOC(=O)[C@@H]1N2C(=O)[C@@H](NC(=O)[C@H](N)c3ccccc3)[C@H]2SC1(C)C
954,1,CC(C)(C)C(=O)SCC(=O)[C@@]1(O)CC[C@H]2[C@@H]3CCC4=CC(=O)CC[C@]4(C)[C@H]3[C@@H](O)C[C@@]21C,CC(C)(C)C(=O)SCC(=O)[C@@]1(O)CC[C@H]2[C@@H]3CCC4=CC(=O)CC[C@]4(C)[C@H]3[C@@H](O)C[C@@]21C
955,1,CC(C)(C)C(O)/C=C/c1ccc2c(c1)OCO2,CC(C)(C)C(O)/C=C/c1ccc2c(c1)OCO2
956,1,CC(C)(C)CC(=O)OCC(=O)[C@@]1(O)CC[C@H]2[C@@H]3CCC4=CC(=O)C=C[C@]4(C)[C@H]3[C@@H](O)C[C@@]21C,CC(C)(C)CC(=O)OCC(=O)[C@@]1(O)CC[C@H]2[C@@H]3CCC4=CC(=O)C=C[C@]4(C)[C@H]3[C@@H](O)C[C@@]21C
957,0,CC(C)(C)NCC(O)c1ccc(O)c(NC(N)=O)c1,CC(C)(C)NCC(O)c1ccc(O)c(NC(N)=O)c1
958,1,CC(C)(C)NCC(O)c1ccccc1F,CC(C)(C)NCC(O)c1ccccc1F
959,0,CC(C)(C)c1ccc(C(=O)CCCN2CCC(OC(c3ccccc3)c3ccccc3)CC2)cc1,CC(C)(C)c1ccc(C(=O)CCCN2CCC(OC(c3ccccc3)c3ccccc3)CC2)cc1
960,1,CC(C)(C)c1ccc(CN2CCN(C(c3ccccc3)c3ccc(Cl)cc3)CC2)cc1,CC(C)(C)c1ccc(CN2CCN(C(c3ccccc3)c3ccc(Cl)cc3)CC2)cc1
961,1,CC(C)(CO)[C@@H](O)C(=O)NCCCC(=O)O,CC(C)(CO)[C@@H](O)C(=O)NCCCC(=O)O
962,1,CC(C)(O)C(C)(O)c1ccc(Cl)cc1,CC(C)(O)C(C)(O)c1ccc(Cl)cc1
963,1,CC(C)(O)C(C)(O)c1cccc(Cl)c1,CC(C)(O)C(C)(O)c1cccc(Cl)c1
964,1,CC(C)(O)CC(C)(O)c1ccc(Cl)cc1,CC(C)(O)CC(C)(O)c1ccc(Cl)cc1
965,0,CC(C)(Oc1ccc(Cl)cc1)C(=O)O,CC(C)(Oc1ccc(Cl)cc1)C(=O)O
966,0,CC(C)(Oc1ccccc1)C(=O)N[C@@H]1C(=O)N2[C@@H](C(=O)O)C(C)(C)S[C@H]12,CC(C)(Oc1ccccc1)C(=O)N[C@@H]1C(=O)N2[C@@H]1SC(C)(C)[C@@H]2C(=O)O
967,1,CC(C)=CCN1CC[C@@]2(C)c3cc(O)ccc3C[C@@H]1[C@H]2C,CC(C)=CCN1CC[C@@]2(C)c3cc(O)ccc3C[C@@H]1[C@H]2C
968,1,CC(C)=CCN1CC[C@]23c4c5ccc(O)c4O[C@H]2C(=O)CC[C@@]3(O)[C@H]1C5,CC(C)=CCN1CC[C@]23c4c5ccc(O)c4O[C@H]2C(=O)CC[C@@]3(O)[C@H]1C5
969,0,CC(C)C(=O)OCc1cccc(OC(=O)[C@@H]2N3C(=O)[C@@H](NC(=O)Cc4ccccc4)[C@H]3SC2(C)C)c1,CC(C)C(=O)OCc1cccc(OC(=O)[C@@H]2N3C(=O)[C@@H](NC(=O)Cc4ccccc4)[C@H]3SC2(C)C)c1
970,1,CC(C)C(CCCCCC(=O)O)NCc1ccc(F)cc1,CC(C)C(CCCCCC(=O)O)NCc1ccc(F)cc1
971,1,CC(C)C(O)C1CCCCC1,CC(C)C(O)C1CCCCC1
972,1,CC(C)C1(C(C)C)OCC(CO)O1,CC(C)C1(C(C)C)OCC(CO)O1
973,0,CC(C)C1NC(=O)[C@@H](C(C)C)OC(=O)[C@H](C(C)C)NC(=O)[C@H](C)OC(=O)[C@@H](C(C)C)NC(=O)[C@@H](C(C)C)OC(=O)[C@H](C(C)C)NC(=O)[C@H](C)OC(=O)[C@@H](C(C)C)NC(=O)[C@@H](C(C)C)OC(=O)[C@H](C(C)C)NC(=O)[C@H](C)OC1=O,CC(C)C1NC(=O)[C@@H](C(C)C)OC(=O)[C@H](C(C)C)NC(=O)[C@H](C)OC(=O)[C@@H](C(C)C)NC(=O)[C@@H](C(C)C)OC(=O)[C@H](C(C)C)NC(=O)[C@H](C)OC(=O)[C@@H](C(C)C)NC(=O)[C@@H](C(C)C)OC(=O)[C@H](C(C)C)NC(=O)[C@H](C)OC1=O
974,1,CC(C)CC(N(C)C)C1(c2ccc(Cl)cc2)CCC1,CC(C)CC(N(C)C)C1(c2ccc(Cl)cc2)CCC1
975,0,CC(C)CC1NC(=O)C(CCCN)NC(=O)C(C(C)C)NC(=O)C2CCCN2C(=O)C(Cc2ccccc2)NC(=O)C(CC(C)C)NC(=O)C(CCCN)NC(=O)C(C(C)C)NC(=O)C2CCCN2C(=O)C(Cc2ccccc2)NC1=O,CC(C)CC1NC(=O)C(CCCN)NC(=O)C(C(C)C)NC(=O)C2CCCN2C(=O)C(Cc2ccccc2)NC(=O)C(CC(C)C)NC(=O)C(CCCN)NC(=O)C(C(C)C)NC(=O)C2CCCN2C(=O)C(Cc2ccccc2)NC1=O
976,1,CC(C)CCC(=O)CC1c2ccccc2C(=O)N1c1ccc2ccc(Cl)nc2n1,CC(C)CCC(=O)CC1c2ccccc2C(=O)N1c1ccc2ccc(Cl)nc2n1
977,1,CC(C)CCNCC1COc2ccccc2O1,CC(C)CCNCC1COc2ccccc2O1
978,1,CC(C)CCOC(CN1CCCC1)c1ccccc1,CC(C)CCOC(CN1CCCC1)c1ccccc1
979,1,CC(C)C[C@H](CN)CC(=O)O,CC(C)C[C@H](CN)CC(=O)O
980,1,CC(C)N(CCNC(=O)CN1CCCC1=O)C(C)C,CC(C)N(CCNC(=O)CN1CCCC1=O)C(C)C
981,0,CC(C)N1CCN(c2ccc(OC[C@H]3CO[C@](Cn4cncn4)(c4ccc(Cl)cc4Cl)O3)cc2)CC1,CC(C)N1CCN(c2ccc(OC[C@H]3CO[C@](Cn4cncn4)(c4ccc(Cl)cc4Cl)O3)cc2)CC1
982,1,CC(C)N1CCOC(c2ccc(C(F)(F)F)cc2)C1,CC(C)N1CCOC(c2ccc(C(F)(F)F)cc2)C1
983,0,CC(C)N=c1cc2n(-c3ccc(Cl)cc3)c3ccccc3nc-2cc1Nc1ccc(Cl)cc1,CC(C)N=c1cc2n(-c3ccc(Cl)cc3)c3ccccc3nc-2cc1Nc1ccc(Cl)cc1
984,1,CC(C)NNC(=O)COc1ccc(Cl)cc1,CC(C)NNC(=O)COc1ccc(Cl)cc1
985,1,CC(C)NNC(=O)c1ccncc1,CC(C)NNC(=O)c1ccncc1
986,1,CC(C)NS(=O)(=O)CCN1C(=O)c2ccccc2C1=O,CC(C)NS(=O)(=O)CCN1C(=O)c2ccccc2C1=O
987,1,CC(C)N[C@H]1C2CCC(CC2)[C@]1(O)c1ccc(Cl)c(Cl)c1,CC(C)N[C@H]1C2CCC(CC2)[C@]1(O)c1ccc(Cl)c(Cl)c1
988,0,CC(C)Nc1cccnc1N1CCN(C(=O)c2cc3cc(NS(C)(=O)=O)ccc3[nH]2)CC1,CC(C)Nc1cccnc1N1CCN(C(=O)c2cc3cc(NS(C)(=O)=O)ccc3[nH]2)CC1
989,1,CC(C)OCC(COC(C)C)OCn1cnc2cnc(N)nc21,CC(C)OCC(COC(C)C)OCn1cnc2cnc(N)nc21
990,1,CC(C)Oc1ccccc1N1CCN(Cc2cccc(C(=O)N3CCCCC3)c2)CC1,CC(C)Oc1ccccc1N1CCN(Cc2cccc(C(=O)N3CCCCC3)c2)CC1
991,1,CC(C)[C@@H](CN1CCCC1)N(C)C(=O)Cc1ccc(Cl)c(Cl)c1,CC(C)[C@@H](CN1CCCC1)N(C)C(=O)Cc1ccc(Cl)c(Cl)c1
992,1,CC(C)[C@@]1(O)CCN2C[C@@H]3c4ccccc4CCc4cccc(c43)[C@H]2C1,CC(C)[C@@]1(O)CCN2C[C@@H]3c4ccccc4CCc4cccc(c43)[C@H]2C1
993,1,CC(C)[C@H](N)C(=O)OCC(CO)OCn1cnc2c(=O)[nH]c(N)nc21,CC(C)[C@H](N)C(=O)OCC(CO)OCn1cnc2c(=O)[nH]c(N)nc21
994,0,CC(C)[C@H](NC(=O)[C@H](Cc1ccccc1)NC(=O)CNC(=O)[C@@H](C)NC(=O)[C@@H](N)Cc1ccc(O)cc1)C(N)=O,CC(C)[C@H](NC(=O)[C@H](Cc1ccccc1)NC(=O)CNC(=O)[C@@H](C)NC(=O)[C@@H](N)Cc1ccc(O)cc1)C(N)=O
995,0,CC(C)[N+](C)(CCOC(=O)C1c2ccccc2Oc2ccccc21)C(C)C,CC(C)[N+](C)(CCOC(=O)C1c2ccccc2Oc2ccccc21)C(C)C
996,0,CC(C)[N+]1(C)C2CCC1CC(OC(=O)C(CO)c1ccccc1)C2,CC(C)[N+]1(C)C2CCC1CC(OC(=O)C(CO)c1ccccc1)C2
997,0,CC(C)c1ccccc1OCC1=NCCN1,CC(C)c1ccccc1OCC1=NCCN1
998,0,CC(C)c1nc(CN(C)C(=O)N[C@H](C(=O)N[C@@H](Cc2ccccc2)C[C@H](O)[C@H](Cc2ccccc2)NC(=O)OCc2cncs2)C(C)C)cs1,CC(C)c1nc(CN(C)C(=O)N[C@H](C(=O)N[C@@H](Cc2ccccc2)C[C@H](O)[C@H](Cc2ccccc2)NC(=O)OCc2cncs2)C(C)C)cs1
999,1,CC(C)n1c(=O)c2c(-c3noc(C4CC4)n3)ncn2c2ccccc21,CC(C)n1c(=O)c2c(-c3noc(C4CC4)n3)ncn2c2ccccc21
1000,1,CC(CC#N)N(C)CC(=O)N(C)c1ccc(Cl)cc1C(=O)c1ccccc1F,CC(CC#N)N(C)CC(=O)N(C)c1ccc(Cl)cc1C(=O)c1ccccc1F
1001,1,CC(CC(C)(C)O)OC(O)C(Cl)(Cl)Cl,CC(CC(C)(C)O)OC(O)C(Cl)(Cl)Cl
1002,1,CC(CC1c2ccccc2CCc2ccccc21)CN(C)C,CC(CC1c2ccccc2CCc2ccccc21)CN(C)C
1003,0,CC(CCc1ccccc1)NC(C)C(O)c1ccc(O)cc1,CC(CCc1ccccc1)NC(C)C(O)c1ccc(O)cc1
1004,1,CC(CN(C)C)CN1c2ccccc2S(=O)(=O)c2ccccc21,CC(CN(C)C)CN1c2ccccc2S(=O)(=O)c2ccccc21
1005,1,CC(CN(C)C)CN1c2ccccc2Sc2ccc(C#N)cc21,CC(CN(C)C)CN1c2ccccc2Sc2ccc(C#N)cc21
1006,1,CC(CN(C)C)CN1c2ccccc2Sc2ccc(C(F)(F)F)cc21,CC(CN(C)C)CN1c2ccccc2Sc2ccc(C(F)(F)F)cc21
1007,1,CC(CN(C)C)CN1c2ccccc2Sc2ccccc21,CC(CN(C)C)CN1c2ccccc2Sc2ccccc21
1008,0,CC(CN(C)C)OC(C)(c1ccccc1)c1ccc(Cl)cc1,CC(CN(C)C)OC(C)(c1ccccc1)c1ccc(Cl)cc1
1009,1,CC(CN1CCN(CCOCCO)CC1)CN1c2ccccc2Sc2ccccc21,CC(CN1CCN(CCOCCO)CC1)CN1c2ccccc2Sc2ccccc21
1010,1,CC(CN1CCOCC1)C(C(=O)N1CCCC1)(c1ccccc1)c1ccccc1,CC(CN1CCOCC1)C(C(=O)N1CCCC1)(c1ccccc1)c1ccccc1
1011,1,CC(CNC(=O)c1ccccc1)C(=O)OCC(=O)[C@@]12OC(C)(C)O[C@@H]1C[C@H]1[C@@H]3CCC4=CC(=O)C=C[C@]4(C)[C@@]3(F)[C@@H](O)C[C@@]12C,CC(CNC(=O)c1ccccc1)C(=O)OCC(=O)[C@@]12OC(C)(C)O[C@@H]1C[C@H]1[C@@H]3CCC4=CC(=O)C=C[C@]4(C)[C@@]3(F)[C@@H](O)C[C@@]12C
1012,0,CC(COc1ccccc1)N(CCCl)Cc1ccccc1,CC(COc1ccccc1)N(CCCl)Cc1ccccc1
1013,1,CC(COc1ccccc1)NN,CC(COc1ccccc1)NN
1014,0,CC(C[N+](C)(C)C)OC(N)=O,CC(C[N+](C)(C)C)OC(N)=O
1015,0,CC(Cc1ccc(O)cc1)NCC(O)c1cc(O)cc(O)c1,CC(Cc1ccc(O)cc1)NCC(O)c1cc(O)cc(O)c1
1016,1,CC(Cc1ccccc1)(NC(=O)CN)c1ccccc1,CC(Cc1ccccc1)(NC(=O)CN)c1ccccc1
1017,1,CC(Cc1ccccc1)N(C)C,CC(Cc1ccccc1)N(C)C
1018,1,CC(Cc1ccccc1)N(C)Cc1ccccc1,CC(Cc1ccccc1)N(C)Cc1ccccc1
1019,1,CC(Cc1ccccc1)NC(C#N)c1ccccc1,CC(Cc1ccccc1)NC(C#N)c1ccccc1
1020,1,CC(Cc1ccccc1)NCCC1c2ccccc2Sc2ccccc21,CC(Cc1ccccc1)NCCC1c2ccccc2Sc2ccccc21
1021,1,CC(Cc1ccccc1)NCCn1cnc2c1c(=O)n(C)c(=O)n2C,CC(Cc1ccccc1)NCCn1cnc2c1c(=O)n(C)c(=O)n2C
1022,1,CC(Cc1ccccc1)NN,CC(Cc1ccccc1)NN
1023,0,CC(Cc1ccccc1)NO,CC(Cc1ccccc1)NO
1024,1,CC(Cc1ccccc1)[N+](C)([O-])Cc1ccccc1,CC(Cc1ccccc1)[N+](C)([O-])Cc1ccccc1
1025,1,CC(N)C(=O)OC(C)(C)Cc1ccc(Cl)cc1,CC(N)C(=O)OC(C)(C)Cc1ccc(Cl)cc1
1026,1,CC(NCCn1cnc2c1c(=O)n(C)c(=O)n2C)C(O)c1ccccc1,CC(NCCn1cnc2c1c(=O)n(C)c(=O)n2C)C(O)c1ccccc1
1027,1,CC(NN)c1ccccc1,CC(NN)c1ccccc1
1028,1,CC(NNC(=O)c1ccccc1)c1ccccc1,CC(NNC(=O)c1ccccc1)c1ccccc1
1029,1,CC(O)Cn1cnc2c1c(=O)n(C)c(=O)n2C,CC(O)Cn1cnc2c1c(=O)n(C)c(=O)n2C
1030,1,CC(OC(N)=O)C(C)C(C)OC(N)=O,CC(OC(N)=O)C(C)C(C)OC(N)=O
1031,1,CC(Oc1cccc2ccccc12)C(N)=NO,CC(Oc1cccc2ccccc12)C(N)=NO
1032,1,CC(c1noc2ccc(Cl)cc12)n1ccnc1,CC(c1noc2ccc(Cl)cc12)n1ccnc1
1033,0,CC/C=C(\C(=O)N[C@@H]1C(=O)N2C(C(=O)O)=C(COC(N)=O)CS[C@H]12)c1csc(N)n1,CC/C=C(\C(=O)N[C@@H]1C(=O)N2C(C(=O)O)=C(COC(N)=O)CS[C@H]12)c1csc(N)n1
1034,1,CC/C=C(\C)C1(CC)C(=O)NC(=O)NC1=O,CC/C=C(\C)C1(CC)C(=O)NC(=O)NC1=O
1035,1,CC1(C)CC(=O)N(CCCCN2CCN(c3ncccn3)CC2)C(=O)C1,CC1(C)CC(=O)N(CCCCN2CCN(c3ncccn3)CC2)C(=O)C1
1036,1,CC1(C)CCN(C(=O)Cc2ccc(Cl)c(Cl)c2)[C@@H](CN2CCCC2)C1,CC1(C)CCN(C(=O)Cc2ccc(Cl)c(Cl)c2)[C@@H](CN2CCCC2)C1
1037,1,CC1(C)CN(CCN2CCN(c3cccc(Cl)c3)C2=O)C1,CC1(C)CN(CCN2CCN(c3cccc(Cl)c3)C2=O)C1
1038,1,CC1(C)NC(=O)C(/C=C/c2ccccc2)O1,CC1(C)NC(=O)C(/C=C/c2ccccc2)O1
1039,1,CC1(C)OC(=O)NC1=O,CC1(C)OC(=O)NC1=O
1040,1,CC1(C)O[C@@H]2CC3C4C[C@H](F)C5=CC(=O)C=CC5(C)[C@@]4(Cl)C(Cl)CC3(C)[C@]2(C(=O)CO)O1,CC1(C)O[C@@H]2CC3C4C[C@H](F)C5=CC(=O)C=CC5(C)[C@@]4(Cl)C(Cl)CC3(C)[C@]2(C(=O)CO)O1
1041,1,CC1(C)O[C@@H]2C[C@H]3C4CCC5=CC(=O)C=CC5(C)[C@H]4C(O)CC3(C)[C@]2(C(=O)CO)O1,CC1(C)O[C@@H]2C[C@H]3C4CCC5=CC(=O)C=CC5(C)[C@H]4C(O)CC3(C)[C@]2(C(=O)CO)O1
1042,1,CC1(C)O[C@@H]2C[C@H]3C4CCC5CC(=O)CCC5(C)[C@@]4(F)[C@@H](O)CC3(C)[C@]2(C(=O)CO)O1,CC1(C)O[C@@H]2C[C@H]3C4CCC5CC(=O)CCC5(C)[C@@]4(F)[C@@H](O)CC3(C)[C@]2(C(=O)CO)O1
1043,1,CC1(C)O[C@@H]2C[C@H]3C4C[C@H](F)C5=CC(=O)C=CC5(C)[C@@]4(Cl)[C@@H](Cl)CC3(C)[C@]2(C(=O)CCl)O1,CC1(C)O[C@@H]2C[C@H]3C4C[C@H](F)C5=CC(=O)C=CC5(C)[C@@]4(Cl)[C@@H](Cl)CC3(C)[C@]2(C(=O)CCl)O1
1044,1,CC1(C)O[C@@H]2C[C@H]3[C@@H]4CCC5=CC(=O)C=C[C@]5(C)[C@@]4(F)[C@@H](O)C[C@]3(C)[C@]2(C(=O)CO)O1,CC1(C)O[C@@H]2C[C@H]3[C@@H]4CCC5=CC(=O)C=C[C@]5(C)[C@@]4(F)[C@@H](O)C[C@]3(C)[C@]2(C(=O)CO)O1
1045,1,CC1(C)O[C@@H]2C[C@H]3[C@@H]4CCC5=CC(=O)C=C[C@]5(C)[C@@]4(F)[C@@H](O)C[C@]3(C)[C@]2(C(=O)COC(=O)c2cc3ccccc3o2)O1,CC1(C)O[C@@H]2C[C@H]3[C@@H]4CCC5=CC(=O)C=C[C@]5(C)[C@@]4(F)[C@@H](O)C[C@]3(C)[C@]2(C(=O)COC(=O)c2cc3ccccc3o2)O1
1046,1,CC1(C)O[C@@H]2C[C@H]3[C@@H]4CCC5=CC(=O)CC[C@]5(C)[C@@]4(F)[C@@H](O)C[C@]3(C)[C@]2(C(=O)CCl)O1,CC1(C)O[C@@H]2C[C@H]3[C@@H]4CCC5=CC(=O)CC[C@]5(C)[C@@]4(F)[C@@H](O)C[C@]3(C)[C@]2(C(=O)CCl)O1
1047,1,CC1(C)O[C@@H]2C[C@H]3[C@@H]4C[C@H](F)C5=CC(=O)C=C[C@]5(C)[C@@]4(F)[C@@H](O)C[C@]3(C)[C@]2(C(=O)CO)O1,CC1(C)O[C@@H]2C[C@H]3[C@@H]4C[C@H](F)C5=CC(=O)C=C[C@]5(C)[C@@]4(F)[C@@H](O)C[C@]3(C)[C@]2(C(=O)CO)O1
1048,1,CC1(C)O[C@@H]2C[C@H]3[C@@H]4C[C@H](F)C5=CC(=O)CC[C@]5(C)[C@H]4[C@@H](O)C[C@]3(C)[C@]2(C(=O)CO)O1,CC1(C)O[C@@H]2C[C@H]3[C@@H]4C[C@H](F)C5=CC(=O)CC[C@]5(C)[C@H]4[C@@H](O)C[C@]3(C)[C@]2(C(=O)CO)O1
1049,0,CC1(C)SC2C(N(C(=N)c3ccncc3)[C@H](C(=O)NC(=O)CN)c3ccccc3)C(=O)N2C1C(=O)O,CC1(C)SC2C(N(C(=N)c3ccncc3)[C@H](C(=O)NC(=O)CN)c3ccccc3)C(=O)N2C1C(=O)O
1050,0,CC1(C)SC2C(NC(=O)CSc3ccccc3)C(=O)N2C1C(=O)O,CC1(C)SC2C(NC(=O)CSc3ccccc3)C(=O)N2C1C(=O)O
1051,0,CC1(C)S[C@@H]2C(NC(=O)[C@H](NC(=O)c3c[nH]c4cccnc4c3=O)c3ccccc3)C(=O)N2[C@H]1C(=O)O,CC1(C)S[C@@H]2C(NC(=O)[C@H](NC(=O)c3c[nH]c4cccnc4c3=O)c3ccccc3)C(=O)N2[C@H]1C(=O)O
1052,0,CC1(C)S[C@@H]2[C@@H](N3C(=O)C(c4ccc(O)cc4)NC3(C)C)C(=O)N2[C@H]1C(=O)O,CC1(C)S[C@@H]2[C@@H](N3C(=O)C(c4ccc(O)cc4)NC3(C)C)C(=O)N2[C@H]1C(=O)O
1053,0,CC1(C)S[C@@H]2[C@H](N3C(=O)[C@@H](c4ccccc4)NC3(C)C)C(=O)N2[C@H]1C(=O)O,CC1(C)S[C@@H]2[C@H](N3C(=O)[C@@H](c4ccccc4)NC3(C)C)C(=O)N2[C@H]1C(=O)O
1054,0,CC1(C)S[C@@H]2[C@H](N=CN3CCCCCC3)C(=O)N2[C@H]1C(=O)O,CC1(C)S[C@@H]2[C@H](N=CN3CCCCCC3)C(=O)N2[C@H]1C(=O)O
1055,0,CC1(C)S[C@@H]2[C@H](NC(=O)C(C(=O)Oc3ccc4c(c3)CCC4)c3ccccc3)C(=O)N2[C@H]1C(=O)O,CC1(C)S[C@@H]2[C@H](NC(=O)C(C(=O)Oc3ccc4c(c3)CCC4)c3ccccc3)C(=O)N2[C@H]1C(=O)O
1056,0,CC1(C)S[C@@H]2[C@H](NC(=O)C(C(=O)Oc3ccccc3)c3ccccc3)C(=O)N2[C@H]1C(=O)O,CC1(C)S[C@@H]2[C@H](NC(=O)C(C(=O)Oc3ccccc3)c3ccccc3)C(=O)N2[C@H]1C(=O)O
1057,0,CC1(C)S[C@@H]2[C@H](NC(=O)C(Oc3ccccc3)c3ccccc3)C(=O)N2[C@H]1C(=O)O,CC1(C)S[C@@H]2[C@H](NC(=O)C(Oc3ccccc3)c3ccccc3)C(=O)N2[C@H]1C(=O)O
1058,0,CC1(C)S[C@@H]2[C@H](NC(=O)C(c3ccccc3)S(=O)(=O)O)C(=O)N2[C@H]1C(=O)O,CC1(C)S[C@@H]2[C@H](NC(=O)C(c3ccccc3)S(=O)(=O)O)C(=O)N2[C@H]1C(=O)O
1059,0,CC1(C)S[C@@H]2[C@H](NC(=O)C34C[C@@H]5C[C@@H](CC(N)(C5)C3)C4)C(=O)N2[C@H]1C(=O)O,CC1(C)S[C@@H]2[C@H](NC(=O)C34C[C@@H]5C[C@@H](CC(N)(C5)C3)C4)C(=O)N2[C@H]1C(=O)O
1060,0,CC1(C)S[C@@H]2[C@H](NC(=O)COc3ccccc3)C(=O)N2[C@H]1C(=O)O,CC1(C)S[C@@H]2[C@H](NC(=O)COc3ccccc3)C(=O)N2[C@H]1C(=O)O
1061,0,CC1(C)S[C@@H]2[C@H](NC(=O)Cc3ccccc3)C(=O)N2[C@H]1C(=O)O,CC1(C)S[C@@H]2[C@H](NC(=O)Cc3ccccc3)C(=O)N2[C@H]1C(=O)O
1062,0,CC1(C)S[C@@H]2[C@H](NC(=O)[C@@H](N=Cc3ccco3)c3ccc(O)cc3)C(=O)N2[C@H]1C(=O)O,CC1(C)S[C@@H]2[C@H](NC(=O)[C@@H](N=Cc3ccco3)c3ccc(O)cc3)C(=O)N2[C@H]1C(=O)O
1063,0,CC1(C)S[C@@H]2[C@H](NC(=O)[C@H](N)C3=CCC=CC3)C(=O)N2[C@H]1C(=O)O,CC1(C)S[C@@H]2[C@H](NC(=O)[C@H](N)C3=CCC=CC3)C(=O)N2[C@H]1C(=O)O
1064,0,CC1(C)S[C@@H]2[C@H](NC(=O)[C@H](N)c3ccc(O)cc3)C(=O)N2[C@H]1C(=O)O,CC1(C)S[C@@H]2[C@H](NC(=O)[C@H](N)c3ccc(O)cc3)C(=O)N2[C@H]1C(=O)O
1065,0,CC1(C)S[C@@H]2[C@H](NC(=O)[C@H](N)c3ccccc3)C(=O)N2[C@H]1C(=O)O,CC1(C)S[C@@H]2[C@H](NC(=O)[C@H](N)c3ccccc3)C(=O)N2[C@H]1C(=O)O
1066,0,CC1(C)S[C@@H]2[C@H](NC(=O)[C@H](NC(=O)Cc3ccc(C4=NCCCN4)cc3)c3ccccc3)C(=O)N2[C@H]1C(=O)O,CC1(C)S[C@@H]2[C@H](NC(=O)[C@H](NC(=O)Cc3ccc(C4=NCCCN4)cc3)c3ccccc3)C(=O)N2[C@H]1C(=O)O
1067,0,CC1(C)S[C@@H]2[C@H](NC(=O)[C@H](NC(=O)N3CCN(S(C)(=O)=O)C3=O)c3ccccc3)C(=O)N2[C@H]1C(=O)O,CC1(C)S[C@@H]2[C@H](NC(=O)[C@H](NC(=O)N3CCN(S(C)(=O)=O)C3=O)c3ccccc3)C(=O)N2[C@H]1C(=O)O
1068,0,CC1(C)S[C@@H]2[C@H](NC(=O)[C@H](NC(=O)Nc3cnc(Nc4ccc(S(N)(=O)=O)cc4)[nH]c3=O)c3ccc(O)cc3)C(=O)N2[C@H]1C(=O)O,CC1(C)S[C@@H]2[C@H](NC(=O)[C@H](NC(=O)Nc3cnc(Nc4ccc(S(N)(=O)=O)cc4)[nH]c3=O)c3ccc(O)cc3)C(=O)N2[C@H]1C(=O)O
1069,0,CC1(C)S[C@@H]2[C@H](NC(=O)[C@H](NC(=O)c3ccc(-c4ccc(S(=O)(=O)N(CCO)CCO)cc4)[nH]c3=O)c3ccc(O)cc3)C(=O)N2[C@H]1C(=O)O,CC1(C)S[C@@H]2[C@H](NC(=O)[C@H](NC(=O)c3ccc(-c4ccc(S(=O)(=O)N(CCO)CCO)cc4)[nH]c3=O)c3ccc(O)cc3)C(=O)N2[C@H]1C(=O)O
1070,0,CC1(C)S[C@@H]2[C@H](NC(=O)[C@H](NS(=O)(=O)O)c3ccccc3)C(=O)N2[C@H]1C(=O)O,CC1(C)S[C@@H]2[C@H](NC(=O)[C@H](NS(=O)(=O)O)c3ccccc3)C(=O)N2[C@H]1C(=O)O
1071,0,CC1(C)[C@H](NC(=O)/C(=N/OCC(=O)O)c2csc(N)n2)C(=O)N1OS(=O)(=O)O,CC1(C)[C@H](NC(=O)/C(=N/OCC(=O)O)c2csc(N)n2)C(=O)N1OS(=O)(=O)O
1072,1,CC1(c2ccccc2)CC(=O)N(CN2CCOCC2)C1=O,CC1(c2ccccc2)CC(=O)N(CN2CCOCC2)C1=O
1073,1,CC12CC(=O)[C@H]3C(CC[C@H]4C[C@H](O)CCC43C)[C@@H]1CCC2C(=O)CO,CC12CC(=O)[C@H]3C(CC[C@H]4C[C@H](O)CCC43C)[C@@H]1CCC2C(=O)CO
1074,1,CC12CC(Cl)[C@@]3(Cl)C(CCC4=CC(=O)C=CC43C)C1CC[C@]2(O)C(=O)CO,CC12C=CC(=O)C=C1CCC1C3CC[C@](O)(C(=O)CO)C3(C)CC(Cl)[C@@]12Cl
1075,1,CC12CC3CC(C)(C1)CC(N)(C3)C2,CC12CC3CC(C)(C1)CC(N)(C3)C2
1076,1,CC12CCC(CC1=O)C2(C)C,CC12CCC(CC1=O)C2(C)C
1077,1,CC12CCCCCC(Cc3ccc(O)cc31)C2N,CC12CCCCCC(Cc3ccc(O)cc31)C2N
1078,1,CC12C[C@H](O)[C@@]3(F)C(CCC4=CC(=O)C=CC43C)[C@@H]1C[C@H]1O[C@@](C)(c3ccccc3)O[C@]12C(=O)CO,CC12C[C@H](O)[C@@]3(F)C(CCC4=CC(=O)C=CC43C)[C@@H]1C[C@H]1O[C@@](C)(c3ccccc3)O[C@]12C(=O)CO
1079,0,CC1=C(C(=O)O)N2C(=O)[C@@H](NC(=O)Cc3ccc(C4=NCCCN4)cc3)[C@H]2SC1,CC1=C(C(=O)O)N2C(=O)[C@@H](NC(=O)Cc3ccc(C4=NCCCN4)cc3)[C@H]2SC1
1080,0,CC1=C(C(=O)O)N2C(=O)[C@@H](NC(=O)[C@H](N)C3=CCC=CC3)[C@H]2SC1,CC1=C(C(=O)O)N2C(=O)[C@@H](NC(=O)[C@H](N)C3=CCC=CC3)[C@H]2SC1
1081,0,CC1=C(C(=O)O)N2C(=O)[C@@H](NC(=O)[C@H](N)c3ccc(O)cc3)[C@H]2SC1,CC1=C(C(=O)O)N2C(=O)[C@@H](NC(=O)[C@H](N)c3ccc(O)cc3)[C@H]2SC1
1082,0,CC1=C(C(=O)O)N2C(=O)[C@@H](NC(=O)[C@H](N)c3cccc(NS(C)(=O)=O)c3)[C@H]2SC1,CC1=C(C(=O)O)N2C(=O)[C@@H](NC(=O)[C@H](N)c3cccc(NS(C)(=O)=O)c3)[C@H]2SC1
1083,0,CC1=C(C(=O)O)N2C(=O)[C@@H](NC(=O)[C@H](N)c3ccccc3)[C@H]2SC1,CC1=C(C(=O)O)N2C(=O)[C@@H](NC(=O)[C@H](N)c3ccccc3)[C@H]2SC1
1084,0,CC1=C/C(O)CC(=O)Cc2nc(co2)C(=O)N2CCC=C2C(=O)OC(C(C)C)C(C)/C=C\C(=O)NC/C=C\1,CC1=C/C(O)CC(=O)Cc2nc(co2)C(=O)N2CCC=C2C(=O)OC(C(C)C)C(C)/C=C\C(=O)NC/C=C\1
1085,1,CC1=CC(=O)N2CC(=O)N(C)c3ccc(Cl)cc3C2(c2ccccc2)O1,CC1=CC(=O)N2CC(=O)N(C)c3ccc(Cl)cc3C2(c2ccccc2)O1
1086,1,CC1=CCC2C3Cc4ccc(O)c5c4C2(CCN3C)C1O5,CC1=CCC2C3Cc4ccc(O)c5c4C2(CCN3C)C1O5
1087,1,CC1C2Cc3ccc(O)cc3C1(C)CCN2CC1CC1,CC1C2Cc3ccc(O)cc3C1(C)CCN2CC1CC1
1088,1,CC1CC2C3CC(F)(F)C4=CC(=O)C=C[C@]4(C)C3(F)C(O)CC2(C)C1(O)C(=O)CO,CC1CC2C3CC(F)(F)C4=CC(=O)C=C[C@]4(C)C3(F)C(O)CC2(C)C1(O)C(=O)CO
1089,1,CC1CC2C3CC(F)C4=CC(=O)C=CC4(C)C3(F)C(O)CC2(C)C1(O)C(=O)SCF,CC1CC2C3CC(F)C4=CC(=O)C=CC4(C)C3(F)C(O)CC2(C)C1(O)C(=O)SCF
1090,1,CC1CC2C3CCC4=CC(=O)C=CC4(C)[C@@]3(F)C(O)CC2(C)[C@@]1(O)C(=O)CCl,CC1CC2C3CCC4=CC(=O)C=CC4(C)[C@@]3(F)C(O)CC2(C)[C@@]1(O)C(=O)CCl
1091,1,CC1COC2(c3ccccc3Cl)c3cc(Cl)ccc3NC(=O)CN12,CC1COC2(c3ccccc3Cl)c3cc(Cl)ccc3NC(=O)CN12
1092,0,CC1NC(=O)C(NC(=O)c2ncccc2O)C(C)OC(=O)C(c2ccccc2)NC(=O)C2CC(=O)CCN2C(=O)C(Cc2ccc(N(C)C)cc2)N(C)C(=O)C2CCCN2C1=O,CC1NC(=O)C(NC(=O)c2ncccc2O)C(C)OC(=O)C(c2ccccc2)NC(=O)C2CC(=O)CCN2C(=O)C(Cc2ccc(N(C)C)cc2)N(C)C(=O)C2CCCN2C1=O
1093,1,CC1NCCOC1c1ccccc1,CC1NCCOC1c1ccccc1
1094,0,CC1OC(OC2CC(O)(C(=O)CO)Cc3c(O)c4c(c(O)c32)C(=O)c2ccccc2C4=O)CC(N)C1O,CC1OC(OC2CC(O)(C(=O)CO)Cc3c(O)c4c(c(O)c32)C(=O)c2ccccc2C4=O)CC(N)C1O
1095,0,CC1OC(O[C@@H]2C=C3CC[C@@H]4[C@H](CC[C@]5(C)[C@@H](c6ccc(=O)oc6)CC[C@]45O)[C@@]3(C)CC2)C(O)C(O)C1O,CC1OC(O[C@@H]2C=C3CC[C@@H]4[C@H](CC[C@]5(C)[C@@H](c6ccc(=O)oc6)CC[C@]45O)[C@@]3(C)CC2)C(O)C(O)C1O
1096,1,CC1Oc2ccccc2CC1N(C)C,CC1Oc2ccccc2CC1N(C)C
1097,1,CC1[C@H]2C(=O)c3ccc(O)cc3[C@]1(C)CCN2CC1CC1,CC1[C@H]2C(=O)c3ccc(O)cc3[C@]1(C)CCN2CC1CC1
1098,1,CCC,CCC
1099,1,CCC(=O)C(CCN(C)C)(c1ccccc1)c1ccccc1,CCC(=O)C(CCN(C)C)(c1ccccc1)c1ccccc1
1100,1,CCC(=O)C(c1ccccc1)(c1ccccc1)C(C)CN(C)C,CCC(=O)C(c1ccccc1)(c1ccccc1)C(C)CN(C)C
1101,1,CCC(=O)C1(N2CCCCC2)CCN(CCCC(=O)c2ccc(F)cc2)CC1,CCC(=O)C1(N2CCCCC2)CCN(CCCC(=O)c2ccc(F)cc2)CC1
1102,1,CCC(=O)C1(c2cccc(O)c2)CCN(C)CC1,CCC(=O)C1(c2cccc(O)c2)CCN(C)CC1
1103,1,CCC(=O)N(c1ccc(Cl)c(Cl)c1)[C@@H]1CCC[C@H]1N(C)C,CCC(=O)N(c1ccc(Cl)c(Cl)c1)[C@@H]1CCC[C@H]1N(C)C
1104,1,CCC(=O)N(c1ccccc1)C1(C(=O)OC)CCN(CCc2ccccc2)CC1,CCC(=O)N(c1ccccc1)C1(C(=O)OC)CCN(CCc2ccccc2)CC1
1105,1,CCC(=O)N(c1ccccc1)C1(COC)CCN(CCn2nnn(CC)c2=O)CC1,CCC(=O)N(c1ccccc1)C1(COC)CCN(CCn2nnn(CC)c2=O)CC1
1106,1,CCC(=O)N1CCN(C(=O)OC2C3=C(SCCS3)C(=O)N2c2ccc3ccc(Cl)nc3n2)CC1,CCC(=O)N1CCN(C(=O)OC2C3=C(SCCS3)C(=O)N2c2ccc3ccc(Cl)nc3n2)CC1
1107,1,CCC(=O)Nc1ccc(O)cc1,CCC(=O)Nc1ccc(O)cc1
1108,0,CCC(=O)OC1CC(=O)OC(C)C/C=C/C=C\C(O)C(C)CC(CC=O)C(O[C@@H]2O[C@H](C)[C@@H](O[C@H]3C[C@@](C)(O)[C@H](OC(=O)CC)[C@@H](C)O3)[C@H](N(C)C)[C@H]2O)C1OC,CCC(=O)OC1CC(=O)OC(C)C/C=C/C=C\C(O)C(C)CC(CC=O)C(O[C@@H]2O[C@H](C)[C@@H](O[C@H]3C[C@@](C)(O)[C@H](OC(=O)CC)[C@@H](C)O3)[C@H](N(C)C)[C@H]2O)C1OC
1109,1,CCC(=O)OCC(=O)[C@@]1(OC(=O)CC)[C@@H](C)C[C@H]2[C@@H]3CCC4=CC(=O)C=C[C@]4(C)[C@@]3(Cl)[C@@H](O)C[C@@]21C,CCC(=O)OCC(=O)[C@@]1(OC(=O)CC)[C@@H](C)C[C@H]2[C@@H]3CCC4=CC(=O)C=C[C@]4(C)[C@@]3(Cl)[C@@H](O)C[C@@]21C
1110,1,CCC(=O)OCC(=O)[C@@]1(OC(=O)CC)[C@@H](C)C[C@H]2[C@@H]3CCC4=CC(=O)C=C[C@]4(C)[C@@]3(F)[C@@H](O)C[C@@]21C,CCC(=O)OCC(=O)[C@@]1(OC(=O)CC)[C@@H](C)C[C@H]2[C@@H]3CCC4=CC(=O)C=C[C@]4(C)[C@@]3(F)[C@@H](O)C[C@@]21C
1111,1,CCC(=O)OCC(=O)[C@@]1(OC(=O)CC)[C@H](C)C[C@H]2[C@H]3[C@H]([C@@H](O)C[C@@]21C)[C@@]1(C)C=CC(=O)C=C1C[C@H]3Cl,CCC(=O)OCC(=O)[C@@]1(OC(=O)CC)[C@H](C)C[C@H]2[C@H]3[C@H]([C@@H](O)C[C@@]21C)[C@@]1(C)C=CC(=O)C=C1C[C@H]3Cl
1112,0,CCC(=O)O[C@H]1[C@H](C)O[C@@H](O[C@@H]2C(C)C(=O)O[C@H](C)[C@H](C)[C@H](OC(=O)CC)[C@@H](C)C(=O)[C@]3(CO3)CC(C)[C@H](O[C@@H]3O[C@H](C)C[C@H](N(C)C)[C@H]3O)[C@H]2C)C[C@@H]1OC,CCC(=O)O[C@H]1[C@H](C)O[C@@H](O[C@@H]2C(C)C(=O)O[C@H](C)[C@H](C)[C@H](OC(=O)CC)[C@@H](C)C(=O)[C@]3(CO3)CC(C)[C@H](O[C@@H]3O[C@H](C)C[C@H](N(C)C)[C@H]3O)[C@H]2C)C[C@@H]1OC
1113,1,CCC(=O)O[C@]1(C(=O)CCl)[C@@H](C)C[C@H]2[C@@H]3CCC4=CC(=O)C=C[C@]4(C)[C@@]3(F)[C@@H](O)C[C@@]21C,CCC(=O)O[C@]1(C(=O)CCl)[C@@H](C)C[C@H]2[C@@H]3CCC4=CC(=O)C=C[C@]4(C)[C@@]3(F)[C@@H](O)C[C@@]21C
1114,1,CCC(=O)O[C@]1(C(=O)COC(C)=O)CC[C@H]2[C@@H]3CCC4=CC(=O)CC[C@]4(C)[C@H]3[C@@H](O)C[C@@]21C,CCC(=O)O[C@]1(C(=O)COC(C)=O)CC[C@H]2[C@@H]3CCC4=CC(=O)CC[C@]4(C)[C@H]3[C@@H](O)C[C@@]21C
1115,1,CCC(=O)O[C@]1(C(=O)COC(C)=O)CC[C@H]2[C@@H]3C[C@H](C)C4=CC(=O)C=C[C@]4(C)[C@H]3[C@@H](O)C[C@@]21C,CCC(=O)O[C@]1(C(=O)COC(C)=O)CC[C@H]2[C@@H]3C[C@H](C)C4=CC(=O)C=C[C@]4(C)[C@H]3[C@@H](O)C[C@@]21C
1116,1,CCC(=O)O[C@]1(C(=O)COC)[C@@H](C)C[C@H]2[C@@H]3CCC4=CC(=O)C=C[C@]4(C)[C@@]3(F)[C@@H](O)C[C@@]21C,CCC(=O)O[C@]1(C(=O)COC)[C@@H](C)C[C@H]2[C@@H]3CCC4=CC(=O)C=C[C@]4(C)[C@@]3(F)[C@@H](O)C[C@@]21C
1117,1,CCC(=O)O[C@]1(C(=O)SCCl)[C@H](C)C[C@H]2C3C[C@H](F)C4=CC(=O)C=C[C@]4(C)[C@@]3(F)[C@@H](O)C[C@@]21C,CCC(=O)O[C@]1(C(=O)SCCl)[C@H](C)C[C@H]2C3C[C@H](F)C4=CC(=O)C=C[C@]4(C)[C@@]3(F)[C@@H](O)C[C@@]21C
1118,1,CCC(=O)O[C@]1(C(=O)SCF)[C@H](C)C[C@H]2[C@@H]3C[C@H](F)C4=CC(=O)C=C[C@]4(C)[C@@]3(F)[C@@H](O)C[C@@]21C,CCC(=O)O[C@]1(C(=O)SCF)[C@H](C)C[C@H]2[C@@H]3C[C@H](F)C4=CC(=O)C=C[C@]4(C)[C@@]3(F)[C@@H](O)C[C@@]21C
1119,1,CCC(Br)(C(N)=O)C(C)C,CCC(Br)(C(N)=O)C(C)C
1120,1,CCC(Br)(CC)C(=O)NC(=O)NC(C)=O,CCC(Br)(CC)C(=O)NC(=O)NC(C)=O
1121,1,CCC(C(=O)NC(N)=O)c1ccccc1,CCC(C(=O)NC(N)=O)c1ccccc1
1122,1,CCC(C(=O)OCCN1CCOC(c2ccccc2)C1C)c1ccccc1,CCC(C(=O)OCCN1CCOC(c2ccccc2)C1C)c1ccccc1
1123,1,CCC(C(N)=O)N1CCCC1=O,CCC(C(N)=O)N1CCCC1=O
1124,1,CCC(C)(CC)OC(N)=O,CCC(C)(CC)OC(N)=O
1125,1,CCC(C)(O)C1CC23C=CC1(OC)C1Oc4c(OC)ccc5c4C12CCN(CC1CC1)C3C5,CCC(C)(O)C1CC23C=CC1(OC)C1Oc4c(OC)ccc5c4C12CCN(CC1CC1)C3C5
1126,1,CCC(C)(S(=O)(=O)CC)S(=O)(=O)CC,CCC(C)(S(=O)(=O)CC)S(=O)(=O)CC
1127,1,CCC(C)C(C)(COC(N)=O)COC(N)=O,CCC(C)C(C)(COC(N)=O)COC(N)=O
1128,1,CCC(C)C(CC)C(=O)NC(N)=O,CCC(C)C(CC)C(=O)NC(N)=O
1129,1,CCC(C)C(CC)C(N)=O,CCC(C)C(CC)C(N)=O
1130,0,CCC(C)C(N)C1=NC(C(=O)N[C@@H](CC(C)C)C(=O)N[C@H](CCC(=O)O)C(=O)N[C@H](C(=O)NCCCC[C@@H]2NC(=O)[C@H](CC(N)=O)NC(=O)[C@@H](CC(=O)O)NC(=O)[C@H](Cc3cnc[nH]3)NC(=O)[C@@H](Cc3ccccc3)NC(=O)[C@H]([C@@H](C)CC)NC(=O)[C@@H](CCCN)NC2=O)[C@@H](C)CC)CS1,CCC(C)C(N)C1=NC(C(=O)N[C@@H](CC(C)C)C(=O)N[C@H](CCC(=O)O)C(=O)N[C@H](C(=O)NCCCC[C@@H]2NC(=O)[C@H](CC(N)=O)NC(=O)[C@@H](CC(=O)O)NC(=O)[C@H](Cc3cnc[nH]3)NC(=O)[C@@H](Cc3ccccc3)NC(=O)[C@H]([C@@H](C)CC)NC(=O)[C@@H](CCCN)NC2=O)[C@@H](C)CC)CS1
1131,1,CCC(C)C1(CC)C(=O)NC(=O)NC1=O,CCC(C)C1(CC)C(=O)NC(=O)NC1=O
1132,1,CCC(N)Cc1c[nH]c2ccccc12,CCC(N)Cc1c[nH]c2ccccc12
1133,1,CCC(O)(COC(N)=O)c1ccccc1,CCC(O)(COC(N)=O)c1ccccc1
1134,1,CCC(OC(C)=O)C(CC(C)N(C)C)(c1ccccc1)c1ccccc1,CCC(OC(C)=O)C(CC(C)N(C)C)(c1ccccc1)c1ccccc1
1135,0,CCC(Oc1ccccc1)C(=O)NC1C(=O)N2C1SC(C)(C)C2C(=O)O,CCC(Oc1ccccc1)C(=O)NC1C(=O)N2C1SC(C)(C)C2C(=O)O
1136,1,CCC1(C)OC(=O)N(C)C1=O,CCC1(C)OC(=O)N(C)C1=O
1137,1,CCC1(CC)C(=O)NC(=O)N(c2ccccc2)C1=O,CCC1(CC)C(=O)NC(=O)N(c2ccccc2)C1=O
1138,1,CCC1(CC)C(=O)NC=C(C)C1=O,CCC1(CC)C(=O)NC=C(C)C1=O
1139,1,CCC1(CC)C(=O)NCC(C)C1=O,CCC1(CC)C(=O)NCC(C)C1=O
1140,1,CCC1(O)CCN2CCc3ccc(C)cc3C2C1,CCC1(O)CCN2CCc3ccc(C)cc3C2C1
1141,1,CCC1(c2ccccc2)C(=O)N(COC)C(=O)N(COC)C1=O,CCC1(c2ccccc2)C(=O)N(COC)C(=O)N(COC)C1=O
1142,1,CCC1(c2ccccc2)C(=O)NC(=O)N(C(=O)c2ccccc2)C1=O,CCC1(c2ccccc2)C(=O)NC(=O)N(C(=O)c2ccccc2)C1=O
1143,1,CCC1(c2ccccc2)C(=O)NC(=O)N1C,CCC1(c2ccccc2)C(=O)NC(=O)N1C
1144,1,CCC1(c2ccccc2)CCC(=O)NC1=O,CCC1(c2ccccc2)CCC(=O)NC1=O
1145,1,CCC1(c2ccccc2)NC(=O)N(C)C1=O,CCC1(c2ccccc2)NC(=O)N(C)C1=O
1146,1,CCC1(c2ccccc2)NCC(=O)NC1=O,CCC1(c2ccccc2)NCC(=O)NC1=O
1147,1,CCC1(c2ccccc2)OCC(C2CCCCN2)O1,CCC1(c2ccccc2)OCC(C2CCCCN2)O1
1148,1,CCC12CCN(CC3CC3)C(Cc3ccc(O)cc31)C2(C)C,CCC12CCN(CC3CC3)C(Cc3ccc(O)cc31)C2(C)C
1149,1,CCC12CCN(CC3CCC3)C(Cc3ccc(O)cc31)C2(C)C,CCC12CCN(CC3CCC3)C(Cc3ccc(O)cc31)C2(C)C
1150,1,CCC1C(=O)NC(=O)C1(C)c1ccccc1,CCC1C(=O)NC(=O)C1(C)c1ccccc1
1151,1,CCCC(=O)O[C@]1(C(=O)CCl)[C@@H](C)C[C@H]2[C@@H]3CCC4=CC(=O)C=C[C@]4(C)[C@@]3(F)C(=O)C[C@@]21C,CCCC(=O)O[C@]1(C(=O)CCl)[C@@H](C)C[C@H]2[C@@H]3CCC4=CC(=O)C=C[C@]4(C)[C@@]3(F)C(=O)C[C@@]21C
1152,1,CCCC(=O)O[C@]1(C(=O)CO)CC[C@H]2[C@@H]3CCC4=CC(=O)CC[C@]4(C)[C@H]3[C@@H](O)C[C@@]21C,CCCC(=O)O[C@]1(C(=O)CO)CC[C@H]2[C@@H]3CCC4=CC(=O)CC[C@]4(C)[C@H]3[C@@H](O)C[C@@]21C
1153,1,CCCC(=O)O[C@]1(C(=O)COC(=O)CC)CC[C@H]2[C@@H]3CCC4=CC(=O)CC[C@]4(C)[C@H]3[C@@H](O)C[C@@]21C,CCCC(=O)O[C@]1(C(=O)COC(=O)CC)CC[C@H]2[C@@H]3CCC4=CC(=O)CC[C@]4(C)[C@H]3[C@@H](O)C[C@@]21C
1154,1,CCCC(=O)O[C@]1(C(=O)COC(C)=O)CC[C@H]2[C@@H]3C[C@H](C)C4=CC(=O)CC[C@]4(C)[C@H]3[C@@H](O)C[C@@]21C,CCCC(=O)O[C@]1(C(=O)COC(C)=O)CC[C@H]2[C@@H]3C[C@H](C)C4=CC(=O)CC[C@]4(C)[C@H]3[C@@H](O)C[C@@]21C
1155,1,CCCC(=O)O[C@]1(C(=O)COC(C)=O)[C@H](C)C[C@H]2[C@@H]3CCC4=CC(=O)C=C[C@]4(C)[C@@]3(Cl)[C@@H](O)C[C@@]21C,CCCC(=O)O[C@]1(C(=O)COC(C)=O)[C@H](C)C[C@H]2[C@@H]3CCC4=CC(=O)C=C[C@]4(C)[C@@]3(Cl)[C@@H](O)C[C@@]21C
1156,1,CCCC(=O)O[C@]1(C(C)=O)CCC[C@H]2[C@@H]3CCC4=CC(=O)C=C[C@]4(C)[C@H]3[C@@H](O)C[C@@]21C,CCCC(=O)O[C@]1(C(C)=O)CCC[C@H]2[C@@H]3CCC4=CC(=O)C=C[C@]4(C)[C@H]3[C@@H](O)C[C@@]21C
1157,1,CCCC(C(=O)c1ccc(C)cc1)N1CCCC1,CCCC(C(=O)c1ccc(C)cc1)N1CCCC1
1158,1,CCCC(C)(O)C1CC23C=CC1(OC)C1Oc4c(O)ccc5c4C12CCN(C)C3C5,CCCC(C)(O)C1CC23C=CC1(OC)C1Oc4c(O)ccc5c4C12CCN(C)C3C5
1159,1,CCCC(CC)C1(CC)C(=O)NC(=S)NC1=O,CCCC(CC)C1(CC)C(=O)NC(=S)NC1=O
1160,1,CCCC(CCC)(CCC)C(N)=O,CCCC(CCC)(CCC)C(N)=O
1161,1,CCCC(CCC)C(N)=O,CCCC(CCC)C(N)=O
1162,1,CCCC(Cc1ccccc1)N1CCCC1,CCCC(Cc1ccccc1)N1CCCC1
1163,1,CCCC(O)Cl,CCCC(O)Cl
1164,0,CCCC1CC(C(=O)NC(C(C)O)C2OC(SC)C(O)C(O)C2O)N(C)C1,CCCC1CC(C(=O)NC(C(C)O)C2OC(SC)C(O)C(O)C2O)N(C)C1
1165,1,CCCCC(=O)OC1(C(=O)CO)CCC2C3CCC4=CC(=O)C=CC4(C)C3C(O)CC21C,CCCCC(=O)OC1(C(=O)CO)CCC2C3CCC4=CC(=O)C=CC4(C)C3C(O)CC21C
1166,1,CCCCC(=O)O[C@]1(C(=O)CO)CCC2C3CCC4=CC(=O)CCC4(C)C3C(O)CC21C,CCCCC(=O)O[C@]1(C(=O)CO)CCC2C3CCC4=CC(=O)CCC4(C)C3C(O)CC21C
1167,1,CCCCC(=O)O[C@]1(C(=O)CO)[C@@H](C)C[C@H]2[C@@H]3CCC4=CC(=O)C=C[C@]4(C)[C@@]3(F)[C@@H](O)C[C@@]21C,CCCCC(=O)O[C@]1(C(=O)CO)[C@@H](C)C[C@H]2[C@@H]3CCC4=CC(=O)C=C[C@]4(C)[C@@]3(F)[C@@H](O)C[C@@]21C
1168,1,CCCCC(CC)CNC(=O)CC(C)O,CCCCC(CC)CNC(=O)CC(C)O
1169,1,CCCCC/C(=N\OCCN)c1ccc(C)c(N)c1,CCCCC/C(=N\OCCN)c1ccc(C)c(N)c1
1170,1,CCCCC1(CCOC(N)=O)C(=O)NC(=O)NC1=O,CCCCC1(CCOC(N)=O)C(=O)NC(=O)NC1=O
1171,1,CCCCCC(=O)CC[C@]1(C)[C@@H]2Cc3ccc(O)cc3[C@@]1(C)CCN2C,CCCCCC(=O)CC[C@]1(C)[C@@H]2Cc3ccc(O)cc3[C@@]1(C)CCN2C
1172,1,CCCCCC(=O)OCC(=O)C1C(C)CC2C3CC(F)C4=CC(=O)C=CC4(C)C3C(O)CC21C,CCCCCC(=O)OCC(=O)C1C(C)CC2C3CC(F)C4=CC(=O)C=CC4(C)C3C(O)CC21C
1173,1,CCCCCC(C)C(C)c1cc(OC(=O)CCCN2CCCCCC2)c2c(c1)OC(C)(C)C1=C2CC(C)CC1,CCCCCC(C)C(C)c1cc(OC(=O)CCCN2CCCCCC2)c2c(c1)OC(C)(C)C1=C2CC(C)CC1
1174,1,CCCCCCC(C)(C)c1cc(O)c2c(c1)OC(C)(C)[C@@H]1CCC(=O)C[C@@H]21,CCCCCCC(C)(C)c1cc(O)c2c(c1)OC(C)(C)[C@@H]1CCC(=O)C[C@@H]21
1175,1,CCCCCCC(C)NN,CCCCCCC(C)NN
1176,1,CCCCCCCCCC(=O)OC1(c2ccc(Br)cc2)CCN(CCCC(=O)c2ccc(F)cc2)CC1,CCCCCCCCCC(=O)OC1(c2ccc(Br)cc2)CCN(CCCC(=O)c2ccc(F)cc2)CC1
1177,1,CCCCCCCCCC(=O)OC1(c2ccc(Cl)cc2)CCN(CCCC(=O)c2ccc(F)cc2)CC1,CCCCCCCCCC(=O)OC1(c2ccc(Cl)cc2)CCN(CCCC(=O)c2ccc(F)cc2)CC1
1178,1,CCCCCCCCCC1(C)OCC(COC(N)=O)O1,CCCCCCCCCC1(C)OCC(COC(N)=O)O1
1179,1,CCCCCCCCCCCCCC(=O)O[C@H]1C=C[C@H]2[C@H]3Cc4ccc(OCc5ccccc5)c5c4[C@@]2(CCN3C)[C@H]1O5,CCCCCCCCCCCCCC(=O)O[C@H]1C=C[C@H]2[C@H]3Cc4ccc(OCc5ccccc5)c5c4[C@@]2(CCN3C)[C@H]1O5
1180,1,CCCCCCCCCCCCCCCCCC(=O)OCC(=O)OCC(=O)[C@@]1(O)CC[C@H]2[C@@H]3CCC4=CC(=O)C=C[C@]4(C)[C@H]3[C@@H](O)C[C@@]21C,CCCCCCCCCCCCCCCCCC(=O)OCC(=O)OCC(=O)[C@@]1(O)CC[C@H]2[C@@H]3CCC4=CC(=O)C=C[C@]4(C)[C@H]3[C@@H](O)C[C@@]21C
1181,1,CCCCCCCCCNc1ncnc2[nH]ccc12,CCCCCCCCCNc1ncnc2[nH]ccc12
1182,1,CCCCCCN1CCC(C(=O)N(C)CC)(c2ccccc2)CC1,CCCCCCN1CCC(C(=O)N(C)CC)(c2ccccc2)CC1
1183,1,CCCCCCOc1nsnc1C1=CCCN(C)C1,CCCCCCOc1nsnc1C1=CCCN(C)C1
1184,1,CCCCCCSc1nsnc1C1=CCCN(C)C1,CCCCCCSc1nsnc1C1=CCCN(C)C1
1185,1,CCCCCNCC(N)=O,CCCCCNCC(N)=O
1186,0,CCCCC[C@H](O)/C=C/[C@H]1[C@H](O)CC(=O)[C@@H]1CCCCCCC(=O)O,CCCCC[C@H](O)/C=C/[C@H]1[C@H](O)CC(=O)[C@@H]1CCCCCCC(=O)O
1187,1,CCCCN=C(c1cc(Cl)ccc1O)c1ccccc1Cl,CCCCN=C(c1cc(Cl)ccc1O)c1ccccc1Cl
1188,1,CCCCNC(=O)OCC(C)(CCC)COC(N)=O,CCCCNC(=O)OCC(C)(CCC)COC(N)=O
1189,1,CCCCNCC1COc2ccccc2O1,CCCCNCC1COc2ccccc2O1
1190,1,CCCCNc1c(C(=O)OCC)c(C)nc2c1cnn2CC,CCCCNc1c(C(=O)OCC)c(C)nc2c1cnn2CC
1191,1,CCCCNc1c(C(=O)OCC)cnc2c1cnn2CC,CCCCNc1c(C(=O)OCC)cnc2c1cnn2CC
1192,1,CCCCOC(=O)C(=O)C1C(C)CC2C3CC(F)C4=CC(=O)C=CC4(C)C3C(O)CC21C,CCCCOC(=O)C(=O)C1C(C)CC2C3CC(F)C4=CC(=O)C=CC4(C)C3C(O)CC21C
1193,1,CCCCOC(=O)C(=O)[C@H]1[C@H](C)C[C@H]2[C@@H]3C[C@H](F)C4=CC(=O)C=C[C@]4(C)[C@H]3[C@@H](O)C[C@@]21C,CCCCOC(=O)C(=O)[C@H]1[C@H](C)C[C@H]2[C@@H]3C[C@H](F)C4=CC(=O)C=C[C@]4(C)[C@H]3[C@@H](O)C[C@@]21C
1194,1,CCCCOCC(CN1C(=O)N(CC(COCCCC)OC(N)=O)C(=O)C(CC)(c2ccccc2)C1=O)OC(N)=O,CCCCOCC(CN1C(=O)N(CC(COCCCC)OC(N)=O)C(=O)C(CC)(c2ccccc2)C1=O)OC(N)=O
1195,1,CCCCOCC(CN1C(=O)NC(=O)C(CC)(c2ccccc2)C1=O)OC(N)=O,CCCCOCC(CN1C(=O)NC(=O)C(CC)(c2ccccc2)C1=O)OC(N)=O
1196,0,CCCCOc1ccc(C(=O)CCN2CCCCC2)cc1,CCCCOc1ccc(C(=O)CCN2CCCCC2)cc1
1197,1,CCCCSc1ccc(C(SCCN(C)C)c2ccccc2)cc1,CCCCSc1ccc(C(SCCN(C)C)c2ccccc2)cc1
1198,0,CCCC[C@@H]1CC(=O)[C@]2(O)O[C@@H]3[C@@H](NC)[C@@H](O)[C@@H](NC)[C@H](O)[C@H]3O[C@@H]2O1,CCCC[C@@H]1CC(=O)[C@]2(O)O[C@@H]3[C@@H](NC)[C@@H](O)[C@@H](NC)[C@H](O)[C@H]3O[C@@H]2O1
1199,1,CCCCn1c(=O)c2c(ncn2CC(C)=O)n(CCCC)c1=O,CCCCn1c(=O)c2c(ncn2CC(C)=O)n(CCCC)c1=O
1200,1,CCCCn1ccc(=O)c(O)c1C,CCCCn1ccc(=O)c(O)c1C
1201,1,CCCN(CCC)C(=O)Cc1c(-c2ccc(Cl)cc2)nc2ccc(Cl)cn12,CCCN(CCC)C(=O)Cc1c(-c2ccc(Cl)cc2)nc2ccc(Cl)cn12
1202,1,CCCN(CCC)C1Cc2cccc3cc(O)cc(c23)C1,CCCN(CCC)C1Cc2cccc3cc(O)cc(c23)C1
1203,1,CCCN(c1ccncc1)n1ccc2ccccc21,CCCN(c1ccncc1)n1ccc2ccccc21
1204,1,CCCN1CC=C(c2c[nH]c3ccc(Cl)cc23)CC1,CCCN1CC=C(c2c[nH]c3ccc(Cl)cc23)CC1
1205,1,CCCN1CCCC1CNC(=O)c1cc(S(N)(=O)=O)ccc1OC,CCCN1CCCC1CNC(=O)c1cc(S(N)(=O)=O)ccc1OC
1206,1,CCCNC(=O)N1CC(c2ccccc2)OC1=O,CCCNC(=O)N1CC(c2ccccc2)OC1=O
1207,1,CCCNC(=O)c1ccc2c(c1)N([C@@H](C)CN1CCCC1)c1ccccc1S2,CCCNC(=O)c1ccc2c(c1)N([C@@H](C)CN1CCCC1)c1ccccc1S2
1208,1,CCCNC(=O)c1ccc2c(c1)N([C@H](C)CN1CCCC1)c1ccccc1S2,CCCNC(=O)c1ccc2c(c1)N([C@H](C)CN1CCCC1)c1ccccc1S2
1209,1,CCCOC(=O)N1CCN(C(=O)Cc2ccc(Cl)c(Cl)c2)[C@@H](CN2CCCC2)C1,CCCOC(=O)N1CCN(C(=O)Cc2ccc(Cl)c(Cl)c2)[C@@H](CN2CCCC2)C1
1210,1,CCCSc1ccccc1N1CCN(CCCCn2c(=O)[nH]c3ccccc3c2=O)CC1,CCCSc1ccccc1N1CCN(CCCCn2c(=O)[nH]c3ccccc3c2=O)CC1
1211,0,CCC[C@@H]1C[C@@H](C(=O)NC(C(C)Cl)[C@H]2O[C@H](SC)[C@H](O)[C@@H](O)[C@H]2O)N(C)C1,CCC[C@@H]1C[C@@H](C(=O)NC(C(C)Cl)[C@H]2O[C@H](SC)[C@H](O)[C@@H](O)[C@H]2O)N(C)C1
1212,1,CCC[C@@H]1O[C@@H]2C[C@H]3[C@@H]4C[C@H](F)C5=CC(=O)C=C[C@]5(C)C4(F)[C@@H](O)C[C@]3(C)[C@]2(C(=O)O[C@H](C)OC(=O)OCC)O1,CCC[C@@H]1O[C@@H]2C[C@H]3[C@@H]4C[C@H](F)C5=CC(=O)C=C[C@]5(C)C4(F)[C@@H](O)C[C@]3(C)[C@]2(C(=O)O[C@H](C)OC(=O)OCC)O1
1213,1,CCC[C@@H]1O[C@@H]2C[C@H]3[C@@H]4C[C@H](F)C5=CC(=O)CC[C@]5(C)[C@@]4(F)[C@@H](O)C[C@]3(C)[C@]2(C(=O)CO)O1,CCC[C@@H]1O[C@@H]2C[C@H]3[C@@H]4C[C@H](F)C5=CC(=O)CC[C@]5(C)[C@@]4(F)[C@@H](O)C[C@]3(C)[C@]2(C(=O)CO)O1
1214,1,CCC[C@]1(c2cccc(O)c2)CCN(C)C[C@@H]1C,CCC[C@]1(c2cccc(O)c2)CCN(C)C[C@@H]1C
1215,1,CCCl,CCCl
1216,1,CCN(C(C)=O)c1cccc(-c2ccnc3c(C#N)cnn23)c1,CCN(C(C)=O)c1cccc(-c2ccnc3c(C#N)cnn23)c1
1217,1,CCN(CC)C(=O)C1CN2CCc3cc(OC)c(OC)cc3C2CC1OC(C)=O,CCN(CC)C(=O)C1CN2CCc3cc(OC)c(OC)cc3C2CC1OC(C)=O
1218,1,CCN(CC)C(=O)CNC(=O)c1cc(OC)c(OC)c(OC)c1,CCN(CC)C(=O)CNC(=O)c1cc(OC)c(OC)c(OC)c1
1219,1,CCN(CC)C(=O)N1CCN(CCCc2nc3c(c(=O)n(C)c(=O)n3C)n2C)CC1,CCN(CC)C(=O)N1CCN(CCCc2nc3c(c(=O)n(C)c(=O)n3C)n2C)CC1
1220,1,CCN(CC)C(=O)N[C@H]1C=C2c3cccc4[nH]cc(c34)C[C@H]2N(C)C1,CCN(CC)C(=O)N[C@H]1C=C2c3cccc4[nH]cc(c34)C[C@H]2N(C)C1
1221,1,CCN(CC)C(=O)N[C@H]1C[C@@H]2c3cccc4[nH]cc(c34)C[C@H]2N(C)C1,CCN(CC)C(=O)N[C@H]1C[C@@H]2c3cccc4[nH]cc(c34)C[C@H]2N(C)C1
1222,1,CCN(CC)C(=O)[C@@H]1[C@@H]2C=C[C@@H](C2)[C@H]1C(=O)N(CC)CC,CCN(CC)C(=O)[C@H]1[C@H](C(=O)N(CC)CC)[C@H]2C=C[C@@H]1C2
1223,1,CCN(CC)C(=O)[C@]1(c2ccccc2)C[C@@H]1CN,CCN(CC)C(=O)[C@]1(c2ccccc2)C[C@@H]1CN
1224,1,CCN(CC)C(=O)c1cccnc1,CCN(CC)C(=O)c1cccnc1
1225,0,CCN(CC)C(C)=NN=Cc1c2c(O)c3c(O)c(C)c4c(c3c1O)C(=O)C(C)(OC=CC(OC)C(C)C(OC(C)=O)C(C)C(O)C(C)C(O)C(C)C=CC=C(C)C(=O)N2)O4,CCN(CC)C(C)=NN=Cc1c2c(O)c3c(O)c(C)c4c(c3c1O)C(=O)C(C)(OC=CC(OC)C(C)C(OC(C)=O)C(C)C(O)C(C)C(O)C(C)C=CC=C(C)C(=O)N2)O4
1226,1,CCN(CC)C(C)CN1c2ccccc2Sc2ccccc21,CCN(CC)C(C)CN1c2ccccc2Sc2ccccc21
1227,1,CCN(CC)CC(=O)OCC(=O)[C@@]1(O)CC[C@H]2[C@@H]3CCC4=CC(=O)CC[C@]4(C)[C@H]3[C@@H](O)C[C@@]21C,CCN(CC)CC(=O)OCC(=O)[C@@]1(O)CC[C@H]2[C@@H]3CCC4=CC(=O)CC[C@]4(C)[C@H]3[C@@H](O)C[C@@]21C
1228,1,CCN(CC)CC(=O)Oc1ccc(NC(C)=O)cc1,CCN(CC)CC(=O)Oc1ccc(NC(C)=O)cc1
1229,1,CCN(CC)CCC(=O)N1c2ccccc2Sc2ccc(C(F)(F)F)cc21,CCN(CC)CCC(=O)N1c2ccccc2Sc2ccc(C(F)(F)F)cc21
1230,1,CCN(CC)CCN1c2ccccc2Sc2ccccc21,CCN(CC)CCN1c2ccccc2Sc2ccccc21
1231,1,CCN(CC)CCNC(=O)COc1ccc(Cl)cc1,CCN(CC)CCNC(=O)COc1ccc(Cl)cc1
1232,1,CCN(CC)CCNC(=O)COc1ccc(OC)cc1,CCN(CC)CCNC(=O)COc1ccc(OC)cc1
1233,1,CCN(CC)CCNC(=O)c1cc(Br)c(N)cc1OC,CCN(CC)CCNC(=O)c1cc(Br)c(N)cc1OC
1234,1,CCN(CC)CCNC(=O)c1cc(Cl)cc(Cl)c1OC,CCN(CC)CCNC(=O)c1cc(Cl)cc(Cl)c1OC
1235,1,CCN(CC)CCNC(=O)c1cc(S(C)(=O)=O)ccc1OC,CCN(CC)CCNC(=O)c1cc(S(C)(=O)=O)ccc1OC
1236,1,CCN(CC)CCOC(=O)C(O)(c1ccccc1)c1ccccc1,CCN(CC)CCOC(=O)C(O)(c1ccccc1)c1ccccc1
1237,1,CCN(CC)CCOC1(c2ccc(Cl)cc2)CCCCC1,CCN(CC)CCOC1(c2ccc(Cl)cc2)CCCCC1
1238,1,CCN(CC)CCn1cnc2c1c(=O)n(C)c(=O)n2C,CCN(CC)CCn1cnc2c1c(=O)n(C)c(=O)n2C
1239,1,CCN(CC)S(=O)(=O)N[C@H]1C[C@@H]2c3cccc4[nH]cc(c34)C[C@H]2N(C)C1,CCN(CC)S(=O)(=O)N[C@H]1C[C@@H]2c3cccc4[nH]cc(c34)C[C@H]2N(C)C1
1240,1,CCN(CC)c1ccc(NC(=O)c2ccccc2N)c(C)c1,CCN(CC)c1ccc(NC(=O)c2ccccc2N)c(C)c1
1241,0,CCN(CC)c1nc2c(s1)c1c(O)c3c(O)c(C)c4c(c32)C(=O)[C@@](C)(O/C=C/[C@H](OC)[C@@H](C)[C@@H](OC(C)=O)[C@H](C)[C@H](O)[C@H](C)[C@@H](O)[C@@H](C)/C=C/C=C(/C)C(=O)N1)O4,CCN(CC)c1nc2c(s1)c1c(O)c3c(O)c(C)c4c(c32)C(=O)[C@@](C)(O/C=C/[C@H](OC)[C@@H](C)[C@@H](OC(C)=O)[C@H](C)[C@H](O)[C@H](C)[C@@H](O)[C@@H](C)/C=C/C=C(/C)C(=O)N1)O4
1242,1,CCN1C(=O)NC(c2ccccc2)C1=O,CCN1C(=O)NC(c2ccccc2)C1=O
1243,1,CCN1CC(CCN2CCOCC2)C(c2ccccc2)(c2ccccc2)C1=O,CCN1CC(CCN2CCOCC2)C(c2ccccc2)(c2ccccc2)C1=O
1244,1,CCN1CCC(=C(c2ccccc2)c2ccccc2)C1,CCN1CCC(=C(c2ccccc2)c2ccccc2)C1
1245,1,CCN1CCCC1CNC(=O)c1cc(C(C)=O)ccc1OC,CCN1CCCC1CNC(=O)c1cc(C(C)=O)ccc1OC
1246,1,CCN1CCCC1CNC(=O)c1cc(S(=O)(=O)CC)c(N)cc1OC,CCN1CCCC1CNC(=O)c1cc(S(=O)(=O)CC)c(N)cc1OC
1247,1,CCN1CCC[C@H]1CNC(=O)c1c(OC)ccc(Br)c1OC,CCN1CCC[C@H]1CNC(=O)c1c(OC)ccc(Br)c1OC
1248,1,CCN1CCc2[nH]c3cc(F)c4scc(C)c4c3c2C1,CCN1CCc2[nH]c3cc(F)c4scc(C)c4c3c2C1
1249,1,CCN=C1NC(=O)C(c2ccccc2)O1,CCN=C1NC(=O)C(c2ccccc2)O1
1250,1,CCN=C1Nc2ccc(Cl)cc2C(c2ccccc2)S1,CCN=C1Nc2ccc(Cl)cc2C(c2ccccc2)S1
1251,1,CCNC(=O)/C=C/c1cccc(Br)c1,CCNC(=O)/C=C/c1cccc(Br)c1
1252,1,CCNC(=O)N1CCN(CCCC(c2ccc(F)cc2)c2ccc(F)cc2)CC1,CCNC(=O)N1CCN(CCCC(c2ccc(F)cc2)c2ccc(F)cc2)CC1
1253,1,CCNC1(c2cccs2)CCCCC1=O,CCNC1(c2cccs2)CCCCC1=O
1254,1,CCNC1=Nc2ccc(Cl)cc2C(C)(c2ccccc2)O1,CCNC1=Nc2ccc(Cl)cc2C(C)(c2ccccc2)O1
1255,1,CCNCc1c(CSC)cnc(C)c1O,CCNCc1c(CSC)cnc(C)c1O
1256,0,CCN[C@@H]1C[C@H](N)[C@@H](O[C@H]2OC(CN)=CC[C@H]2N)[C@H](O)[C@H]1O[C@H]1OC[C@](C)(O)[C@H](NC)[C@H]1O,CCN[C@@H]1C[C@H](N)[C@@H](O[C@H]2OC(CN)=CC[C@H]2N)[C@H](O)[C@H]1O[C@H]1OC[C@](C)(O)[C@H](NC)[C@H]1O
1257,1,CCOC(=O)C1(c2cccc(O)c2)CCN(C)CC1,CCOC(=O)C1(c2cccc(O)c2)CCN(C)CC1
1258,1,CCOC(=O)C1(c2ccccc2)CCN(CCCNc2ccccc2)CC1,CCOC(=O)C1(c2ccccc2)CCN(CCCNc2ccccc2)CC1
1259,1,CCOC(=O)C1(c2ccccc2)CCN(CCc2ccc(N)cc2)CC1,CCOC(=O)C1(c2ccccc2)CCN(CCc2ccc(N)cc2)CC1
1260,0,CCOC(=O)C1=C(C)NC(C)=C(C(=O)OC)C1c1cccc(Cl)c1Cl,CCOC(=O)C1=C(C)NC(C)=C(C(=O)OC)C1c1cccc(Cl)c1Cl
1261,1,CCOC(=O)C1N=C(c2ccccc2F)c2cc(Cl)ccc2NC1=O,CCOC(=O)C1N=C(c2ccccc2F)c2cc(Cl)ccc2NC1=O
1262,1,CCOC(=O)C[C@@H](O)C[C@@H](O)/C=C/C1=C(c2ccc(F)cc2)c2ccccc2OC12CCCC2,CCOC(=O)C[C@@H](O)C[C@@H](O)/C=C/C1=C(c2ccc(F)cc2)c2ccccc2OC12CCCC2
1263,1,CCOC(=O)N(CCN(C)C)c1cccc(C(F)(F)F)c1,CCOC(=O)N(CCN(C)C)c1cccc(C(F)(F)F)c1
1264,1,CCOC(=O)N1CCC(=O)N(c2ccccc2)c2cc(Cl)ccc21,CCOC(=O)N1CCC(=O)N(c2ccccc2)c2cc(Cl)ccc21
1265,1,CCOC(=O)N1CCN(C(=O)Cc2ccc(Cl)c(Cl)c2)[C@@H](CN2CCCC2)C1,CCOC(=O)N1CCN(C(=O)Cc2ccc(Cl)c(Cl)c2)[C@@H](CN2CCCC2)C1
1266,1,CCOC(=O)Nc1ccc(NCc2ccc(F)cc2)cc1N,CCOC(=O)Nc1ccc(NCc2ccc(F)cc2)cc1N
1267,1,CCOC(=O)OC1(C(=O)OCCl)CCC2C3CCC4=CC(=O)C=CC4(C)C3C(O)CC21C,CCOC(=O)OC1(C(=O)OCCl)CCC2C3CCC4=CC(=O)C=CC4(C)C3C(O)CC21C
1268,1,CCOC(=O)OCC/C(SC(=O)OCC)=C(\C)N(C=O)Cc1cnc(C)nc1N,CCOC(=O)OCC/C(SC(=O)OCC)=C(\C)N(C=O)Cc1cnc(C)nc1N
1269,0,CCOC(=O)[C@H](CCc1ccccc1)N[C@@H](C)C(=O)N1CCC[C@H]1C(=O)O,CCOC(=O)[C@H](CCc1ccccc1)N[C@@H](C)C(=O)N1CCC[C@H]1C(=O)O
1270,1,CCOC(=O)c1[nH]c2cc(OC)c(OC)cc2c1CCN1CCN(c2ccccc2)CC1,CCOC(=O)c1[nH]c2cc(OC)c(OC)cc2c1CCN1CCN(c2ccccc2)CC1
1271,1,CCOC(=O)c1cnc2c(cnn2CC)c1NN=C(C)C,CCOC(=O)c1cnc2c(cnn2CC)c1NN=C(C)C
1272,1,CCOC(=O)c1cncn1C(C)c1ccc(F)cc1,CCOC(=O)c1cncn1C(C)c1ccc(F)cc1
1273,0,CCOC(OCC)C(=O)OCC(=O)C1(O)Cc2c(O)c3c(c(O)c2C(OC2CC(N)C(O)C(C)O2)C1)C(=O)c1c(OC)cccc1C3=O,CCOC(OCC)C(=O)OCC(=O)C1(O)Cc2c(O)c3c(c(O)c2C(OC2CC(N)C(O)C(C)O2)C1)C(=O)c1c(OC)cccc1C3=O
1274,1,CCOC1c2ccccc2C(=O)N(C)c2ccccc21,CCOC1c2ccccc2C(=O)N(C)c2ccccc21
1275,1,CCO[C@H]1CCN(C(=O)c2cc(-c3ccccc3)c(=O)n3c2-c2cc(Cl)ccc2CC3)C1,CCO[C@H]1CCN(C(=O)c2cc(-c3ccccc3)c(=O)n3c2-c2cc(Cl)ccc2CC3)C1
1276,1,CCO[C@H]1C[C@@]2(C)[C@@H](CC[C@H]3[C@@H]4CC[C@H](C(C)=O)[C@@]4(C)C[C@@H](N(C)C)[C@@H]32)C[C@@H]1O,CCO[C@H]1C[C@@]2(C)[C@@H](CC[C@@H]3[C@@H]2[C@H](N(C)C)C[C@]2(C)[C@@H](C(C)=O)CC[C@@H]32)C[C@@H]1O
1277,0,CCOc1ccc2ccccc2c1C(=O)N[C@@H]1C(=O)N2[C@@H](C(=O)O)C(C)(C)S[C@H]12,CCOc1ccc2ccccc2c1C(=O)N[C@@H]1C(=O)N2[C@@H]1SC(C)(C)[C@@H]2C(=O)O
1278,1,CCOc1ccccc1OCC1CNCCO1,CCOc1ccccc1OCC1CNCCO1
1279,1,CCOc1ccccc1O[C@@H](c1ccccc1)[C@@H]1CNCCO1,CCOc1ccccc1O[C@@H](c1ccccc1)[C@@H]1CNCCO1
1280,1,CCS(=O)(=O)C(C)(C)S(=O)(=O)CC,CCS(=O)(=O)C(C)(C)S(=O)(=O)CC
1281,1,CCS(=O)(=O)CCN1C(=O)CN=C(c2ccccc2F)c2cc(Cl)ccc21,CCS(=O)(=O)CCN1C(=O)CN=C(c2ccccc2F)c2cc(Cl)ccc21
1282,1,CCS(=O)(=O)c1ccc(F)cc1,CCS(=O)(=O)c1ccc(F)cc1
1283,1,CCS[C@]1(SC)CC[C@H]2[C@@H]3CCC4=CC(=O)C=C[C@]4(C)[C@@]3(F)[C@@H](O)C[C@@]21C,CCS[C@]1(SC)CC[C@H]2[C@@H]3CCC4=CC(=O)C=C[C@]4(C)[C@@]3(F)[C@@H](O)C[C@@]21C
1284,1,CCSc1ccc2c(c1)N(CCCN1CCN(C)CC1)c1ccccc1S2,CCSc1ccc2c(c1)N(CCCN1CCN(C)CC1)c1ccccc1S2
1285,0,CC[C@@H](CO)NCCN[C@@H](CC)CO,CC[C@@H](CO)NCCN[C@@H](CC)CO
1286,1,CC[C@@H](O)C(C[C@@H](C)N(C)C)(c1ccccc1)c1ccccc1,CC[C@@H](O)C(C[C@@H](C)N(C)C)(c1ccccc1)c1ccccc1
1287,0,CC[C@@]1(O)C[C@H](O[C@H]2C[C@H](N(C)C)[C@H](O[C@H]3C[C@@H]4O[C@H]5CC(=O)[C@H](C)O[C@H]5O[C@@H]4[C@H](C)O3)[C@H](C)O2)c2c(O)c3c(c(O)c2[C@H]1O[C@H]1C[C@H](N(C)C)[C@H](O)[C@H](C)O1)C(=O)c1cccc(O)c1C3=O,CC[C@@]1(O)C[C@H](O[C@H]2C[C@H](N(C)C)[C@H](O[C@H]3C[C@@H]4O[C@H]5CC(=O)[C@H](C)O[C@H]5O[C@@H]4[C@H](C)O3)[C@H](C)O2)c2c(O)c3c(c(O)c2[C@H]1O[C@H]1C[C@H](N(C)C)[C@H](O)[C@H](C)O1)C(=O)c1cccc(O)c1C3=O
1288,1,CC[C@H](C)C(=O)O[C@H]1CCC=C2C=C[C@H](C)[C@H](CC[C@@H]3C[C@@H](O)CC(=O)O3)[C@H]21,CC[C@H](C)C(=O)O[C@H]1CCC=C2C=C[C@H](C)[C@H](CC[C@@H]3C[C@@H](O)CC(=O)O3)[C@H]21
1289,0,CC[C@H](NC(=O)c1c(Cn2ccnc2)c(-c2ccccc2)nc2ccccc12)c1ccccc1,CC[C@H](NC(=O)c1c(Cn2ccnc2)c(-c2ccccc2)nc2ccccc12)c1ccccc1
1290,1,CC[C@H](NC(=O)c1c(O)c(-c2ccccc2)nc2ccccc12)c1ccccc1,CC[C@H](NC(=O)c1c(O)c(-c2ccccc2)nc2ccccc12)c1ccccc1
1291,0,CC[C@H](NC(=O)c1c(OCC(=O)O)c(-c2ccccc2)nc2ccccc12)c1ccccc1,CC[C@H](NC(=O)c1c(OCC(=O)O)c(-c2ccccc2)nc2ccccc12)c1ccccc1
1292,1,CC[C@H](NC(=O)c1c(OCCCN(C)C)c(-c2ccccc2)nc2ccccc12)c1ccccc1,CC[C@H](NC(=O)c1c(OCCCN(C)C)c(-c2ccccc2)nc2ccccc12)c1ccccc1
1293,0,CC[C@H](NC(=O)c1c(OCCNC(=O)Cc2ccccc2C(=O)O)c(-c2ccccc2)nc2ccccc12)c1ccccc1,CC[C@H](NC(=O)c1c(OCCNC(=O)Cc2ccccc2C(=O)O)c(-c2ccccc2)nc2ccccc12)c1ccccc1
1294,0,CC[C@H](NC(=O)c1c(OCCNC(=O)Cc2ccccn2)c(-c2ccccc2)nc2ccccc12)c1ccccc1,CC[C@H](NC(=O)c1c(OCCNC(=O)Cc2ccccn2)c(-c2ccccc2)nc2ccccc12)c1ccccc1
1295,0,CC[C@H](NC(=O)c1c(OCCNC(=O)[C@@H]2CCCN2)c(-c2ccccc2)nc2ccccc12)c1ccccc1,CC[C@H](NC(=O)c1c(OCCNC(=O)[C@@H]2CCCN2)c(-c2ccccc2)nc2ccccc12)c1ccccc1
1296,0,CC[C@H]1CN2CCc3cc(OC)c(OC)cc3[C@@H]2C[C@@H]1C[C@H]1NCCc2cc(OC)c(OC)cc21,CC[C@H]1CN2CCc3cc(OC)c(OC)cc3[C@@H]2C[C@@H]1C[C@H]1NCCc2cc(OC)c(OC)cc21
1297,0,CC[C@H]1OC(=O)[C@H](C)[C@@H](OC2CC(C)(OC)C(O)C(C)O2)C(C)[C@@H](OC2OC(C)CC(N(C)C)C2O)[C@](C)(O)C[C@@H](C)/C(=N/OC)[C@H](C)[C@@H](O)[C@]1(C)O,CC[C@H]1OC(=O)[C@H](C)[C@@H](OC2CC(C)(OC)C(O)C(C)O2)C(C)[C@@H](OC2OC(C)CC(N(C)C)C2O)[C@](C)(O)C[C@@H](C)/C(=N/OC)[C@H](C)[C@@H](O)[C@]1(C)O
1298,0,CC[C@H]1OC(=O)[C@H](C)[C@@H](OC2CC(C)(OC)C(O)C(C)O2)C(C)[C@@H](OC2OC(C)CC(N(C)C)C2O)[C@](C)(O)C[C@@H](C)C(=O)[C@H](C)[C@@H](O)[C@H]1C,CC[C@H]1OC(=O)[C@H](C)[C@@H](OC2CC(C)(OC)C(O)C(C)O2)C(C)[C@@H](OC2OC(C)CC(N(C)C)C2O)[C@](C)(O)C[C@@H](C)C(=O)[C@H](C)[C@@H](O)[C@H]1C
1299,0,CC[C@H]1OC(=O)[C@H](C)[C@@H](O[C@H]2C[C@@](C)(OC)[C@@H](O)[C@H](C)O2)C(C)[C@@H](O[C@@H]2O[C@H](C)C[C@H](N(C)C)[C@H]2O)[C@](C)(O)C[C@@H](C)CN(C)[C@H](C)[C@@H](O)[C@]1(C)O,CC[C@H]1OC(=O)[C@H](C)[C@@H](O[C@H]2C[C@@](C)(OC)[C@@H](O)[C@H](C)O2)C(C)[C@@H](O[C@@H]2O[C@H](C)C[C@H](N(C)C)[C@H]2O)[C@](C)(O)C[C@@H](C)CN(C)[C@H](C)[C@@H](O)[C@]1(C)O
1300,0,CC[C@H]1OC(=O)[C@H](C)[C@@H](O[C@H]2C[C@@](C)(OC)[C@@H](O)[C@H](C)O2)[C@H](C)[C@@H](O[C@@H]2O[C@H](C)C[C@H](N(C)C)[C@H]2O)[C@](C)(O)C[C@@H](C)/C(=N\OCOCCOC)[C@H](C)[C@@H](O)[C@]1(C)O,CC[C@H]1OC(=O)[C@H](C)[C@@H](O[C@H]2C[C@@](C)(OC)[C@@H](O)[C@H](C)O2)[C@H](C)[C@@H](O[C@@H]2O[C@H](C)C[C@H](N(C)C)[C@H]2O)[C@](C)(O)C[C@@H](C)/C(=N\OCOCCOC)[C@H](C)[C@@H](O)[C@]1(C)O
1301,0,CC[C@H]1OC(=O)[C@H](C)[C@@H](O[C@H]2C[C@@](C)(OC)[C@@H](O)[C@H](C)O2)[C@H](C)[C@@H](O[C@@H]2O[C@H](C)C[C@H](N(C)C)[C@H]2O)[C@](C)(O)C[C@@H](C)C(=O)[C@H](C)[C@@H](O)[C@]1(C)O,CC[C@H]1OC(=O)[C@H](C)[C@@H](O[C@H]2C[C@@](C)(OC)[C@@H](O)[C@H](C)O2)[C@H](C)[C@@H](O[C@@H]2O[C@H](C)C[C@H](N(C)C)[C@H]2O)[C@](C)(O)C[C@@H](C)C(=O)[C@H](C)[C@@H](O)[C@]1(C)O
1302,0,CC[C@H]1OC(=O)[C@H](C)[C@@H](O[C@H]2C[C@@](C)(OC)[C@@H](O)[C@H](C)O2)[C@H](C)[C@@H](O[C@@H]2O[C@H](C)C[C@H](N(C)C)[C@H]2O)[C@](C)(O)C[C@@H](C)[C@@H]2N[C@@H](COCCOC)O[C@H]([C@H]2C)[C@]1(C)O,CC[C@H]1OC(=O)[C@H](C)[C@@H](O[C@H]2C[C@@](C)(OC)[C@@H](O)[C@H](C)O2)[C@H](C)[C@@H](O[C@@H]2O[C@H](C)C[C@H](N(C)C)[C@H]2O)[C@](C)(O)C[C@@H](C)[C@@H]2N[C@@H](COCCOC)O[C@H]([C@H]2C)[C@]1(C)O
1303,0,CC[C@H]1OC(=O)[C@H](C)[C@@H](O[C@H]2C[C@@](C)(OC)[C@@H](O)[C@H](C)O2)[C@H](C)[C@@H](O[C@@H]2O[C@H](C)C[C@H](N(C)C)[C@H]2O)[C@](C)(O)C[C@](C)(F)C(=O)[C@H](C)[C@@H](O)[C@]1(C)O,CC[C@H]1OC(=O)[C@H](C)[C@@H](O[C@H]2C[C@@](C)(OC)[C@@H](O)[C@H](C)O2)[C@H](C)[C@@H](O[C@@H]2O[C@H](C)C[C@H](N(C)C)[C@H]2O)[C@](C)(O)C[C@](C)(F)C(=O)[C@H](C)[C@@H](O)[C@]1(C)O
1304,0,CC[C@H]1OC(=O)[C@H](C)[C@@H](O[C@H]2C[C@@](C)(OC)[C@@H](O)[C@H](C)O2)[C@H](C)[C@@H](O[C@@H]2O[C@H](C)C[C@H](N(C)C)[C@H]2O)[C@](C)(OC)C[C@@H](C)C(=O)[C@H](C)[C@@H](O)[C@]1(C)O,CC[C@H]1OC(=O)[C@H](C)[C@@H](O[C@H]2C[C@@](C)(OC)[C@@H](O)[C@H](C)O2)[C@H](C)[C@@H](O[C@@H]2O[C@H](C)C[C@H](N(C)C)[C@H]2O)[C@](C)(OC)C[C@@H](C)C(=O)[C@H](C)[C@@H](O)[C@]1(C)O
1305,0,CC[N+](C)(CC)CCOC(=O)C1c2ccccc2Oc2ccccc21,CC[N+](C)(CC)CCOC(=O)C1c2ccccc2Oc2ccccc21
1306,1,CCc1c(C)[nH]c2c1C(=O)C(CN1CCOCC1)CC2,CCc1c(C)[nH]c2c1C(=O)C(CN1CCOCC1)CC2
1307,1,CCc1c(C)[nH]c2c1C(=O)[C@@H]1CN(C)CC[C@H]1C2,CCc1c(C)[nH]c2c1C(=O)[C@@H]1CN(C)CC[C@H]1C2
1308,1,CCc1c(O)c(=O)ccn1CC,CCc1c(O)c(=O)ccn1CC
1309,0,CCc1c(O)c(=O)ccn1CCCCO,CCc1c(O)c(=O)ccn1CCCCO
1310,1,CCc1c(OC)nc2nc(-c3noc(C)n3)cn2c1C,CCc1c(OC)nc2nc(-c3noc(C)n3)cn2c1C
1311,1,CCc1c(OC)nc2nc(C(=O)c3ccccc3)cn2c1C,CCc1c(OC)nc2nc(C(=O)c3ccccc3)cn2c1C
1312,1,CCc1cc2c(s1)-n1c(C)nnc1CN=C2c1ccccc1Cl,CCc1cc2c(s1)-n1c(C)nnc1CN=C2c1ccccc1Cl
1313,1,CCc1ccc2c(c1)N(CC(C)CN(C)C)c1ccccc1S2,CCc1ccc2c(c1)N(CC(C)CN(C)C)c1ccccc1S2
1314,1,CCc1ccccc1-n1c(C)nc2ccccc2c1=O,CCc1ccccc1-n1c(C)nc2ccccc2c1=O
1315,1,CCc1nn(CCCN2CCN(c3cccc(Cl)c3)CC2)c(=O)n1CC,CCc1nn(CCCN2CCN(c3cccc(Cl)c3)CC2)c(=O)n1CC
1316,1,CCc1nn(CCCN2CCN(c3cccc(Cl)c3)CC2)c(=O)n1CCOc1ccccc1,CCc1nn(CCCN2CCN(c3cccc(Cl)c3)CC2)c(=O)n1CCOc1ccccc1
1317,1,CCn1c2c(c3ccccc31)CCSC2(C)CCN(C)C,CCn1c2c(c3ccccc31)CCSC2(C)CCN(C)C
1318,1,CCn1cc(C(=O)O)c(=O)c2ccc(Cc3ccccc3)nc21,CCn1cc(C(=O)O)c(=O)c2ccc(Cc3ccccc3)nc21
1319,1,CCn1ccc(=O)c(O)c1C,CCn1ccc(=O)c(O)c1C
1320,1,CCn1nc(C)c2c1C(c1ccccc1)=NCC(=O)N2,CCn1nc(C)c2c1C(c1ccccc1)=NCC(=O)N2
1321,1,CCn1nnn(CCN2CC[C@H](N(C(=O)COC)c3ccccc3F)[C@H](C)C2)c1=O,CCn1nnn(CCN2CC[C@H](N(C(=O)COC)c3ccccc3F)[C@H](C)C2)c1=O
1322,1,CN(C(=O)CN(CCO)CCO)c1ccc(Cl)cc1C(=O)c1ccccc1Cl,CN(C(=O)CN(CCO)CCO)c1ccc(Cl)cc1C(=O)c1ccccc1Cl
1323,1,CN(C(=O)CNC1CC1)c1ccc(Cl)cc1C(=O)c1ccccc1Cl,CN(C(=O)CNC1CC1)c1ccc(Cl)cc1C(=O)c1ccccc1Cl
1324,1,CN(C(=O)Cc1ccc(Cl)c(Cl)c1)C1CCCC[C@H]1N1CCCC1,CN(C(=O)Cc1ccc(Cl)c(Cl)c1)C1CCCC[C@H]1N1CCCC1
1325,1,CN(C(=O)Cc1ccc(Cl)c(Cl)c1)[C@@H](CN1CCCC1)c1ccccc1,CN(C(=O)Cc1ccc(Cl)c(Cl)c1)[C@@H](CN1CCCC1)c1ccccc1
1326,1,CN(C(=O)Cc1ccc(Cl)c(Cl)c1)[C@H]1CC[C@@]2(CCCO2)C[C@@H]1N1CCCC1,CN(C(=O)Cc1ccc(Cl)c(Cl)c1)[C@H]1CC[C@@]2(CCCO2)C[C@@H]1N1CCCC1
1327,0,CN(C(=O)Cc1ccccc1N)[C@@H](CN1CC[C@@H](O)C1)c1ccccc1,CN(C(=O)Cc1ccccc1N)[C@@H](CN1CC[C@@H](O)C1)c1ccccc1
1328,1,CN(C)C(=O)C1(c2ccc(Cl)cc2)CCN(CCCC(=O)c2ccc(F)cc2)CC1,CN(C)C(=O)C1(c2ccc(Cl)cc2)CCN(CCCC(=O)c2ccc(F)cc2)CC1
1329,1,CN(C)C(=O)CCNc1ccc(Br)cc1,CN(C)C(=O)CCNc1ccc(Br)cc1
1330,1,CN(C)C(=O)COC1c2ccccc2CCc2ccccc21,CN(C)C(=O)COC1c2ccccc2CCc2ccccc21
1331,1,CN(C)C(=O)OC1N=C(c2ccccc2)c2cc(Cl)ccc2N(C)C1=O,CN(C)C(=O)OC1N=C(c2ccccc2)c2cc(Cl)ccc2N(C)C1=O
1332,1,CN(C)C(=O)c1nc(CNC(=O)CN)n(-c2ccc(Cl)cc2C(=O)c2ccccc2Cl)n1,CN(C)C(=O)c1nc(CNC(=O)CN)n(-c2ccc(Cl)cc2C(=O)c2ccccc2Cl)n1
1333,1,CN(C)C(C)(CO)Cc1ccc(Cl)c(Cl)c1,CN(C)C(C)(CO)Cc1ccc(Cl)c(Cl)c1
1334,1,CN(C)C1=NC(=O)C(c2ccccc2)O1,CN(C)C1=NC(=O)C(c2ccccc2)O1
1335,0,CN(C)C1C(=O)C(C(=O)NCN2CCN(C(=N)N=C(N)N)CC2)=C(O)C2(O)C(=O)C3=C(O)c4c(O)cccc4C(C)(O)C3CC12,CN(C)C1C(=O)C(C(=O)NCN2CCN(C(=N)N=C(N)N)CC2)=C(O)C2(O)C(=O)C3=C(O)c4c(O)cccc4C(C)(O)C3CC12
1336,0,CN(C)C1C(=O)C(C(=O)NCN2CCN(CCO)CC2)=C(O)C2(O)C(=O)C3=C(O)c4c(O)cccc4C(C)(O)C3CC12,CN(C)C1C(=O)C(C(=O)NCN2CCN(CCO)CC2)=C(O)C2(O)C(=O)C3=C(O)c4c(O)cccc4C(C)(O)C3CC12
1337,1,CN(C)C1CCc2[nH]c3c(F)cc(F)cc3c2C1,CN(C)C1CCc2[nH]c3c(F)cc(F)cc3c2C1
1338,1,CN(C)C1CCc2[nH]c3ccccc3c2C1,CN(C)C1CCc2[nH]c3ccccc3c2C1
1339,1,CN(C)CC(=O)C=C1c2ccccc2CCc2ccccc21,CN(C)CC(=O)C=C1c2ccccc2CCc2ccccc21
1340,1,CN(C)CC(=O)N1c2ccccc2Sc2ccccc21,CN(C)CC(=O)N1c2ccccc2Sc2ccccc21
1341,1,CN(C)CC(O)C(c1ccccc1)c1ccc(Cl)cc1,CN(C)CC(O)C(c1ccccc1)c1ccc(Cl)cc1
1342,1,CN(C)CC(Oc1ccccc1)Oc1ccccc1,CN(C)CC(Oc1ccccc1)Oc1ccccc1
1343,1,CN(C)CC/C=C1/c2ccccc2COc2ccccc21,CN(C)CC/C=C1/c2ccccc2COc2ccccc21
1344,1,CN(C)CC/C=C1/c2ccccc2CSc2ccccc21,CN(C)CC/C=C1/c2ccccc2CSc2ccccc21
1345,1,CN(C)CC/C=C1/c2ccccc2Sc2ccc(Cl)cc21,CN(C)CC/C=C1/c2ccccc2Sc2ccc(Cl)cc21
1346,1,CN(C)CC1=Cc2ccccc2Sc2ccccc21,CN(C)CC1=Cc2ccccc2Sc2ccccc21
1347,1,CN(C)CC1COC2(O1)c1ccccc1COc1ccccc12,CN(C)CC1COC2(O1)c1ccccc1COc1ccccc12
1348,1,CN(C)CCC(c1ccccc1)C1CCCCC1,CN(C)CCC(c1ccccc1)C1CCCCC1
1349,1,CN(C)CCC1(C)OCCC2=C1c1ccccc1C2,CN(C)CCC1(C)OCCC2=C1c1ccccc1C2
1350,1,CN(C)CCC1(c2ccccc2)C=Cc2ccccc21,CN(C)CCC1(c2ccccc2)C=Cc2ccccc21
1351,1,CN(C)CCC=C1c2ccccc2C(C)(C)c2ccccc21,CN(C)CCC=C1c2ccccc2C(C)(C)c2ccccc21
1352,1,CN(C)CCC=C1c2ccccc2Sc2ccccc21,CN(C)CCC=C1c2ccccc2Sc2ccccc21
1353,1,CN(C)CCCC1c2ccccc2Nc2ccc(Cl)cc21,CN(C)CCCC1c2ccccc2Nc2ccc(Cl)cc21
1354,1,CN(C)CCCN1c2ccccc2C(C)(C)c2ccccc21,CN(C)CCCN1c2ccccc2C(C)(C)c2ccccc21
1355,1,CN(C)CCCN1c2ccccc2C=Cc2ccccc21,CN(C)CCCN1c2ccccc2C=Cc2ccccc21
1356,1,CN(C)CCCN1c2ccccc2C=Cc2sccc21,CN(C)CCCN1c2ccccc2C=Cc2sccc21
1357,1,CN(C)CCCN1c2ccccc2CC(=O)c2ccccc21,CN(C)CCCN1c2ccccc2CC(=O)c2ccccc21
1358,1,CN(C)CCCN1c2ccccc2CCc2ccc(C#N)cc21,CN(C)CCCN1c2ccccc2CCc2ccc(C#N)cc21
1359,1,CN(C)CCCN1c2ccccc2Sc2cccnc21,CN(C)CCCN1c2ccccc2Sc2cccnc21
1360,1,CN(C)CCCn1c(=O)n(-c2ccccc2)c2cc(Cl)ccc21,CN(C)CCCn1c(=O)n(-c2ccccc2)c2cc(Cl)ccc21
1361,1,CN(C)CCCn1c2c(c3ccccc31)CCCCCC2,CN(C)CCCn1c2c(c3ccccc31)CCCCCC2
1362,1,CN(C)CCCn1cc(-c2ccccc2)c(-c2ccccc2)n1,CN(C)CCCn1cc(-c2ccccc2)c(-c2ccccc2)n1
1363,1,CN(C)CCN(Cc1cccs1)c1ccccn1,CN(C)CCN(Cc1cccs1)c1ccccn1
1364,1,CN(C)CCN1C(=O)CC(c2ccccc2)Sc2ccccc21,CN(C)CCN1C(=O)CC(c2ccccc2)Sc2ccccc21
1365,1,CN(C)CCN1C(=O)c2ccccc2N(C)c2ccccc21,CN(C)CCN1C(=O)c2ccccc2N(C)c2ccccc21
1366,1,CN(C)CCN1CCN(c2cccc(Cl)c2)C1=O,CN(C)CCN1CCN(c2cccc(Cl)c2)C1=O
1367,1,CN(C)CCOC(=O)CCC1CCCCC1,CN(C)CCOC(=O)CCC1CCCCC1
1368,1,CN(C)CCOC(=O)COc1ccc(Cl)cc1,CN(C)CCOC(=O)COc1ccc(Cl)cc1
1369,1,CN(C)CCOC(C)(c1ccccc1)c1ccc(Cl)cc1,CN(C)CCOC(C)(c1ccccc1)c1ccc(Cl)cc1
1370,1,CN(C)CCOC(c1ccccc1)c1ccc(Br)cc1,CN(C)CCOC(c1ccccc1)c1ccc(Br)cc1
1371,1,CN(C)CCOC(c1ccccc1)c1ccccc1C(C)(C)C,CN(C)CCOC(c1ccccc1)c1ccccc1C(C)(C)C
1372,1,CN(C)CCOC1(Cc2ccccc2)CC2CCC1(C)C2(C)C,CN(C)CCOC1(Cc2ccccc2)CC2CCC1(C)C2(C)C
1373,1,CN(C)CCON=C1c2ccccc2CCc2ccccc21,CN(C)CCON=C1c2ccccc2CCc2ccccc21
1374,1,CN(C)CCc1c[nH]c2cccc(OP(=O)(O)O)c12,CN(C)CCc1c[nH]c2cccc(OP(=O)(O)O)c12
1375,1,CN(C)CCc1ccccn1,CN(C)CCc1ccccn1
1376,1,CN(C)CCn1cnc2c1c(=O)n(C)c(=O)n2C,CN(C)CCn1cnc2c1c(=O)n(C)c(=O)n2C
1377,0,CN(C)CCn1nnnc1SCC1=C(C(=O)O)N2C(=O)[C@@H](NC(=O)Cc3csc(N)n3)[C@H]2SC1,CN(C)CCn1nnnc1SCC1=C(C(=O)O)N2C(=O)[C@@H](NC(=O)Cc3csc(N)n3)[C@H]2SC1
1378,1,CN(C)S(=O)(=O)c1ccc2c(c1)N(CCCN1CCC(CCO)CC1)c1ccccc1S2,CN(C)S(=O)(=O)c1ccc2c(c1)N(CCCN1CCC(CCO)CC1)c1ccccc1S2
1379,1,CN(C)[C@@H](CCOc1cccc2ccccc12)c1ccccc1,CN(C)[C@@H](CCOc1cccc2ccccc12)c1ccccc1
1380,0,CN(C)[C@@H]1C(=O)C(C(=O)NC(C(=O)O)N2CCN(CCO)CC2)=C(O)[C@@]2(O)C(=O)C3=C(O)c4c(O)cccc4[C@@](C)(O)[C@H]3C[C@@H]12,CN(C)[C@@H]1C(=O)C(C(=O)NC(C(=O)O)N2CCN(CCO)CC2)=C(O)[C@@]2(O)C(=O)C3=C(O)c4c(O)cccc4[C@@](C)(O)[C@H]3C[C@@H]12
1381,0,CN(C)[C@@H]1C(=O)C(C(=O)NCNC(C(=O)NC2C(=O)N3C2SC(C)(C)C3C(=O)O)c2ccccc2)=C(O)[C@@]2(O)C(=O)C3=C(O)c4c(O)cccc4[C@@](C)(O)[C@H]3C[C@@H]12,CN(C)[C@@H]1C(=O)C(C(=O)NCNC(C(=O)NC2C(=O)N3C2SC(C)(C)C3C(=O)O)c2ccccc2)=C(O)[C@@]2(O)C(=O)C3=C(O)c4c(O)cccc4[C@@](C)(O)[C@H]3C[C@@H]12
1382,0,CN(C)[C@@H]1C(=O)C(C(=O)NCO)=C(O)[C@@]2(O)C(=O)C3=C(O)c4c(O)ccc(Cl)c4[C@@](C)(O)[C@H]3C[C@@H]12,CN(C)[C@@H]1C(=O)C(C(=O)NCO)=C(O)[C@@]2(O)C(=O)C3=C(O)c4c(O)ccc(Cl)c4[C@@](C)(O)[C@H]3C[C@@H]12
1383,0,CN(C)[C@@H]1C(=O)C(C(N)=O)=C(O)[C@@]2(O)C(=O)C3=C(O)c4c(O)ccc(Cl)c4[C@@H](O)[C@H]3C[C@@H]12,CN(C)[C@@H]1C(=O)C(C(N)=O)=C(O)[C@@]2(O)C(=O)C3=C(O)c4c(O)ccc(Cl)c4[C@@H](O)[C@H]3C[C@@H]12
1384,0,CN(C)[C@@H]1C(=O)C(C(N)=O)=C(O)[C@@]2(O)C(=O)C3=C(O)c4c(O)ccc(Cl)c4[C@@](C)(O)[C@H]3C[C@@H]12,CN(C)[C@@H]1C(=O)C(C(N)=O)=C(O)[C@@]2(O)C(=O)C3=C(O)c4c(O)ccc(Cl)c4[C@@](C)(O)[C@H]3C[C@@H]12
1385,0,CN(C)[C@@H]1C(=O)C(C(N)=O)=C(O)[C@@]2(O)C(=O)C3=C(O)c4c(O)ccc([N+](=O)[O-])c4C[C@H]3C[C@@H]12,CN(C)[C@@H]1C(=O)C(C(N)=O)=C(O)[C@@]2(O)C(=O)C3=C(O)c4c(O)ccc([N+](=O)[O-])c4C[C@H]3C[C@@H]12
1386,0,CN(C)[C@@H]1C(=O)C(C(N)=O)=C(O)[C@@]2(O)C(=O)C3=C(O)c4c(O)cccc4[C@@H](O)[C@H]3C[C@@H]12,CN(C)[C@@H]1C(=O)C(C(N)=O)=C(O)[C@@]2(O)C(=O)C3=C(O)c4c(O)cccc4[C@@H](O)[C@H]3C[C@@H]12
1387,0,CN(C)[C@@H]1C(=O)C(C(N)=O)=C(O)[C@@]2(O)C(=O)C3=C(O)c4c(O)cccc4[C@@](C)(O)[C@H]3C[C@@H]12,CN(C)[C@@H]1C(=O)C(C(N)=O)=C(O)[C@@]2(O)C(=O)C3=C(O)c4c(O)cccc4[C@@](C)(O)[C@H]3C[C@@H]12
1388,0,CN(C)[C@@H]1C(=O)C(C(N)=O)=C(O)[C@@]2(O)C(=O)C3=C(O)c4c(O)cccc4[C@@](C)(O)[C@H]3[C@H](O)[C@@H]12,CN(C)[C@@H]1C(=O)C(C(N)=O)=C(O)[C@@]2(O)C(=O)C3=C(O)c4c(O)cccc4[C@@](C)(O)[C@H]3[C@H](O)[C@@H]12
1389,0,CN(C)[C@@H]1C(=O)C(C(N)=O)=C(O)[C@@]2(O)C(=O)C3=C(O)c4c(ccc(N)c4O)C[C@H]3C[C@@H]12,CN(C)[C@@H]1C(=O)C(C(N)=O)=C(O)[C@@]2(O)C(=O)C3=C(O)c4c(ccc(N)c4O)C[C@H]3C[C@@H]12
1390,1,CN(C)c1cnccn1,CN(C)c1cnccn1
1391,1,CN(C/C=C/c1ccccc1)CCOC(c1ccccc1)c1ccccc1,CN(C/C=C/c1ccccc1)CCOC(c1ccccc1)c1ccccc1
1392,1,CN(CCCN1c2ccccc2CCc2ccccc21)CC(=O)c1ccc(Cl)cc1,CN(CCCN1c2ccccc2CCc2ccccc21)CC(=O)c1ccc(Cl)cc1
1393,0,CN(CCN(C)CNC(=O)C1=C(O)[C@@]2(O)C(=O)C3=C(O)c4c(O)cccc4[C@@](C)(O)[C@H]3C[C@H]2[C@H](N(C)C)C1=O)CNC(=O)C1=C(O)[C@@]2(O)C(=O)C3=C(O)c4c(O)cccc4[C@@](C)(O)[C@H]3C[C@H]2[C@H](N(C)C)C1=O,CN(CCN(C)CNC(=O)C1=C(O)[C@@]2(O)C(=O)C3=C(O)c4c(O)cccc4[C@@](C)(O)[C@H]3C[C@H]2[C@H](N(C)C)C1=O)CNC(=O)C1=C(O)[C@@]2(O)C(=O)C3=C(O)c4c(O)cccc4[C@@](C)(O)[C@H]3C[C@H]2[C@H](N(C)C)C1=O
1394,1,CN(CCc1cc2cccc3c2n1-c1ccccc1CC3)Cc1ccccc1,CN(CCc1cc2cccc3c2n1-c1ccccc1CC3)Cc1ccccc1
1395,1,CN1C(=O)C(O)N=C(c2ccccc2)c2cc(Cl)ccc21,CN1C(=O)C(O)N=C(c2ccccc2)c2cc(Cl)ccc21
1396,1,CN1C(=O)C(O)N=C(c2ccccc2Cl)c2cc(Cl)ccc21,CN1C(=O)C(O)N=C(c2ccccc2Cl)c2cc(Cl)ccc21
1397,1,CN1C(=O)C(O)N=C(c2ccccc2F)c2cc(Cl)ccc21,CN1C(=O)C(O)N=C(c2ccccc2F)c2cc(Cl)ccc21
1398,1,CN1C(=O)CC(=O)N(c2ccccc2)c2cc(C(F)(F)F)ccc21,CN1C(=O)CC(=O)N(c2ccccc2)c2cc(C(F)(F)F)ccc21
1399,1,CN1C(=O)CC(C)(c2ccccc2)C1=O,CN1C(=O)CC(C)(c2ccccc2)C1=O
1400,1,CN1C(=O)CC(c2ccccc2)C1=O,CN1C(=O)CC(c2ccccc2)C1=O
1401,1,CN1C(=O)CCS(=O)(=O)C1c1ccc(Cl)cc1,CN1C(=O)CCS(=O)(=O)C1c1ccc(Cl)cc1
1402,1,CN1C(=O)CN(C(N)=O)C(c2ccccc2)c2cc(Cl)ccc21,CN1C(=O)CN(C(N)=O)C(c2ccccc2)c2cc(Cl)ccc21
1403,1,CN1C(=O)CN=C(C2=CCCCC2)c2cc(Cl)ccc21,CN1C(=O)CN=C(C2=CCCCC2)c2cc(Cl)ccc21
1404,1,CN1C(=O)CN=C(C2=CCCCC2)c2cc([N+](=O)[O-])ccc21,CN1C(=O)CN=C(C2=CCCCC2)c2cc([N+](=O)[O-])ccc21
1405,1,CN1C(=O)OC(C)(C)C1=O,CN1C(=O)OC(C)(C)C1=O
1406,1,CN1C(=S)CN=C(c2ccccc2)c2cc(Cl)ccc21,CN1C(=S)CN=C(c2ccccc2)c2cc(Cl)ccc21
1407,0,CN1C(C(=O)Nc2ccccn2)=C(O)c2sccc2S1(=O)=O,CN1C(C(=O)Nc2ccccn2)=C(O)c2sccc2S1(=O)=O
1408,1,CN1C(CC(=O)c2ccccc2)CCCC1CC(O)c1ccccc1,CN1C(CC(=O)c2ccccc2)CCCC1CC(O)c1ccccc1
1409,0,CN1C(CCl)Nc2cc(Cl)c(S(N)(=O)=O)cc2S1(=O)=O,CN1C(CCl)Nc2cc(Cl)c(S(N)(=O)=O)cc2S1(=O)=O
1410,0,CN1C(CSCC(F)(F)F)Nc2cc(Cl)c(S(N)(=O)=O)cc2S1(=O)=O,CN1C(CSCC(F)(F)F)Nc2cc(Cl)c(S(N)(=O)=O)cc2S1(=O)=O
1411,1,CN1C2CCC1CC(OC(=O)C(C)(CO)c1ccccc1)C2,CN1C2CCC1CC(OC(=O)C(C)(CO)c1ccccc1)C2
1412,1,CN1C2CCC1CC(OC(=O)[C@H](CO)c1ccccc1)C2,CN1C2CCC1CC(OC(=O)[C@H](CO)c1ccccc1)C2
1413,1,CN1C2CCC1CC(OC(c1ccccc1)c1ccccc1)C2,CN1C2CCC1CC(OC(c1ccccc1)c1ccccc1)C2
1414,1,CN1CC(=O)NC1=NC(=O)Nc1cccc(Cl)c1,CN1CC(=O)NC1=NC(=O)Nc1cccc(Cl)c1
1415,1,CN1CC(CSc2ccccn2)C=C2c3cccc4[nH]cc(c34)CC21,CN1CC(CSc2ccccn2)C=C2c3cccc4[nH]cc(c34)CC21
1416,1,CN1CC=C(c2ccccc2)CC1,CN1CC=C(c2ccccc2)CC1
1417,1,CN1CCC(=C2c3ccccc3C(O)c3ccccc32)CC1,CN1CCC(=C2c3ccccc3C(O)c3ccccc32)CC1
1418,1,CN1CCC(=C2c3ccccc3CCc3sccc32)CC1,CN1CCC(=C2c3ccccc3CCc3sccc32)CC1
1419,1,CN1CCC(=C2c3ccccc3Oc3ccc(Cl)cc32)CC1,CN1CCC(=C2c3ccccc3Oc3ccc(Cl)cc32)CC1
1420,1,CN1CCC(C)(CN2c3ccccc3Sc3ccccc32)C1,CN1CCC(C)(CN2c3ccccc3Sc3ccccc32)C1
1421,1,CN1CCC(OC2c3ccccc3CCc3ccccc32)CC1,CN1CCC(OC2c3ccccc3CCc3ccccc32)CC1
1422,1,CN1CCC2(C)CC(Cc3ccc(O)cc32)C1,CN1CCC2(C)CC(Cc3ccc(O)cc32)C1
1423,1,CN1CCC23c4c5ccc(O)c4OC2C(O)CCC3C1C5,CN1CCC23c4c5ccc(O)c4OC2C(O)CCC3C1C5
1424,1,CN1CCC23c4c5ccc(O)c4OC2CCCC3C1C5,CN1CCC23c4c5ccc(O)c4OC2CCCC3C1C5
1425,1,CN1CCC2=C(C1)c1ccccc1Cc1ccccc12,CN1CCC2=C(C1)c1ccccc1Cc1ccccc12
1426,1,CN1CCC2=C(CC1)c1cc(C#N)ccc1Sc1ccccc12,CN1CCC2=C(CC1)c1cc(C#N)ccc1Sc1ccccc12
1427,1,CN1CCC2=C(CC1)c1ccccc1Oc1ccccc12,CN1CCC2=C(CC1)c1ccccc1Oc1ccccc12
1428,1,CN1CCCC(CN2c3ccccc3Sc3ccccc32)C1,CN1CCCC(CN2c3ccccc3Sc3ccccc32)C1
1429,1,CN1CCCN(C(c2ccccc2)c2ccc(Cl)cc2)CC1,CN1CCCN(C(c2ccccc2)c2ccc(Cl)cc2)CC1
1430,1,CN1CCCc2cccc(OCC3CNCCO3)c21,CN1CCCc2cccc(OCC3CNCCO3)c21
1431,1,CN1CCN(C(=O)Cc2ccc(Cl)c(Cl)c2)[C@@H](CN2CCCC2)C1,CN1CCN(C(=O)Cc2ccc(Cl)c(Cl)c2)[C@@H](CN2CCCC2)C1
1432,1,CN1CCN(C(=O)OC2C3=C(SCCS3)C(=O)N2c2ccc3ccc(Cl)nc3n2)CC1,CN1CCN(C(=O)OC2C3=C(SCCS3)C(=O)N2c2ccc3ccc(Cl)nc3n2)CC1
1433,1,CN1CCN(C(c2ccccc2)c2ccc(Cl)cc2)CC1,CN1CCN(C(c2ccccc2)c2ccc(Cl)cc2)CC1
1434,1,CN1CCN(C2=Cc3cc(Cl)ccc3/C(=C\C#N)c3ccccc32)CC1,CN1CCN(C2=Cc3cc(Cl)ccc3/C(=C\C#N)c3ccccc32)CC1
1435,1,CN1CCN(C2=Nc3cc(Cl)ccc3Nc3ccccc32)CC1,CN1CCN(C2=Nc3cc(Cl)ccc3Nc3ccccc32)CC1
1436,1,CN1CCN(C2=Nc3cc(F)ccc3Cc3ccccc32)CC1,CN1CCN(C2=Nc3cc(F)ccc3Cc3ccccc32)CC1
1437,1,CN1CCN(C2=Nc3ccccc3Sc3ccc(Cl)cc32)CC1,CN1CCN(C2=Nc3ccccc3Sc3ccc(Cl)cc32)CC1
1438,1,CN1CCN(C2=Nc3cscc3/C(=C/C#N)c3cscc32)CC1,CN1CCN(C2=Nc3cscc3/C(=C/C#N)c3cscc32)CC1
1439,1,CN1CCN(C2Cc3ccccc3Sc3ccc(Cl)cc32)CC1,CN1CCN(C2Cc3ccccc3Sc3ccc(Cl)cc32)CC1
1440,1,CN1CCN(CC/C=C2\c3ccccc3Sc3ccc(S(=O)(=O)N(C)C)cc32)CC1,CN1CCN(CC/C=C2\c3ccccc3Sc3ccc(S(=O)(=O)N(C)C)cc32)CC1
1441,1,CN1CCN(CCC(=O)N2c3ccccc3Sc3ccc(C(F)(F)F)cc32)CC1,CN1CCN(CCC(=O)N2c3ccccc3Sc3ccc(C(F)(F)F)cc32)CC1
1442,1,CN1CCN(CCCN2c3ccccc3Sc3ccc(Cl)cc32)CC1,CN1CCN(CCCN2c3ccccc3Sc3ccc(Cl)cc32)CC1
1443,1,CN1CCN(CCCN2c3ccccc3Sc3ccc(S(=O)(=O)N(C)C)cc32)CC1,CN1CCN(CCCN2c3ccccc3Sc3ccc(S(=O)(=O)N(C)C)cc32)CC1
1444,1,CN1CCN(CCN2CCN(CCCN3c4ccccc4Sc4ccc(Cl)cc43)CC2)C1=O,CN1CCN(CCN2CCN(CCCN3c4ccccc4Sc4ccc(Cl)cc43)CC2)C1=O
1445,0,CN1CCN(c2cc3c(cc2F)c(=O)c(C(=O)O)cn3-c2ccc(F)cc2)CC1,CN1CCN(c2cc3c(cc2F)c(=O)c(C(=O)O)cn3-c2ccc(F)cc2)CC1
1446,1,CN1CCN(c2ccccc2Cc2ccccc2)CC1,CN1CCN(c2ccccc2Cc2ccccc2)CC1
1447,1,CN1CCN(c2ncc(-c3cc(Cl)cc(Cl)c3Cl)c(N)n2)CC1,CN1CCN(c2ncc(-c3cc(Cl)cc(Cl)c3Cl)c(N)n2)CC1
1448,1,CN1CCN2c3cc(F)ccc3C(c3cccs3)=NCC2C1,CN1CCN2c3cc(F)ccc3C(c3cccs3)=NCC2C1
1449,1,CN1CCN2c3ccccc3Cn3cccc3C2C1,CN1CCN2c3ccccc3Cn3cccc3C2C1
1450,1,CN1CCOC(c2ccccc2)c2ccccc2C1,CN1CCOC(c2ccccc2)c2ccccc2C1
1451,1,CN1CC[C@@H]2c3cc(Cl)ccc3Oc3ccccc3[C@H]2C1,CN1CC[C@@H]2c3cc(Cl)ccc3Oc3ccccc3[C@H]2C1
1452,1,CN1CC[C@@]2(C)c3cc(OC(=O)N4CCc5ccccc5C4)ccc3N(C)[C@@H]12,CN1CC[C@@]2(C)c3cc(OC(=O)N4CCc5ccccc5C4)ccc3N(C)[C@@H]12
1453,1,CN1CC[C@]23NC(=O)CC(c4cc(Cl)ccc4O2)C3C1,CN1CC[C@]23NC(=O)CC(c4cc(Cl)ccc4O2)C3C1
1454,1,CN1CC[C@]23c4c5ccc(O)c4O[C@H]2[C@@H](O)CC[C@@]3(O)[C@H]1C5,CN1CC[C@]23c4c5ccc(O)c4O[C@H]2[C@@H](O)CC[C@@]3(O)[C@H]1C5
1455,1,CN1CC[C@]23c4c5ccc(OC(=O)c6cccnc6)c4O[C@H]2[C@@H](OC(=O)c2cccnc2)C=C[C@H]3[C@H]1C5,CN1CC[C@]23c4c5ccc(OC(=O)c6cccnc6)c4O[C@H]2[C@@H](OC(=O)c2cccnc2)C=C[C@H]3[C@H]1C5
1456,1,CN1CCc2cc(Cl)c(O)cc2[C@@H](c2cc(Br)cc3c2OCC3)C1,CN1CCc2cc(Cl)c(O)cc2[C@@H](c2cc(Br)cc3c2OCC3)C1
1457,1,CN1CCc2cc(Cl)c(O)cc2[C@@H](c2cccc3c2OCC3)C1,CN1CCc2cc(Cl)c(O)cc2[C@@H](c2cccc3c2OCC3)C1
1458,1,CN1C[C@@H](CC#N)CC2c3cccc4[nH]cc(c34)C[C@H]21,CN1C[C@@H](CC#N)CC2c3cccc4[nH]cc(c34)C[C@H]21
1459,1,CN1C[C@@H]2[C@@H](Cc3ccc(Cl)cc3[C@H]2c2ccccc2)C1,CN1C[C@@H]2Cc3ccc(Cl)cc3[C@@H](c3ccccc3)[C@@H]2C1
1460,1,CN1C[C@@H]2c3cc(Cl)ccc3Oc3ccccc3[C@@H]2C1,CN1C[C@@H]2c3cc(Cl)ccc3Oc3ccccc3[C@@H]2C1
1461,0,CN1C[C@H](C(=O)N[C@]2(C)O[C@@]3(O)[C@@H]4CCCN4C(=O)[C@H](Cc4ccccc4)N3C2=O)C[C@@H]2c3cccc4[nH]cc(c34)C[C@H]21,CN1C[C@H](C(=O)N[C@]2(C)O[C@@]3(O)[C@@H]4CCCN4C(=O)[C@H](Cc4ccccc4)N3C2=O)C[C@@H]2c3cccc4[nH]cc(c34)C[C@H]21
1462,1,CN1C[C@H](CN2CC(=O)NC(=O)C2)C=C2c3cccc4[nH]cc(c34)C[C@H]21,CN1C[C@H](CN2CC(=O)NC(=O)C2)C=C2c3cccc4[nH]cc(c34)C[C@H]21
1463,1,CN1[C@H]2CCC[C@@H]1CC(NC(=O)c1nn(C)c3ccccc13)C2,CN1[C@@H]2CCC[C@H]1CC(NC(=O)c1nn(C)c3ccccc13)C2
1464,1,CN1c2cc(F)ccc2C(c2ccccc2)=NCC1CNC(=O)c1ccoc1,CN1c2cc(F)ccc2C(c2ccccc2)=NCC1CNC(=O)c1ccoc1
1465,1,CN1c2ccccc2C(NCCCCCCC(=O)O)c2ccc(Cl)cc2S1(=O)=O,CN1c2ccccc2C(NCCCCCCC(=O)O)c2ccc(Cl)cc2S1(=O)=O
1466,1,CN1c2ccccc2C(c2ccccc2F)=NCC1CNC(=O)c1ccsc1,CN1c2ccccc2C(c2ccccc2F)=NCC1CNC(=O)c1ccsc1
1467,1,CN=C(Cc1ccc2ccccc2c1)NC,CN=C(Cc1ccc2ccccc2c1)NC
1468,1,CN=C1CN(O)C(c2ccccc2)=c2cc(Cl)ccc2=N1,CN=C1CN(O)C(c2ccccc2)=c2cc(Cl)ccc2=N1
1469,1,CNC(=O)CCN1CCN(CCC=C2c3ccccc3Sc3ccc(Cl)cc32)CC1,CNC(=O)CCN1CCN(CCC=C2c3ccccc3Sc3ccc(Cl)cc32)CC1
1470,0,CNC(=O)C[C@@H](N)C(=O)N[C@@H](C(=O)N[C@@H]1C(=O)N2[C@@H](C(=O)O)C(C)(C)S[C@H]12)c1ccc(O)cc1,CNC(=O)C[C@@H](N)C(=O)N[C@@H](C(=O)N[C@@H]1C(=O)N2[C@@H]1SC(C)(C)[C@@H]2C(=O)O)c1ccc(O)cc1
1471,1,CNC(=O)N1CC(Oc2cccc(C(F)(F)F)c2)C1,CNC(=O)N1CC(Oc2cccc(C(F)(F)F)c2)C1
1472,0,CNC(C)C(=O)c1ccc(OC)cc1,CNC(C)C(=O)c1ccc(OC)cc1
1473,0,CNC(C)C(O)c1ccc(O)cc1,CNC(C)C(O)c1ccc(O)cc1
1474,0,CNC(C)C1CCC(N)C(OC2C(N)CC(N)C(OC3OCC(C)(O)C(NC)C3O)C2O)O1,CNC(C)C1CCC(N)C(OC2C(N)CC(N)C(OC3OCC(C)(O)C(NC)C3O)C2O)O1
1475,1,CNC/C=C(/c1ccc(Br)cc1)c1cccnc1,CNC/C=C(/c1ccc(Br)cc1)c1cccnc1
1476,1,CNC1(c2ccccc2Cl)CCCCC1=O,CNC1(c2ccccc2Cl)CCCCC1=O
1477,0,CNC1C(O)C(OC2C(NC(=O)C(O)CN)CC(N)C(OC3OC(CN)C(O)C(O)C3O)C2O)OCC1(C)O,CNC1C(O)C(OC2C(NC(=O)C(O)CN)CC(N)C(OC3OC(CN)C(O)C(O)C3O)C2O)OCC1(C)O
1478,1,CNC1CCC(c2ccccc2)c2ccccc21,CNC1CCC(c2ccccc2)c2ccccc21
1479,1,CNC1CCc2ncsc2C1,CNC1CCc2ncsc2C1
1480,1,CNC1Cc2ccccc2N(C)c2ccccc21,CNC1Cc2ccccc2N(C)c2ccccc21
1481,0,CNCC(O)c1ccc(O)c(O)c1,CNCC(O)c1ccc(O)c(O)c1
1482,0,CNCC(O)c1cccc(OC(=O)C(C)(C)C)c1,CNCC(O)c1cccc(OC(=O)C(C)(C)C)c1
1483,1,CNCC12CCC(c3ccccc31)c1ccccc12,CNCC12CCC(c3ccccc31)c1ccccc12
1484,1,CNCCC(Oc1cccc2ccccc12)c1cccs1,CNCCC(Oc1cccc2ccccc12)c1cccs1
1485,1,CNCCC(Oc1ccccc1OC)c1ccccc1,CNCCC(Oc1ccccc1OC)c1ccccc1
1486,1,CNCCC=C1c2ccccc2C(C)(C)c2ccccc21,CNCCC=C1c2ccccc2C(C)(C)c2ccccc21
1487,1,CNCCC=C1c2ccccc2C2CC2c2ccccc21,CNCCC=C1c2ccccc2C2CC2c2ccccc21
1488,1,CNCCCC1(C)CN(c2ccccc2)c2ccccc21,CNCCCC1(C)CN(c2ccccc2)c2ccccc21
1489,1,CNCCCC1(c2ccccc2)OC(C)(C)c2ccccc21,CNCCCC1(c2ccccc2)OC(C)(C)c2ccccc21
1490,1,CNCCCC1c2ccccc2C=Cc2ccccc21,CNCCCC1c2ccccc2C=Cc2ccccc21
1491,1,CNCCCCOc1ccccc1Cc1ccccc1,CNCCCCOc1ccccc1Cc1ccccc1
1492,1,CNCCCN1Cc2ccccc2Cc2ccccc21,CNCCCN1Cc2ccccc2Cc2ccccc21
1493,1,CNCCOC(c1ccccc1)c1ccccc1C,CNCCOC(c1ccccc1)c1ccccc1C
1494,1,CNCCON=c1c2ccccc2ccc2ccccc12,CNCCON=c1c2ccccc2ccc2ccccc12
1495,1,CNCCSC1=Cc2cc(F)ccc2Oc2ccccc21,CNCCSC1=Cc2cc(F)ccc2Oc2ccccc21
1496,0,CNCC[C@@H](O)[C@@H]1C[C@H](SC2=C(C(=O)O)N3C(=O)[C@H]([C@@H](C)O)[C@H]3[C@H]2C)CN1,CNCC[C@@H](O)[C@@H]1C[C@H](SC2=C(C(=O)O)N3C(=O)[C@H]([C@@H](C)O)[C@H]3[C@H]2C)CN1
1497,1,CNCC[C@@H](Oc1ccccc1C)c1ccccc1,CNCC[C@@H](Oc1ccccc1C)c1ccccc1
1498,1,CNC[C@@H]1CN(c2ccc(OCc3cccc(Cl)c3)cc2)C(=O)O1,CNC[C@@H]1CN(c2ccc(OCc3cccc(Cl)c3)cc2)C(=O)O1
1499,1,CNC[C@H](O)CC12CCC(c3ccccc31)c1ccccc12,CNC[C@H](O)CC12CCC(c3ccccc31)c1ccccc12
1500,0,CNC[C@H](O)c1ccc(O)c(O)c1,CNC[C@H](O)c1ccc(O)c(O)c1
1501,1,CNO.Cc1oc(C(C)(C)N(C(C)(C)N)C(C)(C)N)c(C)c1C,CNO.Cc1oc(C(C)(C)N(C(C)(C)N)C(C)(C)N)c(C)c1C
1502,0,CN[C@@H]1[C@@H](O[C@H]2O[C@H](CO)[C@@H](N)[C@H](O)[C@H]2O)O[C@H]2C[C@@H](N)[C@H](O[C@@H]3[C@@H](N)C[C@@H](N)[C@H](O)[C@H]3O)O[C@@H]2[C@@H]1O,CN[C@@H]1[C@@H](O[C@H]2O[C@H](CO)[C@@H](N)[C@H](O)[C@H]2O)O[C@H]2C[C@@H](N)[C@H](O[C@H]3[C@H](O)[C@@H](O)[C@H](N)C[C@@H]3N)O[C@@H]2[C@@H]1O
1503,0,CN[C@@H]1[C@H](O[C@H]2[C@H](O[C@@H]3[C@@H](N=C(N)N)[C@H](O)[C@@H](N=C(N)N)[C@H](O)[C@H]3O)O[C@@H](C)[C@]2(O)C=O)O[C@@H](CO)[C@H](O)[C@H]1O,CN[C@@H]1[C@H](O[C@H]2[C@H](O[C@H]3[C@H](O)[C@@H](O)[C@H](N=C(N)N)[C@@H](O)[C@@H]3N=C(N)N)O[C@@H](C)[C@]2(O)C=O)O[C@@H](CO)[C@H](O)[C@H]1O
1504,0,CN[C@@H]1[C@H](O[C@H]2[C@H](O[C@@H]3[C@@H](O)[C@H](O)[C@@H](N=C(N)N)[C@H](O)[C@H]3N=C(N)N)O[C@@H](C)[C@]2(O)CO)O[C@@H](CO)[C@H](O)[C@H]1O,CN[C@@H]1[C@H](O[C@H]2[C@H](O[C@@H]3[C@@H](O)[C@H](O)[C@@H](N=C(N)N)[C@H](O)[C@H]3N=C(N)N)O[C@@H](C)[C@]2(O)CO)O[C@@H](CO)[C@H](O)[C@H]1O
1505,1,CNc1nc(Cl)c(SC)c(N2CCN(C)CC2)n1,CNc1nc(Cl)c(SC)c(N2CCN(C)CC2)n1
1506,0,CO/N=C(/C(=O)NC1C(=O)N(OCC(=O)O)[C@H]1C)c1csc(N)n1,CO/N=C(/C(=O)NC1C(=O)N(OCC(=O)O)[C@H]1C)c1csc(N)n1
1507,0,CO/N=C(/C(=O)N[C@@H]1C(=O)N2C(C(=O)O)=C(C)CS[C@H]12)c1csc(N)n1,CO/N=C(/C(=O)N[C@@H]1C(=O)N2C(C(=O)O)=C(C)CS[C@H]12)c1csc(N)n1
1508,0,CO/N=C(/C(=O)N[C@@H]1C(=O)N2C(C(=O)O)=C(COC(C)=O)CS[C@H]12)c1ccco1,CO/N=C(/C(=O)N[C@@H]1C(=O)N2C(C(=O)O)=C(COC(C)=O)CS[C@H]12)c1ccco1
1509,0,CO/N=C(/C(=O)N[C@@H]1C(=O)N2C(C(=O)O)=C(COC(C)=O)C[S+]([O-])[C@H]12)c1csc(N)n1,CO/N=C(/C(=O)N[C@@H]1C(=O)N2C(C(=O)O)=C(COC(C)=O)C[S+]([O-])[C@H]12)c1csc(N)n1
1510,1,CO/N=C(/C(=O)N[C@@H]1C(=O)N2C(C(=O)O)=C(COC(N)=O)CS[C@H]12)c1ccco1,CO/N=C(/C(=O)N[C@@H]1C(=O)N2C(C(=O)O)=C(COC(N)=O)CS[C@H]12)c1ccco1
1511,0,CO/N=C(/C(=O)N[C@@H]1C(=O)N2C(C(=O)O)=C(CSC(=O)c3ccco3)CS[C@H]12)c1csc(N)n1,CO/N=C(/C(=O)N[C@@H]1C(=O)N2C(C(=O)O)=C(CSC(=O)c3ccco3)CS[C@H]12)c1csc(N)n1
1512,0,CO/N=C(/C(=O)N[C@@H]1C(=O)N2C(C(=O)O)=C(CSc3cnns3)CS[C@H]12)c1csc(N)n1,CO/N=C(/C(=O)N[C@@H]1C(=O)N2C(C(=O)O)=C(CSc3cnns3)CS[C@H]12)c1csc(N)n1
1513,1,CO/N=C(/C(=O)N[C@@H]1C(=O)N2C(C(=O)O)=C(CSc3nc(=O)c(=O)[nH]n3C)CS[C@H]12)c1csc(N)n1,CO/N=C(/C(=O)N[C@@H]1C(=O)N2C(C(=O)O)=C(CSc3nc(=O)c(=O)[nH]n3C)CS[C@H]12)c1csc(N)n1
1514,0,CO/N=C(/C(=O)N[C@@H]1C(=O)N2C(C(=O)O)=C(CSc3nnnn3C)CS[C@H]12)c1csc(N)n1,CO/N=C(/C(=O)N[C@@H]1C(=O)N2C(C(=O)O)=C(CSc3nnnn3C)CS[C@H]12)c1csc(N)n1
1515,0,CO/N=C(/C(=O)N[C@@H]1C(=O)N2C(C(=O)O)=C(Cn3nnc(C)n3)CS[C@H]12)c1csc(N)n1,CO/N=C(/C(=O)N[C@@H]1C(=O)N2C(C(=O)O)=C(Cn3nnc(C)n3)CS[C@H]12)c1csc(N)n1
1516,1,CO/N=C(/C(=O)N[C@H]1C(=O)N2C(C(=O)O)=C(COC(C)=O)CS[C@@H]12)c1csc(N)n1,CO/N=C(/C(=O)N[C@H]1C(=O)N2C(C(=O)O)=C(COC(C)=O)CS[C@@H]12)c1csc(N)n1
1517,0,CO/N=C(\C(=O)N[C@@H]1C(=O)N2C(C(=O)O)=C(CSc3nc(C)c(CC(=O)O)s3)CS[C@H]12)c1csc(N)n1,CO/N=C(\C(=O)N[C@@H]1C(=O)N2C(C(=O)O)=C(CSc3nc(C)c(CC(=O)O)s3)CS[C@H]12)c1csc(N)n1
1518,1,CO/N=C\C1=CCCN(C)C1,CO/N=C\C1=CCCN(C)C1
1519,1,COC(=O)C1=CCCN(C)C1,COC(=O)C1=CCCN(C)C1
1520,1,COC(=O)C1C2CC3c4[nH]c5cc(OC)ccc5c4CCN3CC2CC(OC)C1OC,COC(=O)C1C2CC3c4[nH]c5cc(OC)ccc5c4CCN3CC2CC(OC)C1OC
1521,1,COC(=O)[C@@]1(O)CC[C@H]2C3CCC(=O)C4C(=O)C=CC4(C)[C@H]3C(O)CC21C,COC(=O)[C@@]1(O)CC[C@H]2C3CCC(=O)C4C(=O)C=CC4(C)[C@H]3C(O)CC21C
1522,0,COC(=O)[C@H]1[C@@H](O)CC[C@H]2CN3CCc4c([nH]c5ccccc45)[C@@H]3C[C@@H]21,COC(=O)[C@@H]1[C@H]2C[C@H]3c4[nH]c5ccccc5c4CCN3C[C@@H]2CC[C@@H]1O
1523,1,COC(=O)[C@H]1[C@H]2C[C@@H]3c4[nH]c5cc(OC)ccc5c4CCN3C[C@H]2C[C@@H](OC(=O)/C=C/c2cc(OC)c(OC)c(OC)c2)[C@@H]1OC,COC(=O)[C@H]1[C@H]2C[C@@H]3c4[nH]c5cc(OC)ccc5c4CCN3C[C@H]2C[C@@H](OC(=O)/C=C/c2cc(OC)c(OC)c(OC)c2)[C@@H]1OC
1524,1,COC(=O)[C@H]1[C@H]2C[C@@H]3c4[nH]c5cc(OC)ccc5c4CCN3C[C@H]2C[C@@H](OC(=O)c2cc(OC)c(OC)c(OC)c2)[C@@H]1OC,COC(=O)[C@H]1[C@H]2C[C@@H]3c4[nH]c5cc(OC)ccc5c4CCN3C[C@H]2C[C@@H](OC(=O)c2cc(OC)c(OC)c(OC)c2)[C@@H]1OC
1525,1,COC(=O)[C@H]1[C@H]2C[C@@H]3c4[nH]c5ccccc5c4CCN3C[C@H]2C[C@@H](OC(=O)c2cc(OC)c(OC)c(OC)c2)[C@@H]1OC,COC(=O)[C@H]1[C@H]2C[C@@H]3c4[nH]c5ccccc5c4CCN3C[C@H]2C[C@@H](OC(=O)c2cc(OC)c(OC)c(OC)c2)[C@@H]1OC
1526,1,COC(=O)c1ccc(C(=O)OC)cc1,COC(=O)c1ccc(C(=O)OC)cc1
1527,1,COC(=O)c1cncn1C(C)c1ccccc1,COC(=O)c1cncn1C(C)c1ccccc1
1528,0,COC(C(=O)N[C@@H]1C(=O)N2[C@@H](C(=O)O)C(C)(C)S[C@H]12)c1ccc(Cl)c(Cl)c1,COC(C(=O)N[C@@H]1C(=O)N2[C@@H]1SC(C)(C)[C@@H]2C(=O)O)c1ccc(Cl)c(Cl)c1
1529,1,COC1(F)C(F)(F)C1(F)Cl,COC1(F)C(F)(F)C1(F)Cl
1530,1,COC12C=CC3(CC1C(C)(C)O)[C@@H]1Cc4ccc(O)c5c4[C@]3(CCN1CC1CC1)[C@@H]2O5,COC12C=CC3(CC1C(C)(C)O)[C@@H]1Cc4ccc(O)c5c4[C@]3(CCN1CC1CC1)[C@@H]2O5
1531,0,COC1=C(C(=O)O)N2C(=O)C(NC(=O)C(N)C3C=CCC=C3)C2SC1,COC1=C(C(=O)O)N2C(=O)C(NC(=O)C(N)C3C=CCC=C3)C2SC1
1532,1,COC1=CC(=O)OC1C(O)c1ccccc1Cl,COC1=CC(=O)OC1C(O)c1ccccc1Cl
1533,1,COC1=CC=C2[C@H]3Cc4ccc(OC)c5c4[C@@]2(CCN3C)[C@H]1O5,COC1=CC=C2[C@H]3Cc4ccc(OC)c5c4[C@@]2(CCN3C)[C@H]1O5
1534,0,COC1C=COC2(C)Oc3c(C)c(O)c4c(O)c(c(C=NN5CCN(C)CC5)c(O)c4c3C2=O)NC(=O)C(C)=CC=CC(C)C(O)C(C)C(O)C(C)C(OC(C)=O)C1C,COC1C=COC2(C)Oc3c(C)c(O)c4c(O)c(c(C=NN5CCN(C)CC5)c(O)c4c3C2=O)NC(=O)C(C)=CC=CC(C)C(O)C(C)C(O)C(C)C(OC(C)=O)C1C
1535,0,COC1CC(O[C@@H]2[C@@H](C)C(=O)O[C@H](C)[C@H](C)[C@H](O)[C@@H](C)C(=O)[C@@]3(CO3)C[C@H](C)[C@H](OC3OC(C)CC(N(C)C)C3O)[C@H]2C)OC(C)C1O,COC1CC(O[C@H]2[C@H](C)[C@@H](OC3OC(C)CC(N(C)C)C3O)[C@@H](C)C[C@]3(CO3)C(=O)[C@H](C)[C@@H](O)[C@@H](C)[C@@H](C)OC(=O)[C@@H]2C)OC(C)C1O
1536,1,COCC(=O)N(c1ccccc1F)C1CCN(CCc2ccccc2)CC1,COCC(=O)N(c1ccccc1F)C1CCN(CCc2ccccc2)CC1
1537,0,COCC(=O)O[C@]1(CCN(C)CCCc2nc3ccccc3[nH]2)CCc2cc(F)ccc2[C@@H]1C(C)C,COCC(=O)O[C@]1(CCN(C)CCCc2nc3ccccc3[nH]2)CCc2cc(F)ccc2[C@@H]1C(C)C
1538,0,COCC1=C(C(=O)O)N2C(=O)[C@@H](NC(=O)/C(=N/O)c3csc(N)n3)[C@H]2SC1,COCC1=C(C(=O)O)N2C(=O)[C@@H](NC(=O)/C(=N/O)c3csc(N)n3)[C@H]2SC1
1539,0,COCC1=C(C(=O)O)N2C(=O)[C@@H](NC(=O)/C(=N/OC)c3csc(N)n3)[C@H]2SC1,COCC1=C(C(=O)O)N2C(=O)[C@@H](NC(=O)/C(=N/OC)c3csc(N)n3)[C@H]2SC1
1540,1,COCC1CN(c2ccc(OCc3cccc(C#N)c3)cc2)C(=O)O1,COCC1CN(c2ccc(OCc3cccc(C#N)c3)cc2)C(=O)O1
1541,1,COCC1CN=C(c2ccccc2Cl)c2cc(Br)ccc2N1C,COCC1CN=C(c2ccccc2Cl)c2cc(Br)ccc2N1C
1542,1,COCCCC/C(=N/OCCN)c1ccc(Cl)cc1,COCCCC/C(=N/OCCN)c1ccc(Cl)cc1
1543,1,COCCN1CC[C@]23c4c5ccc(O)c4O[C@H]2C(=O)CC[C@@]3(O)[C@H]1C5,COCCN1CC[C@]23c4c5ccc(O)c4O[C@H]2C(=O)CC[C@@]3(O)[C@H]1C5
1544,1,COCN1C(=O)CN=C(c2ccccc2)c2cc([N+](=O)[O-])ccc21,COCN1C(=O)CN=C(c2ccccc2)c2cc([N+](=O)[O-])ccc21
1545,0,COCOC(=O)C1N2C(=O)C(N3C(=O)C(c4ccc(O)cc4)NC3(C)C)C2SC1(C)C,COCOC(=O)C1N2C(=O)C(N3C(=O)C(c4ccc(O)cc4)NC3(C)C)C2SC1(C)C
1546,0,COCOC(=O)[C@@H]1N2C(=O)[C@@H](N3C(=O)C(c4ccccc4)NC3(C)C)[C@H]2SC1(C)C,COCOC(=O)[C@@H]1N2C(=O)[C@@H](N3C(=O)C(c4ccccc4)NC3(C)C)[C@H]2SC1(C)C
1547,1,COC[C@H]1CN(c2ccc(OCC[C@@H](O)C(F)(F)F)cc2)C(=O)O1,COC[C@H]1CN(c2ccc(OCC[C@@H](O)C(F)(F)F)cc2)C(=O)O1
1548,1,COCc1c(C(=O)OC(C)C)ncc2[nH]c3cccc(Oc4ccc(Cl)cc4)c3c12,COCc1c(C(=O)OC(C)C)ncc2[nH]c3cccc(Oc4ccc(Cl)cc4)c3c12
1549,1,CON=C(C#N)C1CN2CCC1CC2,CON=C(C#N)C1CN2CCC1CC2
1550,1,CO[C@@H]1O[C@H]2O[C@]3(CN4CCCCC4)[C@@H](O)C[C@@H]([C@H]13)[C@H]2C,CO[C@@H]1O[C@H]2O[C@@]3(CN4CCCCC4)[C@@H]1[C@H](C[C@@H]3O)[C@H]2C
1551,0,CO[C@@H]1[C@@H](OC(N)=O)[C@@H](O)[C@H](Oc2ccc3c(O)c(NC(=O)c4ccc(O)c(CC=C(C)C)c4)c(=O)oc3c2C)OC1(C)C,CO[C@@H]1[C@@H](OC(N)=O)[C@@H](O)[C@H](Oc2ccc3c(O)c(NC(=O)c4ccc(O)c(CC=C(C)C)c4)c(=O)oc3c2C)OC1(C)C
1552,0,CO[C@@]1(NC(=O)C(C(=O)O)c2ccc(O)cc2)C(=O)N2C(C(=O)O)=C(CSc3nnnn3C)CO[C@@H]21,CO[C@@]1(NC(=O)C(C(=O)O)c2ccc(O)cc2)C(=O)N2C(C(=O)O)=C(CSc3nnnn3C)CO[C@@H]21
1553,0,CO[C@@]1(NC(=O)C(C(=O)O)c2ccsc2)C(=O)N2[C@@H](C(=O)O)C(C)(C)S[C@@H]21,CO[C@@]1(NC(=O)C(C(=O)O)c2ccsc2)C(=O)N2[C@@H](C(=O)O)C(C)(C)S[C@@H]21
1554,0,CO[C@@]1(NC(=O)CSCC#N)C(=O)N2C(C(=O)O)=C(CSc3nnnn3C)CS[C@@H]21,CO[C@@]1(NC(=O)CSCC#N)C(=O)N2C(C(=O)O)=C(CSc3nnnn3C)CS[C@@H]21
1555,0,CO[C@@]1(NC(=O)CSC[C@@H](N)C(=O)O)C(=O)N2C(C(=O)O)=C(CSc3nnnn3C)CS[C@@H]21,CO[C@@]1(NC(=O)CSC[C@@H](N)C(=O)O)C(=O)N2C(C(=O)O)=C(CSc3nnnn3C)CS[C@@H]21
1556,0,CO[C@@]12[C@H](COC(N)=O)C3=C(C(=O)C(C)=C(N)C3=O)N1C[C@@H]1N[C@@H]12,CO[C@@]12[C@H](COC(N)=O)C3=C(C(=O)C(C)=C(N)C3=O)N1C[C@@H]1N[C@@H]12
1557,1,CO[C@H](C(=O)[C@@H](O)[C@@H](C)O)[C@@H]1Cc2cc3cc(O[C@H]4C[C@@H](O[C@H]5C[C@@H](O)[C@H](O)[C@@H](C)O5)[C@H](O)[C@@H](C)O4)c(C)c(O)c3c(O)c2C(=O)[C@H]1O[C@H]1C[C@@H](O[C@H]2C[C@@H](O[C@H]3C[C@](C)(O)[C@H](O)[C@@H](C)O3)[C@H](O)[C@@H](C)O2)[C@H](O)[C@@H](C)O1,CO[C@H](C(=O)[C@@H](O)[C@@H](C)O)[C@@H]1Cc2cc3cc(O[C@H]4C[C@@H](O[C@H]5C[C@@H](O)[C@H](O)[C@@H](C)O5)[C@H](O)[C@@H](C)O4)c(C)c(O)c3c(O)c2C(=O)[C@H]1O[C@H]1C[C@@H](O[C@H]2C[C@@H](O[C@H]3C[C@](C)(O)[C@H](O)[C@@H](C)O3)[C@H](O)[C@@H](C)O2)[C@H](O)[C@@H](C)O1
1558,0,CO[C@H]1/C=C/O[C@@]2(C)Oc3c(C)c(O)c4c(O)c(c(C=NN5CCN(C6CCCC6)CC5)c(O)c4c3C2=O)NC(=O)/C(C)=C\C=C\[C@H](C)[C@H](O)[C@@H](C)[C@@H](O)[C@@H](C)[C@H](OC(C)=O)[C@@H]1C,CO[C@H]1/C=C/O[C@@]2(C)Oc3c(C)c(O)c4c(O)c(c(C=NN5CCN(C6CCCC6)CC5)c(O)c4c3C2=O)NC(=O)/C(C)=C\C=C\[C@H](C)[C@H](O)[C@@H](C)[C@@H](O)[C@@H](C)[C@H](OC(C)=O)[C@@H]1C
1559,0,CO[C@H]1/C=C/O[C@@]2(C)Oc3c(C)c(O)c4c(O)c(c5c(c4c3C2=O)NC2(CCN(CC(C)C)CC2)N=5)=NC(=O)/C(C)=C\C=C\[C@H](C)[C@H](O)[C@@H](C)[C@@H](O)[C@@H](C)[C@H](OC(C)=O)[C@@H]1C,CO[C@H]1/C=C/O[C@@]2(C)Oc3c(C)c(O)c4c(O)c(c5c(c4c3C2=O)NC2(CCN(CC(C)C)CC2)N=5)=NC(=O)/C(C)=C\C=C\[C@H](C)[C@H](O)[C@@H](C)[C@@H](O)[C@@H](C)[C@H](OC(C)=O)[C@@H]1C
1560,0,CO[C@H]1/C=C/O[C@@]2(C)Oc3c(C)c(O)c4c(O)c(c5c(nc6cc(C)ccn65)c4c3C2=O)NC(=O)/C(C)=C\C=C\[C@H](C)[C@H](O)[C@@H](C)[C@@H](O)[C@@H](C)[C@H](OC(C)=O)[C@@H]1C,CO[C@H]1/C=C/O[C@@]2(C)Oc3c(C)c(O)c4c(O)c(c5c(nc6cc(C)ccn65)c4c3C2=O)NC(=O)/C(C)=C\C=C\[C@H](C)[C@H](O)[C@@H](C)[C@@H](O)[C@@H](C)[C@H](OC(C)=O)[C@@H]1C
1561,0,CO[C@H]1/C=C/O[C@@]2(C)Oc3c(C)c(O)c4c(O)c(cc(O)c4c3C2=O)NC(=O)/C(C)=C\C=C\[C@H](C)[C@H](O)[C@@H](C)[C@@H](O)[C@@H](C)[C@H](OC(C)=O)[C@@H]1C,CO[C@H]1/C=C/O[C@@]2(C)Oc3c(C)c(O)c4c(O)c(cc(O)c4c3C2=O)NC(=O)/C(C)=C\C=C\[C@H](C)[C@H](O)[C@@H](C)[C@@H](O)[C@@H](C)[C@H](OC(C)=O)[C@@H]1C
1562,1,CO[C@H]1CC[C@H]2[C@H]3Cc4ccc(O)c5c4[C@@]2(CCN3C)[C@H]1O5,CO[C@H]1CC[C@H]2[C@H]3Cc4ccc(O)c5c4[C@@]2(CCN3C)[C@H]1O5
1563,0,CO[C@H]1C[C@H](O[C@@H]2[C@@H](C)C(=O)O[C@H](C)[C@H](C)[C@H](OC(C)=O)[C@@H](C)C(=O)[C@]3(CO3)C[C@H](C)[C@H](O[C@@H]3O[C@H](C)C[C@H](N(C)C)[C@H]3OC(C)=O)[C@H]2C)O[C@@H](C)[C@@H]1OC(C)=O,CO[C@H]1C[C@H](O[C@H]2[C@H](C)[C@@H](O[C@@H]3O[C@H](C)C[C@H](N(C)C)[C@H]3OC(C)=O)[C@@H](C)C[C@@]3(CO3)C(=O)[C@H](C)[C@@H](OC(C)=O)[C@@H](C)[C@@H](C)OC(=O)[C@@H]2C)O[C@@H](C)[C@@H]1OC(C)=O
1564,1,CO[C@]12CC[C@@]3(C[C@@H]1C(C)(C)O)[C@H]1Cc4ccc(O)c5c4[C@@]3(CCN1CC1CC1)[C@H]2O5,CO[C@]12CC[C@@]3(C[C@@H]1C(C)(C)O)[C@H]1Cc4ccc(O)c5c4[C@@]3(CCN1CC1CC1)[C@H]2O5
1565,1,CO[C@]12CC[C@@]3(C[C@@H]1[C@](C)(O)C(C)(C)C)[C@H]1Cc4ccc(O)c5c4[C@@]3(CCN1CC1CC1)[C@H]2O5,CO[C@]12CC[C@@]3(C[C@@H]1[C@](C)(O)C(C)(C)C)[C@H]1Cc4ccc(O)c5c4[C@@]3(CCN1CC1CC1)[C@H]2O5
1566,1,COc1cc(/C=C/C(=O)N2CCCCCCC2)cc(OC)c1OC,COc1cc(/C=C/C(=O)N2CCCCCCC2)cc(OC)c1OC
1567,1,COc1cc(/C=C/C(N)=O)cc(OC)c1OC,COc1cc(/C=C/C(N)=O)cc(OC)c1OC
1568,1,COc1cc(Br)c2oc(C3CCNCC3)cc2c1,COc1cc(Br)c2oc(C3CCNCC3)cc2c1
1569,1,COc1cc(C(=O)/C=C/N2CC=CC2)cc(OC)c1OC,COc1cc(C(=O)/C=C/N2CC=CC2)cc(OC)c1OC
1570,1,COc1cc(C(=O)N2CCCCCCC2)cc(OC)c1OC,COc1cc(C(=O)N2CCCCCCC2)cc(OC)c1OC
1571,1,COc1cc(C(=O)OCCN2CCN(CCCN3c4ccccc4Sc4ccc(Cl)cc43)CC2)cc(OC)c1OC,COc1cc(C(=O)OCCN2CCN(CCCN3c4ccccc4Sc4ccc(Cl)cc43)CC2)cc(OC)c1OC
1572,1,COc1cc(C(C)=O)ccc1OCCCN1CCC(c2noc3cc(F)ccc23)CC1,COc1cc(C(C)=O)ccc1OCCCN1CCC(c2noc3cc(F)ccc23)CC1
1573,0,COc1cc([C@@H]2c3cc4c(cc3[C@@H](O[C@@H]3O[C@@H]5CO[C@@H](C)O[C@H]5[C@H](O)[C@H]3O)C3COC(=O)[C@@H]32)OCO4)cc(OC)c1O,COc1cc([C@@H]2c3cc4c(cc3[C@@H](O[C@@H]3O[C@@H]5CO[C@@H](C)O[C@H]5[C@H](O)[C@H]3O)C3COC(=O)[C@@H]32)OCO4)cc(OC)c1O
1574,1,COc1cc2[nH]c(C)c(CCN3CCN(c4ccccc4OC)CC3)c2cc1OC,COc1cc2[nH]c(C)c(CCN3CCN(c4ccccc4OC)CC3)c2cc1OC
1575,1,COc1cc2c(c(CN[C@@H]3CCCN[C@H]3c3ccccc3)c1)OCC2,COc1cc2c(c(CN[C@@H]3CCCN[C@H]3c3ccccc3)c1)OCC2
1576,0,COc1cc2c(c(OC)c1OC)-c1ccc(OC)c(=O)cc1[C@@H](NC(C)=O)CC2,COc1cc2c(c(OC)c1OC)-c1ccc(OC)c(=O)cc1[C@@H](NC(C)=O)CC2
1577,1,COc1cc2c(cc1OC)C(c1cccc(Cl)c1)=NN=C(C)C2,COc1cc2c(cc1OC)C(c1cccc(Cl)c1)=NN=C(C)C2
1578,1,COc1cc2c(cc1OC)C1CC(=O)C(CC(C)C)CN1CC2,COc1cc2c(cc1OC)C1CC(=O)C(CC(C)C)CN1CC2
1579,1,COc1cc2c(cc1OC)S(=O)(=O)OC(C(=O)NC(C)CC(C)(C)N(C)C)C2,COc1cc2c(cc1OC)S(=O)(=O)OC(C(=O)NC(C)CC(C)(C)N(C)C)C2
1580,1,COc1cc2c3c(c1O)C1(C=CC(=O)C=C1)CC3N(C)CC2,COc1cc2c3c(c1O)C1(C=CC(=O)C=C1)CC3N(C)CC2
1581,1,COc1cc2oc(=O)c(C)c(C)c2cc1OCCCN1CCN(c2ccccc2OC)CC1,COc1cc2oc(=O)c(C)c(C)c2cc1OCCCN1CCN(c2ccccc2OC)CC1
1582,1,COc1ccc(C#N)cc1C(=O)NCCN1CCC(C(=O)c2ccc(F)cc2)CC1,COc1ccc(C#N)cc1C(=O)NCCN1CCC(C(=O)c2ccc(F)cc2)CC1
1583,1,COc1ccc(C(=O)N2CCCC2=O)cc1,COc1ccc(C(=O)N2CCCC2=O)cc1
1584,1,COc1ccc(C(O)CN2CCN(C(c3ccccc3)c3ccccc3)CC2)cc1OC,COc1ccc(C(O)CN2CCN(C(c3ccccc3)c3ccccc3)CC2)cc1OC
1585,0,COc1ccc(CC(=O)N2CCN(C(C)=O)C[C@@H]2CN2CC[C@@H](O)C2)cc1,COc1ccc(CC(=O)N2CCN(C(C)=O)C[C@@H]2CN2CC[C@@H](O)C2)cc1
1586,1,COc1ccc(CCN2CCN(c3cccc(Cl)c3)CC2)cc1OC,COc1ccc(CCN2CCN(c3cccc(Cl)c3)CC2)cc1OC
1587,0,COc1ccc(C[C@H](N)C(=O)NC2[C@@H](CO)O[C@@H](n3cnc4c(N(C)C)ncnc43)[C@@H]2O)cc1,COc1ccc(C[C@H](N)C(=O)NC2[C@@H](O)[C@H](n3cnc4c(N(C)C)ncnc43)O[C@@H]2CO)cc1
1588,1,COc1ccc(Cl)c2c1CCCC2N(C)C,COc1ccc(Cl)c2c1CCCC2N(C)C
1589,1,COc1ccc(N2C[C@H](CN3CCC(O)(c4ccc5c(c4)OCO5)CC3)OC2=O)cc1,COc1ccc(N2C[C@H](CN3CCC(O)(c4ccc5c(c4)OCO5)CC3)OC2=O)cc1
1590,1,COc1ccc(OCC2CN(C)CCC2c2ccccc2)cc1,COc1ccc(OCC2CN(C)CCC2c2ccccc2)cc1
1591,1,COc1ccc(S(N)(=O)=O)cc1C(=O)NCC1CCCN1C,COc1ccc(S(N)(=O)=O)cc1C(=O)NCC1CCCN1C
1592,1,COc1ccc(S(N)(=O)=O)cc1C(=O)NCC1CCCN1Cc1ccc(F)cc1,COc1ccc(S(N)(=O)=O)cc1C(=O)NCC1CCCN1Cc1ccc(F)cc1
1593,1,COc1ccc([C@H](O)CN2CCN(c3cccccc3=O)CC2)cc1OC,COc1ccc([C@H](O)CN2CCN(c3cccccc3=O)CC2)cc1OC
1594,1,COc1ccc2c(C3CCN(CCCC(=O)c4ccc(F)cc4)CC3)c(C)[nH]c2c1,COc1ccc2c(C3CCN(CCCC(=O)c4ccc(F)cc4)CC3)c(C)[nH]c2c1
1595,1,COc1ccc2c(c1)C(N1CCN(C)CC1)=Cc1ccccc1O2,COc1ccc2c(c1)C(N1CCN(C)CC1)=Cc1ccccc1O2
1596,1,COc1ccc2c(c1)C(O)(CCCN(C)C)c1ccccc1S2,COc1ccc2c(c1)C(O)(CCCN(C)C)c1ccccc1S2
1597,1,COc1ccc2c(c1)CN(C)CC2c1ccc(Cl)c(Cl)c1,COc1ccc2c(c1)CN(C)CC2c1ccc(Cl)c(Cl)c1
1598,1,COc1ccc2c(c1)N(CC(C)CN1CCC(O)CC1)c1ccccc1S2,COc1ccc2c(c1)N(CC(C)CN1CCC(O)CC1)c1ccccc1S2
1599,1,COc1ccc2c(c1)N(CCC1CCCCN1C)c1ccccc1S2,COc1ccc2c(c1)N(CCC1CCCCN1C)c1ccccc1S2
1600,1,COc1ccc2c(c1)N(C[C@H](C)CN(C)C)c1ccccc1S2,COc1ccc2c(c1)N(C[C@H](C)CN(C)C)c1ccccc1S2
1601,1,COc1ccc2c(c1)c1c3n2CCN(C)C3=NCC1,COc1ccc2c(c1)c1c3n2CCN(C)C3=NCC1
1602,1,COc1ccc2c(c1OC)C(=O)O[C@@H]2[C@H]1c2c(cc3c(c2OC)OCO3)CCN1C,COc1ccc2c(c1OC)C(=O)O[C@@H]2[C@H]1c2c(cc3c(c2OC)OCO3)CCN1C
1603,1,COc1ccc2c(c1OC)[C@]13CCN(C)[C@H](C2)[C@]1(O)CC[C@@H](O)C3,COc1ccc2c(c1OC)[C@]13CCN(C)[C@H](C2)[C@]1(O)CC[C@@H](O)C3
1604,1,COc1ccc2c3c1OC1C(O)C=CC4C(C2)NCCC341,COc1ccc2c3c1OC1C(O)C=CC4C(C2)NCCC341
1605,1,COc1ccc2c3c1OC1C(OC(=O)c4cccnc4)CCC4C(C2)N(C)CCC341,COc1ccc2c3c1OC1C(OC(=O)c4cccnc4)CCC4C(C2)N(C)CCC341
1606,1,COc1ccc2c3c1OC1C(OC(C)=O)=CCC4C(C2)N(C)CCC314,COc1ccc2c3c1OC1C(OC(C)=O)=CCC4C(C2)N(C)CCC314
1607,1,COc1cccc(C(=O)NC2C[C@@H]3CC[C@H](C2)N3Cc2ccccc2)c1OC,COc1cccc(C(=O)NC2C[C@H]3CC[C@@H](C2)N3Cc2ccccc2)c1OC
1608,0,COc1cccc(CC(=O)N2CCN(C(C)=O)C[C@@H]2CN2CC[C@@H](O)C2)c1,COc1cccc(CC(=O)N2CCN(C(C)=O)C[C@@H]2CN2CC[C@@H](O)C2)c1
1609,0,COc1cccc(OC)c1C(=O)N[C@@H]1C(=O)N2[C@@H](C(=O)O)C(C)(C)S[C@H]12,COc1cccc(OC)c1C(=O)N[C@@H]1C(=O)N2[C@@H]1SC(C)(C)[C@@H]2C(=O)O
1610,0,COc1cccc2c1C(=O)c1c(O)c3c(c(O)c1C2=O)CC(O)(C(=O)CO)CC3O,COc1cccc2c1C(=O)c1c(O)c3c(c(O)c1C2=O)CC(O)(C(=O)CO)CC3O
1611,0,COc1cccc2c1C(=O)c1c(O)c3c(c(O)c1C2=O)C[C@@](O)(/C(C)=N/NC(=O)c1ccccc1)C[C@@H]3O[C@H]1C[C@H](N)[C@H](O)[C@H](C)O1,COc1cccc2c1C(=O)c1c(O)c3c(c(O)c1C2=O)C[C@@](O)(/C(C)=N/NC(=O)c1ccccc1)C[C@@H]3O[C@H]1C[C@H](N)[C@H](O)[C@H](C)O1
1612,0,COc1cccc2c1C(=O)c1c(O)c3c(c(O)c1C2=O)C[C@@](O)(C(=O)CO)C[C@@H]3O[C@H]1C[C@H](N)[C@H](O[C@H]2CCCCO2)[C@H](C)O1,COc1cccc2c1C(=O)c1c(O)c3c(c(O)c1C2=O)C[C@@](O)(C(=O)CO)C[C@@H]3O[C@H]1C[C@H](N)[C@H](O[C@H]2CCCCO2)[C@H](C)O1
1613,0,COc1cccc2c1C(=O)c1c(O)c3c(c(O)c1C2=O)C[C@@](O)(C(=O)CO)C[C@@H]3O[C@H]1C[C@H](NC(=O)[C@@H](N)CC(C)C)[C@H](O)[C@H](C)O1,COc1cccc2c1C(=O)c1c(O)c3c(c(O)c1C2=O)C[C@@](O)(C(=O)CO)C[C@@H]3O[C@H]1C[C@H](NC(=O)[C@@H](N)CC(C)C)[C@H](O)[C@H](C)O1
1614,0,COc1cccc2c1C(=O)c1c(O)c3c(c(O)c1C2=O)C[C@@](O)(C(C)=O)C[C@@H]3O[C@H]1C[C@H](N)[C@H](O)[C@H](C)O1,COc1cccc2c1C(=O)c1c(O)c3c(c(O)c1C2=O)C[C@@](O)(C(C)=O)C[C@@H]3O[C@H]1C[C@H](N)[C@H](O)[C@H](C)O1
1615,1,COc1ccccc1N1CCN(CC(O)COc2cc(OC)c(OC)c(OC)c2)CC1,COc1ccccc1N1CCN(CC(O)COc2cc(OC)c(OC)c(OC)c2)CC1
1616,1,COc1ccccc1N1CCN(CCCC(=O)c2ccc(F)cc2)CC1,COc1ccccc1N1CCN(CCCC(=O)c2ccc(F)cc2)CC1
1617,1,COc1ccccc1N1CCN(CCCC(O)c2ccc(F)cc2)CC1,COc1ccccc1N1CCN(CCCC(O)c2ccc(F)cc2)CC1
1618,1,COc1ccccc1N1CCN(CCc2oc(=O)[nH]c2-c2ccc(F)cc2)CC1,COc1ccccc1N1CCN(CCc2oc(=O)[nH]c2-c2ccc(F)cc2)CC1
1619,1,COc1ccccc1OCC(O)COC(N)=O,COc1ccccc1OCC(O)COC(N)=O
1620,1,COc1ccccc1OCC1CNC(=O)O1,COc1ccccc1OCC1CNC(=O)O1
1621,1,COc1nc2nc(-c3noc(C)n3)cn2c2c1CCCC2,COc1nc2nc(-c3noc(C)n3)cn2c2c1CCCC2
1622,1,CS(=O)(=O)c1ccc([C@@H](O)[C@@H](CF)NC(=O)C(Cl)Cl)cc1,CS(=O)(=O)c1ccc([C@@H](O)[C@@H](CF)NC(=O)C(Cl)Cl)cc1
1623,1,CS(=O)(=O)c1ccc([C@@H](O)[C@@H](CO)NC(=O)C(Cl)Cl)cc1,CS(=O)(=O)c1ccc([C@@H](O)[C@@H](CO)NC(=O)C(Cl)Cl)cc1
1624,1,CS(=O)(=O)c1ccc2c(c1)N(CCCN1CCC(C(N)=O)CC1)c1ccccc1S2,CS(=O)(=O)c1ccc2c(c1)N(CCCN1CCC(C(N)=O)CC1)c1ccccc1S2
1625,1,CSC(=O)C1(O)C(C)CC2C3CCC4=CC(=O)C=CC4(C)C3(F)C(O)CC21C,CSC(=O)C1(O)C(C)CC2C3CCC4=CC(=O)C=CC4(C)C3(F)C(O)CC21C
1626,1,CSC(=O)C1(OC(C)=O)[C@@H](C)C[C@H]2[C@@H]3CCC4=CC(=O)C=C[C@]4(C)C3(F)[C@@H](O)C[C@@]21C,CSC(=O)C1(OC(C)=O)[C@@H](C)C[C@H]2[C@@H]3CCC4=CC(=O)C=C[C@]4(C)C3(F)[C@@H](O)C[C@@]21C
1627,1,CSCC[C@H](NC(C)=O)C(=O)Oc1ccc(NC(C)=O)cc1,CSCC[C@H](NC(C)=O)C(=O)Oc1ccc(NC(C)=O)cc1
1628,1,CSc1c(Cl)nc(NC(C)C)nc1N1CCN(C)CC1,CSc1c(Cl)nc(NC(C)C)nc1N1CCN(C)CC1
1629,1,CSc1ccc2c(c1)C(N1CCN(C)CC1)Cc1ccccc1S2,CSc1ccc2c(c1)C(N1CCN(C)CC1)Cc1ccccc1S2
1630,1,CSc1ccc2c(c1)N(CC(C)CN(C)C)c1ccccc1S2,CSc1ccc2c(c1)N(CC(C)CN(C)C)c1ccccc1S2
1631,0,C[C@@H](CN1CC(=O)NC(=O)C1)N1CC(=O)NC(=O)C1,C[C@@H](CN1CC(=O)NC(=O)C1)N1CC(=O)NC(=O)C1
1632,0,C[C@@H](O)[C@H]1C(=O)N2C(C(=O)O)=C(COC(N)=O)S[C@H]12,C[C@@H](O)[C@H]1C(=O)N2C(C(=O)O)=C(COC(N)=O)S[C@H]12
1633,0,C[C@@H](O)[C@H]1C(=O)N2C(C(=O)O)=C(SC3CC[S+]([O-])C3)S[C@H]12,C[C@@H](O)[C@H]1C(=O)N2C(C(=O)O)=C(SC3CC[S+]([O-])C3)S[C@H]12
1634,0,C[C@@H](O)[C@H]1C(=O)N2C(C(=O)O)=C([C@H]3CCCO3)S[C@H]12,C[C@@H](O)[C@H]1C(=O)N2C(C(=O)O)=C([C@H]3CCCO3)S[C@H]12
1635,1,C[C@@H]1CC2C3CCC4=CC(=O)C=CC4(C)[C@@]3(Cl)C(Cl)CC2(C)[C@@]1(O)C(=O)CO,C[C@@H]1CC2C3CCC4=CC(=O)C=CC4(C)[C@@]3(Cl)C(Cl)CC2(C)[C@@]1(O)C(=O)CO
1636,1,C[C@@H]1CC2C3C[C@H](F)C4=CC(=O)C=CC4(C)[C@@]3(Cl)C(O)CC2(C)C1C(=O)CO,C[C@@H]1CC2C3C[C@H](F)C4=CC(=O)C=CC4(C)[C@@]3(Cl)C(O)CC2(C)C1C(=O)CO
1637,1,C[C@@H]1CC2C3C[C@H](F)C4=CC(=O)C=CC4(C)[C@@]3(Cl)C(O)CC2(C)C1C(=O)COC(=O)C(C)(C)C,C[C@@H]1CC2C3C[C@H](F)C4=CC(=O)C=CC4(C)[C@@]3(Cl)C(O)CC2(C)C1C(=O)COC(=O)C(C)(C)C
1638,1,C[C@@H]1CC2C3C[C@H](F)C4=CC(=O)C=CC4(C)[C@@]3(F)C(O)CC2(C)C1C(=O)CO,C[C@@H]1CC2C3C[C@H](F)C4=CC(=O)C=CC4(C)[C@@]3(F)C(O)CC2(C)C1C(=O)CO
1639,1,C[C@@H]1CC2[C@@H]3C[C@H](F)C4=CC(=O)C(Cl)=C[C@]4(C)[C@@]3(F)[C@@H](O)C[C@]2(C)[C@@]1(O)C(=O)CO,C[C@@H]1CC2[C@@H]3C[C@H](F)C4=CC(=O)C(Cl)=C[C@]4(C)[C@@]3(F)[C@@H](O)C[C@]2(C)[C@@]1(O)C(=O)CO
1640,1,C[C@@H]1CN2CC(=O)Nc3ccc(Cl)cc3[C@]2(c2ccccc2)O1,C[C@@H]1CN2CC(=O)Nc3ccc(Cl)cc3[C@]2(c2ccccc2)O1
1641,1,C[C@@H]1C[C@H]2C3C[C@H](F)C4=CC(=O)C=CC4(C)[C@@]3(F)[C@@H](O)CC2(C)[C@@]1(O)C(=O)COC(=O)C(C)(C)C,C[C@@H]1C[C@H]2C3C[C@H](F)C4=CC(=O)C=CC4(C)[C@@]3(F)[C@@H](O)CC2(C)[C@@]1(O)C(=O)COC(=O)C(C)(C)C
1642,1,C[C@@H]1C[C@H]2[C@@H]3CCC4=CC(=O)C=C[C@]4(C)[C@@]3(Cl)[C@@H](O)C[C@]2(C)[C@@]1(O)C(=O)CCl,C[C@@H]1C[C@H]2[C@@H]3CCC4=CC(=O)C=C[C@]4(C)[C@@]3(Cl)[C@@H](O)C[C@]2(C)[C@@]1(O)C(=O)CCl
1643,1,C[C@@H]1C[C@H]2[C@@H]3CCC4=CC(=O)C=C[C@]4(C)[C@@]3(F)[C@@H](O)C[C@]2(C)[C@H]1C(=O)CO,C[C@@H]1C[C@H]2[C@@H]3CCC4=CC(=O)C=C[C@]4(C)[C@@]3(F)[C@@H](O)C[C@]2(C)[C@H]1C(=O)CO
1644,1,C[C@@H]1C[C@H]2[C@@H]3C[C@H](F)C4=CC(=O)C=C[C@]4(C)C3(Cl)[C@@H](F)C[C@]2(C)[C@H]1C(=O)CO,C[C@@H]1C[C@H]2[C@@H]3C[C@H](F)C4=CC(=O)C=C[C@]4(C)C3(Cl)[C@@H](F)C[C@]2(C)[C@H]1C(=O)CO
1645,1,C[C@@H]1C[C@H]2[C@@H]3C[C@H](F)C4=CC(=O)C=C[C@]4(C)[C@@]3(F)[C@@H](O)C[C@]2(C)[C@@]1(O)C(=O)CO,C[C@@H]1C[C@H]2[C@@H]3C[C@H](F)C4=CC(=O)C=C[C@]4(C)[C@@]3(F)[C@@H](O)C[C@]2(C)[C@@]1(O)C(=O)CO
1646,1,C[C@@H]1C[C@H]2[C@@H]3C[C@H](F)C4=CC(=O)C=C[C@]4(C)[C@H]3[C@@H](O)C[C@]2(C)[C@@]1(O)C(=O)CO,C[C@@H]1C[C@H]2[C@@H]3C[C@H](F)C4=CC(=O)C=C[C@]4(C)[C@H]3[C@@H](O)C[C@]2(C)[C@@]1(O)C(=O)CO
1647,1,C[C@@H]1C[C@H]2[C@@H]3C[C@H](F)C4=CC(=O)C=C[C@]4(C)[C@H]3[C@@H](O)C[C@]2(C)[C@H]1C(=O)CO,C[C@@H]1C[C@H]2[C@@H]3C[C@H](F)C4=CC(=O)C=C[C@]4(C)[C@H]3[C@@H](O)C[C@]2(C)[C@H]1C(=O)CO
1648,1,C[C@@H]1N=C(c2ccccc2Cl)c2cc([N+](=O)[O-])ccc2NC1=O,C[C@@H]1N=C(c2ccccc2Cl)c2cc([N+](=O)[O-])ccc2NC1=O
1649,0,C[C@@H]1OC(=O)C[C@H](O)C[C@H](O)CC[C@@H](O)[C@H](O)C[C@H](O)C[C@]2(O)C[C@H](O)[C@@H](C(=O)O)[C@H](C[C@@H](O[C@@H]3O[C@H](C)[C@@H](O)[C@H](N)[C@@H]3O)/C=C\C=C/C=C\C=C/C=C\C=C/C=C\[C@H](C)[C@@H](O)[C@H]1C)O2,C[C@@H]1[C@H](O)[C@@H](C)/C=C\C=C/C=C\C=C/C=C\C=C/C=C\[C@H](O[C@@H]2O[C@H](C)[C@@H](O)[C@H](N)[C@@H]2O)C[C@@H]2O[C@](O)(C[C@@H](O)C[C@@H](O)[C@H](O)CC[C@@H](O)C[C@@H](O)CC(=O)O[C@H]1C)C[C@H](O)[C@H]2C(=O)O
1650,0,C[C@@](Cc1ccc(O)c(O)c1)(NN)C(=O)O,C[C@@](Cc1ccc(O)c(O)c1)(NN)C(=O)O
1651,0,C[C@H](CCC(=O)O)[C@H]1CC[C@H]2[C@@H]3C(=O)C[C@@H]4CC(=O)CC[C@]4(C)[C@H]3CC(=O)[C@@]21C,C[C@H](CCC(=O)O)[C@H]1CC[C@H]2[C@@H]3C(=O)C[C@@H]4CC(=O)CC[C@]4(C)[C@H]3CC(=O)[C@]12C
1652,1,C[C@H](N)Cc1ccccc1,C[C@H](N)Cc1ccccc1
1653,0,C[C@H](N)[C@H](O)c1cccc(O)c1,C[C@H](N)[C@H](O)c1cccc(O)c1
1654,0,C[C@H](O)C1C(=O)N2C(C(=O)O)=C(S[C@@H]3CN[C@H](C(=O)N(C)C)C3)[C@H](C)C12,C[C@H](O)C1C(=O)N2C(C(=O)O)=C(S[C@@H]3CN[C@H](C(=O)N(C)C)C3)[C@H](C)C12
1655,0,C[C@H](O)[C@H]1C(=O)N2C(C(=O)O)=C(SCCN=CN)C[C@H]12,C[C@H](O)[C@H]1C(=O)N2C(C(=O)O)=C(SCCN=CN)C[C@H]12
1656,1,C[C@H]1CCCC[C@@]1(c1cccs1)N1CCCCC1,C[C@H]1CCCC[C@@]1(c1cccs1)N1CCCCC1
1657,1,C[C@H]1C[C@H]2[C@@H]3CCC4=CC(=O)C=C[C@]4(C)[C@@]3(F)C(=O)C[C@]2(C)[C@@]1(O)C(=O)CCl,C[C@H]1C[C@H]2[C@@H]3CCC4=CC(=O)C=C[C@]4(C)[C@@]3(F)C(=O)C[C@]2(C)[C@@]1(O)C(=O)CCl
1658,1,C[C@H]1C[C@H]2[C@@H]3CCC4=CC(=O)C=C[C@]4(C)[C@H]3C(=O)C[C@]2(C)[C@@]1(O)C(=O)CO,C[C@H]1C[C@H]2[C@@H]3CCC4=CC(=O)C=C[C@]4(C)[C@H]3C(=O)C[C@]2(C)[C@@]1(O)C(=O)CO
1659,1,C[C@H]1C[C@H]2[C@@H]3CC[C@](O)(C(=O)COC(=O)CCC(=O)O)[C@@]3(C)C[C@H](O)[C@@H]2[C@@]2(C)C=CC(=O)C=C12,C[C@H]1C[C@@H]2[C@H]([C@@H](O)C[C@@]3(C)[C@H]2CC[C@]3(O)C(=O)COC(=O)CCC(=O)O)[C@@]2(C)C=CC(=O)C=C12
1660,0,C[C@H]1O[C@@H](O[C@H]2[C@@H](O)C[C@H](O[C@H]3[C@@H](O)C[C@H](O[C@H]4CC[C@]5(C)[C@H]6CC[C@]7(C)[C@H](C8=CC(=O)OC8)CC[C@]7(O)[C@@H]6CC[C@@H]5C4)O[C@@H]3C)O[C@@H]2C)C[C@H](O)[C@@H]1O,C[C@H]1O[C@@H](O[C@H]2[C@@H](O)C[C@H](O[C@H]3[C@@H](O)C[C@H](O[C@H]4CC[C@@]5(C)[C@H](CC[C@@H]6[C@@H]5CC[C@]5(C)[C@H](C7=CC(=O)OC7)CC[C@]65O)C4)O[C@@H]3C)O[C@@H]2C)C[C@H](O)[C@@H]1O
1661,0,C[C@H]1O[C@@H](O[C@H]2[C@@H](O)C[C@H](O[C@H]3[C@@H](O)C[C@H](O[C@H]4CC[C@]5(C)[C@H]6C[C@@H](O)[C@]7(C)[C@@H](C8=CC(=O)OC8)CC[C@]7(O)[C@@H]6CC[C@@H]5C4)O[C@@H]3C)O[C@@H]2C)C[C@H](O)[C@@H]1O,C[C@H]1O[C@@H](O[C@H]2[C@@H](O)C[C@H](O[C@H]3[C@@H](O)C[C@H](O[C@H]4CC[C@@]5(C)[C@H](CC[C@@H]6[C@@H]5C[C@@H](O)[C@]5(C)[C@@H](C7=CC(=O)OC7)CC[C@]65O)C4)O[C@@H]3C)O[C@@H]2C)C[C@H](O)[C@@H]1O
1662,0,C[C@H]1[C@H](NC(=O)/C(=N/OC(C)(C)C(=O)O)c2csc(N)n2)C(=O)N1S(=O)(=O)O,C[C@H]1[C@H](NC(=O)/C(=N/OC(C)(C)C(=O)O)c2csc(N)n2)C(=O)N1S(=O)(=O)O
1663,1,C[C@H]1[C@H](c2ccccc2)OCCN1C,C[C@H]1[C@H](c2ccccc2)OCCN1C
1664,1,C[C@H]1c2ccccc2[C@@H](CCCN(C)C)c2cc(C(F)(F)F)ccc21,C[C@H]1c2ccccc2[C@@H](CCCN(C)C)c2cc(C(F)(F)F)ccc21
1665,0,C[C@]1(Cn2ccnn2)[C@H](C(=O)O)N2C(=O)C[C@H]2S1(=O)=O,C[C@]1(Cn2ccnn2)[C@H](C(=O)O)N2C(=O)C[C@H]2S1(=O)=O
1666,0,C[C@]1(O)CC[C@H]2[C@@H]3CCC4=CC(=O)CC[C@]4(C)[C@H]3CC[C@@]21C,C[C@]12CCC(=O)C=C1CC[C@@H]1[C@@H]2CC[C@@]2(C)[C@H]1CC[C@]2(C)O
1667,1,C[C@]12C=C(Br)C(=O)C=C1[C@H](F)C[C@H]1[C@@H]3CCC(O)(C(=O)CO)[C@@]3(C)C[C@H](O)C12F,C[C@]12C=C(Br)C(=O)C=C1[C@H](F)C[C@H]1[C@@H]3CCC(O)(C(=O)CO)[C@@]3(C)C[C@H](O)C12F
1668,0,C[C@]12CCC(=O)C=C1CC[C@@H]1[C@@H]2[C@@H](O)C[C@]2(C=O)[C@@H](C(=O)CO)CC[C@@H]12,C[C@]12CCC(=O)C=C1CC[C@@H]1[C@@H]2[C@@H](O)C[C@]2(C=O)[C@@H](C(=O)CO)CC[C@@H]12
1669,0,C[C@]12CC[C@@H]3[C@H]4CCC(=O)C=C4CC[C@H]3[C@@H]1CC[C@@H]2O,C[C@]12CC[C@H]3[C@@H](CCC4=CC(=O)CC[C@@H]43)[C@@H]1CC[C@@H]2O
1670,0,C[C@]12CC[C@@H]3c4ccc(O)cc4CC[C@H]3[C@@H]1CCC2=O,C[C@]12CC[C@@H]3c4ccc(O)cc4CC[C@H]3[C@@H]1CCC2=O
1671,0,C[C@]12CC[C@H]3[C@@H](CCC4=CC(=O)C=C[C@@]43C)[C@@H]1CCC(=O)O2,C[C@]12C=CC(=O)C=C1CC[C@@H]1[C@@H]2CC[C@]2(C)OC(=O)CC[C@@H]12
1672,0,C[C@]12COC(=O)C[C@@H]1CC[C@@H]1[C@@H]2CC[C@@]2(C)[C@H]1CC[C@]2(C)O,C[C@]12COC(=O)C[C@@H]1CC[C@@H]1[C@@H]2CC[C@@]2(C)[C@H]1CC[C@]2(C)O
1673,1,C[C@]12C[C@H](O)[C@@]3(F)[C@@H](CCC4=CC(=O)C=C[C@@]43C)[C@@H]1C[C@H]1Cc3ccccc3C[C@]12C(=O)CO,C[C@]12C=CC(=O)C=C1CC[C@H]1[C@@H]3C[C@H]4Cc5ccccc5C[C@@]4(C(=O)CO)[C@@]3(C)C[C@H](O)[C@@]12F
1674,1,C[C@]12C[C@H](O)[C@@]3(F)[C@@H](C[C@H](F)C4=CC(=O)C=C[C@@]43C)[C@@H]1C[C@@H](O)[C@]2(O)C(=O)CO,C[C@]12C=CC(=O)C=C1[C@@H](F)C[C@H]1[C@@H]3C[C@@H](O)[C@](O)(C(=O)CO)[C@@]3(C)C[C@H](O)[C@@]12F
1675,1,C[C@]12C[C@H](O)[C@H]3[C@@H](CCC4=CC(=O)C=C[C@@]43C)[C@@H]1CC[C@]2(O)C(=O)COC(=O)CCC(=O)O,C[C@]12C=CC(=O)C=C1CC[C@@H]1[C@@H]2[C@@H](O)C[C@@]2(C)[C@H]1CC[C@]2(O)C(=O)COC(=O)CCC(=O)O
1676,0,C[C@]12C[C@H](O)[C@H]3[C@@H](CCC4=CC(=O)CC[C@@]43C)[C@@H]1CC[C@@H]2C(=O)CO,C[C@]12C[C@H](O)[C@H]3[C@@H](CCC4=CC(=O)CC[C@@]43C)[C@@H]1CC[C@@H]2C(=O)CO
1677,1,C[C@]12C[C@H](O)[C@H]3[C@@H](CCC4=CC(=O)CC[C@@]43C)[C@@H]1CC[C@]2(O)C(=O)COC(=O)CCC(=O)O,C[C@]12CCC(=O)C=C1CC[C@@H]1[C@@H]2[C@@H](O)C[C@@]2(C)[C@H]1CC[C@]2(O)C(=O)COC(=O)CCC(=O)O
1678,1,C[C@]12C[C@H](O)[C@H]3[C@@H](CCC4=CC(=O)CC[C@@]43C)[C@@H]1CC[C@]2(O)C(=O)CS,C[C@]12CCC(=O)C=C1CC[C@@H]1[C@@H]2[C@@H](O)C[C@@]2(C)[C@H]1CC[C@]2(O)C(=O)CS
1679,0,C[C@]12Cc3cn[nH]c3C[C@@H]1CC[C@@H]1[C@@H]2CC[C@@]2(C)[C@H]1CC[C@]2(C)O,C[C@]12Cc3cn[nH]c3C[C@@H]1CC[C@@H]1[C@@H]2CC[C@@]2(C)[C@H]1CC[C@]2(C)O
1680,1,C[N+](C)([O-])CC/C=C1/c2ccccc2C=Cc2c(Cl)cccc21,C[N+](C)([O-])CC/C=C1/c2ccccc2C=Cc2c(Cl)cccc21
1681,1,C[N+](C)([O-])CCC=C1c2ccccc2CCc2ccccc21,C[N+](C)([O-])CCC=C1c2ccccc2CCc2ccccc21
1682,1,C[N+](C)([O-])CCCN1c2ccccc2CCc2ccccc21,C[N+](C)([O-])CCCN1c2ccccc2CCc2ccccc21
1683,0,C[N+]1(C)CCC(OC(=O)C(O)(c2ccccc2)C2CCCC2)C1,C[N+]1(C)CCC(OC(=O)C(O)(c2ccccc2)C2CCCC2)C1
1684,0,C[N+]1(C)CCCC(OC(=O)C(O)(c2ccccc2)c2ccccc2)C1,C[N+]1(C)CCCC(OC(=O)C(O)(c2ccccc2)c2ccccc2)C1
1685,1,C[S+](CC[C@H](N)C(=O)O)C[C@H]1O[C@@H](n2cnc3c(N)ncnc32)[C@H](O)[C@@H]1O,C[S+](CC[C@H](N)C(=O)O)C[C@H]1O[C@@H](n2cnc3c(N)ncnc32)[C@H](O)[C@@H]1O
1686,1,Cc1[nH]ccc2c1[nH]c1cc(=O)ccc12,Cc1[nH]ccc2c1[nH]c1cc(=O)ccc12
1687,1,Cc1[nH]nc2c1N(c1ccccc1)C(=O)CC(=O)N2C,Cc1[nH]nc2c1N(c1ccccc1)C(=O)CC(=O)N2C
1688,1,Cc1c(C)c2c(c(C)c1O)CC[C@@](C)(CCC[C@H](C)CCC[C@H](C)CCCC(C)C)O2,Cc1c(C)c2c(c(C)c1O)CC[C@@](C)(CCC[C@H](C)CCC[C@H](C)CCCC(C)C)O2
1689,1,Cc1c(C)c2ccc(OCc3nnc(C(C)C)s3)cc2oc1=O,Cc1c(C)c2ccc(OCc3nnc(C(C)C)s3)cc2oc1=O
1690,0,Cc1c(O)c(=O)ccn1CCCO,Cc1c(O)c(=O)ccn1CCCO
1691,0,Cc1c(O)cccc1C(=O)N[C@@H](CSc1ccccc1)[C@H](O)CN1C[C@H]2CCCC[C@H]2C[C@H]1C(=O)NC(C)(C)C,Cc1c(O)cccc1C(=O)N[C@@H](CSc1ccccc1)[C@H](O)CN1C[C@H]2CCCC[C@H]2C[C@H]1C(=O)NC(C)(C)C
1692,1,Cc1c2c(cn1C)NC(=O)CN=C2c1ccccc1,Cc1c2c(cn1C)NC(=O)CN=C2c1ccccc1
1693,1,Cc1cc(-c2ccc(O)cc2)nnc1NCCN1CCOCC1,Cc1cc(-c2ccc(O)cc2)nnc1NCCN1CCOCC1
1694,0,Cc1cc(=O)c(C(=O)N[C@@H](C(=O)NC2C(=O)N3C(C(=O)O)=C(CSc4nnnn4C)CS[C@H]23)c2ccc(O)cc2)c[nH]1,Cc1cc(=O)c(C(=O)N[C@@H](C(=O)NC2C(=O)N3C(C(=O)O)=C(CSc4nnnn4C)CS[C@H]23)c2ccc(O)cc2)c[nH]1
1695,0,Cc1cc(=O)oc2cc(O)ccc12,Cc1cc(=O)oc2cc(O)ccc12
1696,1,Cc1cc(C(=O)NNCc2ccccc2)no1,Cc1cc(C(=O)NNCc2ccccc2)no1
1697,1,Cc1cc(C(C)(C)SC(C)(C)CNc2[nH]ccc2[N+](=O)[O-])nc(C)c1C,Cc1cc(C(C)(C)SC(C)(C)CNc2[nH]ccc2[N+](=O)[O-])nc(C)c1C
1698,1,Cc1cc(C)c(=O)[nH]n1,Cc1cc(C)c(=O)[nH]n1
1699,1,Cc1cc(C)cc(OCC2CNC(=O)O2)c1,Cc1cc(C)cc(OCC2CNC(=O)O2)c1
1700,1,Cc1cc(CCN2CCN(c3cccc(Cl)c3)CC2)n[nH]1,Cc1cc(CCN2CCN(c3cccc(Cl)c3)CC2)n[nH]1
1701,0,Cc1cc(NC(=O)C2=C(O)c3ccccc3S(=O)(=O)N2C)no1,Cc1cc(NC(=O)C2=C(O)c3ccccc3S(=O)(=O)N2C)no1
1702,1,Cc1cc(NC(=O)c2c(C)cccc2C)no1,Cc1cc(NC(=O)c2c(C)cccc2C)no1
1703,0,Cc1ccc(C(C)C)c(OCC2=NCCN2)c1,Cc1ccc(C(C)C)c(OCC2=NCCN2)c1
1704,1,Cc1ccc(C2(O)CCN(CCCC(=O)c3ccc(F)cc3)CC2)cc1,Cc1ccc(C2(O)CCN(CCCC(=O)c3ccc(F)cc3)CC2)cc1
1705,0,Cc1ccc(CC2=CN=C(NCCSCc3ccc(CN(C)C)o3)NC2)cn1,Cc1ccc(CC2=CN=C(NCCSCc3ccc(CN(C)C)o3)NC2)cn1
1706,1,Cc1ccc(Cc2ccccc2)c(N2CCNCC2)c1,Cc1ccc(Cc2ccccc2)c(N2CCNCC2)c1
1707,1,Cc1ccc(S(=O)(=O)CCN2C(=O)CN=C(c3ccccc3Cl)c3cc(Cl)ccc32)cc1,Cc1ccc(S(=O)(=O)CCN2C(=O)CN=C(c3ccccc3Cl)c3cc(Cl)ccc32)cc1
1708,0,Cc1ccc(S(=O)(=O)NC(=O)NN2CCCCCC2)cc1,Cc1ccc(S(=O)(=O)NC(=O)NN2CCCCCC2)cc1
1709,1,Cc1ccc2c(c1)C(N1CCN(C)CC1)=Nc1ccccc1S2,Cc1ccc2c(c1)C(N1CCN(C)CC1)=Nc1ccccc1S2
1710,1,Cc1ccc2c(c1)C1CN(C)CCC1N2,Cc1ccc2c(c1)C1CN(C)CCC1N2
1711,1,Cc1ccc2c(c1)[C@]13CCCC[C@@H]1[C@H](C2)N(C)CC3,Cc1ccc2c(c1)[C@]13CCCC[C@@H]1[C@H](C2)N(C)CC3
1712,1,Cc1cccc(/C=N\N2CCN(C(c3ccccc3)c3ccccc3)CC2)n1,Cc1cccc(/C=N\N2CCN(C(c3ccccc3)c3ccccc3)CC2)n1
1713,1,Cc1cccc(C)c1NC(=O)CN1CCCC1=O,Cc1cccc(C)c1NC(=O)CN1CCCC1=O
1714,1,Cc1cccc(C)c1NC(=O)c1ccc(N)cc1,Cc1cccc(C)c1NC(=O)c1ccc(N)cc1
1715,1,Cc1cccc(C)c1NC1=NCCCS1,Cc1cccc(C)c1NC1=NCCCS1
1716,1,Cc1cccc(Cc2cnc[nH]2)c1C,Cc1cccc(Cc2cnc[nH]2)c1C
1717,1,Cc1cccc(Cl)c1NC(=O)/C=C1\SCC(=O)N1C,Cc1cccc(Cl)c1NC(=O)/C=C1\SCC(=O)N1C
1718,1,Cc1cccc(N2CCN(CCc3cc(C)[nH]n3)CC2)c1,Cc1cccc(N2CCN(CCc3cc(C)[nH]n3)CC2)c1
1719,1,Cc1cccc(O[C@H]2CCNC[C@H]2O)c1C,Cc1cccc(O[C@H]2CCNC[C@H]2O)c1C
1720,1,Cc1cccc2c1Oc1ccccc1[C@@]1(O)CCN(C)C[C@H]21,Cc1cccc2c1Oc1ccccc1[C@@]1(O)CCN(C)C[C@H]21
1721,1,Cc1ccccc1-n1c(/C=C/c2ccccn2)nc2ccccc2c1=O,Cc1ccccc1-n1c(/C=C/c2ccccn2)nc2ccccc2c1=O
1722,1,Cc1ccccc1-n1c(C)nc2ccccc2c1=O,Cc1ccccc1-n1c(C)nc2ccccc2c1=O
1723,1,Cc1ccccc1N1CCN(CCCOc2ccccn2)CC1,Cc1ccccc1N1CCN(CCCOc2ccccn2)CC1
1724,1,Cc1ccccc1OCC(COC(O)C(Cl)(Cl)Cl)OC(O)C(Cl)(Cl)Cl,Cc1ccccc1OCC(COC(O)C(Cl)(Cl)Cl)OC(O)C(Cl)(Cl)Cl
1725,1,Cc1cn([C@H]2C=C[C@@H](CO)O2)c(=O)[nH]c1=O,Cc1cn([C@H]2C=C[C@@H](CO)O2)c(=O)[nH]c1=O
1726,1,Cc1cn[o+]c(C([NH])CC(C)C(C)(C)N(C(C)(C)C)C(C)(N)N)c1O,Cc1cn[o+]c(C([NH])CC(C)C(C)(C)N(C(C)(C)C)C(C)(N)N)c1O
1727,0,Cc1cnn(-c2c(Cl)cccc2Cl)c1C(=O)N[C@@H]1C(=O)N2[C@@H](C(=O)O)C(C)(C)S[C@H]12,Cc1cnn(-c2c(Cl)cccc2Cl)c1C(=O)N[C@@H]1C(=O)N2[C@@H]1SC(C)(C)[C@@H]2C(=O)O
1728,1,Cc1csc2ccc3[nH]c4c(c3c12)CN(C)CC4,Cc1csc2ccc3[nH]c4c(c3c12)CN(C)CC4
1729,1,Cc1nc2ccccc2c(=O)n1-c1ccccc1Cl,Cc1nc2ccccc2c(=O)n1-c1ccccc1Cl
1730,1,Cc1nc2n(c(=O)c1CCN1CCC(C(=O)c3ccc(F)cc3)CC1)CCS2,Cc1nc2n(c(=O)c1CCN1CCC(C(=O)c3ccc(F)cc3)CC1)CCS2
1731,1,Cc1nc2n(c(=O)c1CCN1CCC(c3noc4cc(F)ccc34)CC1)CCC[C@H]2O,Cc1nc2n(c(=O)c1CCN1CCC(c3noc4cc(F)ccc34)CC1)CCC[C@H]2O
1732,1,Cc1nc2n(n1)C(N1CCN(C)CC1)=Nc1ccccc1C2,Cc1nc2n(n1)C(N1CCN(C)CC1)=Nc1ccccc1C2
1733,1,Cc1ncc([N+](=O)[O-])n1CC(O)CCl,Cc1ncc([N+](=O)[O-])n1CC(O)CCl
1734,1,Cc1nccc2c1[nH]c1ccccc12,Cc1nccc2c1[nH]c1ccccc12
1735,1,Cc1nccn1C(C)c1ccccc1,Cc1nccn1C(C)c1ccccc1
1736,1,Cc1nccnc1N1CCCCC1,Cc1nccnc1N1CCCCC1
1737,1,Cc1ncsc1CCCl,Cc1ncsc1CCCl
1738,1,Cc1nn(C)c2c1C(c1cccc(Cl)c1)=NCCN2,Cc1nn(C)c2c1C(c1cccc(Cl)c1)=NCCN2
1739,1,Cc1nn(C)c2c1C(c1ccccc1F)=NCC(=O)N2C,Cc1nn(C)c2c1C(c1ccccc1F)=NCC(=O)N2C
1740,0,Cc1nnc(SCC2=C(C(=O)O)N3C(=O)[C@@H](NC(=O)Cn4cc(Cl)c(=O)c(Cl)c4)[C@H]3SC2)s1,Cc1nnc(SCC2=C(C(=O)O)N3C(=O)[C@@H](NC(=O)Cn4cc(Cl)c(=O)c(Cl)c4)[C@H]3SC2)s1
1741,0,Cc1nnc(SCC2=C(C(=O)O)N3C(=O)[C@@H](NC(=O)[C@H](O)c4ccccc4)[C@H]3SC2)s1,Cc1nnc(SCC2=C(C(=O)O)N3C(=O)[C@@H](NC(=O)[C@H](O)c4ccccc4)[C@H]3SC2)s1
1742,1,Cc1nnc2n1-c1sc(Br)cc1C(c1ccccc1Cl)=NC2,Cc1nnc2n1-c1sc(Br)cc1C(c1ccccc1Cl)=NC2
1743,0,Cc1oc(=O)oc1COC(=O)[C@@H]1N2C(=O)[C@@H](NC(=O)[C@H](N)c3ccccc3)[C@H]2SC1(C)C,Cc1oc(=O)oc1COC(=O)[C@@H]1N2C(=O)[C@@H](NC(=O)[C@H](N)c3ccccc3)[C@H]2SC1(C)C
1744,0,Cc1onc(-c2c(Cl)cccc2Cl)c1C(=O)N[C@@H]1C(=O)N2[C@@H](C(=O)O)C(C)(C)S[C@H]12,Cc1onc(-c2c(Cl)cccc2Cl)c1C(=O)N[C@@H]1C(=O)N2[C@@H]1SC(C)(C)[C@@H]2C(=O)O
1745,1,Clc1ccc(C(OCCN2CCOCC2)c2ccccc2)cc1,Clc1ccc(C(OCCN2CCOCC2)c2ccccc2)cc1
1746,0,Clc1ccc(COC(Cn2ccnc2)c2ccc(Cl)cc2Cl)cc1,Clc1ccc(COC(Cn2ccnc2)c2ccc(Cl)cc2Cl)cc1
1747,1,Clc1ccc(N2CCN(C/C=C/c3ccccc3)CC2)nn1,Clc1ccc(N2CCN(C/C=C/c3ccccc3)CC2)nn1
1748,1,Clc1ccc([C@@H]2[C@H]3CC[C@@H](C3)C23CCC(N2CCOCC2)=N3)cc1,Clc1ccc([C@@H]2[C@H]3CC[C@@H](C3)C23CCC(N2CCOCC2)=N3)cc1
1749,1,Clc1ccc2c(c1)/C(=C/C1CN3CCC1CC3)c1ccccc1S2,Clc1ccc2c(c1)/C(=C/C1CN3CCC1CC3)c1ccccc1S2
1750,1,Clc1ccc2c(c1)[C@H]1CNC[C@H]1c1ccccc1O2,Clc1ccc2c(c1)[C@H]1CNC[C@H]1c1ccccc1O2
1751,1,Clc1cccc(Cl)c1NC1=NCCO1,Clc1cccc(Cl)c1NC1=NCCO1
1752,0,Clc1ccccc1C(c1ccccc1)(c1ccccc1)n1ccnc1,Clc1ccccc1C(c1ccccc1)(c1ccccc1)n1ccnc1
1753,1,Clc1ccccc1C1=NCc2nnc(C3CCCCC3)n2-c2sc(Br)cc21,Clc1ccccc1C1=NCc2nnc(C3CCCCC3)n2-c2sc(Br)cc21
1754,1,Clc1cnn(CCCCN2CCN(c3ncccn3)CC2)c1,Clc1cnn(CCCCN2CCN(c3ncccn3)CC2)c1
1755,1,Cn1c(=O)c2c(ncn2CCN2CCC(c3c[nH]c4ccccc34)CC2)n(C)c1=O,Cn1c(=O)c2c(ncn2CCN2CCC(c3c[nH]c4ccccc34)CC2)n(C)c1=O
1756,0,Cn1c(=O)c2c(ncn2CCNCC(O)c2ccc(O)c(O)c2)n(C)c1=O,Cn1c(=O)c2c(ncn2CCNCC(O)c2ccc(O)c(O)c2)n(C)c1=O
1757,1,Cn1nc(-c2cccc(F)c2)n(C)c1=S,Cn1nc(-c2cccc(F)c2)n(C)c1=S
1758,1,Cn1nc(-c2cccnc2)nc1-c1ccccc1CO,Cn1nc(-c2cccnc2)nc1-c1ccccc1CO
1759,0,Cn1nnnc1SCC1=C(C(=O)O)N2C(=O)[C@@H](NC(=O)CS/C=C\C#N)[C@H]2SC1,Cn1nnnc1SCC1=C(C(=O)O)N2C(=O)[C@@H](NC(=O)CS/C=C\C#N)[C@H]2SC1
1760,0,Cn1nnnc1SCC1=C(C(=O)O)N2C(=O)[C@@H](NC(=O)CSC(F)(F)F)[C@H]2SC1,Cn1nnnc1SCC1=C(C(=O)O)N2C(=O)[C@@H](NC(=O)CSC(F)(F)F)[C@H]2SC1
1761,1,FC(F)(Cl)C(F)(F)Cl,FC(F)(Cl)C(F)(F)Cl
1762,1,FC(F)(F)CCl,FC(F)(F)CCl
1763,1,FC(F)(F)c1ccc2c(c1)N(CCCN1CCN(CCC3OCCCO3)CC1)c1ccccc1S2,FC(F)(F)c1ccc2c(c1)N(CCCN1CCN(CCC3OCCCO3)CC1)c1ccccc1S2
1764,1,FC(F)(F)c1cccc(C2=CCN(CCc3ccc4ccccc4c3)CC2)c1,FC(F)(F)c1cccc(C2=CCN(CCc3ccc4ccccc4c3)CC2)c1
1765,1,FC(F)(F)c1cccc(N2CCN(CCc3nnc4n3C[C@H]3CCC[C@@H]43)CC2)c1,FC(F)(F)c1cccc(N2CCN(CCc3nnc4n3C[C@H]3CCC[C@@H]43)CC2)c1
1766,1,FCC(F)(F)F,FCC(F)(F)F
1767,1,Fc1ccc(-c2ccc(CN3CCN(c4cccc5ccoc45)CC3)[nH]2)cc1,Fc1ccc(-c2ccc(CN3CCN(c4cccc5ccoc45)CC3)[nH]2)cc1
1768,1,Fc1ccc(C(CCCN2CCN(CCNc3ccccc3)CC2)c2ccc(F)cc2)cc1,Fc1ccc(C(CCCN2CCN(CCNc3ccccc3)CC2)c2ccc(F)cc2)cc1
1769,1,Fc1ccc2[nH]c3c(c2c1)CN(CCCc1cccnc1)CC3,Fc1ccc2[nH]c3c(c2c1)CN(CCCc1cccnc1)CC3
1770,1,Fc1ccc2[nH]c3c(c2c1)CN(CCc1ccncc1)CC3,Fc1ccc2[nH]c3c(c2c1)CN(CCc1ccncc1)CC3
1771,1,Fc1cccc(Br)c1NC1=NCCN1,Fc1cccc(Br)c1NC1=NCCN1
1772,1,Fc1ccccc1C1=NCC(=S)N(CC(F)(F)F)c2ccc(Cl)cc21,Fc1ccccc1C1=NCC(=S)N(CC(F)(F)F)c2ccc(Cl)cc21
1773,1,N#CC(CCN1CCC(C(N)=O)(N2CCCCC2)CC1)(c1ccccc1)c1ccccc1,N#CC(CCN1CCC(C(N)=O)(N2CCCCC2)CC1)(c1ccccc1)c1ccccc1
1774,1,N#CCCN1C(=O)C(O)N=C(c2ccccc2F)c2cc(Cl)ccc21,N#CCCN1C(=O)C(O)N=C(c2ccccc2F)c2cc(Cl)ccc21
1775,1,N#Cc1cc(-c2ccccc2)nnc1NCCN1CCOCC1,N#Cc1cc(-c2ccccc2)nnc1NCCN1CCOCC1
1776,1,N#Cc1ccc2c(c1)C1=C(CCN(CC3CCCC3)CC1)c1ccccc1O2,N#Cc1ccc2c(c1)C1=C(CCN(CC3CCCC3)CC1)c1ccccc1O2
1777,1,N#Cc1ccc2c(c1)N(CCCN1CCC(O)CC1)c1ccccc1S2,N#Cc1ccc2c(c1)N(CCCN1CCC(O)CC1)c1ccccc1S2
1778,1,N=C(N)c1ccc(-c2ccccc2[N+](=O)[O-])o1,N=C(N)c1ccc(-c2ccccc2[N+](=O)[O-])o1
1779,1,N=C(N=O)c1[nH][nH]c2ccccc2n(Cc2ccccc2)c1O,N=C(N=O)c1[nH][nH]c2ccccc2n(Cc2ccccc2)c1O
1780,1,N=C1SCCN1c1ccc(Cl)cc1N,N=C1SCCN1c1ccc(Cl)cc1N
1781,1,NC(=O)C1(N2CCCCC2)CCN(CCCC(=O)c2ccc(F)cc2)CC1,NC(=O)C1(N2CCCCC2)CCN(CCCC(=O)c2ccc(F)cc2)CC1
1782,1,NC(=O)C1(N2CCCCC2)CCN(CCCN2c3ccccc3CCc3ccc(Cl)cc32)CC1,NC(=O)C1(N2CCCCC2)CCN(CCCN2c3ccccc3CCc3ccc(Cl)cc32)CC1
1783,1,NC(=O)C1(N2CCCCC2)CCN(CCCN2c3ccccc3CCc3ccccc32)CC1,NC(=O)C1(N2CCCCC2)CCN(CCCN2c3ccccc3CCc3ccccc32)CC1
1784,1,NC(=O)C1CCCCO1,NC(=O)C1CCCCO1
1785,1,NC(=O)CN1C(=O)C(c2ccccc2)c2ccccc21,NC(=O)CN1C(=O)C(c2ccccc2)c2ccccc21
1786,1,NC(=O)CN1CC(O)CC1=O,NC(=O)CN1CC(O)CC1=O
1787,1,NC(=O)CN1CCCC1=O,NC(=O)CN1CCCC1=O
1788,1,NC(=O)N1CC(Oc2cccc(C(F)(F)F)c2)C1,NC(=O)N1CC(Oc2cccc(C(F)(F)F)c2)C1
1789,1,NC(=O)N1c2ccccc2CC(=O)c2ccccc21,NC(=O)N1c2ccccc2CC(=O)c2ccccc21
1790,1,NC(=O)NCCN1CCN(c2cccc(C(F)(F)F)c2)CC1,NC(=O)NCCN1CCN(c2cccc(C(F)(F)F)c2)CC1
1791,1,NC(=O)OCC(O)COc1ccc(Cl)cc1,NC(=O)OCC(O)COc1ccc(Cl)cc1
1792,1,NC(=O)OCCCc1ccccc1,NC(=O)OCCCc1ccccc1
1793,1,NC(=O)c1ccc(F)c2c1C[C@@H](N(C1CCC1)C1CCC1)CO2,NC(=O)c1ccc(F)c2c1C[C@@H](N(C1CCC1)C1CCC1)CO2
1794,1,NC(=O)c1cccnc1,NC(=O)c1cccnc1
1795,1,NC(=O)c1cn(Cc2c(F)cccc2F)nn1,NC(=O)c1cn(Cc2c(F)cccc2F)nn1
1796,1,NC(=O)c1cnccn1,NC(=O)c1cnccn1
1797,0,NC(=O)c1ncn([C@@H]2O[C@H](CO)[C@@H](O)[C@H]2O)n1,NC(=O)c1ncn([C@@H]2O[C@H](CO)[C@@H](O)[C@H]2O)n1
1798,0,NC(C(=O)N[C@@H]1C(=O)N2C(C(=O)O)=C(CSc3cn[nH]n3)CS[C@H]12)c1ccc(O)cc1,NC(C(=O)N[C@@H]1C(=O)N2C(C(=O)O)=C(CSc3cn[nH]n3)CS[C@H]12)c1ccc(O)cc1
1799,0,NC(CO)(CO)CO,NC(CO)(CO)CO
1800,0,NC(CO)C(=O)NNCc1ccc(O)c(O)c1O,NC(CO)C(=O)NNCc1ccc(O)c(O)c1O
1801,1,NC(Cc1c[nH]c2ccc(O)cc12)C(=O)O,NC(Cc1c[nH]c2ccc(O)cc12)C(=O)O
1802,0,NC(N)=NCC1COC2(CCCCC2)O1,NC(N)=NCC1COC2(CCCCC2)O1
1803,1,NC(N)=NCCCOc1ccccc1,NC(N)=NCCCOc1ccccc1
1804,0,NC(N)=NCCN1CCCCCCC1,NC(N)=NCCN1CCCCCCC1
1805,1,NC/C(=C/F)CCc1ccc(F)cc1,NC/C(=C/F)CCc1ccc(F)cc1
1806,1,N=C1NC(=O)C(c2ccccc2)O1,N=C1NC(=O)C(c2ccccc2)O1
1807,1,NC1=NC(C(F)(F)F)(C(F)(F)F)NC1(C(F)(F)F)C(F)(F)F,NC1=NC(C(F)(F)F)(C(F)(F)F)NC1(C(F)(F)F)C(F)(F)F
1808,1,NC1CCCC1c1ccccc1,NC1CCCC1c1ccccc1
1809,1,NC1CONC1=O,NC1CONC1=O
1810,1,NC1[C@@H]2CN(c3nc4c(cc3F)c(=O)c(C(=O)O)cn4-c3ccc(F)cc3F)C[C@H]12,NC1[C@H]2CN(c3nc4c(cc3F)c(=O)c(C(=O)O)cn4-c3ccc(F)cc3F)C[C@@H]12
1811,0,NCC(O)c1ccc(O)c(O)c1,NCC(O)c1ccc(O)c(O)c1
1812,0,NCC(O)c1cccc(O)c1,NCC(O)c1cccc(O)c1
1813,1,NCC1CC(=O)N(Cc2ccccc2)C1,NCC1CC(=O)N(Cc2ccccc2)C1
1814,0,NCC1CCC(N)C(OC2C(N)CC(N)C(OC3OC(CO)C(O)C(N)C3O)C2O)O1,NCC1CCC(N)C(OC2C(N)CC(N)C(OC3OC(CO)C(O)C(N)C3O)C2O)O1
1815,0,NCC1OC(OC2C(N)CC(N)C(OC3OC(CO)C(O)C(N)C3O)C2O)C(O)C(O)C1O,NCC1OC(OC2C(N)CC(N)C(OC3OC(CO)C(O)C(N)C3O)C2O)C(O)C(O)C1O
1816,0,NCC1OC(OC2C(N)CC(NC(CO)CO)C(OC3OC(CO)C(O)C(N)C3O)C2O)C(N)C(O)C1O,NCC1OC(OC2C(N)CC(NC(CO)CO)C(OC3OC(CO)C(O)C(N)C3O)C2O)C(N)C(O)C1O
1817,0,NCCC(O)CNC1CC(N)C(OC2OC(CN)C(O)C(O)C2O)C(O)C1OC1OC(CO)C(O)C(N)C1O,NCCC(O)CNC1CC(N)C(OC2OC(CN)C(O)C(O)C2O)C(O)C1OC1OC(CO)C(O)C(N)C1O
1818,1,NCCC(Oc1ccc(C(F)(F)F)cc1)c1ccccc1,NCCC(Oc1ccc(C(F)(F)F)cc1)c1ccccc1
1819,0,NCCCNCCSP(=O)(O)O,NCCCNCCSP(=O)(O)O
1820,0,NCC[C@H](O)C(=O)N[C@@H]1C[C@H](N)[C@@H](O[C@H]2O[C@H](CN)CC[C@H]2N)[C@H](O)[C@H]1O[C@H]1O[C@H](CO)[C@@H](O)[C@H](N)[C@H]1O,NCC[C@H](O)C(=O)N[C@@H]1C[C@H](N)[C@@H](O[C@H]2O[C@H](CN)CC[C@H]2N)[C@H](O)[C@H]1O[C@H]1O[C@H](CO)[C@@H](O)[C@H](N)[C@H]1O
1821,0,NCCc1cn2ccccc2n1,NCCc1cn2ccccc2n1
1822,1,NCCc1nccs1,NCCc1nccs1
1823,0,NC[C@H]1O[C@H](O[C@@H]2[C@@H](N)C[C@@H](N)[C@H](O)[C@H]2O)[C@H](N)[C@@H](O)[C@@H]1O,NC[C@H]1O[C@H](O[C@H]2[C@H](O)[C@@H](O)[C@H](N)C[C@@H]2N)[C@H](N)[C@@H](O)[C@@H]1O
1824,0,NCc1ccccc1CC(=O)N[C@@H]1C(=O)N2C(C(=O)O)=C(CSc3nnnn3CC(=O)O)CS[C@H]12,NCc1ccccc1CC(=O)N[C@@H]1C(=O)N2C(C(=O)O)=C(CSc3nnnn3CC(=O)O)CS[C@H]12
1825,1,NNCC1CCCCC1,NNCC1CCCCC1
1826,1,NS(=O)(=O)Cc1noc2ccccc12,NS(=O)(=O)Cc1noc2ccccc12
1827,0,NS(=O)(=O)c1cc(C(=O)O)c(NCc2ccco2)cc1Cl,NS(=O)(=O)c1cc(C(=O)O)c(NCc2ccco2)cc1Cl
1828,0,NS(=O)(=O)c1cc2c(cc1Cl)NC(C(Cl)Cl)NS2(=O)=O,NS(=O)(=O)c1cc2c(cc1Cl)NC(C(Cl)Cl)NS2(=O)=O
1829,0,NS(=O)(=O)c1cc2c(cc1Cl)NC=NS2(=O)=O,NS(=O)(=O)c1cc2c(cc1Cl)NC=NS2(=O)=O
1830,1,NS(=O)(=O)c1ccc(C(=O)O)cc1,NS(=O)(=O)c1ccc(C(=O)O)cc1
1831,1,NS(=O)(=O)c1ccc(N2C(=O)CC(c3ccccc3)C2=O)c(Cl)c1,NS(=O)(=O)c1ccc(N2C(=O)CC(c3ccccc3)C2=O)c(Cl)c1
1832,0,N[C@@H](C(=O)NC1C(=O)N2C(C(=O)O)=C(Cl)CCC12)c1ccccc1,N[C@@H](C(=O)NC1C(=O)N2C(C(=O)O)=C(Cl)CCC12)c1ccccc1
1833,0,N[C@@H](C(=O)N[C@@H]1C(=O)N2C(C(=O)O)=C(Cl)CS[C@H]12)c1ccccc1,N[C@@H](C(=O)N[C@@H]1C(=O)N2C(C(=O)O)=C(Cl)CS[C@H]12)c1ccccc1
1834,1,N[C@@H](Cc1c[nH]c2ccccc12)C(=O)O,N[C@@H](Cc1c[nH]c2ccccc12)C(=O)O
1835,1,Nc1c2c(nc3ccccc13)CCCC2,Nc1c2c(nc3ccccc13)CCCC2
1836,1,Nc1c2c(nc3ccccc13)CCCC2O,Nc1c2c(nc3ccccc13)CCCC2O
1837,1,Nc1cc(OCC2CC2)c(C(=O)NC2CN3CCC2CC3)cc1Cl,Nc1cc(OCC2CC2)c(C(=O)NC2CN3CCC2CC3)cc1Cl
1838,0,Nc1nc(/C(=C/CC(=O)O)C(=O)N[C@@H]2C(=O)N3C(C(=O)O)=CCS[C@H]23)cs1,Nc1nc(/C(=C/CC(=O)O)C(=O)N[C@@H]2C(=O)N3C(C(=O)O)=CCS[C@H]23)cs1
1839,0,Nc1nc(=S)c2[nH]cnc2[nH]1,Nc1nc(=S)c2[nH]cnc2[nH]1
1840,0,Nc1nc(N)c2nc(-c3ccccc3)c(N)nc2n1,Nc1nc(N)c2nc(-c3ccccc3)c(N)nc2n1
1841,1,Nc1nc2c(ncn2CC[C@@H](O)CO)c(=O)[nH]1,Nc1nc2c(ncn2CC[C@@H](O)CO)c(=O)[nH]1
1842,1,Nc1ncc2ncn(COCCO)c2n1,Nc1ncc2ncn(COCCO)c2n1
1843,1,Nn1cnc2cc3ccccc3cc2c1=O,Nn1cnc2cc3ccccc3cc2c1=O
1844,1,O=C(/C=C/c1ccc2c(c1)OCO2)N1CCCCC1,O=C(/C=C/c1ccc2c(c1)OCO2)N1CCCCC1
1845,1,O=C(CC1c2ccccc2C(=O)N1c1ccc2ccc(Cl)nc2n1)N1CCC2(CC1)OCCO2,O=C(CC1c2ccccc2C(=O)N1c1ccc2ccc(Cl)nc2n1)N1CCC2(CC1)OCCO2
1846,1,O=C(CCCN1CC2CCC(CC2)C1)c1ccc(F)cc1,O=C(CCCN1CC2CCC(CC2)C1)c1ccc(F)cc1
1847,1,O=C(CCCN1CCC(C(=O)c2ccc(F)cc2)CC1)c1ccc(F)cc1,O=C(CCCN1CCC(C(=O)c2ccc(F)cc2)CC1)c1ccc(F)cc1
1848,1,O=C(CCCN1CCC(O)(c2cccc(C(F)(F)F)c2)CC1)c1ccc(F)cc1,O=C(CCCN1CCC(O)(c2cccc(C(F)(F)F)c2)CC1)c1ccc(F)cc1
1849,1,O=C(CCCN1CCC(n2c(=O)[nH]c3ccccc32)CC1)c1ccc(F)cc1,O=C(CCCN1CCC(n2c(=O)[nH]c3ccccc32)CC1)c1ccc(F)cc1
1850,1,O=C(CCCN1CCC(n2c(=S)[nH]c3ccccc32)CC1)c1ccc(F)cc1,O=C(CCCN1CCC(n2c(=S)[nH]c3ccccc32)CC1)c1ccc(F)cc1
1851,1,O=C(CCCN1CCC2(CC1)C(=O)NCN2c1ccc(F)cc1)c1ccc(F)cc1,O=C(CCCN1CCC2(CC1)C(=O)NCN2c1ccc(F)cc1)c1ccc(F)cc1
1852,1,O=C(CCCN1CCN(c2cc3ccccc3cn2)CC1)c1ccc(F)cc1,O=C(CCCN1CCN(c2cc3ccccc3cn2)CC1)c1ccc(F)cc1
1853,1,O=C(CCCN1CCN(c2ccccn2)CC1)c1ccc(F)cc1,O=C(CCCN1CCN(c2ccccn2)CC1)c1ccc(F)cc1
1854,1,O=C(CCCN1CCN2CCCC2C1)c1ccc(F)cc1,O=C(CCCN1CCN2CCCC2C1)c1ccc(F)cc1
1855,1,O=C(CCCN1CCN2Cc3[nH]c4ccccc4c3CC2C1)c1ccc(F)cc1,O=C(CCCN1CCN2Cc3[nH]c4ccccc4c3CC2C1)c1ccc(F)cc1
1856,1,O=C(CCCl)NCCc1ccccc1,O=C(CCCl)NCCc1ccccc1
1857,1,O=C(CCCl)NCc1ccccc1,O=C(CCCl)NCc1ccccc1
1858,1,O=C(CCN1CCN(CCO)CC1)N1c2ccccc2Sc2ccc(C(F)(F)F)cc21,O=C(CCN1CCN(CCO)CC1)N1c2ccccc2Sc2ccc(C(F)(F)F)cc21
1859,1,O=C(CCNNC(=O)c1ccncc1)NCc1ccccc1,O=C(CCNNC(=O)c1ccncc1)NCc1ccccc1
1860,1,O=C(CN1CCC23CCCCC2C1Cc1ccc(O)cc13)c1ccccc1,O=C(CN1CCC23CCCCC2C1Cc1ccc(O)cc13)c1ccccc1
1861,1,O=C(CN1CCCC1=O)NNC(=O)CN1CCCC1=O,O=C(CN1CCCC1=O)NNC(=O)CN1CCCC1=O
1862,1,O=C(CN1CC[C@H](c2ccc(F)cc2)[C@@H](COc2ccc3c(c2)OCO3)C1)c1ccc(F)cc1,O=C(CN1CC[C@H](c2ccc(F)cc2)[C@@H](COc2ccc3c(c2)OCO3)C1)c1ccc(F)cc1
1863,1,O=C(COc1ccc(Cl)cc1)N1CCN(Cc2ccc3c(c2)OCO3)CC1,O=C(COc1ccc(Cl)cc1)N1CCN(Cc2ccc3c(c2)OCO3)CC1
1864,1,O=C(COc1ccc(Cl)cc1)OCCNC12CC3CC(CC(C3)C1)C2,O=C(COc1ccc(Cl)cc1)OCCNC12CC3CC(CC(C3)C1)C2
1865,1,O=C(Cc1ccc(C(F)(F)F)cc1)N1CCCC[C@H]1CN1CCCC1,O=C(Cc1ccc(C(F)(F)F)cc1)N1CCCC[C@H]1CN1CCCC1
1866,0,O=C(Cc1ccc(Cl)c(Cl)c1)N1CCN(CCO)C[C@@H]1CN1CC[C@@H](O)C1,O=C(Cc1ccc(Cl)c(Cl)c1)N1CCN(CCO)C[C@@H]1CN1CC[C@@H](O)C1
1867,0,O=C(Cc1ccc(Cl)c(Cl)c1)N1CCc2[nH]cnc2[C@H]1CN1CCCC1,O=C(Cc1ccc(Cl)c(Cl)c1)N1CCc2[nH]cnc2[C@H]1CN1CCCC1
1868,0,O=C(Cc1ccc(Cl)c(Cl)c1)N1CCc2[nH]cnc2[C@H]1CN1CC[C@@H](O)C1,O=C(Cc1ccc(Cl)c(Cl)c1)N1CCc2[nH]cnc2[C@H]1CN1CC[C@@H](O)C1
1869,1,O=C(Cc1ccc(Cl)c(Cl)c1)N1CCc2occc2[C@H]1CN1CCCC1,O=C(Cc1ccc(Cl)c(Cl)c1)N1CCc2occc2[C@H]1CN1CCCC1
1870,1,O=C(Cc1ccc(Cl)c(Cl)c1)N1CCc2occc2[C@H]1CN1CC[C@@H](O)C1,O=C(Cc1ccc(Cl)c(Cl)c1)N1CCc2occc2[C@H]1CN1CC[C@@H](O)C1
1871,1,O=C(Cc1ccc(Cl)c(Cl)c1)N1CCc2sccc2[C@H]1CN1CCCC1,O=C(Cc1ccc(Cl)c(Cl)c1)N1CCc2sccc2[C@H]1CN1CCCC1
1872,1,O=C(Cc1ccc(Cl)c(Cl)c1)N1CCn2ccnc2[C@H]1CN1CCCC1,O=C(Cc1ccc(Cl)c(Cl)c1)N1CCn2ccnc2[C@H]1CN1CCCC1
1873,0,O=C(Cc1ccc(Cl)c(Cl)c1)N1CCn2ccnc2[C@H]1CN1CC[C@@H](O)C1,O=C(Cc1ccc(Cl)c(Cl)c1)N1CCn2ccnc2[C@H]1CN1CC[C@@H](O)C1
1874,0,O=C(Cc1cccs1)N[C@@H]1C(=O)N2C(C(=O)O)=C(CSc3ncn[nH]3)CS[C@H]12,O=C(Cc1cccs1)N[C@@H]1C(=O)N2C(C(=O)O)=C(CSc3ncn[nH]3)CS[C@H]12
1875,1,O=C(Cn1ccnc1)c1ccc2ccccc2c1,O=C(Cn1ccnc1)c1ccc2ccccc2c1
1876,0,O=C(Cn1cnnn1)N[C@@H]1C(=O)N2C(C(=O)O)=C(CSc3nncs3)CS[C@H]12,O=C(Cn1cnnn1)N[C@@H]1C(=O)N2C(C(=O)O)=C(CSc3nncs3)CS[C@H]12
1877,1,O=C(NC(=O)c1ccccc1)NC1CCN(Cc2ccc3ccccc3c2)CC1,O=C(NC(=O)c1ccccc1)NC1CCN(Cc2ccc3ccccc3c2)CC1
1878,1,O=C(NCCCN1CCOCC1)c1ccc(Cl)cc1,O=C(NCCCN1CCOCC1)c1ccc(Cl)cc1
1879,1,O=C(NCCN1CCC(n2c(=O)[nH]c3cc(Cl)ccc32)CC1)c1ccc(F)cc1,O=C(NCCN1CCC(n2c(=O)[nH]c3cc(Cl)ccc32)CC1)c1ccc(F)cc1
1880,1,O=C(NCCN1CCN(c2ncccn2)CC1)C12CC3CC(CC(C3)C1)C2,O=C(NCCN1CCN(c2ncccn2)CC1)C12CC3CC(CC(C3)C1)C2
1881,1,O=C(NCCN1CCOCC1)c1ccc(Cl)cc1,O=C(NCCN1CCOCC1)c1ccc(Cl)cc1
1882,1,O=C(NCc1ccccc1)OCCO,O=C(NCc1ccccc1)OCCO
1883,1,O=C(Nc1ccc(O)cc1)C(Cl)(Cl)Cl,O=C(Nc1ccc(O)cc1)C(Cl)(Cl)Cl
1884,1,O=C(O)C1CCN1C12CC3CC(CC(C3)C1)C2,O=C(O)C1CCN1C12CC3CC(CC(C3)C1)C2
1885,1,O=C(O)CCCCCCNC1c2ccccc2CCc2ccccc21,O=C(O)CCCCCCNC1c2ccccc2CCc2ccccc21
1886,1,O=C(O)CN1C(=O)c2cccc3cccc(c23)C1=O,O=C(O)CN1C(=O)c2cccc3cccc(c23)C1=O
1887,0,O=C(O)COCCN1CCN(C(c2ccccc2)c2ccc(Cl)cc2)CC1,O=C(O)COCCN1CCN(C(c2ccccc2)c2ccc(Cl)cc2)CC1
1888,0,O=C(O)c1cc(=O)c2cc(OCC(O)COc3cccc4oc(C(=O)O)cc(=O)c34)ccc2o1,O=C(O)c1cc(=O)c2cc(OCC(O)COc3cccc4oc(C(=O)O)cc(=O)c34)ccc2o1
1889,1,O=C(O)c1cc(=O)c2ccccc2[nH]1,O=C(O)c1cc(=O)c2ccccc2[nH]1
1890,1,O=C(O)c1cc(=O)c2ccccc2o1,O=C(O)c1cc(=O)c2ccccc2o1
1891,1,O=C(O)c1ccccc1Oc1ccccc1,O=C(O)c1ccccc1Oc1ccccc1
1892,0,O=C(O)c1cn(C2CC2)c2cc(N3CCNCC3)c(F)cc2c1=O,O=C(O)c1cn(C2CC2)c2cc(N3CCNCC3)c(F)cc2c1=O
1893,1,O=C(OC1CN2CCC1CC2)c1ccccc1,O=C(OC1CN2CCC1CC2)c1ccccc1
1894,1,O=C(OCC(Cl)(Cl)Cl)OCC(Cl)(Cl)Cl,O=C(OCC(Cl)(Cl)Cl)OCC(Cl)(Cl)Cl
1895,1,O=C(c1ccc(F)cc1)C1CCN(CCCN2c3ccccc3Sc3ccc(C(F)(F)F)cc32)CC1,O=C(c1ccc(F)cc1)C1CCN(CCCN2c3ccccc3Sc3ccc(C(F)(F)F)cc32)CC1
1896,1,O=C(c1ccc(F)cc1)C1CCN(CCCn2c(=O)[nH]c3cc(Cl)ccc32)CC1,O=C(c1ccc(F)cc1)C1CCN(CCCn2c(=O)[nH]c3cc(Cl)ccc32)CC1
1897,1,O=C(c1ccc(F)cc1)C1CCN(CCCn2c(=O)[nH]c3ccccc32)CC1,O=C(c1ccc(F)cc1)C1CCN(CCCn2c(=O)[nH]c3ccccc32)CC1
1898,1,O=C(c1ccccn1)N1CCN(Cc2ccccc2)CC1,O=C(c1ccccn1)N1CCN(Cc2ccccc2)CC1
1899,1,O=C(c1ccccn1)c1cnn2c(-c3ccncc3)ccnc12,O=C(c1ccccn1)c1cnn2c(-c3ccncc3)ccnc12
1900,1,O=C(c1cccnc1)N1CCOCC1,O=C(c1cccnc1)N1CCOCC1
1901,1,O=C1C(O)N=C(c2ccccc2F)c2cc(Cl)ccc2N1CCO,O=C1C(O)N=C(c2ccccc2F)c2cc(Cl)ccc2N1CCO
1902,1,O=C1CC(c2cccc(Br)c2)C(=O)N1,O=C1CC(c2cccc(Br)c2)C(=O)N1
1903,1,O=C1CC2(CCCC2)CC(=O)N1CCCCN1CCN(c2nsc3ccccc23)CC1,O=C1CC2(CCCC2)CC(=O)N1CCCCN1CCN(c2nsc3ccccc23)CC1
1904,1,O=C1CC2(CCCC2)CC(=O)N1CCNCC1COc2ccccc2O1,O=C1CC2(CCCC2)CC(=O)N1CCNCC1COc2ccccc2O1
1905,1,O=C1CCC(C(=O)NC2CC2c2ccccc2)N1,O=C1CCC(C(=O)NC2CC2c2ccccc2)N1
1906,1,O=C1CCC(N2C(=O)C3C4CCC(C4)C3C2=O)C(=O)N1,O=C1CCC(N2C(=O)C3C4CCC(C4)C3C2=O)C(=O)N1
1907,1,O=C1CCC(c2ccccc2)(C2CCN(C/C=C/c3ccccc3)CC2)C(=O)N1,O=C1CCC(c2ccccc2)(C2CCN(C/C=C/c3ccccc3)CC2)C(=O)N1
1908,1,O=C1CCC2(CCC(=O)c3ccccc32)C(=O)N1,O=C1CCC2(CCC(=O)c3ccccc32)C(=O)N1
1909,1,O=C1CCN=C2CC(c3ccccc3)CN12,O=C1CCN=C2CC(c3ccccc3)CN12
1910,1,O=C1CCNc2ccc(Cl)cc2N1c1ccccc1,O=C1CCNc2ccc(Cl)cc2N1c1ccccc1
1911,1,O=C1CC[C@@]2(O)[C@H]3Cc4ccc(O)c5c4[C@@]2(CCN3CC2CC2)[C@H]1O5,O=C1CC[C@@]2(O)[C@H]3Cc4ccc(O)c5c4[C@@]2(CCN3CC2CC2)[C@H]1O5
1912,1,O=C1CC[C@H](C(=O)N2CCCCC2)N1,O=C1CC[C@H](C(=O)N2CCCCC2)N1
1913,1,O=C1CCc2ccc(OCCCCN3CCN(c4cccc(Cl)c4Cl)CC3)cc2N1,O=C1CCc2ccc(OCCCCN3CCN(c4cccc(Cl)c4Cl)CC3)cc2N1
1914,1,O=C1CN(C(=O)CN2CC(c3ccc(Cl)cc3)CC2=O)CCN1,O=C1CN(C(=O)CN2CC(c3ccc(Cl)cc3)CC2=O)CCN1
1915,1,O=C1CN(O)C(c2ccccc2)=c2cc(Cl)ccc2=N1,O=C1CN(O)C(c2ccccc2)=c2cc(Cl)ccc2=N1
1916,1,O=C1CN2C(=O)CCC2N1,O=C1CN2C(=O)CCC2N1
1917,1,O=C1CN2CCOC2(c2ccccc2Cl)c2cc(Cl)ccc2N1,O=C1CN2CCOC2(c2ccccc2Cl)c2cc(Cl)ccc2N1
1918,1,O=C1CN2CCOC2(c2ccccc2F)c2cc(Cl)ccc2N1CCO,O=C1CN2CCOC2(c2ccccc2F)c2cc(Cl)ccc2N1CCO
1919,1,O=C1CN=C(C2=CCCCC2)c2cc(Cl)ccc2N1,O=C1CN=C(C2=CCCCC2)c2cc(Cl)ccc2N1
1920,1,O=C1CN=C(c2ccccc2)c2c(sc3c2CCCC3)N1,O=C1CN=C(c2ccccc2)c2c(sc3c2CCCC3)N1
1921,1,O=C1CN=C(c2ccccc2)c2cc(Cl)ccc2N1CC(F)(F)F,O=C1CN=C(c2ccccc2)c2cc(Cl)ccc2N1CC(F)(F)F
1922,1,O=C1CN=C(c2ccccc2)c2cc(Cl)ccc2N1CC1CC1,O=C1CN=C(c2ccccc2)c2cc(Cl)ccc2N1CC1CC1
1923,1,O=C1CN=C(c2ccccc2)c2cc(Cl)ccc2N1CCOCC1CC1,O=C1CN=C(c2ccccc2)c2cc(Cl)ccc2N1CCOCC1CC1
1924,1,O=C1CN=C(c2ccccc2Cl)c2cc(Cl)ccc2N1,O=C1CN=C(c2ccccc2Cl)c2cc(Cl)ccc2N1
1925,1,O=C1CN=C(c2ccccc2Cl)c2cc([N+](=O)[O-])ccc2N1,O=C1CN=C(c2ccccc2Cl)c2cc([N+](=O)[O-])ccc2N1
1926,1,O=C1CN=C(c2ccccc2F)c2cc(Cl)ccc2N1CC1CC1,O=C1CN=C(c2ccccc2F)c2cc(Cl)ccc2N1CC1CC1
1927,1,O=C1COC(N2CCN=C(c3ccccc3Cl)c3cc(Cl)ccc32)=N1,O=C1COC(N2CCN=C(c3ccccc3Cl)c3cc(Cl)ccc32)=N1
1928,1,O=C1CSC2(CCN(CCCN3c4ccccc4Sc4ccc(Cl)cc43)CC2)N1,O=C1CSC2(CCN(CCCN3c4ccccc4Sc4ccc(Cl)cc43)CC2)N1
1929,1,O=C1C[C@H]2SC(C3(O)CN4C(=O)C[C@H]4S3)CN12,O=C1C[C@H]2SC(C3(O)CN4C(=O)C[C@H]4S3)CN12
1930,1,O=C1Cc2cc(CCN3CCN(c4nsc5ccccc45)CC3)c(Cl)cc2N1,O=C1Cc2cc(CCN3CCN(c4nsc5ccccc45)CC3)c(Cl)cc2N1
1931,1,O=C1N(c2ccccc2)c2ccccc2C1(Cc1ccncc1)Cc1ccncc1,O=C1N(c2ccccc2)c2ccccc2C1(Cc1ccncc1)Cc1ccncc1
1932,1,O=C1NC(=NC2CC2)OC1c1ccccc1,O=C1NC(=NC2CC2)OC1c1ccccc1
1933,1,O=C1NC(=O)C(CC2CCCCN2)(c2ccccc2)C(=O)N1,O=C1NC(=O)C(CC2CCCCN2)(c2ccccc2)C(=O)N1
1934,1,O=C1NC(=O)C2(CCc3ccccc3C2)N1,O=C1NC(=O)C2(CCc3ccccc3C2)N1
1935,1,O=C1NC(=O)C2(c3ccc(Cl)cc3)CC12,O=C1NC(=O)C2(c3ccc(Cl)cc3)CC12
1936,1,O=C1NC(CCCl)Oc2ccccc21,O=C1NC(CCCl)Oc2ccccc21
1937,1,O=C1NC2CCCCN2C12CCN(CCCN1c3ccccc3CCc3ccc(Cl)cc31)CC2,O=C1NC2CCCCN2C12CCN(CCCN1c3ccccc3CCc3ccc(Cl)cc31)CC2
1938,1,O=C1NCCCC1N1C(=O)c2ccccc2S1(=O)=O,O=C1NCCCC1N1C(=O)c2ccccc2S1(=O)=O
1939,1,O=C1NCCN1C1CCN(CCC2COc3ccccc3O2)CC1,O=C1NCCN1C1CCN(CCC2COc3ccccc3O2)CC1
1940,1,O=C1NCCN1CCN1CCC(c2cn(-c3ccc(F)cc3)c3ccc(Cl)cc23)CC1,O=C1NCCN1CCN1CCC(c2cn(-c3ccc(F)cc3)c3ccc(Cl)cc23)CC1
1941,1,O=C1NCCNC1c1cccs1,O=C1NCCNC1c1cccs1
1942,1,O=C1NCN(c2ccccc2)C12CCN(CC1COc3ccccc3O1)CC2,O=C1NCN(c2ccccc2)C12CCN(CC1COc3ccccc3O1)CC2
1943,1,O=C1NCN(c2ccccc2)C12CCN(CCCC(c1ccc(F)cc1)c1ccc(F)cc1)CC2,O=C1NCN(c2ccccc2)C12CCN(CCCC(c1ccc(F)cc1)c1ccc(F)cc1)CC2
1944,1,O=C1Nc2ccc(Cl)nc2C(c2ccccc2Cl)=NC1O,O=C1Nc2ccc(Cl)nc2C(c2ccccc2Cl)=NC1O
1945,0,O=C1OC(c2ccc(O)cc2)(c2ccc(O)cc2)c2ccccc21,O=C1OC(c2ccc(O)cc2)(c2ccc(O)cc2)c2ccccc21
1946,1,O=C1OCCC1C1(O)CCN(CCCN2c3ccccc3Sc3ccc(Cl)cc32)CC1,O=C1OCCC1C1(O)CCN(CCCN2c3ccccc3Sc3ccc(Cl)cc32)CC1
1947,1,O=C1[C@H]2[C@@H]3CC[C@@H](C3)[C@H]2C(=O)N1CCCCN1CCN(c2ncccn2)CC1,O=C1[C@@H]2[C@H]3CC[C@H](C3)[C@@H]2C(=O)N1CCCCN1CCN(c2ncccn2)CC1
1948,1,O=C1[C@H]2[C@H]3C=C[C@H]([C@@H]4C=C[C@@H]43)[C@H]2C(=O)N1CCCCN1CCN(c2ncccn2)CC1,O=C1[C@@H]2[C@@H]3C=C[C@@H]([C@H]4C=C[C@H]43)[C@@H]2C(=O)N1CCCCN1CCN(c2ncccn2)CC1
1949,1,O=C1c2ccccc2S(=O)(=O)N1CCCCN1CCN(c2ncccn2)CC1,O=C1c2ccccc2S(=O)(=O)N1CCCCN1CCN(c2ncccn2)CC1
1950,1,O=C1c2ccccc2S(=O)(=O)N1CCCN1CCN(c2ncccn2)CC1,O=C1c2ccccc2S(=O)(=O)N1CCCN1CCN(c2ncccn2)CC1
1951,1,O=NN(CCCl)C(=O)NC1CCCCC1,O=NN(CCCl)C(=O)NC1CCCCC1
1952,0,O=c1[nH]c(=O)n([C@H]2C[C@H](O)[C@@H](CO)O2)cc1F,O=c1[nH]c(=O)n([C@H]2C[C@H](O)[C@@H](CO)O2)cc1F
1953,1,O=c1[nH]c2cc(Cl)ccc2n1C1CCN(CCCC(c2ccc(F)cc2)c2ccc(F)cc2)CC1,O=c1[nH]c2cc(Cl)ccc2n1C1CCN(CCCC(c2ccc(F)cc2)c2ccc(F)cc2)CC1
1954,1,O=c1[nH]c2cc(Cl)ccc2o1,O=c1[nH]c2cc(Cl)ccc2o1
1955,1,O=c1[nH]c2ccccc2c(=O)n1CCCN1CCN(c2cccc(Cl)c2)CC1,O=c1[nH]c2ccccc2c(=O)n1CCCN1CCN(c2cccc(Cl)c2)CC1
1956,1,O=c1[nH]c2ccccc2c(=O)n1CCN1C[C@H]2C[C@H](c3ccc(F)cc3)[C@H]2C1,O=c1[nH]c2ccccc2c(=O)n1CCN1C[C@H]2C[C@H](c3ccc(F)cc3)[C@H]2C1
1957,1,O=c1[nH]c2ccccc2n1C1CCN(CCCC(c2ccc(F)cc2)c2ccc(F)cc2)CC1,O=c1[nH]c2ccccc2n1C1CCN(CCCC(c2ccc(F)cc2)c2ccc(F)cc2)CC1
1958,1,O=c1[nH]c2ccccc2n1C1CCN(CCCc2noc3cc(F)ccc23)CC1,O=c1[nH]c2ccccc2n1C1CCN(CCCc2noc3cc(F)ccc23)CC1
1959,1,O=c1[nH]oc2c1CCNC2,O=c1[nH]oc2c1CCNC2
1960,0,O=c1c(O[C@@H]2O[C@H](CO)[C@@H](O)[C@H](O)[C@H]2O)c(-c2ccc(O)c(O)c2)oc2cc(O)cc(O)c12,O=c1c(O[C@@H]2O[C@H](CO)[C@@H](O)[C@H](O)[C@H]2O)c(-c2ccc(O)c(O)c2)oc2cc(O)cc(O)c12
1961,1,O=c1cc[nH]nc1,O=c1cc[nH]nc1
1962,1,O=c1ccn(C2OC(CO)C(O)C2O)c(=O)[nH]1,O=c1ccn(C2OC(CO)C(O)C2O)c(=O)[nH]1
1963,1,OC(Br)(Br)CBr,OC(Br)(Br)CBr
1964,1,OC(C1=NCCN1)(c1ccc(Cl)cc1)c1ccccn1,OC(C1=NCCN1)(c1ccc(Cl)cc1)c1ccccn1
1965,1,OC(CCCN1CCc2c(c3cc(F)ccc3n2-c2ccc(F)cc2)C1)c1ccc(F)cc1,OC(CCCN1CCc2c(c3cc(F)ccc3n2-c2ccc(F)cc2)C1)c1ccc(F)cc1
1966,1,OC(CCN1CCCC1)(c1ccccc1)C1CCCCC1,OC(CCN1CCCC1)(c1ccccc1)C1CCCCC1
1967,1,OC(Cn1ccnc1)c1ccc(CCc2ccccc2)cc1,OC(Cn1ccnc1)c1ccc(CCc2ccccc2)cc1
1968,1,OC(O)C(Cl)(Cl)Cl,OC(O)C(Cl)(Cl)Cl
1969,1,OC(OCC(COC(O)C(Cl)(Cl)Cl)(COC(O)C(Cl)(Cl)Cl)COC(O)C(Cl)(Cl)Cl)C(Cl)(Cl)Cl,OC(OCC(COC(O)C(Cl)(Cl)Cl)(COC(O)C(Cl)(Cl)Cl)COC(O)C(Cl)(Cl)Cl)C(Cl)(Cl)Cl
1970,1,OC(c1ccccc1)(c1ccccc1)C1CC1c1ccncc1,OC(c1ccccc1)(c1ccccc1)C1CC1c1ccncc1
1971,1,OC(c1ccccc1)(c1ccccc1)C1CCCCN1,OC(c1ccccc1)(c1ccccc1)C1CCCCN1
1972,1,OC(c1ccccc1)(c1ccccc1)C1CCNCC1,OC(c1ccccc1)(c1ccccc1)C1CCNCC1
1973,1,OC1(c2ccc(Cl)cc2)c2ccccc2C2=NCCN21,OC1(c2ccc(Cl)cc2)c2ccccc2C2=NCCN21
1974,1,OC1(c2cccc(Cl)c2)C2=NCCCN2c2ccccc21,OC1(c2cccc(Cl)c2)C2=NCCCN2c2ccccc21
1975,1,OC1CCN(c2ccc(-c3ccc(Cl)cc3Cl)nn2)CC1,OC1CCN(c2ccc(-c3ccc(Cl)cc3Cl)nn2)CC1
1976,1,OC1CCN(c2ccc(-c3ccccc3Cl)nn2)CC1,OC1CCN(c2ccc(-c3ccccc3Cl)nn2)CC1
1977,1,OC1OC(COCCOC(O)C(Cl)(Cl)Cl)C(OC2OC(COCCOCCOC(O)C(Cl)(Cl)Cl)CC(OC(O)C(Cl)(Cl)Cl)C2O)C(OCCOCCOC(O)C(Cl)(Cl)Cl)C1O,OC1OC(COCCOC(O)C(Cl)(Cl)Cl)C(OC2OC(COCCOCCOC(O)C(Cl)(Cl)Cl)CC(OC(O)C(Cl)(Cl)Cl)C2O)C(OCCOCCOC(O)C(Cl)(Cl)Cl)C1O
1978,1,OCC1(CO)COC(C(Cl)(Cl)Cl)OC1,OCC1(CO)COC(C(Cl)(Cl)Cl)OC1
1979,1,OCCC1CCN(CC/C=C2\c3ccc(F)cc3Sc3ccc(C(F)(F)F)cc32)CC1,OCCC1CCN(CC/C=C2\c3ccc(F)cc3Sc3ccc(C(F)(F)F)cc32)CC1
1980,1,OCCN1C=CN(CCCN2c3ccccc3C=Cc3ccccc32)C=CC1,OCCN1C=CN(CCCN2c3ccccc3C=Cc3ccccc32)C=CC1
1981,1,OCCN1CCCN(CCCN2c3ccccc3Sc3ccc(C(F)(F)F)cc32)CC1,OCCN1CCCN(CCCN2c3ccccc3Sc3ccc(C(F)(F)F)cc32)CC1
1982,1,OCCN1CCN(CC/C=C2/c3ccccc3COc3ccc(Cl)cc32)CC1,OCCN1CCN(CC/C=C2/c3ccccc3COc3ccc(Cl)cc32)CC1
1983,1,OCCN1CCN(CC/C=C2/c3ccccc3Sc3ccc(C(F)(F)F)cc32)CC1,OCCN1CCN(CC/C=C2/c3ccccc3Sc3ccc(C(F)(F)F)cc32)CC1
1984,1,OCCN1CCN(CC/C=C2/c3ccccc3Sc3ccc(Cl)cc32)CC1,OCCN1CCN(CC/C=C2/c3ccccc3Sc3ccc(Cl)cc32)CC1
1985,1,OCCN1CCN(CCCC2c3ccc(F)cc3Sc3ccc(C(F)(F)F)cc32)CC1,OCCN1CCN(CCCC2c3ccc(F)cc3Sc3ccc(C(F)(F)F)cc32)CC1
1986,1,OCCN1CCN(CCCN2c3ccccc3C=Cc3ccccc32)CC1,OCCN1CCN(CCCN2c3ccccc3C=Cc3ccccc32)CC1
1987,1,OCCN1CCN([C@@H]2C[C@@H](c3ccc(F)cc3)c3ccc(C(F)(F)F)cc32)CC1,OCCN1CCN([C@@H]2C[C@@H](c3ccc(F)cc3)c3ccc(C(F)(F)F)cc32)CC1
1988,1,OC[C@@H](O)[C@H]1OC2O[C@H](C(Cl)(Cl)Cl)O[C@@H]2[C@H]1O,OC[C@@H](O)[C@H]1OC2O[C@H](C(Cl)(Cl)Cl)O[C@@H]2[C@H]1O
1989,1,OC[C@H]1O[C@@H](n2cnc3c2NC=NC[C@H]3O)C[C@@H]1O,OC[C@H]1O[C@@H](n2cnc3c2NC=NC[C@H]3O)C[C@@H]1O
1990,1,OCc1ccccc1,OCc1ccccc1
1991,1,OCc1ccccc1O[C@@H]1O[C@H](CO)[C@@H](O)[C@H](O)[C@H]1O,OCc1ccccc1O[C@@H]1O[C@H](CO)[C@@H](O)[C@H](O)[C@H]1O
1992,0,OCc1cccnc1,OCc1cccnc1
1993,1,ON1CC(=NCC2CC2)N=c2ccc(Cl)cc2=C1c1ccccc1,ON1CC(=NCC2CC2)N=c2ccc(Cl)cc2=C1c1ccccc1
1994,1,Oc1ccc2[nH]cc(CCCCN3CC=C(c4ccccc4)CC3)c2c1,Oc1ccc2[nH]cc(CCCCN3CC=C(c4ccccc4)CC3)c2c1
1995,1,Oc1ccc2c(c1)C13CCCCC1C(C2)N(CCc1ccccc1)CC3,Oc1ccc2c(c1)C13CCCCC1C(C2)N(CCc1ccccc1)CC3
1996,1,Oc1ccc2c(c1)C13CCCCC1C(C2)NCC3,Oc1ccc2c(c1)C13CCCCC1C(C2)NCC3
1997,1,Oc1ccc2c(c1)[C@@]13CCCC[C@@]1(O)[C@@H](C2)N(CC1CC1)CC3,Oc1ccc2c(c1)[C@@]13CCCC[C@@]1(O)[C@@H](C2)N(CC1CC1)CC3
1998,1,Oc1ccc2c(c1)[C@@]13CCCC[C@@]1(O)[C@@H](C2)N(CC1CCC1)CC3,Oc1ccc2c(c1)[C@@]13CCCC[C@@]1(O)[C@@H](C2)N(CC1CCC1)CC3
1999,1,Oc1ccc2c3c1OC1C(O)C=CC4C(C2)NCCC341,Oc1ccc2c3c1OC1C(O)C=CC4C(C2)NCCC341
2000,1,Oc1ccc2c3c1OC1C(O)CCC4(O)C(C2)N(CC2CCC2)CCC314,Oc1ccc2c3c1OC1C(O)CCC4(O)C(C2)N(CC2CCC2)CCC314
2001,1,Oc1ccccc1-c1nnco1,Oc1ccccc1-c1nnco1
2002,1,S=C1NCCC(COc2ccccc2)O1,S=C1NCCC(COc2ccccc2)O1
2003,0,[C-]#[N+]C(=C\c1ccc(O)cc1)/C(=C/c1ccc(O)cc1)[N+]#[C-],[C-]#[N+]C(=C\c1ccc(O)cc1)/C(=C/c1ccc(O)cc1)[N+]#[C-]
2004,1,[N-]=[N+]=NCC(=O)N[C@H](CO)[C@H](O)c1ccc([N+](=O)[O-])cc1,[N-]=[N+]=NCC(=O)N[C@H](CO)[C@H](O)c1ccc([N+](=O)[O-])cc1
2005,1,c1cc2c(c(N3CCNCC3)c1)OCCO2,c1cc2c(c(N3CCNCC3)c1)OCCO2
2006,1,c1ccc(-c2cc(CCC3CCNCC3)c3ccccc3n2)cc1,c1ccc(-c2cc(CCC3CCNCC3)c3ccccc3n2)cc1
2007,1,c1ccc(-c2nc(N3CCNCC3)cc3ccccc23)cc1,c1ccc(-c2nc(N3CCNCC3)cc3ccccc23)cc1
2008,1,c1ccc(C2(c3ccccc3)OC[C@H]([C@@H]3CCCCN3)O2)cc1,c1ccc(C2(c3ccccc3)OC[C@H]([C@@H]3CCCCN3)O2)cc1
2009,1,c1ccc(C2CCN(CC3CCCc4c3ccc3c4OCO3)C2)cc1,c1ccc(C2CCN(CC3CCCc4c3ccc3c4OCO3)C2)cc1
2010,1,c1ccc(C2CN=C3NCCN32)cc1,c1ccc(C2CN=C3NCCN32)cc1
2011,1,c1ccc(CC2NCCc3c2[nH]c2ccccc32)cc1,c1ccc(CC2NCCc3c2[nH]c2ccccc32)cc1
2012,1,c1ccc(Cn2cc(CCc3ccncc3)c3ccccc32)cc1,c1ccc(Cn2cc(CCc3ccncc3)c3ccccc32)cc1
2013,1,c1ccc([C@@H]2CN3CCSC3=N2)cc1,c1ccc([C@@H]2CN3CCSC3=N2)cc1
2014,1,c1ccc2c(CCC3CCNCC3)c[nH]c2c1,c1ccc2c(CCC3CCNCC3)c[nH]c2c1
2015,1,c1ccc2c(c1)CCN1CCNCC21,c1ccc2c(c1)CCN1CCNCC21
2016,1,c1ccc2c(c1)CCc1cccc3c1C2CN1CCCCC31,c1ccc2c(c1)CCc1cccc3c1C2CN1CCCCC31
2017,1,c1ccc2c(c1)cc1n2CCCNC1,c1ccc2c(c1)cc1n2CCCNC1
2018,1,c1ccc2cc(COC3CCNCC3)ccc2c1,c1ccc2cc(COC3CCNCC3)ccc2c1
2019,1,c1cnc(N2CCN(Cc3ccc4c(c3)OCO4)CC2)nc1,c1cnc(N2CCN(Cc3ccc4c(c3)OCO4)CC2)nc1
2020,1,c1cncc(CC2(Cc3ccncc3)c3cccnc3-c3ncccc32)c1,c1cncc(CC2(Cc3ccncc3)c3cccnc3-c3ncccc32)c1
2021,1,c1csc(Cc2ccccc2OCC2CNCCO2)c1,c1csc(Cc2ccccc2OCC2CNCCO2)c1
2022,0,CC(=O)C[C@@H](c1ccccc1)c1c(O)c2ccccc2oc1=O,CC(=O)C[C@@H](c1ccccc1)c1c(O)c2ccccc2oc1=O
2023,0,CC(=O)Nc1ccc(OCC(O)CNC(C)C)cc1,CC(=O)Nc1ccc(OCC(O)CNC(C)C)cc1
2024,1,CC(C(O)c1ccc(O)cc1)N1CCC(Cc2ccccc2)CC1,CC(C(O)c1ccc(O)cc1)N1CCC(Cc2ccccc2)CC1
2025,0,CC(C)(C)NCC(O)c1cc(O)cc(O)c1,CC(C)(C)NCC(O)c1cc(O)cc(O)c1
2026,0,CC(C)(C)S(=O)(=O)C[C@@H](Cc1ccccc1)C(=O)N[C@@H](Cc1cnc[nH]1)C(=O)N[C@@H](CC1CCCCC1)[C@@H](O)[C@@H](O)C1CC1,CC(C)(C)S(=O)(=O)C[C@@H](Cc1ccccc1)C(=O)N[C@@H](Cc1cnc[nH]1)C(=O)N[C@@H](CC1CCCCC1)[C@@H](O)[C@@H](O)C1CC1
2027,0,CC(CS)C(=O)N1CCCC1C(=O)O,CC(CS)C(=O)N1CCCC1C(=O)O
2028,0,CC1CN(c2cc3c(cc2F)c(=O)c(C(=O)O)cn3-c2ccc(F)cc2F)CCN1,CC1CN(c2cc3c(cc2F)c(=O)c(C(=O)O)cn3-c2ccc(F)cc2F)CCN1
2029,0,CCCCC(=O)O[C@H]1CC[C@H]2[C@@H]3CCc4cc(O)ccc4[C@H]3CC[C@]12C,CCCCC(=O)O[C@H]1CC[C@H]2[C@@H]3CCc4cc(O)ccc4[C@H]3CC[C@]12C
2030,1,CCCN1CCC[C@@H]2Cc3[nH]ncc3C[C@H]21,CCCN1CCC[C@@H]2Cc3[nH]ncc3C[C@H]21
2031,0,CCc1cccc2cc(C(O)CNC(C)(C)C)oc12,CCc1cccc2cc(C(O)CNC(C)(C)C)oc12
2032,0,CN(C(=O)Cc1ccc(Cl)c(Cl)c1)C(CN1CCCC1)c1cccc(OCC(=O)O)c1,CN(C(=O)Cc1ccc(Cl)c(Cl)c1)C(CN1CCCC1)c1cccc(OCC(=O)O)c1
2033,1,CN(C(=O)Cc1ccc(Cl)c(Cl)c1)[C@@H]1CCCC[C@H]1N1CCCC1,CN(C(=O)Cc1ccc(Cl)c(Cl)c1)[C@@H]1CCCC[C@H]1N1CCCC1
2034,1,CN(C(=O)Cc1cccc2sccc12)[C@@H]1CCCC[C@H]1N1CCCC1,CN(C(=O)Cc1cccc2sccc12)[C@@H]1CCCC[C@H]1N1CCCC1
2035,1,CN1CCc2cc(Cl)c(O)cc2[C@@H](c2ccccc2)C1,CN1CCc2cc(Cl)c(O)cc2[C@@H](c2ccccc2)C1
2036,0,CO/N=C(\C(=O)N[C@@H]1C(=O)N2C(C(=O)OCOC(=O)C(C)(C)C)=C(C)CS[C@H]12)c1csc(N)n1,CO/N=C(\C(=O)N[C@@H]1C(=O)N2C(C(=O)OCOC(=O)C(C)(C)C)=C(C)CS[C@H]12)c1csc(N)n1
2037,1,COCc1c(C(=O)OC(C)C)ncc2[nH]c3ccc(OCc4ccccc4)cc3c12,COCc1c(C(=O)OC(C)C)ncc2[nH]c3ccc(OCc4ccccc4)cc3c12
2038,0,COc1cc2c(cc1OC)CN(CCc1ccc(NC(=O)c3cccc4c(=O)c5cccc(OC)c5[nH]c34)cc1)CC2,COc1cc2c(cc1OC)CN(CCc1ccc(NC(=O)c3cccc4c(=O)c5cccc(OC)c5[nH]c34)cc1)CC2
2039,0,C[C@H]1O[C@H](O[C@@H]2[C@@H](CO)O[C@H](O[C@@H]3[C@@H](CO)OC(O)[C@H](O)[C@H]3O)[C@H](O)[C@H]2O)[C@H](O)[C@@H](O)[C@@H]1N[C@H]1C=C(CO)[C@@H](O)[C@H](O)[C@H]1O,C[C@H]1O[C@H](O[C@H]2[C@H](O)[C@@H](O)[C@@H](O[C@H]3[C@H](O)[C@@H](O)C(O)O[C@@H]3CO)O[C@@H]2CO)[C@H](O)[C@@H](O)[C@@H]1N[C@H]1C=C(CO)[C@@H](O)[C@H](O)[C@H]1O
2040,1,Cc1[nH]c(-c2ccccc2)nc1CC#N,Cc1[nH]c(-c2ccccc2)nc1CC#N
2041,1,Cc1cc(Cl)ccc1OC(C)C(=O)O,Cc1cc(Cl)ccc1OC(C)C(=O)O
2042,0,Cc1cccc(C)c1NC(=O)C(C)N,Cc1cccc(C)c1NC(=O)C(C)N
2043,0,N=C(N)N1CCC[C@@H](CNC(=O)C[C@H](NS(=O)(=O)c2ccc3ccccc3c2)C(=O)N(CC(=O)O)C2CC2)C1,N=C(N)N1CCC[C@@H](CNC(=O)C[C@H](NS(=O)(=O)c2ccc3ccccc3c2)C(=O)N(CC(=O)O)C2CC2)C1
2044,0,N=c1nc(N2CCCCC2)cc(N)n1O,N=c1nc(N2CCCCC2)cc(N)n1O
2045,0,NC(N)=N/N=C/c1c(Cl)cccc1Cl,NC(N)=N/N=C/c1c(Cl)cccc1Cl
2046,1,NCC(CS(=O)(=O)O)c1ccc(Cl)cc1,NCC(CS(=O)(=O)O)c1ccc(Cl)cc1
2047,0,O=C(O)c1cc(N=Nc2ccc(O)c(C(=O)O)c2)ccc1O,O=C(O)c1cc(N=Nc2ccc(O)c(C(=O)O)c2)ccc1O
2048,0,O=C(O)c1ccc2[nH]cc(CCCCN3CC=C(c4ccccc4)CC3)c2c1,O=C(O)c1ccc2[nH]cc(CCCCN3CC=C(c4ccccc4)CC3)c2c1
2049,0,OCCN1C[C@H](O)[C@@H](O)[C@H](O)[C@H]1CO,OCCN1C[C@H](O)[C@@H](O)[C@H](O)[C@H]1CO
2050,1,c1ccc2nc(N3CCNCC3)ccc2c1,c1ccc2nc(N3CCNCC3)ccc2c1
2051,0,C#CC1(O)CC[C@H]2[C@H]3CCC4=CC(=O)CC[C@H]4[C@H]3CCC21C,C#CC1(O)CC[C@H]2[C@H]3CCC4=CC(=O)CC[C@H]4[C@H]3CCC21C
2052,1,C#CC1(O)CC[C@H]2[C@H]3CCC4=Cc5c(cnn5-c5ccc(F)cc5)CC4(C)[C@H]3CCC21C,C#CC1(O)CC[C@H]2[C@H]3CCC4=Cc5c(cnn5-c5ccc(F)cc5)CC4(C)[C@H]3CCC21C
2053,0,C#CC1(O)CC[C@H]2[C@H]3CCc4cc(O)ccc4[C@H]3CCC21C,C#CC1(O)CC[C@H]2[C@H]3CCc4cc(O)ccc4[C@H]3CCC21C
2054,0,C#CC1(O)CC[C@H]2[C@H]3CCc4cc(OC)ccc4[C@H]3CCC21C,C#CC1(O)CC[C@H]2[C@H]3CCc4cc(OC)ccc4[C@H]3CCC21C
2055,1,C#CC1(O)CC[C@H]2[C@H]3[C@@H](C)CC4=C(CCC(=O)C4)[C@H]3CCC21C,C#CC1(O)CC[C@H]2[C@@H]3[C@H](CCC21C)C1=C(CC(=O)CC1)C[C@@H]3C
2056,1,C#CC1(OC[C@@H](O)CN2CCN(c3ccc(F)cc3)CC2)CCCCC1,C#CC1(OC[C@@H](O)CN2CCN(c3ccc(F)cc3)CC2)CCCCC1
2057,1,C#CCN(C)[C@@H](C)Cc1ccccc1,C#CCN(C)[C@@H](C)Cc1ccccc1
2058,1,C#C[C@H](OC(N)=O)c1ccccc1,C#C[C@H](OC(N)=O)c1ccccc1
2059,1,C/C(=C(/CCO)SSC[C@@H]1CCCO1)N(C=O)Cc1cnc(C)nc1N,C/C(=C(/CCO)SSC[C@@H]1CCCO1)N(C=O)Cc1cnc(C)nc1N
2060,1,C/C(=C(/CCOC(=O)c1ccccc1)SC(=O)c1ccccc1)N(C=O)Cc1cnc(C)nc1N,C/C(=C(/CCOC(=O)c1ccccc1)SC(=O)c1ccccc1)N(C=O)Cc1cnc(C)nc1N
2061,0,C/C(O)=C1/C(=O)[C@@H](N)[C@@H]2Cc3c(c(O)c4c(O)c(C)ccc4c3C)C(=O)C2(O)C1=O,C/C(O)=C1/C(=O)[C@@H](N)[C@@H]2Cc3c(c(O)c4c(O)c(C)ccc4c3C)C(=O)C2(O)C1=O
2062,0,C/C(O)=C1\C(=O)[C@@H](N)[C@@H]2Cc3c(c(O)c4c(O)c(C)ccc4c3C)C(=O)C2(O)C1=O,C/C(O)=C1\C(=O)[C@@H](N)[C@@H]2Cc3c(c(O)c4c(O)c(C)ccc4c3C)C(=O)C2(O)C1=O
2063,1,C/C=C(/CC)C(=O)NC(N)=O,C/C=C(/CC)C(=O)NC(N)=O
2064,1,C/C=C/C(=O)N(CC)[C@@H](CC)C(=O)N(C)C,C/C=C/C(=O)N(CC)[C@@H](CC)C(=O)N(C)C
2065,0,C/C=C/C1=C(C(=O)O)N2C(=O)C(NC(=O)[C@@H](N)c3ccc(O)cc3)[C@@H]2SC1,C/C=C/C1=C(C(=O)O)N2C(=O)C(NC(=O)[C@@H](N)c3ccc(O)cc3)[C@@H]2SC1
2066,1,C/C=C/[C@@H]1OC2(C(=O)COC(=O)c3ccncc3)CCC3(O1)[C@H]1CCC4=CC(=O)CCC4(C)[C@H]1[C@@H](O)CC23C,C/C=C/[C@@H]1OC2(C(=O)COC(=O)c3ccncc3)CCC3(O1)[C@H]1CCC4=CC(=O)CCC4(C)[C@H]1[C@@H](O)CC23C
2067,1,C/C=C\[C@@H]1OC2(C(=O)COC(=O)c3ccncc3)CCC3(O1)[C@H]1CCC4=CC(=O)CCC4(C)[C@H]1[C@@H](O)CC23C,C/C=C\[C@@H]1OC2(C(=O)COC(=O)c3ccncc3)CCC3(O1)[C@H]1CCC4=CC(=O)CCC4(C)[C@H]1[C@@H](O)CC23C
2068,1,C1=C(C=C2NCCN2)CCc2ccccc21,C1=C(C=C2NCCN2)CCc2ccccc21
2069,1,C1=CCC2=C3C(=NC2=C1)CCN[C@H]3Cc1ccccc1,C1=CCC2=C3C(=NC2=C1)CCN[C@H]3Cc1ccccc1
2070,1,C1=Cc2c(cccc2OC[C@@H]2CNCCO2)C1,C1=Cc2c(cccc2OC[C@@H]2CNCCO2)C1
2071,1,C1=NC[C@H](CC2=Cc3ccccc3CC2)N1,C1=NC[C@H](CC2=Cc3ccccc3CC2)N1
2072,1,C=C(C)[C@H]1CCC(C)=C[C@@H]1c1c(O)cc(CCCCC)cc1O,C=C(C)[C@H]1CCC(C)=C[C@@H]1c1c(O)cc(CCCCC)cc1O
2073,1,C=C1C[C@H](C)[C@@H]2C3Cc4ccc(O)cc4C2(CCN3CC2CCC2)C1,C=C1C[C@H](C)[C@@H]2C3Cc4ccc(O)cc4C2(CCN3CC2CCC2)C1
2074,1,C=C1C[C@H]2[C@@H]3C=CC4=CC(=O)CCC4(C)[C@H]3C(O)CC2(C)C1(O)C(=O)CO,C=C1C[C@H]2[C@@H]3C=CC4=CC(=O)CCC4(C)[C@H]3C(O)CC2(C)C1(O)C(=O)CO
2075,1,C=C1C[C@H]2[C@@H]3CCC4=CC(=O)C=CC4(C)C3(F)[C@@H](O)CC2(C)C1(O)C(=O)CO,C=C1C[C@H]2[C@@H]3CCC4=CC(=O)C=CC4(C)C3(F)[C@@H](O)CC2(C)C1(O)C(=O)CO
2076,1,C=C1C[C@H]2[C@@H]3CCC4=CC(=O)C=CC4(C)[C@H]3[C@@H](O)CC2(C)C1(O)C(=O)CO,C=C1C[C@H]2[C@@H]3CCC4=CC(=O)C=CC4(C)[C@H]3[C@@H](O)CC2(C)C1(O)C(=O)CO
2077,0,C=C1c2c(Cl)ccc(O)c2C(=O)C2=C(O)C3(O)C(=O)C(C(N)=O)=C(O)[C@@H](N(C)C)[C@H]3[C@@H](O)[C@@H]12,C=C1c2c(Cl)ccc(O)c2C(=O)C2=C(O)C3(O)C(=O)C(C(N)=O)=C(O)[C@@H](N(C)C)[C@H]3[C@@H](O)[C@@H]12
2078,0,C=C1c2c(Cl)ccc(O)c2C(O)=C2C(=O)C3(O)C(O)=C(C(N)=O)C(=O)[C@@H](N(C)C)[C@H]3[C@@H](O)[C@@H]12,C=C1c2c(Cl)ccc(O)c2C(O)=C2C(=O)C3(O)C(O)=C(C(N)=O)C(=O)[C@@H](N(C)C)[C@H]3[C@@H](O)[C@@H]12
2079,0,C=C1c2cccc(O)c2C(=O)C2=C(O)C3(O)C(=O)C(C(N)=O)=C(O)[C@@H](N(C)C)[C@H]3[C@@H](O)[C@@H]12,C=C1c2cccc(O)c2C(=O)C2=C(O)C3(O)C(=O)C(C(N)=O)=C(O)[C@@H](N(C)C)[C@H]3[C@@H](O)[C@@H]12
2080,0,C=C1c2cccc(O)c2C(O)=C2C(=O)C3(O)C(O)=C(C(N)=O)C(=O)[C@@H](N(C)C)[C@H]3[C@@H](O)[C@@H]12,C=C1c2cccc(O)c2C(O)=C2C(=O)C3(O)C(O)=C(C(N)=O)C(=O)[C@@H](N(C)C)[C@H]3[C@@H](O)[C@@H]12
2081,1,C=CC1([C@@H](C)CCC)C(=O)NC(=O)NC1=O,C=CC1([C@@H](C)CCC)C(=O)NC(=O)NC1=O
2082,0,C=CC1=C(C(=O)O)N2C(=O)C(NC(=O)/C(=N\O)c3csc(N)n3)[C@@H]2SC1,C=CC1=C(C(=O)O)N2C(=O)C(NC(=O)/C(=N\O)c3csc(N)n3)[C@@H]2SC1
2083,0,C=CC1=C(C(=O)O)N2C(=O)C(NC(=O)/C(=N\OCC(=O)O)c3csc(N)n3)[C@@H]2SC1,C=CC1=C(C(=O)O)N2C(=O)C(NC(=O)/C(=N\OCC(=O)O)c3csc(N)n3)[C@@H]2SC1
2084,0,C=CC1CN2CCC1CC2[C@@H](O)c1ccnc2ccc(OC)cc12,C=CC1CN2CCC1CC2[C@@H](O)c1ccnc2ccc(OC)cc12
2085,1,C=CC1CN2CCC1C[C@H]2[C@@H](O)c1ccnc2ccc(OC)cc12,C=CC1CN2CCC1C[C@H]2[C@@H](O)c1ccnc2ccc(OC)cc12
2086,1,C=CCC1(C[C@H](C)O)C(=O)NC(=O)NC1=O,C=CCC1(C[C@H](C)O)C(=O)NC(=O)NC1=O
2087,1,C=CCC1([C@@H](C)C#CCC)C(=O)NC(=O)N(C)C1=O,C=CCC1([C@@H](C)C#CCC)C(=O)NC(=O)N(C)C1=O
2088,1,C=CCC1([C@@H](C)CCC)C(=O)NC(=O)NC1=O,C=CCC1([C@@H](C)CCC)C(=O)NC(=O)NC1=O
2089,1,C=CCC1([C@@H](C)CCC)C(=O)NC(=S)NC1=O,C=CCC1([C@@H](C)CCC)C(=O)NC(=S)NC1=O
2090,1,C=CCN1C(=O)O[C@@H](C)C1=O,C=CCN1C(=O)O[C@@H](C)C1=O
2091,1,C=CCN1CCC23CCCC[C@@H]2C1Cc1ccc(O)cc13,C=CCN1CCC23CCCC[C@@H]2C1Cc1ccc(O)cc13
2092,1,C=CCN1CCC23c4c5ccc(O)c4O[C@@H]2C(=O)CCC3(O)C1C5,C=CCN1CCC23c4c5ccc(O)c4O[C@@H]2C(=O)CCC3(O)C1C5
2093,1,C=CCN1CCC23c4c5ccc(O)c4O[C@@H]2C2(OC)C=CC3(CC2C(C)(O)CCC)C1C5,C=CCN1CCC23c4c5ccc(O)c4O[C@@H]2C2(OC)C=CC3(CC2C(C)(O)CCC)C1C5
2094,1,C=CCN1CCC23c4c5ccc(O)c4O[C@@H]2C2(OC)C=CC3(C[C@H]2C(C)(O)CCC)C1C5,C=CCN1CCC23c4c5ccc(O)c4O[C@@H]2C2(OC)C=CC3(C[C@H]2C(C)(O)CCC)C1C5
2095,1,C=CCN1CCC23c4c5ccc(O)c4O[C@@H]2[C@@H](O)C=C[C@@H]3C1C5,C=CCN1CCC23c4c5ccc(O)c4O[C@@H]2[C@@H](O)C=C[C@@H]3C1C5
2096,1,C=CCN1CCC23c4c5ccc(OC(C)=O)c4O[C@@H]2C(OC(C)=O)C=C[C@@H]3C1C5,C=CCN1CCC23c4c5ccc(OC(C)=O)c4O[C@@H]2C(OC(C)=O)C=C[C@@H]3C1C5
2097,1,C=CCN1CCC[C@H]1CNC(=O)c1cc(S(=O)(=O)NC)c(N)cc1OC,C=CCN1CCC[C@H]1CNC(=O)c1cc(S(=O)(=O)NC)c(N)cc1OC
2098,1,C=CCN1CCC[C@H]1CNC(=O)c1cc(S(N)(=O)=O)cc(OC)c1OC,C=CCN1CCC[C@H]1CNC(=O)c1cc(S(N)(=O)=O)cc(OC)c1OC
2099,1,C=CCN1C[C@@H](C(=O)N(CCCN(C)C)C(=O)NCC)C[C@H]2c3cccc4[nH]cc(c34)C[C@@H]21,C=CCN1C[C@@H](C(=O)N(CCCN(C)C)C(=O)NCC)C[C@H]2c3cccc4[nH]cc(c34)C[C@@H]21
2100,0,C=CCSCC(=O)NC1C(=O)N2[C@H]1SC(C)(C)[C@@H]2C(=O)O,C=CCSCC(=O)NC1C(=O)N2[C@@H](C(=O)O)C(C)(C)S[C@@H]12
2101,1,C=CC[C@H](N)Cc1ccccc1,C=CC[C@H](N)Cc1ccccc1
2102,0,C=CC[C@H]1/C=C(\C)C[C@H](C)C[C@H](OC)[C@@H]2OC(O)(C(=O)C(=O)N3CCCC[C@H]3C(=O)O[C@H](/C(C)=C/[C@H]3CC[C@H](O)[C@@H](OC)C3)[C@@H](C)[C@@H](O)CC1=O)[C@@H](C)C[C@@H]2OC,C=CC[C@H]1/C=C(\C)C[C@H](C)C[C@H](OC)[C@@H]2OC(O)(C(=O)C(=O)N3CCCC[C@H]3C(=O)O[C@H](/C(C)=C/[C@H]3CC[C@H](O)[C@@H](OC)C3)[C@@H](C)[C@@H](O)CC1=O)[C@@H](C)C[C@@H]2OC
2103,1,C=CCc1ccccc1OC[C@@H](O)CNC(C)C,C=CCc1ccccc1OC[C@@H](O)CNC(C)C
2104,1,C=C[C@@H](N)CCC(=O)O,C=C[C@@H](N)CCC(=O)O
2105,1,C=C[C@@H]1CNCC[C@@H]1CCCc1ccnc2ccc(OC)cc12,C=C[C@@H]1CNCC[C@@H]1CCCc1ccnc2ccc(OC)cc12
2106,0,C=N[C@H](C(=O)NC1C(=O)N2[C@H]1SC(C)(C)[C@@H]2C(=O)O)c1ccccc1,C=N[C@H](C(=O)NC1C(=O)N2[C@@H](C(=O)O)C(C)(C)S[C@@H]12)c1ccccc1
2107,0,CC(=O)C1(N)Cc2c(O)c3c(c(O)c2[C@@H](O[C@H]2C[C@H](O)[C@@H](O)CO2)C1)C(=O)c1ccccc1C3=O,CC(=O)C1(N)Cc2c(O)c3c(c(O)c2[C@@H](O[C@H]2C[C@H](O)[C@@H](O)CO2)C1)C(=O)c1ccccc1C3=O
2108,1,CC(=O)C1(O)C(O)C[C@H]2[C@@H]3CCC4=CC(=O)C=CC4(C)C3(F)[C@@H](O)CC21C,CC(=O)C1(O)C(O)C[C@H]2[C@@H]3CCC4=CC(=O)C=CC4(C)C3(F)[C@@H](O)CC21C
2109,1,CC(=O)C1(O)CC[C@H]2[C@@H]3CCC4=CC(=O)C=CC4(C)[C@H]3[C@@H](O)CC21C,CC(=O)C1(O)CC[C@H]2[C@@H]3CCC4=CC(=O)C=CC4(C)[C@H]3[C@@H](O)CC21C
2110,1,CC(=O)C1(O)CC[C@H]2[C@@H]3C[C@H](C)C4=CC(=O)C=CC4(C)C3(F)[C@@H](O)CC21C,CC(=O)C1(O)CC[C@H]2[C@@H]3C[C@H](C)C4=CC(=O)C=CC4(C)C3(F)[C@@H](O)CC21C
2111,0,CC(=O)C1(O)Cc2c(O)c3c(c(O)c2[C@@H](O[C@@H]2C[C@H](N)[C@H](O)[C@H](C)O2)C1)C(=O)c1c(O)cccc1C3=O,CC(=O)C1(O)Cc2c(O)c3c(c(O)c2[C@@H](O[C@@H]2C[C@H](N)[C@H](O)[C@H](C)O2)C1)C(=O)c1c(O)cccc1C3=O
2112,0,CC(=O)C1(O)Cc2c(O)c3c(c(O)c2[C@@H](O[C@@H]2C[C@H](N)[C@H](O)[C@H](C)O2)C1)C(=O)c1ccccc1C3=O,CC(=O)C1(O)Cc2c(O)c3c(c(O)c2[C@@H](O[C@@H]2C[C@H](N)[C@H](O)[C@H](C)O2)C1)C(=O)c1ccccc1C3=O
2113,1,CC(=O)C1(O)[C@@H](C)C[C@H]2[C@@H]3CCC4=CC(=O)C=CC4(C)C3(F)[C@@H](O)CC21C,CC(=O)C1(O)[C@@H](C)C[C@H]2[C@@H]3CCC4=CC(=O)C=CC4(C)C3(F)[C@@H](O)CC21C
2114,1,CC(=O)C1(O)[C@@H](O)C[C@H]2[C@H]3CCC4=CC(=O)CCC4(C)[C@H]3CCC21C,CC(=O)C1(O)[C@@H](O)C[C@H]2[C@H]3CCC4=CC(=O)CCC4(C)[C@H]3CCC21C
2115,1,CC(=O)C12OC(C)(C)O[C@H]1C[C@H]1[C@H]3CCC4=CC(=O)CCC4(C)[C@H]3CCC12C,CC(=O)C12OC(C)(C)O[C@H]1C[C@H]1[C@H]3CCC4=CC(=O)CCC4(C)[C@H]3CCC12C
2116,1,CC(=O)C1CC[C@H]2[C@@H]3CC=C4C[C@@H](OC(=O)CCC(=O)O)CCC4(C)[C@H]3CCC12C,CC(=O)C1CC[C@H]2[C@@H]3CC=C4C[C@@H](OC(=O)CCC(=O)O)CCC4(C)[C@H]3CCC12C
2117,1,CC(=O)C1CC[C@H]2[C@@H]3CCC4=CC(=O)CCC4(C)[C@H]3CCC12C,CC(=O)C1CC[C@H]2[C@@H]3CCC4=CC(=O)CCC4(C)[C@H]3CCC12C
2118,1,CC(=O)C1CC[C@H]2[C@@H]3C[C@H](C)C4=CC(=O)C=CC4(C)[C@H]3[C@@H](O)CC12C,CC(=O)C1CC[C@H]2[C@@H]3C[C@H](C)C4=CC(=O)C=CC4(C)[C@H]3[C@@H](O)CC12C
2119,1,CC(=O)C1CC[C@H]2[C@@H]3C[C@H](C)C4=CC(=O)CCC4(C)[C@H]3[C@@H](O)CC12C,CC(=O)C1CC[C@H]2[C@@H]3C[C@H](C)C4=CC(=O)CCC4(C)[C@H]3[C@@H](O)CC12C
2120,1,CC(=O)C1CC[C@H]2[C@@H]3C[C@H](O)C45CC4CCC5(C)[C@H]3CCC12C,CC(=O)C1CC[C@H]2[C@@H]3C[C@H](O)C45CC4CCC5(C)[C@H]3CCC12C
2121,1,CC(=O)CC(=O)C1(O)CC[C@H]2[C@@H]3CCC4=CC(=O)C=CC4(C)C3(Cl)[C@@H](Cl)CC21C,CC(=O)CC(=O)C1(O)CC[C@H]2[C@@H]3CCC4=CC(=O)C=CC4(C)C3(Cl)[C@@H](Cl)CC21C
2122,1,CC(=O)CC(=O)C12OC(C)(C)O[C@H]1C[C@H]1[C@@H]3CC(C#N)=C4C=C(OCCCl)CCC4(C)C3(F)C(O)CC12C,CC(=O)CC(=O)C12OC(C)(C)O[C@H]1C[C@H]1[C@@H]3CC(C#N)=C4C=C(OCCCl)CCC4(C)C3(F)C(O)CC12C
2123,0,CC(=O)N1CCN(C(=O)Cc2cc(F)cc(F)c2)[C@@H](CN2CC[C@H](O)C2)C1,CC(=O)N1CCN(C(=O)Cc2cc(F)cc(F)c2)[C@@H](CN2CC[C@H](O)C2)C1
2124,0,CC(=O)N1CCN(C(=O)Cc2ccc(C(F)(F)F)cc2)[C@@H](CN2CC[C@H](O)C2)C1,CC(=O)N1CCN(C(=O)Cc2ccc(C(F)(F)F)cc2)[C@@H](CN2CC[C@H](O)C2)C1
2125,0,CC(=O)N1CCN(C(=O)Cc2ccc(Cl)c(Cl)c2)[C@@H](CN2CC[C@H](O)C2)C1,CC(=O)N1CCN(C(=O)Cc2ccc(Cl)c(Cl)c2)[C@@H](CN2CC[C@H](O)C2)C1
2126,0,CC(=O)N1CCN(C(=O)Cc2ccc([S+](C)[O-])cc2)[C@@H](CN2CC[C@H](O)C2)C1,CC(=O)N1CCN(C(=O)Cc2ccc([S+](C)[O-])cc2)[C@@H](CN2CC[C@H](O)C2)C1
2127,0,CC(=O)N1CCN(c2ccc(OC[C@H]3COC(Cn4ccnc4)(c4ccc(Cl)cc4Cl)O3)cc2)CC1,CC(=O)N1CCN(c2ccc(OC[C@H]3COC(Cn4ccnc4)(c4ccc(Cl)cc4Cl)O3)cc2)CC1
2128,1,CC(=O)OC1(C(C)=O)CC[C@H]2[C@@H]3C[C@H](C)C4=CC(=O)C=CC4(C)C3(F)[C@@H](O)CC21C,CC(=O)OC1(C(C)=O)CC[C@H]2[C@@H]3C[C@H](C)C4=CC(=O)C=CC4(C)C3(F)[C@@H](O)CC21C
2129,0,CC(=O)OC12CO[C@H]1C[C@H](O)C1(C)C(=O)[C@@H](O)C3=C(C)[C@@H](OC(=O)[C@@H](O)[C@@H](NC(=O)OC(C)(C)C)c4ccccc4)CC(O)([C@@H](OC(=O)c4ccccc4)[C@@H]21)C3(C)C,CC(=O)OC12CO[C@H]1C[C@H](O)C1(C)C(=O)[C@@H](O)C3=C(C)[C@@H](OC(=O)[C@@H](O)[C@@H](NC(=O)OC(C)(C)C)c4ccccc4)CC(O)([C@@H](OC(=O)c4ccccc4)[C@@H]21)C3(C)C
2130,0,CC(=O)OC1CC2(C)[C@H](C[C@H](O)[C@H]3C4(C)CC[C@H](O)[C@@H](C)[C@@H]4CCC32C)/C1=C(\CCC=C(C)C)C(=O)O,CC(=O)OC1CC2(C)[C@H](C[C@H](O)[C@H]3C4(C)CC[C@H](O)[C@@H](C)[C@@H]4CCC32C)/C1=C(\CCC=C(C)C)C(=O)O
2131,1,CC(=O)OCC(=O)C1(O)CC[C@H]2[C@@H]3CCC4=CC(=O)C=CC4(C)C3(Cl)[C@@H](Cl)CC21C,CC(=O)OCC(=O)C1(O)CC[C@H]2[C@@H]3CCC4=CC(=O)C=CC4(C)C3(Cl)[C@@H](Cl)CC21C
2132,1,CC(=O)OCC(=O)C1(O)CC[C@H]2[C@@H]3CCC4=CC(=O)C=CC4(C)C3(F)[C@@H](O)CC21C,CC(=O)OCC(=O)C1(O)CC[C@H]2[C@@H]3CCC4=CC(=O)C=CC4(C)C3(F)[C@@H](O)CC21C
2133,1,CC(=O)OCC(=O)C1(O)CC[C@H]2[C@@H]3CCC4=CC(=O)C=CC4(C)[C@H]3[C@@H](O)CC21C,CC(=O)OCC(=O)C1(O)CC[C@H]2[C@@H]3CCC4=CC(=O)C=CC4(C)[C@H]3[C@@H](O)CC21C
2134,1,CC(=O)OCC(=O)C1(O)CC[C@H]2[C@@H]3CCC4=CC(=O)CCC4(C)C3(F)[C@@H](O)CC21C,CC(=O)OCC(=O)C1(O)CC[C@H]2[C@@H]3CCC4=CC(=O)CCC4(C)C3(F)[C@@H](O)CC21C
2135,1,CC(=O)OCC(=O)C1(O)CC[C@H]2[C@@H]3CCC4=CC(=O)CCC4(C)[C@H]3C(=O)CC21C,CC(=O)OCC(=O)C1(O)CC[C@H]2[C@@H]3CCC4=CC(=O)CCC4(C)[C@H]3C(=O)CC21C
2136,1,CC(=O)OCC(=O)C1(O)CC[C@H]2[C@@H]3CCC4=CC(=O)CCC4(C)[C@H]3[C@@H](O)CC21C,CC(=O)OCC(=O)C1(O)CC[C@H]2[C@@H]3CCC4=CC(=O)CCC4(C)[C@H]3[C@@H](O)CC21C
2137,1,CC(=O)OCC(=O)C1(O)CC[C@H]2[C@@H]3C[C@H](C)C4=CC(=O)C=CC4(C)[C@H]3[C@@H](O)CC21C,CC(=O)OCC(=O)C1(O)CC[C@H]2[C@@H]3C[C@H](C)C4=CC(=O)C=CC4(C)[C@H]3[C@@H](O)CC21C
2138,1,CC(=O)OCC(=O)C1(O)CC[C@H]2[C@@H]3C[C@H](Cl)C4=CC(=O)C=CC4(C)[C@H]3C(=O)CC21C,CC(=O)OCC(=O)C1(O)CC[C@H]2[C@@H]3C[C@H](Cl)C4=CC(=O)C=CC4(C)[C@H]3C(=O)CC21C
2139,1,CC(=O)OCC(=O)C1(O)[C@@H](C)C[C@H]2[C@@H]3C=C(C)C4=Cc5c(cnn5-c5ccccc5)CC4(C)[C@H]3[C@@H](O)CC21C,CC(=O)OCC(=O)C1(O)[C@@H](C)C[C@H]2[C@@H]3C=C(C)C4=Cc5c(cnn5-c5ccccc5)CC4(C)[C@H]3[C@@H](O)CC21C
2140,1,CC(=O)OCC(=O)C1(O)[C@@H](C)C[C@H]2[C@@H]3CC(F)(F)C4=CC(=O)C=CC4(C)C3(F)[C@@H](O)CC21C,CC(=O)OCC(=O)C1(O)[C@@H](C)C[C@H]2[C@@H]3CC(F)(F)C4=CC(=O)C=CC4(C)C3(F)[C@@H](O)CC21C
2141,1,CC(=O)OCC(=O)C1(O)[C@@H](C)C[C@H]2[C@@H]3CCC4=CC(=O)C=CC4(C)C3(F)[C@@H](O)CC21C,CC(=O)OCC(=O)C1(O)[C@@H](C)C[C@H]2[C@@H]3CCC4=CC(=O)C=CC4(C)C3(F)[C@@H](O)CC21C
2142,1,CC(=O)OCC(=O)C1(O)[C@@H](C)C[C@H]2[C@@H]3C[C@H](F)C4=CC(=O)C=CC4(C)[C@H]3[C@@H](O)CC21C,CC(=O)OCC(=O)C1(O)[C@@H](C)C[C@H]2[C@@H]3C[C@H](F)C4=CC(=O)C=CC4(C)[C@H]3[C@@H](O)CC21C
2143,1,CC(=O)OCC(=O)C1(O)[C@@H](OC(C)=O)C[C@H]2[C@@H]3CCC4=CC(=O)C=CC4(C)C3(F)[C@@H](O)CC21C,CC(=O)OCC(=O)C1(O)[C@@H](OC(C)=O)C[C@H]2[C@@H]3CCC4=CC(=O)C=CC4(C)C3(F)[C@@H](O)CC21C
2144,1,CC(=O)OCC(=O)C1(OC(=O)C(C)C)[C@@H](C)C[C@H]2[C@@H]3CCC4=CC(=O)C=CC4(C)C3(F)[C@@H](O)CC21C,CC(=O)OCC(=O)C1(OC(=O)C(C)C)[C@@H](C)C[C@H]2[C@@H]3CCC4=CC(=O)C=CC4(C)C3(F)[C@@H](O)CC21C
2145,1,CC(=O)OCC(=O)C1(OC(=O)c2ccco2)[C@@H](C)C[C@H]2[C@@H]3CCC4=CC(=O)C=CC4(C)C3(F)[C@@H](O)CC21C,CC(=O)OCC(=O)C1(OC(=O)c2ccco2)[C@@H](C)C[C@H]2[C@@H]3CCC4=CC(=O)C=CC4(C)C3(F)[C@@H](O)CC21C
2146,1,CC(=O)OCC(=O)C1(OC(C)=O)CC[C@H]2[C@@H]3C[C@H](F)C4=CC(=O)C(Br)=CC4(C)C3(F)[C@@H](O)CC21C,CC(=O)OCC(=O)C1(OC(C)=O)CC[C@H]2[C@@H]3C[C@H](F)C4=CC(=O)C(Br)=CC4(C)C3(F)[C@@H](O)CC21C
2147,1,CC(=O)OCC(=O)C1(OC(C)=O)[C@@H](C)C[C@H]2[C@@H]3C[C@H](F)C4=CC(=O)C=CC4(C)C3(F)[C@@H](O)CC21C,CC(=O)OCC(=O)C1(OC(C)=O)[C@@H](C)C[C@H]2[C@@H]3C[C@H](F)C4=CC(=O)C=CC4(C)C3(F)[C@@H](O)CC21C
2148,1,CC(=O)OCC(=O)C12N=C(C)O[C@H]1C[C@H]1[C@@H]3CCC4=CC(=O)C=CC4(C)C3(F)C(O)CC12C,CC(=O)OCC(=O)C12N=C(C)O[C@H]1C[C@H]1[C@@H]3CCC4=CC(=O)C=CC4(C)C3(F)C(O)CC12C
2149,1,CC(=O)OCC(=O)C12N=C(C)O[C@H]1C[C@H]1[C@@H]3CCC4=CC(=O)C=CC4(C)[C@H]3C(O)CC12C,CC(=O)OCC(=O)C12N=C(C)O[C@H]1C[C@H]1[C@@H]3CCC4=CC(=O)C=CC4(C)[C@H]3C(O)CC12C
2150,1,CC(=O)OCC(=O)C12OC(C)(C)O[C@H]1C[C@H]1[C@@H]3CC(C#N)=C4C=C(OCCCl)CCC4(C)C3(F)C(O)CC12C,CC(=O)OCC(=O)C12OC(C)(C)O[C@H]1C[C@H]1[C@@H]3CC(C#N)=C4C=C(OCCCl)CCC4(C)C3(F)C(O)CC12C
2151,1,CC(=O)OCC(=O)C12OC(C)(C)O[C@H]1C[C@H]1[C@@H]3CC(C=O)=C4C=C(OCCCl)CCC4(C)C3(F)C(O)CC12C,CC(=O)OCC(=O)C12OC(C)(C)O[C@H]1C[C@H]1[C@@H]3CC(C=O)=C4C=C(OCCCl)CCC4(C)C3(F)C(O)CC12C
2152,1,CC(=O)OCC(=O)C12OC(C)(C)O[C@H]1C[C@H]1[C@@H]3C[C@H](F)C4=CC(=O)C=CC4(C)[C@H]3C(O)CC12C,CC(=O)OCC(=O)C12OC(C)(C)O[C@H]1C[C@H]1[C@@H]3C[C@H](F)C4=CC(=O)C=CC4(C)[C@H]3C(O)CC12C
2153,1,CC(=O)OCC(=O)C12OC3(CCCC3)O[C@H]1C[C@H]1[C@@H]3CCC4=CC(=O)C=CC4(C)C3(F)C(O)CC12C,CC(=O)OCC(=O)C12OC3(CCCC3)O[C@H]1C[C@H]1[C@@H]3CCC4=CC(=O)C=CC4(C)C3(F)C(O)CC12C
2154,1,CC(=O)OCC(=O)C12OC3(CCCC3)O[C@H]1C[C@H]1[C@@H]3CCC4=CC(=O)C=CC4(C)C3(F)[C@@H](O)CC12C,CC(=O)OCC(=O)C12OC3(CCCC3)O[C@H]1C[C@H]1[C@@H]3CCC4=CC(=O)C=CC4(C)C3(F)[C@@H](O)CC12C
2155,1,CC(=O)OCC(=O)C1[C@@H](C)C[C@H]2[C@@H]3C[C@H](F)C4=CC(=O)C=CC4(C)C3(Cl)[C@@H](O)CC12C,CC(=O)OCC(=O)C1[C@@H](C)C[C@H]2[C@@H]3C[C@H](F)C4=CC(=O)C=CC4(C)C3(Cl)[C@@H](O)CC12C
2156,0,CC(=O)OCC1=C(C(=O)O)N2C(=O)C(NC(=O)CC#N)[C@@H]2SC1,CC(=O)OCC1=C(C(=O)O)N2C(=O)C(NC(=O)CC#N)[C@@H]2SC1
2157,0,CC(=O)OCC1=C(C(=O)O)N2C(=O)C(NC(=O)CSc3ccncc3)[C@@H]2SC1,CC(=O)OCC1=C(C(=O)O)N2C(=O)C(NC(=O)CSc3ccncc3)[C@@H]2SC1
2158,0,CC(=O)OCC1=C(C(=O)O)N2C(=O)C(NC(=O)Cc3ccccc3)[C@@H]2SC1,CC(=O)OCC1=C(C(=O)O)N2C(=O)C(NC(=O)Cc3ccccc3)[C@@H]2SC1
2159,0,CC(=O)OCC1=C(C(=O)O)N2C(=O)C(NC(=O)Cc3cccs3)[C@@H]2SC1,CC(=O)OCC1=C(C(=O)O)N2C(=O)C(NC(=O)Cc3cccs3)[C@@H]2SC1
2160,0,CC(=O)OCC1=C(C(=O)O)N2C(=O)C(NC(=O)c3c(-c4ccccc4Cl)noc3C)[C@@H]2SC1,CC(=O)OCC1=C(C(=O)O)N2C(=O)C(NC(=O)c3c(-c4ccccc4Cl)noc3C)[C@@H]2SC1
2161,1,CC(=O)OCC1=CO[C@@H](OC(=O)CC(C)(C)OC(C)=O)[C@H]2C1=C[C@H](OC(=O)CC(C)C)C21CO1,CC(=O)OCC1=CO[C@@H](OC(=O)CC(C)(C)OC(C)=O)[C@H]2C1=C[C@H](OC(=O)CC(C)C)C21CO1
2162,1,CC(=O)OCC1=CO[C@@H](OC(=O)CC(C)C)[C@H]2C1=C[C@H](OC(=O)CC(C)C)C21CO1,CC(=O)OCC1=CO[C@@H](OC(=O)CC(C)C)[C@H]2C1=C[C@H](OC(=O)CC(C)C)C21CO1
2163,0,CC(=O)OCOC(=O)[C@@H]1N2C(=O)C(NC(=O)Cc3ccccc3)[C@@H]2SC1(C)C,CC(=O)OCOC(=O)[C@@H]1N2C(=O)C(NC(=O)Cc3ccccc3)[C@@H]2SC1(C)C
2164,1,CC(=O)O[C@@H](c1ccccc1)[C@@H]1CCCCN1,CC(=O)O[C@@H](c1ccccc1)[C@@H]1CCCCN1
2165,0,CC(=O)O[C@@H]1C(=O)C2(C)[C@@H](O)C[C@@H]3OCC3(OC(C)=O)[C@@H]2[C@H](OC(=O)c2ccccc2)C2(O)C[C@H](OC(=O)[C@@H](O)[C@@H](NC(=O)c3ccccc3)c3ccccc3)C(C)=C1C2(C)C,CC(=O)O[C@@H]1C(=O)C2(C)[C@@H](O)C[C@@H]3OCC3(OC(C)=O)[C@@H]2[C@H](OC(=O)c2ccccc2)C2(O)C[C@H](OC(=O)[C@@H](O)[C@@H](NC(=O)c3ccccc3)c3ccccc3)C(C)=C1C2(C)C
2166,0,CC(=O)O[C@H]1CC2(C)[C@H](C[C@H](O)[C@H]3C4(C)CC[C@H](O)[C@@H](C)[C@@H]4CCC32C)/C1=C(/CCC=C(C)C)C(=O)O,CC(=O)O[C@H]1CC2(C)[C@H](C[C@H](O)[C@H]3C4(C)CC[C@H](O)[C@@H](C)[C@@H]4CCC32C)/C1=C(/CCC=C(C)C)C(=O)O
2167,1,CC(=O)O[C@H]1CCC2(C)[C@H]3CCC4(C)C(C(C)CCCC(C)C)CC[C@H]4[C@@H]3C[C@H](Br)C2(Br)C1,CC(=O)O[C@H]1CCC2(C)[C@H]3CCC4(C)C(C(C)CCCC(C)C)CC[C@H]4[C@@H]3C[C@H](Br)C2(Br)C1
2168,1,CC(=O)O[C@H]1CCC2(C)[C@H]3CCC4(C)C(C(C)CCCC(C)C)CC[C@H]4[C@@H]3C[C@H](Br)[C@H]2[C@@H]1Br,CC(=O)O[C@H]1CCC2(C)[C@H]([C@@H]1Br)[C@@H](Br)C[C@H]1[C@@H]3CCC(C(C)CCCC(C)C)C3(C)CC[C@@H]12
2169,1,CC(=O)Oc1ccc2c3c1O[C@@H]1C(OC(C)=O)C=C[C@@H]4C(C2)N(C)CCC341,CC(=O)Oc1ccc2c3c1O[C@@H]1C(OC(C)=O)C=C[C@@H]4C(C2)N(C)CCC341
2170,0,CC(=O)S[C@H]1CC2=CC(=O)CCC2(C)[C@H]2CCC3(C)[C@@H](CCC34CCC(=O)O4)[C@@H]12,CC(=O)S[C@H]1CC2=CC(=O)CCC2(C)[C@H]2CCC3(C)[C@@H](CCC34CCC(=O)O4)[C@@H]12
2171,1,CC(=O)[C@H]1CC[C@H]2[C@@H]3CC[C@H]4C[C@@H](O)CCC4(C)[C@H]3C(=O)CC12C,CC(=O)[C@H]1CC[C@H]2[C@@H]3CC[C@H]4C[C@@H](O)CCC4(C)[C@H]3C(=O)CC12C
2172,1,CC(=O)[C@H]1CC[C@H]2[C@H]3CC[C@H]4C[C@@H](O)CCC4(C)[C@H]3CCC12C,CC(=O)[C@H]1CC[C@H]2[C@H]3CC[C@H]4C[C@@H](O)CCC4(C)[C@H]3CCC12C
2173,1,CC(=O)c1ccc2c(c1)N(C[C@H](C)N(C)C)c1ccccc1S2,CC(=O)c1ccc2c(c1)N(C[C@H](C)N(C)C)c1ccccc1S2
2174,0,CC(C)(C(=O)O)c1ccc([C@@H](O)CCCN2CCC(C(O)(c3ccccc3)c3ccccc3)CC2)cc1,CC(C)(C(=O)O)c1ccc([C@@H](O)CCCN2CCC(C(O)(c3ccccc3)c3ccccc3)CC2)cc1
2175,0,CC(C)(C)C(=O)OCOC(=O)[C@@H]1N2C(=O)C(NC(=O)[C@@H](N)c3ccccc3)[C@@H]2SC1(C)C,CC(C)(C)C(=O)OCOC(=O)[C@@H]1N2C(=O)C(NC(=O)[C@@H](N)c3ccccc3)[C@@H]2SC1(C)C
2176,1,CC(C)(C)C(=O)SCC(=O)C1(O)CC[C@H]2[C@@H]3CCC4=CC(=O)CCC4(C)[C@H]3[C@@H](O)CC21C,CC(C)(C)C(=O)SCC(=O)C1(O)CC[C@H]2[C@@H]3CCC4=CC(=O)CCC4(C)[C@H]3[C@@H](O)CC21C
2177,1,CC(C)(C)CC(=O)OCC(=O)C1(O)CC[C@H]2[C@@H]3CCC4=CC(=O)C=CC4(C)[C@H]3C(O)CC21C,CC(C)(C)CC(=O)OCC(=O)C1(O)CC[C@H]2[C@@H]3CCC4=CC(=O)C=CC4(C)[C@H]3C(O)CC21C
2178,1,CC(C)(C)CC(=O)OCC(=O)C12OC(C)(C)O[C@H]1C[C@H]1[C@@H]3CC4=CC(=O)C=CC4(C)C3(F)[C@@H](O)CC12C,CC(C)(C)CC(=O)OCC(=O)C12OC(C)(C)O[C@H]1C[C@H]1[C@@H]3CC4=CC(=O)C=CC4(C)C3(F)[C@@H](O)CC12C
2179,1,CC(C)(C)NC(=O)[C@@H]1C[C@@H]2CCCC[C@@H]2CN1C[C@H](O)[C@H](Cc1ccccc1)NC(=O)[C@H](CC(N)=O)NC(=O)c1ccc2ccccc2n1,CC(C)(C)NC(=O)[C@@H]1C[C@@H]2CCCC[C@@H]2CN1C[C@H](O)[C@H](Cc1ccccc1)NC(=O)[C@H](CC(N)=O)NC(=O)c1ccc2ccccc2n1
2180,0,CC(C)(C)NC[C@@H](O)c1ccc(O)c(CO)c1,CC(C)(C)NC[C@@H](O)c1ccc(O)c(CO)c1
2181,0,CC(C)(C)NC[C@@H](O)c1ccc(O)c(NC(N)=O)c1,CC(C)(C)NC[C@@H](O)c1ccc(O)c(NC(N)=O)c1
2182,1,CC(C)(C)NC[C@@H](O)c1ccccc1F,CC(C)(C)NC[C@@H](O)c1ccccc1F
2183,1,CC(C)(C)NC[C@H](O)COc1cccc2c1CCC(=O)N2,CC(C)(C)NC[C@H](O)COc1cccc2c1CCC(=O)N2
2184,1,CC(C)(C)NC[C@H](O)COc1ccccc1C#N,CC(C)(C)NC[C@H](O)COc1ccccc1C#N
2185,0,CC(C)(C)NC[C@H](O)c1ccc(O)c(CO)n1,CC(C)(C)NC[C@H](O)c1ccc(O)c(CO)n1
2186,1,CC(C)(C)OC(=O)c1ncn2c1[C@@H]1CCCN1C(=O)c1cc(Br)ccc1-2,CC(C)(C)OC(=O)c1ncn2c1[C@@H]1CCCN1C(=O)c1cc(Br)ccc1-2
2187,1,CC(C)(C)[C@@H](O)/C=C/c1ccc2c(c1)OCO2,CC(C)(C)[C@@H](O)/C=C/c1ccc2c(c1)OCO2
2188,1,CC(C)(C)[C@@H](O)/C=C\c1ccc2c(c1)OCO2,CC(C)(C)[C@@H](O)/C=C\c1ccc2c(c1)OCO2
2189,1,CC(C)(C)[N+](O)=Cc1cc[n+]([O-])cc1,CC(C)(C)[N+](O)=Cc1cc[n+]([O-])cc1
2190,1,CC(C)(C)c1ccc(OC(F)(F)F)c(CN[C@H]2CCCN[C@H]2c2ccccc2)c1,CC(C)(C)c1ccc(OC(F)(F)F)c(CN[C@H]2CCCN[C@H]2c2ccccc2)c1
2191,1,CC(C)(CO)[C@H](O)C(=O)NCCCC(=O)O,CC(C)(CO)[C@H](O)C(=O)NCCCC(=O)O
2192,1,CC(C)(O)C(Cl)(Cl)Cl,CC(C)(O)C(Cl)(Cl)Cl
2193,1,CC(C)(O)C(F)(F)F,CC(C)(O)C(F)(F)F
2194,0,CC(C)(Oc1ccccc1)C(=O)NC1C(=O)N2[C@H]1SC(C)(C)[C@@H]2C(=O)O,CC(C)(Oc1ccccc1)C(=O)NC1C(=O)N2[C@@H](C(=O)O)C(C)(C)S[C@@H]12
2195,1,CC(C)=CCN1CCC2(C)c3cc(O)ccc3C[C@H]1[C@H]2C,CC(C)=CCN1CCC2(C)c3cc(O)ccc3C[C@H]1[C@H]2C
2196,1,CC(C)=CCN1CCC23c4c5ccc(O)c4OC2C(=O)CCC3(O)C1C5,CC(C)=CCN1CCC23c4c5ccc(O)c4OC2C(=O)CCC3(O)C1C5
2197,1,CC(C)=CCN1CCC23c4c5ccc(O)c4O[C@@H]2C(=O)CCC3(O)C1C5,CC(C)=CCN1CCC23c4c5ccc(O)c4O[C@@H]2C(=O)CCC3(O)C1C5
2198,0,CC(C)C(=O)OCc1cccc(OC(=O)[C@@H]2N3C(=O)C(NC(=O)Cc4ccccc4)[C@@H]3SC2(C)C)c1,CC(C)C(=O)OCc1cccc(OC(=O)[C@@H]2N3C(=O)C(NC(=O)Cc4ccccc4)[C@@H]3SC2(C)C)c1
2199,1,CC(C)C1(C(C)C)OC[C@H](CO)O1,CC(C)C1(C(C)C)OC[C@H](CO)O1
2200,1,CC(C)C1(O)CCN2C[C@H]3c4ccccc4CCc4cccc(c43)[C@@H]2C1,CC(C)C1(O)CCN2C[C@H]3c4ccccc4CCc4cccc(c43)[C@@H]2C1
2201,1,CC(C)CCC(=O)C[C@H]1c2ccccc2C(=O)N1c1ccc2ccc(Cl)nc2n1,CC(C)CCC(=O)C[C@H]1c2ccccc2C(=O)N1c1ccc2ccc(Cl)nc2n1
2202,1,CC(C)CCNC[C@H]1COc2ccccc2O1,CC(C)CCNC[C@H]1COc2ccccc2O1
2203,1,CC(C)CCO[C@H](CN1CCCC1)c1ccccc1,CC(C)CCO[C@H](CN1CCCC1)c1ccccc1
2204,1,CC(C)CN(C[C@H](O)[C@H](Cc1ccccc1)NC(=O)OC1CCOC1)S(=O)(=O)c1ccc(N)cc1,CC(C)CN(C[C@H](O)[C@H](Cc1ccccc1)NC(=O)OC1CCOC1)S(=O)(=O)c1ccc(N)cc1
2205,1,CC(C)C[C@H](N(C)C)C1(c2ccc(Cl)cc2)CCC1,CC(C)C[C@H](N(C)C)C1(c2ccc(Cl)cc2)CCC1
2206,0,CC(C)C[C@H](N)C(=O)N[C@@H](CCCN)C(=O)N[C@H](C(=O)N[C@@H](CCCN)C(=O)N1CCC[C@H]1C(=O)N[C@H](C=O)Cc1ccccc1)C(C)C,CC(C)C[C@H](N)C(=O)N[C@@H](CCCN)C(=O)N[C@H](C(=O)N[C@@H](CCCN)C(=O)N1CCC[C@H]1C(=O)N[C@H](C=O)Cc1ccccc1)C(C)C
2207,0,CC(C)C[C@H](OC(=O)c1ccco1)C(=O)NC1C(=O)N2[C@H]1SC(C)(C)[C@@H]2C(=O)O,CC(C)C[C@H](OC(=O)c1ccco1)C(=O)NC1C(=O)N2[C@@H](C(=O)O)C(C)(C)S[C@@H]12
2208,1,CC(C)Cc1ccc([C@H](C)C(=O)O)cc1,CC(C)Cc1ccc([C@H](C)C(=O)O)cc1
2209,0,CC(C)N1CCN(c2ccc(OC[C@H]3COC(Cn4cncn4)(c4ccc(Cl)cc4Cl)O3)cc2)CC1,CC(C)N1CCN(c2ccc(OC[C@H]3COC(Cn4cncn4)(c4ccc(Cl)cc4Cl)O3)cc2)CC1
2210,1,CC(C)N1CCO[C@@H](c2ccc(C(F)(F)F)cc2)C1,CC(C)N1CCO[C@@H](c2ccc(C(F)(F)F)cc2)C1
2211,1,CC(C)NC1C2CCC(CC2)C1(O)c1ccc(Cl)c(Cl)c1,CC(C)NC1C2CCC(CC2)C1(O)c1ccc(Cl)c(Cl)c1
2212,1,CC(C)NC[C@@H](O)c1ccc(NS(C)(=O)=O)cc1,CC(C)NC[C@@H](O)c1ccc(NS(C)(=O)=O)cc1
2213,0,CC(C)NC[C@@H](O)c1ccc(O)c(O)c1,CC(C)NC[C@@H](O)c1ccc(O)c(O)c1
2214,1,CC(C)NC[C@H](O)COc1ccc(CCOCC2CC2)cc1,CC(C)NC[C@H](O)COc1ccc(CCOCC2CC2)cc1
2215,1,CC(C)NC[C@H](O)COc1cccc2[nH]ccc12,CC(C)NC[C@H](O)COc1cccc2[nH]ccc12
2216,0,CC(C)NC[C@H](O)COc1cccc2ccccc12,CC(C)NC[C@H](O)COc1cccc2ccccc12
2217,1,CC(C)Oc1ccc(OC(F)(F)F)cc1CN[C@H]1CCCN[C@H]1c1ccccc1,CC(C)Oc1ccc(OC(F)(F)F)cc1CN[C@H]1CCCN[C@H]1c1ccccc1
2218,1,CC(C)[C@H](Br)C(=O)NC(N)=O,CC(C)[C@H](Br)C(=O)NC(N)=O
2219,1,CC(C)[C@H](CCCCCC(=O)O)NCc1ccc(F)cc1,CC(C)[C@H](CCCCCC(=O)O)NCc1ccc(F)cc1
2220,1,CC(C)[C@H](N)C(=O)OC[C@H](CO)OCn1cnc2c(=O)[nH]c(N)nc21,CC(C)[C@H](N)C(=O)OC[C@H](CO)OCn1cnc2c(=O)[nH]c(N)nc21
2221,0,CC(C)[C@H](NC(=O)[C@H](Cc1ccccc1)NC(=O)CNC(=O)[C@H](C)NC(=O)[C@@H](N)Cc1ccc(O)cc1)C(N)=O,CC(C)[C@H](NC(=O)[C@H](Cc1ccccc1)NC(=O)CNC(=O)[C@H](C)NC(=O)[C@@H](N)Cc1ccc(O)cc1)C(N)=O
2222,1,CC(C)[C@H](O)C1CCCCC1,CC(C)[C@H](O)C1CCCCC1
2223,1,CC(C)n1cc2c3c(cccc31)[C@@H]1C[C@H](C(=O)NC3CCCCC3)CN(C)[C@H]1C2,CC(C)n1cc2c3c(cccc31)[C@@H]1C[C@H](C(=O)NC3CCCCC3)CN(C)[C@H]1C2
2224,0,CC(CCC(=O)O)[C@@H]1CC[C@H]2[C@H]3C(=O)C[C@@H]4CC(=O)CCC4(C)[C@H]3CC(=O)C12C,CC(CCC(=O)O)[C@@H]1CC[C@H]2[C@H]3C(=O)C[C@@H]4CC(=O)CCC4(C)[C@H]3CC(=O)C12C
2225,1,CC([C@H](C)OC(N)=O)[C@H](C)OC(N)=O,CC([C@H](C)OC(N)=O)[C@H](C)OC(N)=O
2226,1,CC/C=C(/C)C1(CC)C(=O)NC(=O)NC1=O,CC/C=C(/C)C1(CC)C(=O)NC(=O)NC1=O
2227,0,CC/C=C(\C(=O)NC1C(=O)N2C(C(=O)O)=C(COC(N)=O)CS[C@@H]12)c1csc(N)n1,CC/C=C(\C(=O)NC1C(=O)N2C(C(=O)O)=C(COC(N)=O)CS[C@@H]12)c1csc(N)n1
2228,0,CC1(C(=O)O)CCC2(C)CCC3(C)C(=CC(=O)[C@H]4C5(C)CC[C@H](O)C(C)(C)[C@H]5CCC43C)[C@H]2C1,CC1(C(=O)O)CCC2(C)CCC3(C)C(=CC(=O)[C@H]4C5(C)CC[C@H](O)C(C)(C)[C@H]5CCC43C)[C@H]2C1
2229,0,CC1(C)C(NC/C(=N/OCC(=O)O)c2csc(N)n2)C(=O)N1OS(=O)(=O)O,CC1(C)C(NC/C(=N/OCC(=O)O)c2csc(N)n2)C(=O)N1OS(=O)(=O)O
2230,1,CC1(C)CCN(C(=O)Cc2ccc(Cl)c(Cl)c2)[C@H](CN2CCCC2)C1,CC1(C)CCN(C(=O)Cc2ccc(Cl)c(Cl)c2)[C@H](CN2CCCC2)C1
2231,1,CC1(C)NC(=O)[C@H](/C=C/c2ccccc2)O1,CC1(C)NC(=O)[C@H](/C=C/c2ccccc2)O1
2232,1,CC1(C)O[C@H]2COC3(COS(N)(=O)=O)OC(C)(C)O[C@H]3[C@H]2O1,CC1(C)O[C@H]2[C@H](COC3(COS(N)(=O)=O)OC(C)(C)O[C@@H]23)O1
2233,1,CC1(C)O[C@H]2C[C@H]3[C@@H]4CC5=CC(=O)C=CC5(C)C4(F)[C@@H](O)CC3(C)C2(C(=O)COC(=O)c2cc3ccccc3o2)O1,CC1(C)O[C@H]2C[C@H]3[C@@H]4CC5=CC(=O)C=CC5(C)C4(F)[C@@H](O)CC3(C)C2(C(=O)COC(=O)c2cc3ccccc3o2)O1
2234,1,CC1(C)O[C@H]2C[C@H]3[C@@H]4CCC5=CC(=O)C=CC5(C)C4(F)C(O)CC3(C)C2(C(=O)CO)O1,CC1(C)O[C@H]2C[C@H]3[C@@H]4CCC5=CC(=O)C=CC5(C)C4(F)C(O)CC3(C)C2(C(=O)CO)O1
2235,1,CC1(C)O[C@H]2C[C@H]3[C@@H]4CCC5=CC(=O)C=CC5(C)[C@H]4C(O)CC3(C)C2(C(=O)CO)O1,CC1(C)O[C@H]2C[C@H]3[C@@H]4CCC5=CC(=O)C=CC5(C)[C@H]4C(O)CC3(C)C2(C(=O)CO)O1
2236,1,CC1(C)O[C@H]2C[C@H]3[C@@H]4CCC5=CC(=O)C=CC5(C)[C@H]4[C@@H](O)CC3(C)C2(C(=O)CO)O1,CC1(C)O[C@H]2C[C@H]3[C@@H]4CCC5=CC(=O)C=CC5(C)[C@H]4[C@@H](O)CC3(C)C2(C(=O)CO)O1
2237,1,CC1(C)O[C@H]2C[C@H]3[C@@H]4CCC5=CC(=O)CCC5(C)C4(F)C(O)CC3(C)C2(C(=O)CCl)O1,CC1(C)O[C@H]2C[C@H]3[C@@H]4CCC5=CC(=O)CCC5(C)C4(F)C(O)CC3(C)C2(C(=O)CCl)O1
2238,1,CC1(C)O[C@H]2C[C@H]3[C@@H]4CC[C@H]5CC(=O)CCC5(C)C4(F)C(O)CC3(C)C2(C(=O)CO)O1,CC1(C)O[C@H]2C[C@H]3[C@@H]4CC[C@H]5CC(=O)CCC5(C)C4(F)C(O)CC3(C)C2(C(=O)CO)O1
2239,1,CC1(C)O[C@H]2C[C@H]3[C@@H]4CC[C@H]5CC(=O)CCC5(C)C4(F)[C@@H](O)CC3(C)C2(C(=O)CO)O1,CC1(C)O[C@H]2C[C@H]3[C@@H]4CC[C@H]5CC(=O)CCC5(C)C4(F)[C@@H](O)CC3(C)C2(C(=O)CO)O1
2240,1,CC1(C)O[C@H]2C[C@H]3[C@@H]4C[C@H](F)C5=CC(=O)C=CC5(C)C4(Cl)[C@@H](Cl)CC3(C)C2(C(=O)CCl)O1,CC1(C)O[C@H]2C[C@H]3[C@@H]4C[C@H](F)C5=CC(=O)C=CC5(C)C4(Cl)[C@@H](Cl)CC3(C)C2(C(=O)CCl)O1
2241,1,CC1(C)O[C@H]2C[C@H]3[C@@H]4C[C@H](F)C5=CC(=O)C=CC5(C)C4(Cl)[C@@H](Cl)CC3(C)C2(C(=O)CF)O1,CC1(C)O[C@H]2C[C@H]3[C@@H]4C[C@H](F)C5=CC(=O)C=CC5(C)C4(Cl)[C@@H](Cl)CC3(C)C2(C(=O)CF)O1
2242,1,CC1(C)O[C@H]2C[C@H]3[C@@H]4C[C@H](F)C5=CC(=O)C=CC5(C)C4(Cl)[C@@H](Cl)CC3(C)C2(C(=O)CO)O1,CC1(C)O[C@H]2C[C@H]3[C@@H]4C[C@H](F)C5=CC(=O)C=CC5(C)C4(Cl)[C@@H](Cl)CC3(C)C2(C(=O)CO)O1
2243,1,CC1(C)O[C@H]2C[C@H]3[C@@H]4C[C@H](F)C5=CC(=O)C=CC5(C)C4(F)C(O)CC3(C)C2(C(=O)CO)O1,CC1(C)O[C@H]2C[C@H]3[C@@H]4C[C@H](F)C5=CC(=O)C=CC5(C)C4(F)C(O)CC3(C)C2(C(=O)CO)O1
2244,1,CC1(C)O[C@H]2C[C@H]3[C@@H]4C[C@H](F)C5=CC(=O)C=CC5(C)C4(F)C(O)CC3(C)C2(C(=O)COC(=O)C2CC2)O1,CC1(C)O[C@H]2C[C@H]3[C@@H]4C[C@H](F)C5=CC(=O)C=CC5(C)C4(F)C(O)CC3(C)C2(C(=O)COC(=O)C2CC2)O1
2245,1,CC1(C)O[C@H]2C[C@H]3[C@@H]4C[C@H](F)C5=CC(=O)C=CC5(C)[C@H]4C(O)CC3(C)C2(C(=O)CO)O1,CC1(C)O[C@H]2C[C@H]3[C@@H]4C[C@H](F)C5=CC(=O)C=CC5(C)[C@H]4C(O)CC3(C)C2(C(=O)CO)O1
2246,1,CC1(C)O[C@H]2C[C@H]3[C@@H]4C[C@H](F)C5=CC(=O)CCC5(C)[C@H]4[C@@H](O)CC3(C)C2(C(=O)CO)O1,CC1(C)O[C@H]2C[C@H]3[C@@H]4C[C@H](F)C5=CC(=O)CCC5(C)[C@H]4[C@@H](O)CC3(C)C2(C(=O)CO)O1
2247,0,CC1(C)S[C@@H]2C(NC(=O)[C@@H](Oc3ccccc3)c3ccccc3)C(=O)[C@@H]2[C@H]1C(=O)O,CC1(C)S[C@@H]2C(NC(=O)[C@@H](Oc3ccccc3)c3ccccc3)C(=O)[C@@H]2[C@H]1C(=O)O
2248,0,CC1(C)S[C@H]2C(/N=C/N3CCCCCC3)C(=O)N2[C@H]1C(=O)O,CC1(C)S[C@H]2C(/N=C/N3CCCCCC3)C(=O)N2[C@H]1C(=O)O
2249,0,CC1(C)S[C@H]2C(N(C(=N)c3ccncc3)[C@H](C(=O)NC(=O)CN)c3ccccc3)C(=O)N2[C@H]1C(=O)O,CC1(C)S[C@H]2C(N(C(=N)c3ccncc3)[C@H](C(=O)NC(=O)CN)c3ccccc3)C(=O)N2[C@H]1C(=O)O
2250,0,CC1(C)S[C@H]2C(N3C(=O)C(c4ccc(O)cc4)NC3(C)C)C(=O)N2[C@H]1C(=O)O,CC1(C)S[C@H]2C(N3C(=O)C(c4ccc(O)cc4)NC3(C)C)C(=O)N2[C@H]1C(=O)O
2251,0,CC1(C)S[C@H]2C(N3C(=O)[C@H](c4ccc(O)cc4)NC3(C)C)C(=O)N2[C@H]1C(=O)O,CC1(C)S[C@H]2C(N3C(=O)[C@H](c4ccc(O)cc4)NC3(C)C)C(=O)N2[C@H]1C(=O)O
2252,0,CC1(C)S[C@H]2C(NC(=O)C3(N)CCCCC3)C(=O)N2[C@H]1C(=O)O,CC1(C)S[C@H]2C(NC(=O)C3(N)CCCCC3)C(=O)N2[C@H]1C(=O)O
2253,0,CC1(C)S[C@H]2C(NC(=O)C34C[C@@H]5C[C@H](CC(N)(C5)C3)C4)C(=O)N2[C@H]1C(=O)O,CC1(C)S[C@H]2C(NC(=O)C34C[C@@H]5C[C@H](CC(N)(C5)C3)C4)C(=O)N2[C@H]1C(=O)O
2254,0,CC1(C)S[C@H]2C(NC(=O)CCC[C@H](N)C(=O)O)C(=O)N2[C@H]1C(=O)O,CC1(C)S[C@H]2C(NC(=O)CCC[C@H](N)C(=O)O)C(=O)N2[C@H]1C(=O)O
2255,0,CC1(C)S[C@H]2C(NC(=O)COc3ccccc3)C(=O)N2[C@H]1C(=O)O,CC1(C)S[C@H]2C(NC(=O)COc3ccccc3)C(=O)N2[C@H]1C(=O)O
2256,0,CC1(C)S[C@H]2C(NC(=O)CSc3ccccc3)C(=O)N2[C@H]1C(=O)O,CC1(C)S[C@H]2C(NC(=O)CSc3ccccc3)C(=O)N2[C@H]1C(=O)O
2257,0,CC1(C)S[C@H]2C(NC(=O)Cc3ccccc3)C(=O)N2[C@H]1C(=O)O,CC1(C)S[C@H]2C(NC(=O)Cc3ccccc3)C(=O)N2[C@H]1C(=O)O
2258,0,CC1(C)S[C@H]2C(NC(=O)[C@@H](/N=C/c3ccco3)c3ccc(O)cc3)C(=O)N2[C@H]1C(=O)O,CC1(C)S[C@H]2C(NC(=O)[C@@H](/N=C/c3ccco3)c3ccc(O)cc3)C(=O)N2[C@H]1C(=O)O
2259,0,CC1(C)S[C@H]2C(NC(=O)[C@@H](/N=C\c3ccco3)c3ccc(O)cc3)C(=O)N2[C@H]1C(=O)O,CC1(C)S[C@H]2C(NC(=O)[C@@H](/N=C\c3ccco3)c3ccc(O)cc3)C(=O)N2[C@H]1C(=O)O
2260,0,CC1(C)S[C@H]2C(NC(=O)[C@@H](C(=O)O)c3ccccc3)C(=O)N2[C@H]1C(=O)O,CC1(C)S[C@H]2C(NC(=O)[C@@H](C(=O)O)c3ccccc3)C(=O)N2[C@H]1C(=O)O
2261,0,CC1(C)S[C@H]2C(NC(=O)[C@@H](C(=O)O)c3ccsc3)C(=O)N2[C@H]1C(=O)O,CC1(C)S[C@H]2C(NC(=O)[C@@H](C(=O)O)c3ccsc3)C(=O)N2[C@H]1C(=O)O
2262,0,CC1(C)S[C@H]2C(NC(=O)[C@@H](C(=O)Oc3ccc4c(c3)CCC4)c3ccccc3)C(=O)N2[C@H]1C(=O)O,CC1(C)S[C@H]2C(NC(=O)[C@@H](C(=O)Oc3ccc4c(c3)CCC4)c3ccccc3)C(=O)N2[C@H]1C(=O)O
2263,0,CC1(C)S[C@H]2C(NC(=O)[C@@H](N)C3=CCC=CC3)C(=O)N2[C@H]1C(=O)O,CC1(C)S[C@H]2C(NC(=O)[C@@H](N)C3=CCC=CC3)C(=O)N2[C@H]1C(=O)O
2264,0,CC1(C)S[C@H]2C(NC(=O)[C@@H](N)c3ccc(O)cc3)C(=O)N2[C@H]1C(=O)O,CC1(C)S[C@H]2C(NC(=O)[C@@H](N)c3ccc(O)cc3)C(=O)N2[C@H]1C(=O)O
2265,0,CC1(C)S[C@H]2C(NC(=O)[C@@H](N)c3ccccc3)C(=O)N2[C@H]1C(=O)O,CC1(C)S[C@H]2C(NC(=O)[C@@H](N)c3ccccc3)C(=O)N2[C@H]1C(=O)O
2266,0,CC1(C)S[C@H]2C(NC(=O)[C@@H](N)c3ccccc3)C(=O)N2[C@H]1C(=O)O[C@@H]1OC(=O)c2ccccc21,CC1(C)S[C@H]2C(NC(=O)[C@@H](N)c3ccccc3)C(=O)N2[C@H]1C(=O)O[C@@H]1OC(=O)c2ccccc21
2267,0,CC1(C)S[C@H]2C(NC(=O)[C@@H](NC(=O)Nc3cnc(Nc4ccc(S(N)(=O)=O)cc4)[nH]c3=O)c3ccc(O)cc3)C(=O)N2[C@H]1C(=O)O,CC1(C)S[C@H]2C(NC(=O)[C@@H](NC(=O)Nc3cnc(Nc4ccc(S(N)(=O)=O)cc4)[nH]c3=O)c3ccc(O)cc3)C(=O)N2[C@H]1C(=O)O
2268,0,CC1(C)S[C@H]2C(NC(=O)[C@@H](NC(=O)c3c[nH]c4cccnc4c3=O)c3ccccc3)C(=O)N2[C@H]1C(=O)O,CC1(C)S[C@H]2C(NC(=O)[C@@H](NC(=O)c3c[nH]c4cccnc4c3=O)c3ccccc3)C(=O)N2[C@H]1C(=O)O
2269,0,CC1(C)S[C@H]2C(NC(=O)[C@@H](NC(=O)c3ccc(-c4ccc(S(=O)(=O)N(CCO)CCO)cc4)[nH]c3=O)c3ccc(O)cc3)C(=O)N2[C@H]1C(=O)O,CC1(C)S[C@H]2C(NC(=O)[C@@H](NC(=O)c3ccc(-c4ccc(S(=O)(=O)N(CCO)CCO)cc4)[nH]c3=O)c3ccc(O)cc3)C(=O)N2[C@H]1C(=O)O
2270,0,CC1(C)S[C@H]2C(NC(=O)[C@@H](NS(=O)(=O)O)c3ccccc3)C(=O)N2[C@H]1C(=O)O,CC1(C)S[C@H]2C(NC(=O)[C@@H](NS(=O)(=O)O)c3ccccc3)C(=O)N2[C@H]1C(=O)O
2271,0,CC1(C)S[C@H]2C(NC(=O)[C@@H](Oc3ccccc3)c3ccccc3)C(=O)N2[C@H]1C(=O)O,CC1(C)S[C@H]2C(NC(=O)[C@@H](Oc3ccccc3)c3ccccc3)C(=O)N2[C@H]1C(=O)O
2272,0,CC1(C)S[C@H]2C(NC(=O)[C@H](c3ccccc3)S(=O)(=O)O)C(=O)N2[C@H]1C(=O)O,CC1(C)S[C@H]2C(NC(=O)[C@H](c3ccccc3)S(=O)(=O)O)C(=O)N2[C@H]1C(=O)O
2273,0,CC1(C)S[C@H]2C(NC(=O)c3nc4ccccc4nc3C(=O)O)C(=O)N2[C@H]1C(=O)O,CC1(C)S[C@H]2C(NC(=O)c3nc4ccccc4nc3C(=O)O)C(=O)N2[C@H]1C(=O)O
2274,1,CC1(c2ccccc2)O[C@H]2C[C@H]3[C@@H]4CCC5=CC(=O)C=CC5(C)C4(F)C(O)CC3(C)C2(C(=O)CO)O1,CC1(c2ccccc2)O[C@H]2C[C@H]3[C@@H]4CCC5=CC(=O)C=CC5(C)C4(F)C(O)CC3(C)C2(C(=O)CO)O1
2275,1,CC12C=C(Br)C(=O)C=C1[C@@H](F)C[C@H]1[C@@H]3CCC(O)(C(=O)CO)C3(C)C[C@H](O)C12F,CC12C=C(Br)C(=O)C=C1[C@@H](F)C[C@H]1[C@@H]3CCC(O)(C(=O)CO)C3(C)C[C@H](O)C12F
2276,1,CC12C=CC(=O)C=C1C(Cl)=C[C@@H]1[C@@H]2[C@@H](O)CC2(C)[C@H]1CCC2(O)C(=O)CO,CC12C=CC(=O)C=C1C(Cl)=C[C@@H]1[C@@H]2[C@@H](O)CC2(C)[C@H]1CCC2(O)C(=O)CO
2277,1,CC12C=CC(=O)C=C1CC[C@@H]1[C@@H]2C(=O)CC2(C)[C@H]1CCC2(O)C(=O)CO,CC12C=CC(=O)C=C1CC[C@@H]1[C@@H]2C(=O)CC2(C)[C@H]1CCC2(O)C(=O)CO
2278,1,CC12C=CC(=O)C=C1CC[C@H]1[C@@H]3CCC(O)(C(=O)CO)C3(C)C[C@H](Cl)C12Cl,CC12C=CC(=O)C=C1CC[C@H]1[C@@H]3CCC(O)(C(=O)CO)C3(C)C[C@H](Cl)C12Cl
2279,1,CC12C=CC(=O)C=C1CC[C@H]1[C@@H]3CCC(O)(C(=O)CO)C3(C)C[C@H](O)C12F,CC12C=CC(=O)C=C1CC[C@H]1[C@@H]3CCC(O)(C(=O)CO)C3(C)C[C@H](O)C12F
2280,1,CC12C=CC(=O)C=C1CC[C@H]1[C@@H]3C[C@H](O)C(O)(C(=O)CO)C3(C)C[C@H](O)C12F,CC12C=CC(=O)C=C1CC[C@H]1[C@@H]3C[C@H](O)C(O)(C(=O)CO)C3(C)C[C@H](O)C12F
2281,1,CC12C=CC(=O)C=C1CC[C@H]1[C@@H]3C[C@H]4Cc5ccccc5CC4(C(=O)CO)C3(C)C[C@H](O)C12F,CC12C=CC(=O)C=C1CC[C@H]1[C@@H]3C[C@H]4Cc5ccccc5CC4(C(=O)CO)C3(C)C[C@H](O)C12F
2282,1,CC12C=CC(=O)C=C1[C@@H](F)C[C@@H]1[C@@H]2[C@@H](O)CC2(C)[C@H]1CCC2(O)C(=O)CO,CC12C=CC(=O)C=C1[C@@H](F)C[C@@H]1[C@@H]2[C@@H](O)CC2(C)[C@H]1CCC2(O)C(=O)CO
2283,1,CC12C=CC(=O)C=C1[C@@H](F)C[C@H]1[C@@H]3C[C@H](O)C(O)(C(=O)CO)C3(C)C[C@H](O)C12F,CC12C=CC(=O)C=C1[C@@H](F)C[C@H]1[C@@H]3C[C@H](O)C(O)(C(=O)CO)C3(C)C[C@H](O)C12F
2284,1,CC12C=CC(=O)[C@@H]1C(=O)CC[C@@H]1[C@@H]2[C@@H](O)CC2(C)[C@H]1CCC2(O)C(=O)CO,CC12C=CC(=O)[C@@H]1C(=O)CC[C@@H]1[C@@H]2[C@@H](O)CC2(C)[C@H]1CCC2(O)C(=O)CO
2285,1,CC12CC(=O)[C@H]3[C@@H](CC[C@H]4C[C@@H](O)CCC43C)[C@@H]1CC[C@@H]2C(=O)CO,CC12CC(=O)[C@H]3[C@@H](CC[C@H]4C[C@@H](O)CCC43C)[C@@H]1CC[C@@H]2C(=O)CO
2286,0,CC12CC(N)[C@@H]1CN(c1nc3c(cc1F)c(=O)c(C(=O)O)cn3C1CC1)C2,CC12CC(N)[C@@H]1CN(c1nc3c(cc1F)c(=O)c(C(=O)O)cn3C1CC1)C2
2287,1,CC12CCC(=O)C=C1CC[C@@H]1[C@@H]2C(=O)CC2(C)[C@H]1CCC2(O)C(=O)CO,CC12CCC(=O)C=C1CC[C@@H]1[C@@H]2C(=O)CC2(C)[C@H]1CCC2(O)C(=O)CO
2288,0,CC12CCC(=O)C=C1CC[C@@H]1[C@@H]2[C@@H](O)CC2(C)[C@@H](C(=O)CO)CC[C@@H]12,CC12CCC(=O)C=C1CC[C@@H]1[C@@H]2[C@@H](O)CC2(C)[C@@H](C(=O)CO)CC[C@@H]12
2289,0,CC12CCC(=O)C=C1CC[C@@H]1[C@@H]2[C@@H](O)CC2(C)[C@H]1CCC2(O)C(=O)CO,CC12CCC(=O)C=C1CC[C@@H]1[C@@H]2[C@@H](O)CC2(C)[C@H]1CCC2(O)C(=O)CO
2290,1,CC12CCC(=O)C=C1CC[C@@H]1[C@@H]2[C@@H](O)CC2(C)[C@H]1CCC2(O)C(=O)COC(=O)CCC(=O)O,CC12CCC(=O)C=C1CC[C@@H]1[C@@H]2[C@@H](O)CC2(C)[C@H]1CCC2(O)C(=O)COC(=O)CCC(=O)O
2291,1,CC12CCC(=O)C=C1CC[C@@H]1[C@@H]2[C@@H](O)CC2(C)[C@H]1CCC2(O)C(=O)CS,CC12CCC(=O)C=C1CC[C@@H]1[C@@H]2[C@@H](O)CC2(C)[C@H]1CCC2(O)C(=O)CS
2292,0,CC12CCC(=O)C=C1CC[C@@H]1[C@@H]2[C@@H]2CC3(C(C(=O)CO)CC[C@@H]13)[C@@H](O)O2,CC12CCC(=O)C=C1CC[C@@H]1[C@@H]2[C@@H]2CC3(C(C(=O)CO)CC[C@@H]13)[C@@H](O)O2
2293,1,CC12CCC(=O)C=C1CC[C@H]1[C@@H]2CCC2(C)C(O)CC[C@@H]12,CC12CCC(=O)C=C1CC[C@H]1[C@@H]2CCC2(C)C(O)CC[C@@H]12
2294,1,CC12CCC(=O)C=C1CC[C@H]1[C@@H]2CCC2(C)[C@H]1CCC2(O)C(=O)CO,CC12CCC(=O)C=C1CC[C@H]1[C@@H]2CCC2(C)[C@H]1CCC2(O)C(=O)CO
2295,1,CC12CCC(=O)C=C1CC[C@H]1[C@@H]3CCC(O)(C(=O)CO)C3(C)C[C@H](O)C12F,CC12CCC(=O)C=C1CC[C@H]1[C@@H]3CCC(O)(C(=O)CO)C3(C)C[C@H](O)C12F
2296,1,CC12CCCCC[C@@H](Cc3ccc(O)cc31)[C@@H]2N,CC12CCCCC[C@@H](Cc3ccc(O)cc31)[C@@H]2N
2297,0,CC12CC[C@@H]3[C@@H]4CCC(=O)C=C4CC[C@@H]3[C@@H]1CCC2O,CC12CC[C@H]3[C@H](CCC4=CC(=O)CC[C@H]43)[C@@H]1CCC2O
2298,0,CC12CC[C@@H]3c4ccc(O)cc4CC[C@@H]3[C@@H]1CCC2=O,CC12CC[C@@H]3c4ccc(O)cc4CC[C@@H]3[C@@H]1CCC2=O
2299,1,CC12CC[C@@H]3c4ccc(O)cc4CC[C@@H]3[C@@H]1C[C@H](F)C2O,CC12CC[C@@H]3c4ccc(O)cc4CC[C@@H]3[C@@H]1C[C@H](F)C2O
2300,0,CC12CC[C@H]3[C@H](CCC4=CC(=O)C=CC43C)[C@@H]1CCC(=O)O2,CC12CC[C@H]3[C@H](CCC4=CC(=O)C=CC43C)[C@@H]1CCC(=O)O2
2301,0,CC12COC(=O)C[C@@H]1CC[C@H]1[C@@H]2CCC2(C)[C@H]1CCC2(C)O,CC12COC(=O)C[C@@H]1CC[C@H]1[C@@H]2CCC2(C)[C@H]1CCC2(C)O
2302,0,CC12Cc3c[nH]nc3C[C@@H]1CC[C@H]1[C@@H]2CCC2(C)[C@H]1CCC2(C)O,CC12Cc3c[nH]nc3C[C@@H]1CC[C@H]1[C@@H]2CCC2(C)[C@H]1CCC2(C)O
2303,1,CC12N[C@@H](Cc3ccccc31)c1ccccc12,CC12N[C@@H](Cc3ccccc31)c1ccccc12
2304,0,CC1=C(C(=O)O)N2C(=O)C(NC(=O)Cc3ccc(C4=NCCCN4)cc3)[C@@H]2SC1,CC1=C(C(=O)O)N2C(=O)C(NC(=O)Cc3ccc(C4=NCCCN4)cc3)[C@@H]2SC1
2305,0,CC1=C(C(=O)O)N2C(=O)C(NC(=O)[C@@H](N)C3=CCC=CC3)[C@@H]2SC1,CC1=C(C(=O)O)N2C(=O)C(NC(=O)[C@@H](N)C3=CCC=CC3)[C@@H]2SC1
2306,0,CC1=C(C(=O)O)N2C(=O)C(NC(=O)[C@@H](N)c3ccc(O)c(Cl)c3)[C@@H]2SC1,CC1=C(C(=O)O)N2C(=O)C(NC(=O)[C@@H](N)c3ccc(O)c(Cl)c3)[C@@H]2SC1
2307,0,CC1=C(C(=O)O)N2C(=O)C(NC(=O)[C@@H](N)c3cccc(NS(C)(=O)=O)c3)[C@@H]2SC1,CC1=C(C(=O)O)N2C(=O)C(NC(=O)[C@@H](N)c3cccc(NS(C)(=O)=O)c3)[C@@H]2SC1
2308,0,CC1=C(C(=O)O)N2C(=O)C(NC(=O)[C@@H](N)c3ccccc3)[C@@H]2SC1,CC1=C(C(=O)O)N2C(=O)C(NC(=O)[C@@H](N)c3ccccc3)[C@@H]2SC1
2309,0,CC1=C/[C@@H](O)CC(=O)Cc2nc(co2)C(=O)N2CCC=C2C(=O)O[C@@H](C(C)C)[C@@H](C)/C=C\C(=O)NC/C=C\1,CC1=C/[C@@H](O)CC(=O)Cc2nc(co2)C(=O)N2CCC=C2C(=O)O[C@@H](C(C)C)[C@@H](C)/C=C\C(=O)NC/C=C\1
2310,1,CC1=CC[C@@H]2C3Cc4ccc(O)c5c4C2(CCN3C)[C@H]1O5,CC1=CC[C@@H]2C3Cc4ccc(O)c5c4C2(CCN3C)[C@H]1O5
2311,1,CC1=CC[C@@H]2C3Cc4ccc(O)c5c4C2(CN3C)[C@H]1O5,CC1=CC[C@@H]2C3Cc4ccc(O)c5c4C2(CN3C)[C@H]1O5
2312,1,CC1=C[C@@H]2[C@H]([C@@H](O)CC3(C)[C@H]2C[C@H](C)C3(O)C(=O)COC(=O)c2cccc(S(=O)(=O)O)c2)C2(C)Cc3cnn(-c4ccccc4)c3C=C12,CC1=C[C@@H]2[C@H]([C@@H](O)CC3(C)[C@H]2C[C@H](C)C3(O)C(=O)COC(=O)c2cccc(S(=O)(=O)O)c2)C2(C)Cc3cnn(-c4ccccc4)c3C=C12
2313,0,CC1=C\[C@@H](O)CC(=O)Cc2nc(co2)C(=O)N2CCC=C2C(=O)O[C@@H](C(C)C)[C@@H](C)/C=C/C(=O)NC\C=C\1,CC1=C\[C@@H](O)CC(=O)Cc2nc(co2)C(=O)N2CCC=C2C(=O)O[C@@H](C(C)C)[C@@H](C)/C=C/C(=O)NC\C=C\1
2314,1,CC1=Nc2ccccc2C[C@@H](c2ccccc2)N1C,CC1=Nc2ccccc2C[C@@H](c2ccccc2)N1C
2315,0,CC1C(NC(=O)/C(=N/OC(C)(C)C(=O)O)c2csc(N)n2)C(=O)N1S(=O)(=O)O,CC1C(NC(=O)/C(=N/OC(C)(C)C(=O)O)c2csc(N)n2)C(=O)N1S(=O)(=O)O
2316,0,CC1C(NC(=O)/C(=N\OC(C)(C)C(=O)O)c2csc(N)n2)C(=O)N1S(=O)(=O)O,CC1C(NC(=O)/C(=N\OC(C)(C)C(=O)O)c2csc(N)n2)C(=O)N1S(=O)(=O)O
2317,1,CCC(=O)C(C[C@H](C)N(C)C)(c1ccccc1)c1ccccc1,CCC(=O)C(C[C@H](C)N(C)C)(c1ccccc1)c1ccccc1
2318,1,CCC(=O)C1(C)[C@@H](C)C[C@H]2[C@@H]3CCC4=CC(=O)C=CC4(C)[C@H]3[C@@H](O)CC21C,CCC(=O)C1(C)[C@@H](C)C[C@H]2[C@@H]3CCC4=CC(=O)C=CC4(C)[C@H]3[C@@H](O)CC21C
2319,1,CCC(=O)N(c1ccc(Cl)c(Cl)c1)[C@H]1CCC[C@@H]1N(C)C,CCC(=O)N(c1ccc(Cl)c(Cl)c1)[C@H]1CCC[C@@H]1N(C)C
2320,1,CCC(=O)N(c1ccccc1)C1(C(=O)OC)CCN(CCc2ccccc2)C[C@@H]1C,CCC(=O)N(c1ccccc1)C1(C(=O)OC)CCN(CCc2ccccc2)C[C@@H]1C
2321,1,CCC(=O)OC1(C(=O)CCl)[C@@H](C)C[C@H]2[C@@H]3CCC4=CC(=O)C=CC4(C)C3(F)[C@@H](O)CC21C,CCC(=O)OC1(C(=O)CCl)[C@@H](C)C[C@H]2[C@@H]3CCC4=CC(=O)C=CC4(C)C3(F)[C@@H](O)CC21C
2322,1,CCC(=O)OC1(C(=O)COC(C)=O)CC[C@H]2[C@@H]3CCC4=CC(=O)CCC4(C)[C@H]3[C@@H](O)CC21C,CCC(=O)OC1(C(=O)COC(C)=O)CC[C@H]2[C@@H]3CCC4=CC(=O)CCC4(C)[C@H]3[C@@H](O)CC21C
2323,1,CCC(=O)OC1(C(=O)COC(C)=O)CC[C@H]2[C@@H]3C[C@H](C)C4=CC(=O)C=CC4(C)[C@H]3C(O)CC21C,CCC(=O)OC1(C(=O)COC(C)=O)CC[C@H]2[C@@H]3C[C@H](C)C4=CC(=O)C=CC4(C)[C@H]3C(O)CC21C
2324,1,CCC(=O)OC1(C(=O)COC(C)=O)CC[C@H]2[C@@H]3C[C@H](C)C4=CC(=O)C=CC4(C)[C@H]3[C@@H](O)CC21C,CCC(=O)OC1(C(=O)COC(C)=O)CC[C@H]2[C@@H]3C[C@H](C)C4=CC(=O)C=CC4(C)[C@H]3[C@@H](O)CC21C
2325,1,CCC(=O)OC1(C(=O)COC)[C@@H](C)C[C@H]2[C@@H]3CCC4=CC(=O)C=CC4(C)C3(F)[C@@H](O)CC21C,CCC(=O)OC1(C(=O)COC)[C@@H](C)C[C@H]2[C@@H]3CCC4=CC(=O)C=CC4(C)C3(F)[C@@H](O)CC21C
2326,1,CCC(=O)OC1(C(=O)SC)[C@@H](C)C[C@H]2[C@@H]3C[C@H](F)C4=CC(=O)C=CC4(C)C3(F)C(O)CC21C,CCC(=O)OC1(C(=O)SC)[C@@H](C)C[C@H]2[C@@H]3C[C@H](F)C4=CC(=O)C=CC4(C)C3(F)C(O)CC21C
2327,1,CCC(=O)OC1(C(=O)SC)[C@@H](C)C[C@H]2[C@@H]3C[C@H](F)C4=CC(=O)C=CC4(C)C3(F)[C@@H](O)CC21C,CCC(=O)OC1(C(=O)SC)[C@@H](C)C[C@H]2[C@@H]3C[C@H](F)C4=CC(=O)C=CC4(C)C3(F)[C@@H](O)CC21C
2328,1,CCC(=O)OC1(C(=O)SCCl)[C@@H](C)C[C@H]2[C@@H]3C[C@H](F)C4=CC(=O)C=CC4(C)C3(F)C(O)CC21C,CCC(=O)OC1(C(=O)SCCl)[C@@H](C)C[C@H]2[C@@H]3C[C@H](F)C4=CC(=O)C=CC4(C)C3(F)C(O)CC21C
2329,1,CCC(=O)OC1(C(=O)SCCl)[C@@H](C)C[C@H]2[C@@H]3C[C@H](F)C4=CC(=O)C=CC4(C)C3(F)[C@@H](O)CC21C,CCC(=O)OC1(C(=O)SCCl)[C@@H](C)C[C@H]2[C@@H]3C[C@H](F)C4=CC(=O)C=CC4(C)C3(F)[C@@H](O)CC21C
2330,1,CCC(=O)OC1(C(=O)SCF)[C@@H](C)C[C@H]2[C@@H]3C[C@H](F)C4=CC(=O)C=CC4(C)C3(F)C(O)CC21C,CCC(=O)OC1(C(=O)SCF)[C@@H](C)C[C@H]2[C@@H]3C[C@H](F)C4=CC(=O)C=CC4(C)C3(F)C(O)CC21C
2331,1,CCC(=O)OC1(C(=O)SCF)[C@@H](C)C[C@H]2[C@@H]3C[C@H](F)C4=CC(=O)C=CC4(C)C3(F)[C@@H](O)CC21C,CCC(=O)OC1(C(=O)SCF)[C@@H](C)C[C@H]2[C@@H]3C[C@H](F)C4=CC(=O)C=CC4(C)C3(F)[C@@H](O)CC21C
2332,1,CCC(=O)OC1(c2ccccc2)CCN(C)C[C@@H]1C,CCC(=O)OC1(c2ccccc2)CCN(C)C[C@@H]1C
2333,1,CCC(=O)OCC(=O)C1(OC(=O)CC)[C@@H](C)C[C@H]2[C@@H]3CCC4=CC(=O)C=CC4(C)C3(Cl)[C@@H](O)CC21C,CCC(=O)OCC(=O)C1(OC(=O)CC)[C@@H](C)C[C@H]2[C@@H]3CCC4=CC(=O)C=CC4(C)C3(Cl)[C@@H](O)CC21C
2334,1,CCC(=O)OCC(=O)C1(OC(=O)CC)[C@@H](C)C[C@H]2[C@@H]3CCC4=CC(=O)C=CC4(C)C3(F)[C@@H](O)CC21C,CCC(=O)OCC(=O)C1(OC(=O)CC)[C@@H](C)C[C@H]2[C@@H]3CCC4=CC(=O)C=CC4(C)C3(F)[C@@H](O)CC21C
2335,1,CCC(=O)OCC(=O)C1(OC(=O)CC)[C@@H](C)C[C@H]2[C@@H]3[C@@H](Cl)CC4=CC(=O)C=CC4(C)[C@H]3[C@@H](O)CC21C,CCC(=O)OCC(=O)C1(OC(=O)CC)[C@@H](C)C[C@H]2[C@H]3[C@H]([C@@H](O)CC21C)C1(C)C=CC(=O)C=C1C[C@@H]3Cl
2336,0,CCC(=O)O[C@@H]1[C@H](O[C@H]2C(C)[C@H](O[C@@H]3CC(C)(OC)[C@@H](O)[C@H](C)O3)[C@H](C)C(=O)O[C@@H](CC)C(C)(O)[C@@H](O)[C@H](C)C(=O)[C@@H](C)CC2(C)O)O[C@@H](C)C[C@@H]1N(C)C,CCC(=O)O[C@@H]1[C@H](O[C@H]2C(C)[C@H](O[C@@H]3CC(C)(OC)[C@@H](O)[C@H](C)O3)[C@H](C)C(=O)O[C@@H](CC)C(C)(O)[C@@H](O)[C@H](C)C(=O)[C@@H](C)CC2(C)O)O[C@@H](C)C[C@@H]1N(C)C
2337,0,CCC(=O)O[C@H]1CC(=O)O[C@@H](C)C/C=C/C=C/[C@@H](O)[C@@H](C)C[C@@H](CC=O)[C@H](O[C@@H]2OC(C)[C@@H](O[C@H]3CC(C)(O)[C@@H](OC(=O)CC)[C@H](C)O3)[C@@H](N(C)C)[C@@H]2O)[C@H]1OC,CCC(=O)O[C@H]1CC(=O)O[C@@H](C)C/C=C/C=C/[C@@H](O)[C@@H](C)C[C@@H](CC=O)[C@H](O[C@@H]2OC(C)[C@@H](O[C@H]3CC(C)(O)[C@@H](OC(=O)CC)[C@H](C)O3)[C@@H](N(C)C)[C@@H]2O)[C@H]1OC
2338,0,CCC(=O)O[C@H]1CC(=O)O[C@@H](C)C/C=C/C=C\[C@@H](O)[C@@H](C)C[C@@H](CC=O)[C@H](O[C@@H]2O[C@@H](C)[C@@H](O[C@H]3CC(C)(O)[C@@H](OC(=O)CC)[C@H](C)O3)[C@@H](N(C)C)[C@@H]2O)[C@H]1OC,CCC(=O)O[C@H]1CC(=O)O[C@@H](C)C/C=C/C=C\[C@@H](O)[C@@H](C)C[C@@H](CC=O)[C@H](O[C@@H]2O[C@@H](C)[C@@H](O[C@H]3CC(C)(O)[C@@H](OC(=O)CC)[C@H](C)O3)[C@@H](N(C)C)[C@@H]2O)[C@H]1OC
2339,0,CCC(=O)O[C@H]1[C@H](C)O[C@H](O[C@@H]2[C@H](C)C(=O)O[C@@H](C)[C@H](C)[C@H](OC(=O)CC)[C@H](C)C(=O)C3(CO3)C[C@H](C)[C@H](O[C@@H]3O[C@@H](C)C[C@H](N(C)C)[C@@H]3O)[C@@H]2C)C[C@@H]1OC,CCC(=O)O[C@H]1[C@H](C)O[C@H](O[C@H]2[C@@H](C)[C@@H](O[C@@H]3O[C@@H](C)C[C@H](N(C)C)[C@@H]3O)[C@@H](C)CC3(CO3)C(=O)[C@@H](C)[C@@H](OC(=O)CC)[C@@H](C)[C@H](C)OC(=O)[C@H]2C)C[C@@H]1OC
2340,1,CCC(C)(C)C(=O)O[C@H]1C[C@H](C)C=C2C=C[C@H](C)[C@H](CC[C@H]3C[C@H](O)CC(=O)O3)[C@@H]21,CCC(C)(C)C(=O)O[C@H]1C[C@H](C)C=C2C=C[C@H](C)[C@H](CC[C@H]3C[C@H](O)CC(=O)O3)[C@@H]21
2341,1,CCC(C)[C@H](CC)C(=O)NC(N)=O,CCC(C)[C@H](CC)C(=O)NC(N)=O
2342,1,CCC(C)[C@H](CC)C(N)=O,CCC(C)[C@H](CC)C(N)=O
2343,1,CCC1(CC)C(=O)NC[C@H](C)C1=O,CCC1(CC)C(=O)NC[C@H](C)C1=O
2344,1,CCC1(O)CCN2CCc3ccc(C)cc3[C@@H]2C1,CCC1(O)CCN2CCc3ccc(C)cc3[C@@H]2C1
2345,0,CCC1(O)C[C@H](O[C@@H]2C[C@H](N(C)C)[C@H](O[C@H]3C[C@@H]4O[C@H]5CC(=O)[C@H](C)O[C@@H]5O[C@H]4[C@H](C)O3)[C@H](C)O2)c2c(O)c3c(c(O)c2[C@@H]1O[C@H]1C[C@H](N(C)C)[C@H](O)[C@H](C)O1)C(=O)c1cccc(O)c1C3=O,CCC1(O)C[C@H](O[C@@H]2C[C@H](N(C)C)[C@H](O[C@H]3C[C@@H]4O[C@H]5CC(=O)[C@H](C)O[C@@H]5O[C@H]4[C@H](C)O3)[C@H](C)O2)c2c(O)c3c(c(O)c2[C@@H]1O[C@H]1C[C@H](N(C)C)[C@H](O)[C@H](C)O1)C(=O)c1cccc(O)c1C3=O
2346,0,CCC1(O)C[C@H](O[C@@H]2C[C@H](N(C)C)[C@H](O[C@H]3C[C@H](O)[C@H](O[C@@H]4CCC(=O)[C@H](C)O4)C(C)O3)[C@H](C)O2)c2c(cc3c(c2O)C(=O)c2c(O)cccc2C3=O)[C@@H]1C(=O)OC,CCC1(O)C[C@H](O[C@@H]2C[C@H](N(C)C)[C@H](O[C@H]3C[C@H](O)[C@H](O[C@@H]4CCC(=O)[C@H](C)O4)C(C)O3)[C@H](C)O2)c2c(cc3c(c2O)C(=O)c2c(O)cccc2C3=O)[C@@H]1C(=O)OC
2347,1,CCC1(O)C[C@H]2CN(CCc3c([nH]c4ccccc34)C(C(=O)OC)(c3cc4c(cc3OC)N(C)[C@@H]3C(O)(C(=O)OC)[C@@H](OC(C)=O)C5(CC)C=CCN6CCC43[C@H]65)C2)C1,CCC1(O)C[C@H]2CN(CCc3c([nH]c4ccccc34)C(C(=O)OC)(c3cc4c(cc3OC)N(C)[C@@H]3C(O)(C(=O)OC)[C@@H](OC(C)=O)C5(CC)C=CCN6CCC43[C@H]65)C2)C1
2348,0,CCC1(O)C[C@H]2CN(CCc3c([nH]c4ccccc34)C(C(=O)OC)(c3cc4c(cc3OC)N(C)[C@@H]3C(O)(C(N)=O)[C@@H](O)C5(CC)C=CCN6CCC43[C@H]65)C2)C1,CCC1(O)C[C@H]2CN(CCc3c([nH]c4ccccc34)C(C(=O)OC)(c3cc4c(cc3OC)N(C)[C@@H]3C(O)(C(N)=O)[C@@H](O)C5(CC)C=CCN6CCC43[C@H]65)C2)C1
2349,0,CCC1(O)C[C@H]2CN(CCc3c([nH]c4ccccc34)C(C(=O)OC)(c3cc4c(cc3OC)N(C=O)[C@@H]3C(O)(C(=O)OC)[C@@H](OC(C)=O)C5(CC)C=CCN6CCC43[C@H]65)C2)C1,CCC1(O)C[C@H]2CN(CCc3c([nH]c4ccccc34)C(C(=O)OC)(c3cc4c(cc3OC)N(C=O)[C@@H]3C(O)(C(=O)OC)[C@@H](OC(C)=O)C5(CC)C=CCN6CCC43[C@H]65)C2)C1
2350,1,CCC12CCN(CC3(O)CC3)[C@@H](Cc3ccc(O)cc31)C2(C)C,CCC12CCN(CC3(O)CC3)[C@@H](Cc3ccc(O)cc31)C2(C)C
2351,1,CCC12CCN(CC3CC3)[C@@H](Cc3ccc(O)cc31)C2(C)C,CCC12CCN(CC3CC3)[C@@H](Cc3ccc(O)cc31)C2(C)C
2352,1,CCC12CCN(CC3CCC3)[C@@H](Cc3ccc(O)cc31)C2(C)C,CCC12CCN(CC3CCC3)[C@@H](Cc3ccc(O)cc31)C2(C)C
2353,1,CCC1CC(=O)C2Oc3c(OC)ccc4c3C23CCN(CC2CC2)C(C4)[C@@H]13,CCC1CC(=O)C2Oc3c(OC)ccc4c3C23CCN(CC2CC2)C(C4)[C@@H]13
2354,1,CCCC(=O)OC1(C(=O)CCl)[C@@H](C)C[C@H]2[C@@H]3CCC4=CC(=O)C=CC4(C)C3(F)C(=O)CC21C,CCCC(=O)OC1(C(=O)CCl)[C@@H](C)C[C@H]2[C@@H]3CCC4=CC(=O)C=CC4(C)C3(F)C(=O)CC21C
2355,1,CCCC(=O)OC1(C(=O)CO)CC[C@H]2[C@@H]3CCC4=CC(=O)CCC4(C)[C@H]3[C@@H](O)CC21C,CCCC(=O)OC1(C(=O)CO)CC[C@H]2[C@@H]3CCC4=CC(=O)CCC4(C)[C@H]3[C@@H](O)CC21C
2356,1,CCCC(=O)OC1(C(=O)COC(=O)CC)CC[C@H]2[C@@H]3CCC4=CC(=O)CCC4(C)[C@H]3[C@@H](O)CC21C,CCCC(=O)OC1(C(=O)COC(=O)CC)CC[C@H]2[C@@H]3CCC4=CC(=O)CCC4(C)[C@H]3[C@@H](O)CC21C
2357,1,CCCC(=O)OC1(C(=O)COC(C)=O)CC[C@H]2[C@@H]3C[C@H](C)C4=CC(=O)CCC4(C)[C@H]3[C@@H](O)CC21C,CCCC(=O)OC1(C(=O)COC(C)=O)CC[C@H]2[C@@H]3C[C@H](C)C4=CC(=O)CCC4(C)[C@H]3[C@@H](O)CC21C
2358,1,CCCC(=O)OC1(C(=O)COC(C)=O)CC[C@H]2[C@@H]3C[C@H](F)C4=CC(=O)C=CC4(C)C3(F)C(O)CC21C,CCCC(=O)OC1(C(=O)COC(C)=O)CC[C@H]2[C@@H]3C[C@H](F)C4=CC(=O)C=CC4(C)C3(F)C(O)CC21C
2359,1,CCCC(=O)OC1(C(=O)COC(C)=O)CC[C@H]2[C@@H]3C[C@H](F)C4=CC(=O)C=CC4(C)C3(F)[C@@H](O)CC21C,CCCC(=O)OC1(C(=O)COC(C)=O)CC[C@H]2[C@@H]3C[C@H](F)C4=CC(=O)C=CC4(C)C3(F)[C@@H](O)CC21C
2360,1,CCCC(=O)OC1(C(C)=O)CCC[C@H]2[C@@H]3CCC4=CC(=O)C=CC4(C)[C@H]3C(O)CC21C,CCCC(=O)OC1(C(C)=O)CCC[C@H]2[C@@H]3CCC4=CC(=O)C=CC4(C)[C@H]3C(O)CC21C
2361,1,CCCC(=O)OCC(=O)C1(OC(=O)CCC)[C@@H](C)C[C@H]2[C@@H]3CCC4=CC(=O)C=CC4(C)C3(Cl)[C@@H](Cl)CC21C,CCCC(=O)OCC(=O)C1(OC(=O)CCC)[C@@H](C)C[C@H]2[C@@H]3CCC4=CC(=O)C=CC4(C)C3(Cl)[C@@H](Cl)CC21C
2362,1,CCCC(C)(O)C1CC23C=CC1(OC)[C@H]1Oc4c(OC(C)=O)ccc5c4C12CCN(C)C3C5,CCCC(C)(O)C1CC23C=CC1(OC)[C@H]1Oc4c(OC(C)=O)ccc5c4C12CCN(C)C3C5
2363,1,CCCC(C)(O)[C@@H]1CC23C=CC1(OC)[C@H]1Oc4c(O)ccc5c4C12CCN(C)C3C5,CCCC(C)(O)[C@@H]1CC23C=CC1(OC)[C@H]1Oc4c(O)ccc5c4C12CCN(C)C3C5
2364,1,CCCC(C)(O)[C@@H]1CC23C=CC1(OC)[C@H]1Oc4c(OC(C)=O)ccc5c4C12CCN(C)C3C5,CCCC(C)(O)[C@@H]1CC23C=CC1(OC)[C@H]1Oc4c(OC(C)=O)ccc5c4C12CCN(C)C3C5
2365,1,CCCC1(c2cccc(O)c2)CCN(C)C[C@H]1C,CCCC1(c2cccc(O)c2)CCN(C)C[C@H]1C
2366,1,CCCCC(=O)OC1(C(=O)CO)CC[C@H]2[C@@H]3CCC4=CC(=O)C=CC4(C)[C@H]3[C@@H](O)CC21C,CCCCC(=O)OC1(C(=O)CO)CC[C@H]2[C@@H]3CCC4=CC(=O)C=CC4(C)[C@H]3[C@@H](O)CC21C
2367,1,CCCCC(=O)OC1(C(=O)CO)CC[C@H]2[C@@H]3CCC4=CC(=O)CCC4(C)[C@H]3[C@@H](O)CC21C,CCCCC(=O)OC1(C(=O)CO)CC[C@H]2[C@@H]3CCC4=CC(=O)CCC4(C)[C@H]3[C@@H](O)CC21C
2368,1,CCCCC(=O)OC1(C(=O)CO)CC[C@H]2[C@@H]3C[C@H](F)C4=CC(=O)C=CC4(C)[C@H]3[C@@H](O)CC21C,CCCCC(=O)OC1(C(=O)CO)CC[C@H]2[C@@H]3C[C@H](F)C4=CC(=O)C=CC4(C)[C@H]3[C@@H](O)CC21C
2369,1,CCCCC(=O)OC1(C(=O)CO)[C@@H](C)C[C@H]2[C@@H]3CCC4=CC(=O)C=CC4(C)C3(F)[C@@H](O)CC21C,CCCCC(=O)OC1(C(=O)CO)[C@@H](C)C[C@H]2[C@@H]3CCC4=CC(=O)C=CC4(C)C3(F)[C@@H](O)CC21C
2370,1,CCCCCC(=O)CCC1(C)[C@@H]2Cc3ccc(O)cc3C1(C)CCN2C,CCCCCC(=O)CCC1(C)[C@@H]2Cc3ccc(O)cc3C1(C)CCN2C
2371,1,CCCCCC(=O)OCC(=O)C1[C@@H](C)C[C@H]2[C@@H]3C[C@H](F)C4=CC(=O)C=CC4(C)[C@H]3C(O)CC12C,CCCCCC(=O)OCC(=O)C1[C@@H](C)C[C@H]2[C@@H]3C[C@H](F)C4=CC(=O)C=CC4(C)[C@H]3C(O)CC12C
2372,1,CCCCCCCCCCCCCC(=O)O[C@H]1C=C[C@@H]2C3Cc4ccc(OCc5ccccc5)c5c4C2(CCN3C)[C@@H]1O5,CCCCCCCCCCCCCC(=O)O[C@H]1C=C[C@@H]2C3Cc4ccc(OCc5ccccc5)c5c4C2(CCN3C)[C@@H]1O5
2373,1,CCCCCCCNC(=O)Oc1ccc2c(c1)C1(C)CCN(C)[C@H]1N2C,CCCCCCCNC(=O)Oc1ccc2c(c1)C1(C)CCN(C)[C@H]1N2C
2374,1,CCCCCC[C@H](C)NN,CCCCCC[C@H](C)NN
2375,1,CCCCCCn1ccc(=O)c(O)c1C,CCCCCCn1ccc(=O)c(O)c1C
2376,1,CCCCCNC12C=CC(=O)C3Oc4c(O)ccc5c4C31CCN(C)C2C5,CCCCCNC12C=CC(=O)C3Oc4c(O)ccc5c4C31CCN(C)C2C5
2377,0,CCCCC[C@@H]1CN[C@H](C(=O)N[C@H]([C@H](C)Cl)[C@@H]2O[C@@H](SC)[C@@H](O)[C@@H](O)[C@@H]2O)C1,CCCCC[C@@H]1CN[C@H](C(=O)N[C@@H]([C@@H]2O[C@@H](SC)[C@@H](O)[C@@H](O)[C@@H]2O)[C@H](C)Cl)C1
2378,1,CCCCC[C@H](N)C(O)(c1ccccc1)c1ccccc1,CCCCC[C@H](N)C(O)(c1ccccc1)c1ccccc1
2379,0,CCCCC[C@H](O)/C=C/[C@@H]1C(O)CC(=O)[C@H]1CCCCCCC(=O)O,CCCCC[C@H](O)/C=C/[C@@H]1C(O)CC(=O)[C@H]1CCCCCCC(=O)O
2380,1,CCCCCc1cc(O)c2c(c1)OC(C)(C)[C@H]1CCC(C)=C[C@H]21,CCCCCc1cc(O)c2c(c1)OC(C)(C)[C@H]1CCC(C)=C[C@H]21
2381,1,CCCCN1C(=O)[C@H]2C(=O)N(CCCCN3CCN(c4ccccc4OC)CC3)C(=O)[C@H](C1=O)C2(C)C,CCCCN1C(=O)[C@H]2C(=O)N(CCCCN3CCN(c4ccccc4OC)CC3)C(=O)[C@H](C1=O)C2(C)C
2382,1,CCCCN1C[C@H]2Cc3cc(OC)c(OC)cc3[C@H]2C1,CCCCN1C[C@H]2Cc3cc(OC)c(OC)cc3[C@H]2C1
2383,1,CCCCNC[C@H]1COc2cccc(OCC)c2O1,CCCCNC[C@H]1COc2cccc(OCC)c2O1
2384,1,CCCCNC[C@H]1COc2ccccc2O1,CCCCNC[C@H]1COc2ccccc2O1
2385,1,CCCCOC(=O)C(=O)C1[C@@H](C)C[C@H]2[C@@H]3C[C@H](F)C4=CC(=O)C=CC4(C)[C@H]3C(O)CC12C,CCCCOC(=O)C(=O)C1[C@@H](C)C[C@H]2[C@@H]3C[C@H](F)C4=CC(=O)C=CC4(C)[C@H]3C(O)CC12C
2386,1,CCCCOC[C@H](CN1C(=O)N(C[C@@H](COCCCC)OC(N)=O)C(=O)C(CC)(c2ccccc2)C1=O)OC(N)=O,CCCCOC[C@H](CN1C(=O)N(C[C@@H](COCCCC)OC(N)=O)C(=O)C(CC)(c2ccccc2)C1=O)OC(N)=O
2387,1,CCCCOC[C@H](CN1C(=O)NC(=O)C(CC)(c2ccccc2)C1=O)OC(N)=O,CCCCOC[C@H](CN1C(=O)NC(=O)C(CC)(c2ccccc2)C1=O)OC(N)=O
2388,1,CCCCSc1ccc([C@@H](SCCN(C)C)c2ccccc2)cc1,CCCCSc1ccc([C@@H](SCCN(C)C)c2ccccc2)cc1
2389,1,CCCC[C@H](CC)CNC(=O)C[C@H](C)O,CCCC[C@H](CC)CNC(=O)C[C@H](C)O
2390,0,CCCC[C@H]1CC(=O)C2(O)O[C@H]3[C@@H](NC)[C@@H](O)[C@H](NC)[C@H](O)[C@@H]3O[C@@H]2O1,CCCC[C@H]1CC(=O)C2(O)O[C@H]3[C@@H](NC)[C@@H](O)[C@H](NC)[C@H](O)[C@@H]3O[C@@H]2O1
2391,1,CCCN(CCC)CCc1ccc(O)c2c1CC(C)=N2,CCCN(CCC)CCc1ccc(O)c2c1CC(C)=N2
2392,1,CCCN(CCC)[C@H]1Cc2cccc3cc(O)cc(c23)C1,CCCN(CCC)[C@H]1Cc2cccc3cc(O)cc(c23)C1
2393,1,CCCN1C[C@@H](CSC)C[C@H]2c3cccc4[nH]cc(c34)C[C@@H]21,CCCN1C[C@@H](CSC)C[C@H]2c3cccc4[nH]cc(c34)C[C@@H]21
2394,1,CCCNC(=O)N1C[C@H](c2ccccc2)OC1=O,CCCNC(=O)N1C[C@H](c2ccccc2)OC1=O
2395,1,CCCOC(=O)c1cncn1[C@@H](C)c1ccccc1,CCCOC(=O)c1cncn1[C@@H](C)c1ccccc1
2396,1,CCC[C@@H](C(=O)c1ccc(C)cc1)N1CCCC1,CCC[C@@H](C(=O)c1ccc(C)cc1)N1CCCC1
2397,1,CCC[C@@H](C)CC,CCC[C@@H](C)CC
2398,1,CCC[C@@H](Cc1ccccc1)N1CCCC1,CCC[C@@H](Cc1ccccc1)N1CCCC1
2399,1,CCC[C@@H](O)Cl,CCC[C@@H](O)Cl
2400,1,CCC[C@@H]1OC1(CC)C(N)=O,CCC[C@@H]1OC1(CC)C(N)=O
2401,1,CCC[C@H](C)C1(CC)C(=O)NC(=O)NC1=O,CCC[C@H](C)C1(CC)C(=O)NC(=O)NC1=O
2402,1,CCC[C@H](C)C1(CC)C(=O)NC(=S)NC1=O,CCC[C@H](C)C1(CC)C(=O)NC(=S)NC1=O
2403,1,CCC[C@H](CC)C1(CC)C(=O)NC(=O)NC1=O,CCC[C@H](CC)C1(CC)C(=O)NC(=O)NC1=O
2404,1,CCC[C@H](CC)C1(CC)C(=O)NC(=S)NC1=O,CCC[C@H](CC)C1(CC)C(=O)NC(=S)NC1=O
2405,0,CCC[C@H]1C[C@@H](C(=O)N[C@@H]([C@H](C)O)[C@@H]2O[C@@H](SC)[C@@H](O)[C@@H](O)C2O)N(C)C1,CCC[C@H]1C[C@@H](C(=O)N[C@@H]([C@H](C)O)[C@@H]2O[C@@H](SC)[C@@H](O)[C@@H](O)C2O)N(C)C1
2406,0,CCC[C@H]1C[C@@H](C(=O)N[C@@H]([C@H](C)O)[C@@H]2O[C@@H](SC)[C@@H](O)[C@@H](O)[C@@H]2O)N(C)C1,CCC[C@H]1C[C@@H](C(=O)N[C@H]([C@@H]2O[C@@H](SC)[C@@H](O)[C@@H](O)[C@@H]2O)[C@H](C)O)N(C)C1
2407,0,CCC[C@H]1C[C@@H](C(=O)N[C@H]([C@H](C)Cl)[C@@H]2O[C@@H](SC)[C@@H](O)[C@@H](O)[C@@H]2O)N(C)C1,CCC[C@H]1C[C@@H](C(=O)N[C@@H]([C@@H]2O[C@@H](SC)[C@@H](O)[C@@H](O)[C@@H]2O)[C@H](C)Cl)N(C)C1
2408,1,CCC[C@H]1O[C@H]2C[C@H]3[C@@H]4CCC5=CC(=O)C=CC5(C)[C@H]4[C@@H](O)CC3(C)C2(C(=O)CO)O1,CCC[C@H]1O[C@H]2C[C@H]3[C@@H]4CCC5=CC(=O)C=CC5(C)[C@H]4[C@@H](O)CC3(C)C2(C(=O)CO)O1
2409,1,CCC[C@H]1O[C@H]2C[C@H]3[C@@H]4C[C@H](F)C5=CC(=O)C=CC5(C)C4(F)C(O)CC3(C)C2(C(=O)O[C@H](C)OC(=O)OCC)O1,CCC[C@H]1O[C@H]2C[C@H]3[C@@H]4C[C@H](F)C5=CC(=O)C=CC5(C)C4(F)C(O)CC3(C)C2(C(=O)O[C@H](C)OC(=O)OCC)O1
2410,1,CCC[C@H]1O[C@H]2C[C@H]3[C@@H]4C[C@H](F)C5=CC(=O)CCC5(C)C4(F)C(O)CC3(C)C2(C(=O)CO)O1,CCC[C@H]1O[C@H]2C[C@H]3[C@@H]4C[C@H](F)C5=CC(=O)CCC5(C)C4(F)C(O)CC3(C)C2(C(=O)CO)O1
2411,0,CCN(CC)/C(C)=N/N=C/c1c2c(O)c3c(O)c(C)c4c(c3c1O)C(=O)C(C)(O/C=C/[C@H](OC)[C@H](C)[C@@H](OC(C)=O)[C@@H](C)[C@@H](O)[C@@H](C)[C@@H](O)[C@@H](C)/C=C/C=C(/C)C(=O)N2)O4,CCN(CC)/C(C)=N/N=C/c1c2c(O)c3c(O)c(C)c4c(c3c1O)C(=O)C(C)(O/C=C/[C@H](OC)[C@H](C)[C@@H](OC(C)=O)[C@@H](C)[C@@H](O)[C@@H](C)[C@@H](O)[C@@H](C)/C=C/C=C(/C)C(=O)N2)O4
2412,0,CCN(CC)/C(C)=N\N=C\c1c2c(O)c3c(O)c(C)c4c(c3c1O)C(=O)C(C)(O/C=C/[C@H](OC)C(C)[C@@H](OC(C)=O)C(C)C(O)[C@@H](C)[C@@H](O)[C@@H](C)/C=C\C=C(\C)C(=O)N2)O4,CCN(CC)/C(C)=N\N=C\c1c2c(O)c3c(O)c(C)c4c(c3c1O)C(=O)C(C)(O/C=C/[C@H](OC)C(C)[C@@H](OC(C)=O)C(C)C(O)[C@@H](C)[C@@H](O)[C@@H](C)/C=C\C=C(\C)C(=O)N2)O4
2413,1,CCN(CC)C(=O)C1(c2ccccc2)C[C@@H]1CN,CCN(CC)C(=O)C1(c2ccccc2)C[C@@H]1CN
2414,1,CCN(CC)C(=O)C1C2C=CC(C2)C1C(=O)N(CC)CC,CCN(CC)C(=O)C1C2C=CC(C2)C1C(=O)N(CC)CC
2415,1,CCN(CC)C(=O)N[C@H]1C=C2c3cccc4[nH]cc(c34)C[C@@H]2N(C)C1,CCN(CC)C(=O)N[C@H]1C=C2c3cccc4[nH]cc(c34)C[C@@H]2N(C)C1
2416,1,CCN(CC)C(=O)N[C@H]1C[C@H]2c3cccc4[nH]cc(c34)C[C@@H]2N(C)C1,CCN(CC)C(=O)N[C@H]1C[C@H]2c3cccc4[nH]cc(c34)C[C@@H]2N(C)C1
2417,0,CCN(CC)C(=O)Nc1ccc(OC[C@@H](O)CNC(C)(C)C)c(C(C)=O)c1,CCN(CC)C(=O)Nc1ccc(OC[C@@H](O)CNC(C)(C)C)c(C(C)=O)c1
2418,1,CCN(CC)C(=O)[C@H]1CN2CCc3cc(OC)c(OC)cc3[C@@H]2C[C@@H]1OC(C)=O,CCN(CC)C(=O)[C@H]1CN2CCc3cc(OC)c(OC)cc3[C@@H]2C[C@@H]1OC(C)=O
2419,1,CCN(CC)C/C=C(\O)N1c2ccccc2Sc2ccc(C(F)(F)F)cc21,CCN(CC)C/C=C(\O)N1c2ccccc2Sc2ccc(C(F)(F)F)cc21
2420,1,CCN(CC)CC(=O)OCC(=O)C1(O)CC[C@H]2[C@@H]3CCC4=CC(=O)C=CC4(C)[C@H]3C(O)CC21C,CCN(CC)CC(=O)OCC(=O)C1(O)CC[C@H]2[C@@H]3CCC4=CC(=O)C=CC4(C)[C@H]3C(O)CC21C
2421,1,CCN(CC)CC(=O)OCC(=O)C1(O)CC[C@H]2[C@@H]3CCC4=CC(=O)C=CC4(C)[C@H]3[C@@H](O)CC21C,CCN(CC)CC(=O)OCC(=O)C1(O)CC[C@H]2[C@@H]3CCC4=CC(=O)C=CC4(C)[C@H]3[C@@H](O)CC21C
2422,1,CCN(CC)CC(=O)OCC(=O)C1(O)CC[C@H]2[C@@H]3CCC4=CC(=O)CCC4(C)[C@H]3[C@@H](O)CC21C,CCN(CC)CC(=O)OCC(=O)C1(O)CC[C@H]2[C@@H]3CCC4=CC(=O)CCC4(C)[C@H]3[C@@H](O)CC21C
2423,0,CCN(CC)c1nc2c(s1)c1c(O)c3c(O)c(C)c4c(c32)C(=O)C(C)(O/C=C/[C@H](OC)[C@H](C)[C@@H](OC(C)=O)[C@@H](C)[C@@H](O)[C@@H](C)[C@@H](O)[C@@H](C)/C=C/C=C(/C)C(=O)N1)O4,CCN(CC)c1nc2c(s1)c1c(O)c3c(O)c(C)c4c(c32)C(=O)C(C)(O/C=C/[C@H](OC)[C@H](C)[C@@H](OC(C)=O)[C@@H](C)[C@@H](O)[C@@H](C)[C@@H](O)[C@@H](C)/C=C/C=C(/C)C(=O)N1)O4
2424,1,CCN1C(=O)N[C@@H](c2ccccc2)C1=O,CCN1C(=O)N[C@@H](c2ccccc2)C1=O
2425,1,CCN1CCC[C@H]1CNC(=O)c1cc(C(C)=O)ccc1OC,CCN1CCC[C@H]1CNC(=O)c1cc(C(C)=O)ccc1OC
2426,1,CCN1CCC[C@H]1CNC(=O)c1cc(S(=O)(=O)CC)c(N)cc1OC,CCN1CCC[C@H]1CNC(=O)c1cc(S(=O)(=O)CC)c(N)cc1OC
2427,1,CCN1CCC[C@H]1CNC(=O)c1cc(S(N)(=O)=O)ccc1OC,CCN1CCC[C@H]1CNC(=O)c1cc(S(N)(=O)=O)ccc1OC
2428,1,CCN1CCN(C(=O)N[C@H](C(=O)NC2C(=O)N3C(C(=O)O)=C(CSc4nnnn4C)CS[C@@H]23)c2ccc(O)cc2)C(=O)C1=O,CCN1CCN(C(=O)N[C@H](C(=O)NC2C(=O)N3C(C(=O)O)=C(CSc4nnnn4C)CS[C@@H]23)c2ccc(O)cc2)C(=O)C1=O
2429,0,CCN1CCN(C(=O)N[C@H](C(=O)NC2C(=O)N3[C@H]2SC(C)(C)[C@@H]3C(=O)O)c2ccccc2)C(=O)C1=O,CCN1CCN(C(=O)N[C@H](C(=O)NC2C(=O)N3[C@@H](C(=O)O)C(C)(C)S[C@@H]23)c2ccccc2)C(=O)C1=O
2430,1,CCN1C[C@@H](CCN2CCOCC2)C(c2ccccc2)(c2ccccc2)C1=O,CCN1C[C@@H](CCN2CCOCC2)C(c2ccccc2)(c2ccccc2)C1=O
2431,1,CCN=C1NC(=O)[C@H](c2ccccc2)O1,CCN=C1NC(=O)[C@H](c2ccccc2)O1
2432,1,CCN=C1Nc2ccc(Cl)cc2[C@H](c2ccccc2)S1,CCN=C1Nc2ccc(Cl)cc2[C@H](c2ccccc2)S1
2433,1,CCNC(=O)/C=C\c1cccc(Br)c1,CCNC(=O)/C=C\c1cccc(Br)c1
2434,1,CCNC(Cc1ccccc1)[C@@H]1CCCO1,CCNC(Cc1ccccc1)[C@@H]1CCCO1
2435,0,CCNC[C@@H](O)c1cccc(O)c1,CCNC[C@@H](O)c1cccc(O)c1
2436,1,CCN[C@H]1C2CCC(C2)C1c1ccccc1,CCN[C@H]1C2CCC(C2)C1c1ccccc1
2437,0,CCN[C@H]1C[C@H](N)[C@H](O[C@H]2OC(CN)=CC[C@@H]2N)[C@H](O)[C@H]1O[C@@H]1OCC(C)(O)[C@@H](NC)[C@@H]1O,CCN[C@H]1C[C@H](N)[C@H](O[C@H]2OC(CN)=CC[C@@H]2N)[C@H](O)[C@H]1O[C@@H]1OCC(C)(O)[C@@H](NC)[C@@H]1O
2438,1,CCOC(=O)C1(c2ccccc2)CCC=C[C@@H]1N(C)C,CCOC(=O)C1(c2ccccc2)CCC=C[C@@H]1N(C)C
2439,0,CCOC(=O)CCC(=O)O[C@@H]1[C@H](O[C@H]2[C@@H](C)[C@H](O[C@@H]3CC(C)(OC)[C@@H](O)[C@H](C)O3)[C@H](C)C(=O)O[C@@H](CC)C(C)(O)[C@@H](O)[C@H](C)C(=O)[C@@H](C)CC2(C)O)O[C@@H](C)C[C@@H]1N(C)C,CCOC(=O)CCC(=O)O[C@@H]1[C@H](O[C@H]2[C@@H](C)[C@H](O[C@@H]3CC(C)(OC)[C@@H](O)[C@H](C)O3)[C@H](C)C(=O)O[C@@H](CC)C(C)(O)[C@@H](O)[C@H](C)C(=O)[C@@H](C)CC2(C)O)O[C@@H](C)C[C@@H]1N(C)C
2440,1,CCOC(=O)C[C@@H](O)C[C@H](O)/C=C/C1=C(c2ccc(F)cc2)c2ccccc2OC12CCCC2,CCOC(=O)C[C@@H](O)C[C@H](O)/C=C/C1=C(c2ccc(F)cc2)c2ccccc2OC12CCCC2
2441,1,CCOC(=O)C[C@@H](O)C[C@H](O)/C=C\C1=C(c2ccc(F)cc2)c2ccccc2OC12CCCC2,CCOC(=O)C[C@@H](O)C[C@H](O)/C=C\C1=C(c2ccc(F)cc2)c2ccccc2OC12CCCC2
2442,1,CCOC(=O)NN[C@@H](C)c1ccccc1,CCOC(=O)NN[C@@H](C)c1ccccc1
2443,1,CCOC(=O)OC1(C(=O)COC(=O)CC)CC[C@H]2[C@@H]3CCC4=CC(=O)C=CC4(C)[C@H]3[C@@H](O)CC21C,CCOC(=O)OC1(C(=O)COC(=O)CC)CC[C@H]2[C@@H]3CCC4=CC(=O)C=CC4(C)[C@H]3[C@@H](O)CC21C
2444,1,CCOC(=O)OC1(C(=O)OCCl)CC[C@H]2[C@@H]3CCC4=CC(=O)C=CC4(C)[C@H]3C(O)CC21C,CCOC(=O)OC1(C(=O)OCCl)CC[C@H]2[C@@H]3CCC4=CC(=O)C=CC4(C)[C@H]3C(O)CC21C
2445,1,CCOC(=O)OCC/C(SC(=O)OCC)=C(/C)N(C=O)Cc1cnc(C)nc1N,CCOC(=O)OCC/C(SC(=O)OCC)=C(/C)N(C=O)Cc1cnc(C)nc1N
2446,1,CCOC(=O)[C@H]1N=C(c2ccccc2F)c2cc(Cl)ccc2NC1=O,CCOC(=O)[C@H]1N=C(c2ccccc2F)c2cc(Cl)ccc2NC1=O
2447,1,CCOC(=O)c1cncn1[C@@H](C)c1ccc(F)cc1,CCOC(=O)c1cncn1[C@@H](C)c1ccc(F)cc1
2448,1,CCOC(=O)c1cncn1[C@@H](C)c1ccccc1,CCOC(=O)c1cncn1[C@@H](C)c1ccccc1
2449,0,CCOC(OCC)C(=O)OCC(=O)C1(O)Cc2c(O)c3c(c(O)c2[C@@H](O[C@@H]2C[C@H](N)[C@H](O)[C@H](C)O2)C1)C(=O)c1c(OC)cccc1C3=O,CCOC(OCC)C(=O)OCC(=O)C1(O)Cc2c(O)c3c(c(O)c2[C@@H](O[C@@H]2C[C@H](N)[C@H](O)[C@H](C)O2)C1)C(=O)c1c(OC)cccc1C3=O
2450,1,CCO[C@H]1CC2(C)[C@@H](CC[C@H]3[C@@H]4CC[C@H](C(C)=O)C4(C)C[C@H](N(C)C)[C@@H]32)C[C@@H]1O,CCO[C@H]1CC2(C)[C@@H](CC[C@@H]3[C@@H]2[C@@H](N(C)C)CC2(C)[C@@H](C(C)=O)CC[C@@H]32)C[C@@H]1O
2451,1,CCO[C@H]1c2ccccc2C(=O)N(C)c2ccccc21,CCO[C@H]1c2ccccc2C(=O)N(C)c2ccccc21
2452,1,CCOc1cc(N)c([N+](=O)[O-])cc1C(=O)NC1CCN(C[C@@H]2CC=CCC2)CC1,CCOc1cc(N)c([N+](=O)[O-])cc1C(=O)NC1CCN(C[C@@H]2CC=CCC2)CC1
2453,0,CCOc1ccc2ccccc2c1C(=O)NC1C(=O)N2[C@H]1SC(C)(C)[C@@H]2C(=O)O,CCOc1ccc2ccccc2c1C(=O)NC1C(=O)N2[C@@H](C(=O)O)C(C)(C)S[C@@H]12
2454,1,CCOc1ccccc1OC[C@@H]1CNCCO1,CCOc1ccccc1OC[C@@H]1CNCCO1
2455,1,CCSC1(SC)CC[C@H]2[C@@H]3CCC4=CC(=O)C=CC4(C)C3(F)[C@@H](O)CC21C,CCSC1(SC)CC[C@H]2[C@@H]3CCC4=CC(=O)C=CC4(C)C3(F)[C@@H](O)CC21C
2456,1,CC[C@@H]1C(=O)NC(=O)C1(C)c1ccccc1,CC[C@@H]1C(=O)NC(=O)C1(C)c1ccccc1
2457,1,CC[C@@H]1C(C)=NN=C(c2ccc(OC)c(OC)c2)c2cc(OC)c(OC)cc21,CC[C@@H]1C(C)=NN=C(c2ccc(OC)c(OC)c2)c2cc(OC)c(OC)cc21
2458,0,CC[C@@H]1CN2CCc3cc(OC)c(OC)cc3[C@@H]2C[C@@H]1C[C@@H]1NCCc2cc(OC)c(OC)cc21,CC[C@@H]1CN2CCc3cc(OC)c(OC)cc3[C@@H]2C[C@@H]1C[C@@H]1NCCc2cc(OC)c(OC)cc21
2459,0,CC[C@@H]1NC(=O)[C@@H](NC(=O)c2ncccc2O)[C@H](C)OC(=O)[C@H](c2ccccc2)NC(=O)[C@@H]2CC(=O)CCN2C(=O)[C@H](Cc2ccc(N(C)C)cc2)N(C)C(=O)[C@@H]2CCCN2C1=O,CC[C@@H]1NC(=O)[C@@H](NC(=O)c2ncccc2O)[C@H](C)OC(=O)[C@H](c2ccccc2)NC(=O)[C@@H]2CC(=O)CCN2C(=O)[C@H](Cc2ccc(N(C)C)cc2)N(C)C(=O)[C@@H]2CCCN2C1=O
2460,0,CC[C@@H]1NC(=O)[C@@H](NC(=O)c2ncccc2O)[C@H](C)OC(=O)[C@H](c2ccccc2)NC(=O)[C@@H]2CC(=O)CCN2C(=O)[C@H](Cc2ccccc2)N(C)C(=O)C2CCCN2C1=O,CC[C@@H]1NC(=O)[C@@H](NC(=O)c2ncccc2O)[C@H](C)OC(=O)[C@H](c2ccccc2)NC(=O)[C@@H]2CC(=O)CCN2C(=O)[C@H](Cc2ccccc2)N(C)C(=O)C2CCCN2C1=O
2461,0,CC[C@@H]1OC(=O)[C@@H](C)[C@@H](O[C@@H]2CC(C)(OC)[C@@H](O)[C@H](C)O2)C(C)[C@H](O[C@@H]2O[C@@H](C)C[C@H](N(C)C)[C@@H]2O)C(C)(O)CC(C)(F)C(=O)[C@@H](C)[C@H](O)C1(C)O,CC[C@@H]1OC(=O)[C@@H](C)[C@@H](O[C@@H]2CC(C)(OC)[C@@H](O)[C@H](C)O2)C(C)[C@H](O[C@@H]2O[C@@H](C)C[C@H](N(C)C)[C@@H]2O)C(C)(O)CC(C)(F)C(=O)[C@@H](C)[C@H](O)C1(C)O
2462,0,CC[C@@H]1OC(=O)[C@@H](C)[C@@H](O[C@@H]2CC(C)(OC)[C@@H](O)[C@H](C)O2)C(C)[C@H](O[C@@H]2O[C@@H](C)C[C@H](N(C)C)[C@@H]2O)C(C)(O)C[C@H](C)C(=O)[C@@H](C)[C@@H](O)C1C,CC[C@@H]1OC(=O)[C@@H](C)[C@@H](O[C@@H]2CC(C)(OC)[C@@H](O)[C@H](C)O2)C(C)[C@H](O[C@@H]2O[C@@H](C)C[C@H](N(C)C)[C@@H]2O)C(C)(O)C[C@H](C)C(=O)[C@@H](C)[C@@H](O)C1C
2463,0,CC[C@@H]1OC(=O)[C@@H](C)[C@@H](O[C@@H]2CC(C)(OC)[C@@H](O)[C@H](C)O2)C(C)[C@H](O[C@@H]2O[C@@H](C)C[C@H](N(C)C)[C@@H]2O)C(C)(O)C[C@H](C)C(=O)[C@@H](C)[C@H](O)C1(C)O,CC[C@@H]1OC(=O)[C@@H](C)[C@@H](O[C@@H]2CC(C)(OC)[C@@H](O)[C@H](C)O2)C(C)[C@H](O[C@@H]2O[C@@H](C)C[C@H](N(C)C)[C@@H]2O)C(C)(O)C[C@H](C)C(=O)[C@@H](C)[C@H](O)C1(C)O
2464,0,CC[C@@H]1OC(=O)[C@@H](C)[C@@H](O[C@@H]2CC(C)(OC)[C@@H](O)[C@H](C)O2)[C@H](C)[C@H](O[C@@H]2O[C@@H](C)C[C@H](N(C)C)[C@@H]2O)C(C)(O)CC(C)CN(C)[C@@H](C)[C@H](O)C1(C)O,CC[C@@H]1OC(=O)[C@@H](C)[C@@H](O[C@@H]2CC(C)(OC)[C@@H](O)[C@H](C)O2)[C@H](C)[C@H](O[C@@H]2O[C@@H](C)C[C@H](N(C)C)[C@@H]2O)C(C)(O)CC(C)CN(C)[C@@H](C)[C@H](O)C1(C)O
2465,0,CC[C@@H]1OC(=O)[C@@H](C)[C@@H](O[C@@H]2CC(C)(OC)[C@@H](O)[C@H](C)O2)[C@H](C)[C@H](O[C@@H]2O[C@@H](C)C[C@H](N(C)C)[C@@H]2O)C(C)(O)CC(C)[C@@H]2N[C@H](COCCOC)O[C@@H]([C@H]2C)C1(C)O,CC[C@@H]1OC(=O)[C@@H](C)[C@@H](O[C@@H]2CC(C)(OC)[C@@H](O)[C@H](C)O2)[C@H](C)[C@H](O[C@@H]2O[C@@H](C)C[C@H](N(C)C)[C@@H]2O)C(C)(O)CC(C)[C@@H]2N[C@H](COCCOC)O[C@@H]([C@H]2C)C1(C)O
2466,0,CC[C@@H]1OC(=O)[C@@H](C)[C@@H](O[C@@H]2CC(C)(OC)[C@@H](O)[C@H](C)O2)[C@H](C)[C@H](O[C@@H]2O[C@@H](C)C[C@H](N(C)C)[C@@H]2O)C(C)(O)C[C@H](C)/C(=N\OC)[C@H](C)[C@H](O)C1(C)O,CC[C@@H]1OC(=O)[C@@H](C)[C@@H](O[C@@H]2CC(C)(OC)[C@@H](O)[C@H](C)O2)[C@H](C)[C@H](O[C@@H]2O[C@@H](C)C[C@H](N(C)C)[C@@H]2O)C(C)(O)C[C@H](C)/C(=N\OC)[C@H](C)[C@H](O)C1(C)O
2467,0,CC[C@@H]1OC(=O)[C@@H](C)[C@@H](O[C@@H]2CC(C)(OC)[C@@H](O)[C@H](C)O2)[C@H](C)[C@H](O[C@@H]2O[C@@H](C)C[C@H](N(C)C)[C@@H]2O)C(C)(O)C[C@H](C)/C(=N\OCOCCOC)[C@H](C)[C@H](O)C1(C)O,CC[C@@H]1OC(=O)[C@@H](C)[C@@H](O[C@@H]2CC(C)(OC)[C@@H](O)[C@H](C)O2)[C@H](C)[C@H](O[C@@H]2O[C@@H](C)C[C@H](N(C)C)[C@@H]2O)C(C)(O)C[C@H](C)/C(=N\OCOCCOC)[C@H](C)[C@H](O)C1(C)O
2468,1,CC[C@H](C(=O)NC(N)=O)c1ccccc1,CC[C@H](C(=O)NC(N)=O)c1ccccc1
2469,1,CC[C@H](C(=O)OCCN1CCO[C@@H](c2ccccc2)[C@@H]1C)c1ccccc1,CC[C@H](C(=O)OCCN1CCO[C@@H](c2ccccc2)[C@@H]1C)c1ccccc1
2470,1,CC[C@H](C)C(=O)O[C@H]1CCC=C2C=C[C@H](C)[C@H](CC[C@H]3C[C@H](O)CC(=O)O3)[C@@H]21,CC[C@H](C)C(=O)O[C@H]1CCC=C2C=C[C@H](C)[C@H](CC[C@H]3C[C@H](O)CC(=O)O3)[C@@H]21
2471,0,CC[C@H](C)C(=O)O[C@H]1C[C@H](O)C=C2C=C[C@H](C)[C@H](CC[C@H](O)C[C@H](O)CC(=O)O)[C@@H]21,CC[C@H](C)C(=O)O[C@H]1C[C@H](O)C=C2C=C[C@H](C)[C@H](CC[C@H](O)C[C@H](O)CC(=O)O)[C@@H]21
2472,1,CC[C@H](C)C(C)(COC(N)=O)COC(=O)NC(C)C,CC[C@H](C)C(C)(COC(N)=O)COC(=O)NC(C)C
2473,1,CC[C@H](C)C(C)(COC(N)=O)COC(N)=O,CC[C@H](C)C(C)(COC(N)=O)COC(N)=O
2474,1,CC[C@H](C)N(C)C(=O)c1cc2ccccc2c(-c2ccccc2Cl)n1,CC[C@H](C)N(C)C(=O)c1cc2ccccc2c(-c2ccccc2Cl)n1
2475,1,CC[C@H](C)N1CCN(c2ccc(I)cc2)CC1,CC[C@H](C)N1CCN(c2ccc(I)cc2)CC1
2476,1,CC[C@H](C)Nc1ccc(I)c(N[C@@H](C)CC)c1,CC[C@H](C)Nc1ccc(I)c(N[C@@H](C)CC)c1
2477,1,CC[C@H](N)Cc1c[nH]c2ccccc12,CC[C@H](N)Cc1c[nH]c2ccccc12
2478,1,CC[C@H](O)C(C[C@H](C)N(C)C)(c1ccccc1)c1ccccc1,CC[C@H](O)C(C[C@H](C)N(C)C)(c1ccccc1)c1ccccc1
2479,1,CC[C@H](OC(N)=O)C1CCCCC1,CC[C@H](OC(N)=O)C1CCCCC1
2480,0,CC[C@H](Oc1ccccc1)C(=O)NC1C(=O)N2[C@H]1SC(C)(C)[C@@H]2C(=O)O,CC[C@H](Oc1ccccc1)C(=O)NC1C(=O)N2[C@@H](C(=O)O)C(C)(C)S[C@@H]12
2481,1,CC[C@H]1CC(=O)C2Oc3c(OC)ccc4c3C23CCN(CC2CC2)C(C4)[C@@H]13,CC[C@H]1CC(=O)C2Oc3c(OC)ccc4c3C23CCN(CC2CC2)C(C4)[C@@H]13
2482,1,CCc1c(C)[nH]c2c1C(=O)[C@H](CN1CCOCC1)CC2,CCc1c(C)[nH]c2c1C(=O)[C@H](CN1CCOCC1)CC2
2483,1,CCn1nnn(CCN2CC[C@H](N(C(=O)COC)c3ccccc3F)[C@@H](C)C2)c1=O,CCn1nnn(CCN2CC[C@H](N(C(=O)COC)c3ccccc3F)[C@@H](C)C2)c1=O
2484,1,CN(C(=O)Cc1ccc(Cl)c(Cl)c1)[C@H](CN1CCCC1)c1ccccc1,CN(C(=O)Cc1ccc(Cl)c(Cl)c1)[C@H](CN1CCCC1)c1ccccc1
2485,1,CN(C(=O)Cc1ccc(Cl)c(Cl)c1)[C@H]1CCC2(CCCO2)C[C@@H]1N1CCCC1,CN(C(=O)Cc1ccc(Cl)c(Cl)c1)[C@H]1CCC2(CCCO2)C[C@@H]1N1CCCC1
2486,0,CN(C(=O)Cc1ccccc1N)[C@H](CN1CC[C@H](O)C1)c1ccccc1,CN(C(=O)Cc1ccccc1N)[C@H](CN1CC[C@H](O)C1)c1ccccc1
2487,1,CN(C)C1=NC(=O)[C@H](c2ccccc2)O1,CN(C)C1=NC(=O)[C@H](c2ccccc2)O1
2488,1,CN(C)CC/C=C1/c2ccccc2CNc2cc(Cl)ccc21,CN(C)CC/C=C1/c2ccccc2CNc2cc(Cl)ccc21
2489,1,CN(C)CCC(=O)COc1ccc(Cl)cc1,CN(C)CCC(=O)COc1ccc(Cl)cc1
2490,1,CN(C)CCC1(C)OCCC2=C1Cc1ccccc12,CN(C)CCC1(C)OCCC2=C1Cc1ccccc12
2491,1,CN(C)CCC1(c2ccccc2)CCc2ccccc2C1=O,CN(C)CCC1(c2ccccc2)CCc2ccccc2C1=O
2492,1,CN(C)CCCN1Cc2ccccc2Cc2ccccc21,CN(C)CCCN1Cc2ccccc2Cc2ccccc21
2493,1,CN(C)CCN1C(=O)C[C@@H](c2ccccc2)Sc2ccccc21,CN(C)CCN1C(=O)C[C@@H](c2ccccc2)Sc2ccccc21
2494,1,CN(C)CCO[C@@H](c1ccccc1)c1ccc(Br)cc1,CN(C)CCO[C@@H](c1ccccc1)c1ccc(Br)cc1
2495,1,CN(C)CCO[C@@H](c1ccccc1)c1ccccc1C(C)(C)C,CN(C)CCO[C@@H](c1ccccc1)c1ccccc1C(C)(C)C
2496,0,CN(C)CC[C@@H](c1ccccc1)c1ccccn1,CN(C)CC[C@@H](c1ccccc1)c1ccccn1
2497,1,CN(C)CC[C@H](c1ccccc1)C1CCCCC1,CN(C)CC[C@H](c1ccccc1)C1CCCCC1
2498,0,CN(C)CCn1nnnc1SCC1=C(C(=O)O)N2C(=O)C(NC(=O)Cc3csc(N)n3)[C@@H]2SC1,CN(C)CCn1nnnc1SCC1=C(C(=O)O)N2C(=O)C(NC(=O)Cc3csc(N)n3)[C@@H]2SC1
2499,1,CN(C)C[C@@H](CN1c2ccccc2Sc2ccccc21)N(C)C,CN(C)C[C@@H](CN1c2ccccc2Sc2ccccc21)N(C)C
2500,1,CN(C)C[C@@H](O)[C@@H](c1ccccc1)c1ccc(Cl)cc1,CN(C)C[C@@H](O)[C@@H](c1ccccc1)c1ccc(Cl)cc1
2501,1,CN(C)C[C@H]1COC2(O1)c1ccccc1COc1ccccc12,CN(C)C[C@H]1COC2(O1)c1ccccc1COc1ccccc12
2502,1,CN(C)Cc1ccc(-c2cccc(N[C@H]3N=CC=C3[N+](=O)[O-])c2)o1,CN(C)Cc1ccc(-c2cccc(N[C@H]3N=CC=C3[N+](=O)[O-])c2)o1
2503,0,CN(C)Cc1ccc(CSCCN[C@H]2N=CC=C2[N+](=O)[O-])o1,CN(C)Cc1ccc(CSCCN[C@H]2N=CC=C2[N+](=O)[O-])o1
2504,1,CN(C)Cc1ccnc(-c2cccc(N[C@H]3N=CC=C3[N+](=O)[O-])c2)c1,CN(C)Cc1ccnc(-c2cccc(N[C@H]3N=CC=C3[N+](=O)[O-])c2)c1
2505,1,CN(C)[C@@H]1C(=O)C(C(=O)NCN2CCCC2)=C(O)C2(O)C(=O)C3=C(O)c4c(O)cccc4C(C)(O)[C@H]3C[C@@H]12,CN(C)[C@@H]1C(=O)C(C(=O)NCN2CCCC2)=C(O)C2(O)C(=O)C3=C(O)c4c(O)cccc4C(C)(O)[C@H]3C[C@@H]12
2506,0,CN(C)[C@@H]1C(=O)C(C(=O)NCN2CCC[C@H](C(=O)O)C2)=C(O)C2(O)C(=O)C3=C(O)c4c(O)cccc4C(C)(O)[C@H]3C[C@@H]12,CN(C)[C@@H]1C(=O)C(C(=O)NCN2CCC[C@H](C(=O)O)C2)=C(O)C2(O)C(=O)C3=C(O)c4c(O)cccc4C(C)(O)[C@H]3C[C@@H]12
2507,0,CN(C)[C@@H]1C(=O)C(C(=O)NCN2CCN(/C(N)=N/C(=N)N)CC2)=C(O)C2(O)C(=O)C3=C(O)c4c(O)cccc4C(C)(O)[C@H]3C[C@@H]12,CN(C)[C@@H]1C(=O)C(C(=O)NCN2CCN(/C(N)=N/C(=N)N)CC2)=C(O)C2(O)C(=O)C3=C(O)c4c(O)cccc4C(C)(O)[C@H]3C[C@@H]12
2508,0,CN(C)[C@@H]1C(=O)C(C(=O)NCN2CCN(CCO)CC2)=C(O)C2(O)C(=O)C3=C(O)c4c(O)cccc4C(C)(O)[C@H]3C[C@@H]12,CN(C)[C@@H]1C(=O)C(C(=O)NCN2CCN(CCO)CC2)=C(O)C2(O)C(=O)C3=C(O)c4c(O)cccc4C(C)(O)[C@H]3C[C@@H]12
2509,0,CN(C)[C@@H]1C(=O)C(C(=O)NCN[C@H](C(=O)NC2C(=O)N3[C@H]2SC(C)(C)[C@@H]3C(=O)O)c2ccccc2)=C(O)C2(O)C(=O)C3=C(O)c4c(O)cccc4C(C)(O)[C@H]3C[C@@H]12,CN(C)[C@@H]1C(=O)C(C(=O)NCN[C@H](C(=O)NC2C(=O)N3[C@@H](C(=O)O)C(C)(C)S[C@@H]23)c2ccccc2)=C(O)C2(O)C(=O)C3=C(O)c4c(O)cccc4C(C)(O)[C@H]3C[C@@H]12
2510,0,CN(C)[C@@H]1C(=O)C(C(=O)NCO)=C(O)C2(O)C(=O)C3=C(O)c4c(O)ccc(Cl)c4C(C)(O)[C@H]3C[C@@H]12,CN(C)[C@@H]1C(=O)C(C(=O)NCO)=C(O)C2(O)C(=O)C3=C(O)c4c(O)ccc(Cl)c4C(C)(O)[C@H]3C[C@@H]12
2511,0,CN(C)[C@@H]1C(=O)C(C(=O)N[C@H](C(=O)O)N2CCN(CCO)CC2)=C(O)C2(O)C(=O)C3=C(O)c4c(O)cccc4C(C)(O)[C@H]3C[C@@H]12,CN(C)[C@@H]1C(=O)C(C(=O)N[C@H](C(=O)O)N2CCN(CCO)CC2)=C(O)C2(O)C(=O)C3=C(O)c4c(O)cccc4C(C)(O)[C@H]3C[C@@H]12
2512,0,CN(C)[C@@H]1C(=O)C(C(N)=O)=C(O)C2(O)C(=O)C3=C(O)c4c(O)ccc(Cl)c4C(C)(O)[C@H]3C[C@@H]12,CN(C)[C@@H]1C(=O)C(C(N)=O)=C(O)C2(O)C(=O)C3=C(O)c4c(O)ccc(Cl)c4C(C)(O)[C@H]3C[C@@H]12
2513,0,CN(C)[C@@H]1C(=O)C(C(N)=O)=C(O)C2(O)C(=O)C3=C(O)c4c(O)ccc(Cl)c4[C@@H](O)[C@H]3C[C@@H]12,CN(C)[C@@H]1C(=O)C(C(N)=O)=C(O)C2(O)C(=O)C3=C(O)c4c(O)ccc(Cl)c4[C@@H](O)[C@H]3C[C@@H]12
2514,0,CN(C)[C@@H]1C(=O)C(C(N)=O)=C(O)C2(O)C(=O)C3=C(O)c4c(O)ccc([N+](=O)[O-])c4C[C@@H]3C[C@@H]12,CN(C)[C@@H]1C(=O)C(C(N)=O)=C(O)C2(O)C(=O)C3=C(O)c4c(O)ccc([N+](=O)[O-])c4C[C@@H]3C[C@@H]12
2515,0,CN(C)[C@@H]1C(=O)C(C(N)=O)=C(O)C2(O)C(=O)C3=C(O)c4c(O)cccc4C(C)(O)[C@@H]3[C@H](O)[C@H]12,CN(C)[C@@H]1C(=O)C(C(N)=O)=C(O)C2(O)C(=O)C3=C(O)c4c(O)cccc4C(C)(O)[C@@H]3[C@H](O)[C@H]12
2516,0,CN(C)[C@@H]1C(=O)C(C(N)=O)=C(O)C2(O)C(=O)C3=C(O)c4c(O)cccc4C(C)(O)[C@H]3C[C@@H]12,CN(C)[C@@H]1C(=O)C(C(N)=O)=C(O)C2(O)C(=O)C3=C(O)c4c(O)cccc4C(C)(O)[C@H]3C[C@@H]12
2517,0,CN(C)[C@@H]1C(=O)C(C(N)=O)=C(O)C2(O)C(=O)C3=C(O)c4c(O)cccc4[C@@H](O)[C@H]3C[C@@H]12,CN(C)[C@@H]1C(=O)C(C(N)=O)=C(O)C2(O)C(=O)C3=C(O)c4c(O)cccc4[C@@H](O)[C@H]3C[C@@H]12
2518,0,CN(C)[C@@H]1C(=O)C(C(N)=O)=C(O)C2(O)C(=O)C3=C(O)c4c(ccc(N)c4O)C[C@@H]3C[C@@H]12,CN(C)[C@@H]1C(=O)C(C(N)=O)=C(O)C2(O)C(=O)C3=C(O)c4c(ccc(N)c4O)C[C@@H]3C[C@@H]12
2519,0,CN(C)[C@@H]1C(O)=C(C(=O)NCN2CCCC2)C(=O)C2(O)C(O)=C3C(=O)c4c(O)cccc4C(C)(O)[C@H]3C[C@@H]12,CN(C)[C@@H]1C(O)=C(C(=O)NCN2CCCC2)C(=O)C2(O)C(O)=C3C(=O)c4c(O)cccc4C(C)(O)[C@H]3C[C@@H]12
2520,0,CN(C)[C@@H]1C(O)=C(C(=O)NCN2CCC[C@H](C(=O)O)C2)C(=O)C2(O)C(O)=C3C(=O)c4c(O)cccc4C(C)(O)[C@H]3C[C@@H]12,CN(C)[C@@H]1C(O)=C(C(=O)NCN2CCC[C@H](C(=O)O)C2)C(=O)C2(O)C(O)=C3C(=O)c4c(O)cccc4C(C)(O)[C@H]3C[C@@H]12
2521,0,CN(C)[C@@H]1C(O)=C(C(=O)NCN2CCN(/C(N)=N/C(=N)N)CC2)C(=O)C2(O)C(O)=C3C(=O)c4c(O)cccc4C(C)(O)[C@H]3C[C@@H]12,CN(C)[C@@H]1C(O)=C(C(=O)NCN2CCN(/C(N)=N/C(=N)N)CC2)C(=O)C2(O)C(O)=C3C(=O)c4c(O)cccc4C(C)(O)[C@H]3C[C@@H]12
2522,0,CN(C)[C@@H]1C(O)=C(C(=O)NCN2CCN(CCO)CC2)C(=O)C2(O)C(O)=C3C(=O)c4c(O)cccc4C(C)(O)[C@H]3C[C@@H]12,CN(C)[C@@H]1C(O)=C(C(=O)NCN2CCN(CCO)CC2)C(=O)C2(O)C(O)=C3C(=O)c4c(O)cccc4C(C)(O)[C@H]3C[C@@H]12
2523,0,CN(C)[C@@H]1C(O)=C(C(=O)NCN[C@H](C(=O)NC2C(=O)N3[C@H]2SC(C)(C)[C@@H]3C(=O)O)c2ccccc2)C(=O)C2(O)C(O)=C3C(=O)c4c(O)cccc4C(C)(O)[C@H]3C[C@@H]12,CN(C)[C@@H]1C(O)=C(C(=O)NCN[C@H](C(=O)NC2C(=O)N3[C@@H](C(=O)O)C(C)(C)S[C@@H]23)c2ccccc2)C(=O)C2(O)C(O)=C3C(=O)c4c(O)cccc4C(C)(O)[C@H]3C[C@@H]12
2524,0,CN(C)[C@@H]1C(O)=C(C(=O)NCO)C(=O)C2(O)C(O)=C3C(=O)c4c(O)ccc(Cl)c4C(C)(O)[C@H]3C[C@@H]12,CN(C)[C@@H]1C(O)=C(C(=O)NCO)C(=O)C2(O)C(O)=C3C(=O)c4c(O)ccc(Cl)c4C(C)(O)[C@H]3C[C@@H]12
2525,0,CN(C)[C@@H]1C(O)=C(C(=O)N[C@H](C(=O)O)N2CCN(CCO)CC2)C(=O)C2(O)C(O)=C3C(=O)c4c(O)cccc4C(C)(O)[C@H]3C[C@@H]12,CN(C)[C@@H]1C(O)=C(C(=O)N[C@H](C(=O)O)N2CCN(CCO)CC2)C(=O)C2(O)C(O)=C3C(=O)c4c(O)cccc4C(C)(O)[C@H]3C[C@@H]12
2526,0,CN(C)[C@@H]1C(O)=C(C(N)=O)C(=O)C2(O)C(O)=C3C(=O)c4c(O)ccc(Cl)c4[C@@H](O)[C@H]3C[C@@H]12,CN(C)[C@@H]1C(O)=C(C(N)=O)C(=O)C2(O)C(O)=C3C(=O)c4c(O)ccc(Cl)c4[C@@H](O)[C@H]3C[C@@H]12
2527,0,CN(C)[C@@H]1C(O)=C(C(N)=O)C(=O)C2(O)C(O)=C3C(=O)c4c(O)cccc4C(C)(O)[C@@H]3[C@H](O)[C@H]12,CN(C)[C@@H]1C(O)=C(C(N)=O)C(=O)C2(O)C(O)=C3C(=O)c4c(O)cccc4C(C)(O)[C@@H]3[C@H](O)[C@H]12
2528,0,CN(C)[C@@H]1C(O)=C(C(N)=O)C(=O)C2(O)C(O)=C3C(=O)c4c(O)cccc4C(C)(O)[C@H]3C[C@@H]12,CN(C)[C@@H]1C(O)=C(C(N)=O)C(=O)C2(O)C(O)=C3C(=O)c4c(O)cccc4C(C)(O)[C@H]3C[C@@H]12
2529,0,CN(C)[C@@H]1C(O)=C(C(N)=O)C(=O)C2(O)C(O)=C3C(=O)c4c(ccc(N)c4O)C[C@@H]3C[C@@H]12,CN(C)[C@@H]1C(O)=C(C(N)=O)C(=O)C2(O)C(O)=C3C(=O)c4c(ccc(N)c4O)C[C@@H]3C[C@@H]12
2530,1,CN(C)[C@H]1CCc2[nH]c3c(F)cc(F)cc3c2C1,CN(C)[C@H]1CCc2[nH]c3c(F)cc(F)cc3c2C1
2531,1,CN(C)[C@H]1CCc2[nH]c3ccccc3c2C1,CN(C)[C@H]1CCc2[nH]c3ccccc3c2C1
2532,1,CN(C)c1ccc(O)c2c1C[C@@H]1C[C@H]3[C@H](N(C)C)C(O)=C(C(N)=O)C(=O)C3(O)C(O)=C1C2=O,CN(C)c1ccc(O)c2c1C[C@@H]1C[C@H]3[C@H](N(C)C)C(O)=C(C(N)=O)C(=O)C3(O)C(O)=C1C2=O
2533,1,CN(c1nc2ccccc2s1)C1CCN(C[C@H](O)COc2ccc(F)cc2)CC1,CN(c1nc2ccccc2s1)C1CCN(C[C@H](O)COc2ccc(F)cc2)CC1
2534,1,CN1C(=O)CN(C(N)=O)[C@@H](c2ccccc2)c2cc(Cl)ccc21,CN1C(=O)CN(C(N)=O)[C@@H](c2ccccc2)c2cc(Cl)ccc21
2535,1,CN1C(=O)CN2CCc3ccccc3[C@H]2c2cc(Cl)ccc21,CN1C(=O)CN2CCc3ccccc3[C@H]2c2cc(Cl)ccc21
2536,1,CN1C(=O)[C@H](O)N=C(c2ccccc2)c2cc(Cl)ccc21,CN1C(=O)[C@H](O)N=C(c2ccccc2)c2cc(Cl)ccc21
2537,1,CN1C(=O)[C@H](O)N=C(c2ccccc2F)c2cc(Cl)ccc21,CN1C(=O)[C@H](O)N=C(c2ccccc2F)c2cc(Cl)ccc21
2538,1,CN1CCC2(C)c3cc(OC(=O)N4CCc5ccccc5C4)ccc3N(C)[C@H]12,CN1CCC2(C)c3cc(OC(=O)N4CCc5ccccc5C4)ccc3N(C)[C@H]12
2539,1,CN1CCC2(C)c3cc(OC(=O)Nc4ccccc4)ccc3N(C)[C@H]12,CN1CCC2(C)c3cc(OC(=O)Nc4ccccc4)ccc3N(C)[C@H]12
2540,1,CN1CCC23CCCC[C@@H]2C1Cc1ccc(O)cc13,CN1CCC23CCCC[C@@H]2C1Cc1ccc(O)cc13
2541,1,CN1CCC23NC(=O)CC(c4cc(Cl)ccc4O2)[C@H]3C1,CN1CCC23NC(=O)CC(c4cc(Cl)ccc4O2)[C@H]3C1
2542,1,CN1CCC23c4c5ccc(O)c4OC2C(=O)CCC3(O)C1C5,CN1CCC23c4c5ccc(O)c4OC2C(=O)CCC3(O)C1C5
2543,1,CN1CCC23c4c5ccc(O)c4OC2C(=O)CC[C@@H]3C1C5,CN1CCC23c4c5ccc(O)c4OC2C(=O)CC[C@@H]3C1C5
2544,1,CN1CCC23c4c5ccc(O)c4OC2C(C)(O)CC[C@@H]3C1C5,CN1CCC23c4c5ccc(O)c4OC2C(C)(O)CC[C@@H]3C1C5
2545,1,CN1CCC23c4c5ccc(O)c4O[C@@H]2[C@@H](O)C=C[C@@H]3C1C5,CN1CCC23c4c5ccc(O)c4O[C@@H]2[C@@H](O)C=C[C@@H]3C1C5
2546,1,CN1CCC23c4c5ccc(O)c4O[C@@H]2[C@@H](O)CCC3(O)C1C5,CN1CCC23c4c5ccc(O)c4O[C@@H]2[C@@H](O)CCC3(O)C1C5
2547,1,CN1CCC23c4c5ccc(O)c4O[C@H]2CCC[C@@H]3C1C5,CN1CCC23c4c5ccc(O)c4O[C@H]2CCC[C@@H]3C1C5
2548,1,CN1CCC23c4c5ccc(OC(=O)c6cccnc6)c4O[C@@H]2C(OC(=O)c2cccnc2)C=C[C@@H]3C1C5,CN1CCC23c4c5ccc(OC(=O)c6cccnc6)c4O[C@@H]2C(OC(=O)c2cccnc2)C=C[C@@H]3C1C5
2549,1,CN1CCCC[C@H]1CCN1c2ccccc2Sc2ccc(S(C)(=O)=O)cc21,CN1CCCC[C@H]1CCN1c2ccccc2Sc2ccc(S(C)(=O)=O)cc21
2550,1,CN1CCCC[C@H]1CCN1c2ccccc2Sc2ccc([S+](C)[O-])cc21,CN1CCCC[C@H]1CCN1c2ccccc2Sc2ccc([S+](C)[O-])cc21
2551,1,CN1CCCN([C@@H](c2ccccc2)c2ccc(Cl)cc2)CC1,CN1CCCN([C@@H](c2ccccc2)c2ccc(Cl)cc2)CC1
2552,1,CN1CCCc2cccc(OC[C@@H]3CNCCO3)c21,CN1CCCc2cccc(OC[C@@H]3CNCCO3)c21
2553,1,CN1CCN(C(=O)Cc2ccc(Cl)c(Cl)c2)[C@H](CN2CCCC2)C1,CN1CCN(C(=O)Cc2ccc(Cl)c(Cl)c2)[C@H](CN2CCCC2)C1
2554,1,CN1CCN(C2=Cc3cc(Cl)ccc3/C(=C/C#N)c3ccccc32)CC1,CN1CCN(C2=Cc3cc(Cl)ccc3/C(=C/C#N)c3ccccc32)CC1
2555,1,CN1CCN(CC(=O)C2(O)CC[C@H]3[C@@H]4CCC5=CC(=O)C=CC5(C)[C@H]4[C@@H](O)CC32C)CC1,CN1CCN(CC(=O)C2(O)CC[C@H]3[C@@H]4CCC5=CC(=O)C=CC5(C)[C@H]4[C@@H](O)CC32C)CC1
2556,1,CN1CCN(CC/C=C2/c3ccccc3Sc3ccc(S(=O)(=O)N(C)C)cc32)CC1,CN1CCN(CC/C=C2/c3ccccc3Sc3ccc(S(=O)(=O)N(C)C)cc32)CC1
2557,1,CN1CCN([C@H]2Cc3ccccc3Sc3ccc(Cl)cc32)CC1,CN1CCN([C@H]2Cc3ccccc3Sc3ccc(Cl)cc32)CC1
2558,1,CN1CCN2c3ccccc3Cc3ccccc3[C@H]2C1,CN1CCN2c3ccccc3Cc3ccccc3[C@H]2C1
2559,1,CN1CCN2c3ccccc3Cn3cccc3[C@@H]2C1,CN1CCN2c3ccccc3Cn3cccc3[C@@H]2C1
2560,1,CN1CCN2c3ncccc3Cc3ccccc3[C@H]2C1,CN1CCN2c3ncccc3Cc3ccccc3[C@H]2C1
2561,1,CN1CCO[C@@H](c2ccccc2)c2ccccc2C1,CN1CCO[C@@H](c2ccccc2)c2ccccc2C1
2562,1,CN1CCc2cccc3c2[C@@H]1Cc1ccc(O)c(O)c1-3,CN1CCc2cccc3c2[C@@H]1Cc1ccc(O)c(O)c1-3
2563,0,CN1C[C@@H](C(=O)NC2(C)OC3(O)[C@@H]4CCCN4C(=O)[C@H](Cc4ccccc4)N3C2=O)C[C@H]2c3cccc4[nH]cc(c34)C[C@@H]21,CN1C[C@@H](C(=O)NC2(C)OC3(O)[C@@H]4CCCN4C(=O)[C@H](Cc4ccccc4)N3C2=O)C[C@H]2c3cccc4[nH]cc(c34)C[C@@H]21
2564,1,CN1C[C@@H](NS(=O)(=O)N(C)C)C[C@H]2c3cccc4c3c(cn4C)C[C@@H]21,CN1C[C@@H](NS(=O)(=O)N(C)C)C[C@H]2c3cccc4c3c(cn4C)C[C@@H]21
2565,1,CN1C[C@@H]2c3ccccc3Oc3ccc(Cl)cc3[C@H]2C1,CN1C[C@@H]2c3ccccc3Oc3ccc(Cl)cc3[C@H]2C1
2566,1,CN1C[C@H](CC#N)C[C@H]2c3cccc4[nH]cc(c34)C[C@@H]21,CN1C[C@H](CC#N)C[C@H]2c3cccc4[nH]cc(c34)C[C@@H]21
2567,1,CN1C[C@H](CN2CC(=O)NC(=O)C2)C=C2c3cccc4[nH]cc(c34)C[C@@H]21,CN1C[C@H](CN2CC(=O)NC(=O)C2)C=C2c3cccc4[nH]cc(c34)C[C@@H]21
2568,1,CN1C[C@H]2Cc3ccc(Cl)cc3[C@H](c3ccccc3)[C@@H]2C1,CN1C[C@H]2Cc3ccc(Cl)cc3[C@H](c3ccccc3)[C@@H]2C1
2569,1,CN1Cc2c(N)cccc2[C@H](c2ccccc2)C1,CN1Cc2c(N)cccc2[C@H](c2ccccc2)C1
2570,0,CN1[C@@H](CCl)Nc2cc(Cl)c(S(N)(=O)=O)cc2S1(=O)=O,CN1[C@@H](CCl)Nc2cc(Cl)c(S(N)(=O)=O)cc2S1(=O)=O
2571,1,CN1[C@H](CC(=O)c2ccccc2)CCC[C@H]1C[C@H](O)c1ccccc1,CN1[C@H](CC(=O)c2ccccc2)CCC[C@H]1C[C@H](O)c1ccccc1
2572,1,CN1[C@H]2CC[C@H]1CC(NC(=O)N1CC(C)(C)c3ccccc31)C2,CN1[C@H]2CC[C@H]1CC(NC(=O)N1CC(C)(C)c3ccccc31)C2
2573,1,CN1[C@H]2CC[C@H]1CC(OC(=O)C(C)(CO)c1ccccc1)C2,CN1[C@H]2CC[C@H]1CC(OC(=O)C(C)(CO)c1ccccc1)C2
2574,1,CN1[C@H]2CC[C@H]1CC(OC(c1ccccc1)c1ccccc1)C2,CN1[C@H]2CC[C@H]1CC(OC(c1ccccc1)c1ccccc1)C2
2575,1,CN1c2cc(F)ccc2C(c2ccccc2)=NC[C@@H]1CNC(=O)c1ccoc1,CN1c2cc(F)ccc2C(c2ccccc2)=NC[C@@H]1CNC(=O)c1ccoc1
2576,1,CN1c2ccc(Cl)cc2C(c2ccccc2Cl)=NC[C@H]1CO,CN1c2ccc(Cl)cc2C(c2ccccc2Cl)=NC[C@H]1CO
2577,1,CN1c2ccccc2C(c2ccccc2F)=NC[C@@H]1CNC(=O)c1ccsc1,CN1c2ccccc2C(c2ccccc2F)=NC[C@@H]1CNC(=O)c1ccsc1
2578,1,CN1c2ccccc2[C@H](NCCCCCCC(=O)O)c2ccc(Cl)cc2S1(=O)=O,CN1c2ccccc2[C@H](NCCCCCCC(=O)O)c2ccc(Cl)cc2S1(=O)=O
2579,1,CNC(=O)CCN1CCN(CC/C=C2\c3ccccc3Sc3ccc(Cl)cc32)CC1,CNC(=O)CCN1CCN(CC/C=C2\c3ccccc3Sc3ccc(Cl)cc32)CC1
2580,0,CNC(=O)C[C@H](N)C(=O)N[C@H](C(=O)NC1C(=O)N2[C@H]1SC(C)(C)[C@@H]2C(=O)O)c1ccc(O)cc1,CNC(=O)C[C@H](N)C(=O)N[C@H](C(=O)NC1C(=O)N2[C@@H](C(=O)O)C(C)(C)S[C@@H]12)c1ccc(O)cc1
2581,1,CNC(=O)O[C@@H]1OC(=O)C2(C)C3C=CC(C3)[C@H]12,CNC(=O)O[C@@H]1OC(=O)C2(C)C3C=CC(C3)[C@H]12
2582,1,CNC(=O)O[C@@H]1OC(=O)[C@H]2C3C=CC(C3)[C@H]12,CNC(=O)O[C@@H]1OC(=O)[C@H]2C3C=CC(C3)[C@H]12
2583,1,CNC(=O)Oc1ccc2c(c1)C1(C)CCN(C)[C@H]1N2C,CNC(=O)Oc1ccc2c(c1)C1(C)CCN(C)[C@H]1N2C
2584,1,CNC1=CN(O)C(c2ccccc2)=c2cc(Cl)ccc2=N1,CNC1=CN(O)C(c2ccccc2)=c2cc(Cl)ccc2=N1
2585,1,CNCCO[C@@H](c1ccccc1)c1ccccc1C,CNCCO[C@@H](c1ccccc1)c1ccccc1C
2586,1,CNCCSC1=Cc2ccccc2Oc2ccc(F)cc21,CNCCSC1=Cc2ccccc2Oc2ccc(F)cc21
2587,0,CNCC[C@H](O)[C@@H]1C[C@H](SC2=C(C(=O)O)N3C(=O)C([C@H](C)O)[C@H]3[C@@H]2C)CN1,CNCC[C@H](O)[C@@H]1C[C@H](SC2=C(C(=O)O)N3C(=O)C([C@H](C)O)[C@H]3[C@@H]2C)CN1
2588,1,CNCC[C@H](Oc1ccc(C(F)(F)F)cc1)c1ccccc1,CNCC[C@H](Oc1ccc(C(F)(F)F)cc1)c1ccccc1
2589,1,CNCC[C@H](Oc1cccc2ccccc12)c1cccs1,CNCC[C@H](Oc1cccc2ccccc12)c1cccs1
2590,1,CNCC[C@H](Oc1ccccc1C)c1ccccc1,CNCC[C@H](Oc1ccccc1C)c1ccccc1
2591,1,CNCC[C@H](Oc1ccccc1OC)c1ccccc1,CNCC[C@H](Oc1ccccc1OC)c1ccccc1
2592,1,CNC[C@@H](O)CC12CCC(c3ccccc31)c1ccccc12,CNC[C@@H](O)CC12CCC(c3ccccc31)c1ccccc12
2593,0,CNC[C@@H](O)c1ccc(O)c(O)c1,CNC[C@@H](O)c1ccc(O)c(O)c1
2594,0,CNC[C@@H](O)c1ccc(OC(=O)C(C)(C)C)c(OC(=O)C(C)(C)C)c1,CNC[C@@H](O)c1ccc(OC(=O)C(C)(C)C)c(OC(=O)C(C)(C)C)c1
2595,0,CNC[C@@H](O)c1cccc(OC(=O)C(C)(C)C)c1,CNC[C@@H](O)c1cccc(OC(=O)C(C)(C)C)c1
2596,1,CNC[C@H]1CN(c2ccc(OCc3cccc(Cl)c3)cc2)C(=O)O1,CNC[C@H]1CN(c2ccc(OCc3cccc(Cl)c3)cc2)C(=O)O1
2597,0,CN[C@@H](C)C(=O)c1ccc(OC)cc1,CN[C@@H](C)C(=O)c1ccc(OC)cc1
2598,0,CN[C@@H](C)[C@@H](O)c1ccc(O)cc1,CN[C@@H](C)[C@@H](O)c1ccc(O)cc1
2599,0,CN[C@@H](C)[C@@H]1CC[C@H](N)[C@H](O[C@H]2[C@@H](N)C[C@H](N)[C@H](O[C@@H]3OCC(C)(O)[C@@H](NC)[C@@H]3O)[C@H]2O)O1,CN[C@@H](C)[C@@H]1CC[C@H](N)[C@H](O[C@@H]2[C@H](O)[C@@H](O[C@@H]3OCC(C)(O)[C@@H](NC)[C@@H]3O)[C@@H](N)C[C@@H]2N)O1
2600,0,CN[C@@H]1[C@H](O[C@@H]2C(O[C@@H]3[C@@H](O)[C@@H](O)[C@@H](NC(=N)N)[C@H](O)[C@@H]3NC(=N)N)O[C@@H](C)C2(O)CO)O[C@@H](CO)[C@@H](O)[C@H]1O,CN[C@@H]1[C@H](O[C@@H]2C(O[C@@H]3[C@@H](O)[C@@H](O)[C@@H](NC(=N)N)[C@H](O)[C@@H]3NC(=N)N)O[C@@H](C)C2(O)CO)O[C@@H](CO)[C@@H](O)[C@H]1O
2601,0,CN[C@@H]1[C@H](O[C@@H]2[C@@H](O[C@@H]3[C@@H](O)[C@@H](O)[C@@H](NC(=N)N)[C@H](O)[C@@H]3NC(=N)N)OC(C)C2(O)C=O)O[C@@H](CO)[C@@H](O)[C@H]1O,CN[C@@H]1[C@H](O[C@@H]2[C@@H](O[C@@H]3[C@@H](O)[C@@H](O)[C@@H](NC(=N)N)[C@H](O)[C@@H]3NC(=N)N)OC(C)C2(O)C=O)O[C@@H](CO)[C@@H](O)[C@H]1O
2602,0,CN[C@@H]1[C@H](O[C@@H]2[C@@H](O[C@@H]3[C@@H](O)[C@@H](O)[C@@H](NC(=N)N)[C@H](O)[C@@H]3NC(=N)N)O[C@@H](C)C2(O)C=O)O[C@@H](CO)[C@@H](O)[C@H]1O,CN[C@@H]1[C@H](O[C@@H]2[C@@H](O[C@@H]3[C@@H](O)[C@@H](O)[C@@H](NC(=N)N)[C@H](O)[C@@H]3NC(=N)N)O[C@@H](C)C2(O)C=O)O[C@@H](CO)[C@@H](O)[C@H]1O
2603,0,CN[C@@H]1[C@H](O[C@@H]2[C@@H](O[C@@H]3[C@@H](O)[C@@H](O)[C@@H](NC(=N)N)[C@H](O)[C@@H]3NC(=N)N)O[C@@H](C)C2(O)CO)O[C@@H](CO)[C@@H](O)[C@H]1O,CN[C@@H]1[C@H](O[C@@H]2[C@@H](O[C@@H]3[C@@H](O)[C@@H](O)[C@@H](NC(=N)N)[C@H](O)[C@@H]3NC(=N)N)O[C@@H](C)C2(O)CO)O[C@@H](CO)[C@@H](O)[C@H]1O
2604,1,CN[C@H]1CC[C@@H](c2ccccc2)c2ccccc21,CN[C@H]1CC[C@@H](c2ccccc2)c2ccccc21
2605,1,CN[C@H]1CCc2ncsc2C1,CN[C@H]1CCc2ncsc2C1
2606,1,CN[C@H]1C[C@@H](c2ccc(Cl)c(Cl)c2)c2ccccc21,CN[C@H]1C[C@@H](c2ccc(Cl)c(Cl)c2)c2ccccc21
2607,0,CN[C@H]1[C@H](O)[C@H](O[C@H]2[C@@H](N)C[C@H](N)[C@H](O[C@@H]3O[C@H](CN)CC[C@@H]3N)[C@@H]2O)OCC1(C)O,CN[C@H]1[C@H](O)[C@H](O[C@@H]2[C@@H](O)[C@@H](O[C@@H]3O[C@H](CN)CC[C@@H]3N)[C@@H](N)C[C@@H]2N)OCC1(C)O
2608,1,CNc1cc(OC)c(C(=O)N[C@H]2CCN(Cc3ccccc3)[C@H]2C)cc1Cl,CNc1cc(OC)c(C(=O)N[C@H]2CCN(Cc3ccccc3)[C@H]2C)cc1Cl
2609,1,CO/N=C(/C#N)[C@@H]1CN2CCC1CC2,CO/N=C(/C#N)[C@@H]1CN2CCC1CC2
2610,0,CO/N=C(/C(=O)NC1C(=O)N(OCC(=O)O)C1C)c1csc(N)n1,CO/N=C(/C(=O)NC1C(=O)N(OCC(=O)O)C1C)c1csc(N)n1
2611,0,CO/N=C(/C(=O)NC1C(=O)N2C(C(=O)O)=C(/C=C/Sc3n[nH]c(=O)c(=O)n3CC=O)CS[C@@H]12)c1csc(N)n1,CO/N=C(/C(=O)NC1C(=O)N2C(C(=O)O)=C(/C=C/Sc3n[nH]c(=O)c(=O)n3CC=O)CS[C@@H]12)c1csc(N)n1
2612,0,CO/N=C(/C(=O)NC1C(=O)N2C(C(=O)O)=C(/C=C/c3scnc3C)CS[C@@H]12)c1csc(N)n1,CO/N=C(/C(=O)NC1C(=O)N2C(C(=O)O)=C(/C=C/c3scnc3C)CS[C@@H]12)c1csc(N)n1
2613,0,CO/N=C(/C(=O)NC1C(=O)N2C(C(=O)O)=C(COC(C)=O)CS[C@@H]12)c1ccco1,CO/N=C(/C(=O)NC1C(=O)N2C(C(=O)O)=C(COC(C)=O)CS[C@@H]12)c1ccco1
2614,1,CO/N=C(/C(=O)NC1C(=O)N2C(C(=O)O)=C(CSc3nc(=O)c(=O)[nH]n3C)CS[C@@H]12)c1csc(N)n1,CO/N=C(/C(=O)NC1C(=O)N2C(C(=O)O)=C(CSc3nc(=O)c(=O)[nH]n3C)CS[C@@H]12)c1csc(N)n1
2615,0,CO/N=C(/C(=O)NC1C(=O)N2C(C(=O)O)=C(CSc3nc(C)c(CC(=O)O)s3)CS[C@@H]12)c1csc(N)n1,CO/N=C(/C(=O)NC1C(=O)N2C(C(=O)O)=C(CSc3nc(C)c(CC(=O)O)s3)CS[C@@H]12)c1csc(N)n1
2616,0,CO/N=C(/C(=O)NC1C(=O)N2C(C(=O)O)=C(CSc3nnnn3C)CS[C@@H]12)c1csc(N)n1,CO/N=C(/C(=O)NC1C(=O)N2C(C(=O)O)=C(CSc3nnnn3C)CS[C@@H]12)c1csc(N)n1
2617,0,CO/N=C(/C(=O)NC1C(=O)N2C(C(=O)O)=C(Cn3nnc(C)n3)CS[C@@H]12)c1csc(N)n1,CO/N=C(/C(=O)NC1C(=O)N2C(C(=O)O)=C(Cn3nnc(C)n3)CS[C@@H]12)c1csc(N)n1
2618,0,CO/N=C(/C(=O)NC1C(=O)N2C(C(=O)O)=CCS[C@@H]12)c1csc(N)n1,CO/N=C(/C(=O)NC1C(=O)N2C(C(=O)O)=CCS[C@@H]12)c1csc(N)n1
2619,0,CO/N=C(/C(=O)NC1C(=O)N2C(C(=O)OCOC(=O)C(C)(C)C)=CCS[C@@H]12)c1csc(NC(=O)[C@H](C)N)n1,CO/N=C(/C(=O)NC1C(=O)N2C(C(=O)OCOC(=O)C(C)(C)C)=CCS[C@@H]12)c1csc(NC(=O)[C@H](C)N)n1
2620,0,CO/N=C(/C(=O)NC1C(=O)N2C(C(=O)O[C@@H](C)OC(C)=O)=C(COC(N)=O)CS[C@@H]12)c1ccco1,CO/N=C(/C(=O)NC1C(=O)N2C(C(=O)O[C@@H](C)OC(C)=O)=C(COC(N)=O)CS[C@@H]12)c1ccco1
2621,0,CO/N=C(\C(=O)NC1C(=O)N(OCC(=O)O)C1C)c1csc(N)n1,CO/N=C(\C(=O)NC1C(=O)N(OCC(=O)O)C1C)c1csc(N)n1
2622,0,CO/N=C(\C(=O)NC1C(=O)N(OCC(=O)OCC(=O)OC(C)(C)C)C1C)c1csc(N)n1,CO/N=C(\C(=O)NC1C(=O)N(OCC(=O)OCC(=O)OC(C)(C)C)C1C)c1csc(N)n1
2623,0,CO/N=C(\C(=O)NC1C(=O)N2C(C(=O)O)=C(/C=C/Sc3n[nH]c(=O)c(=O)n3CC=O)CS[C@@H]12)c1csc(N)n1,CO/N=C(\C(=O)NC1C(=O)N2C(C(=O)O)=C(/C=C/Sc3n[nH]c(=O)c(=O)n3CC=O)CS[C@@H]12)c1csc(N)n1
2624,0,CO/N=C(\C(=O)NC1C(=O)N2C(C(=O)O)=C(/C=C\c3scnc3C)CS[C@@H]12)c1csc(N)n1,CO/N=C(\C(=O)NC1C(=O)N2C(C(=O)O)=C(/C=C\c3scnc3C)CS[C@@H]12)c1csc(N)n1
2625,0,CO/N=C(\C(=O)NC1C(=O)N2C(C(=O)O)=C(C)CS[C@@H]12)c1csc(N)n1,CO/N=C(\C(=O)NC1C(=O)N2C(C(=O)O)=C(C)CS[C@@H]12)c1csc(N)n1
2626,0,CO/N=C(\C(=O)NC1C(=O)N2C(C(=O)O)=C(COC(C)=O)CS[C@@H]12)c1csc(N)n1,CO/N=C(\C(=O)NC1C(=O)N2C(C(=O)O)=C(COC(C)=O)CS[C@@H]12)c1csc(N)n1
2627,0,CO/N=C(\C(=O)NC1C(=O)N2C(C(=O)O)=C(COC(N)=O)CS[C@@H]12)c1ccco1,CO/N=C(\C(=O)NC1C(=O)N2C(C(=O)O)=C(COC(N)=O)CS[C@@H]12)c1ccco1
2628,0,CO/N=C(\C(=O)NC1C(=O)N2C(C(=O)O)=C(CSC(=O)c3ccco3)CS[C@@H]12)c1csc(N)n1,CO/N=C(\C(=O)NC1C(=O)N2C(C(=O)O)=C(CSC(=O)c3ccco3)CS[C@@H]12)c1csc(N)n1
2629,0,CO/N=C(\C(=O)NC1C(=O)N2C(C(=O)O)=C(CSc3nc(=O)c(=O)[nH]n3C)CS[C@@H]12)c1csc(N)n1,CO/N=C(\C(=O)NC1C(=O)N2C(C(=O)O)=C(CSc3nc(=O)c(=O)[nH]n3C)CS[C@@H]12)c1csc(N)n1
2630,0,CO/N=C(\C(=O)NC1C(=O)N2C(C(=O)O)=C(CSc3nnnn3C)CS[C@@H]12)c1csc(N)n1,CO/N=C(\C(=O)NC1C(=O)N2C(C(=O)O)=C(CSc3nnnn3C)CS[C@@H]12)c1csc(N)n1
2631,0,CO/N=C(\C(=O)NC1C(=O)N2C(C(=O)O)=CCS[C@@H]12)c1csc(N)n1,CO/N=C(\C(=O)NC1C(=O)N2C(C(=O)O)=CCS[C@@H]12)c1csc(N)n1
2632,0,CO/N=C(\C(=O)NC1C(=O)N2C(C(=O)O[C@@H](C)OC(C)=O)=C(COC(N)=O)CS[C@@H]12)c1ccco1,CO/N=C(\C(=O)NC1C(=O)N2C(C(=O)O[C@@H](C)OC(C)=O)=C(COC(N)=O)CS[C@@H]12)c1ccco1
2633,0,CO/N=C(\C(=O)N[C@H]1C(=O)N2C(C(=O)O)=C(COC(C)=O)CS[C@@H]12)c1ccco1,CO/N=C(\C(=O)N[C@H]1C(=O)N2C(C(=O)O)=C(COC(C)=O)CS[C@@H]12)c1ccco1
2634,1,COC(=O)C1(O)CC[C@H]2[C@@H]3CCC(=O)[C@H]4C(=O)C=CC4(C)[C@H]3[C@@H](O)CC21C,COC(=O)C1(O)CC[C@H]2[C@@H]3CCC(=O)[C@H]4C(=O)C=CC4(C)[C@H]3[C@@H](O)CC21C
2635,0,COC(=O)C1=C(C)NC(C)=C(C(=O)OCCN(C)Cc2ccccc2)[C@@H]1c1cccc([N+](=O)[O-])c1,COC(=O)C1=C(C)NC(C)=C(C(=O)OCCN(C)Cc2ccccc2)[C@@H]1c1cccc([N+](=O)[O-])c1
2636,1,COC(=O)[C@@H](c1ccccc1)[C@@H]1CCCCN1,COC(=O)[C@@H](c1ccccc1)[C@@H]1CCCCN1
2637,1,COC(=O)[C@@H]1C(O)=CC(Nc2ccc(Cl)cc2)=C[C@@H]1C,COC(=O)[C@@H]1C(O)=CC(Nc2ccc(Cl)cc2)=C[C@@H]1C
2638,1,COC(=O)[C@@H]1C(O)=CC(Nc2cccc(OC(F)(F)F)c2)=C[C@@H]1C,COC(=O)[C@@H]1C(O)=CC(Nc2cccc(OC(F)(F)F)c2)=C[C@@H]1C
2639,1,COC(=O)[C@@H]1C(O)=CC(Nc2cccc([N+](=O)[O-])c2)=C[C@@H]1C,COC(=O)[C@@H]1C(O)=CC(Nc2cccc([N+](=O)[O-])c2)=C[C@@H]1C
2640,0,COC(=O)[C@@H]1[C@@H](O)CC[C@@H]2CN3CCc4c([nH]c5ccccc45)[C@@H]3C[C@@H]21,COC(=O)[C@H]1[C@H]2C[C@H]3c4[nH]c5ccccc5c4CCN3C[C@H]2CC[C@@H]1O
2641,1,COC(=O)[C@H]1[C@H]2C[C@H]3c4[nH]c5cc(OC)ccc5c4CCN3C[C@H]2C[C@H](OC(=O)/C=C/c2cc(OC)c(OC)c(OC)c2)[C@H]1OC,COC(=O)[C@H]1[C@H]2C[C@H]3c4[nH]c5cc(OC)ccc5c4CCN3C[C@H]2C[C@H](OC(=O)/C=C/c2cc(OC)c(OC)c(OC)c2)[C@H]1OC
2642,1,COC(=O)[C@H]1[C@H]2C[C@H]3c4[nH]c5cc(OC)ccc5c4CCN3C[C@H]2C[C@H](OC)[C@H]1OC,COC(=O)[C@H]1[C@H]2C[C@H]3c4[nH]c5cc(OC)ccc5c4CCN3C[C@H]2C[C@H](OC)[C@H]1OC
2643,1,COC(=O)[C@H]1[C@H]2C[C@H]3c4[nH]c5ccc(Cl)cc5c4CCN3C[C@H]2C[C@H](OC(=O)c2cc(OC)c(OC)c(OC)c2)[C@H]1OC,COC(=O)[C@H]1[C@H]2C[C@H]3c4[nH]c5ccc(Cl)cc5c4CCN3C[C@H]2C[C@H](OC(=O)c2cc(OC)c(OC)c(OC)c2)[C@H]1OC
2644,1,COC(=O)[C@H]1[C@H]2C[C@H]3c4[nH]c5ccccc5c4CCN3C[C@H]2C[C@H](OC(=O)c2cc(OC)c(OC)c(OC)c2)[C@H]1OC,COC(=O)[C@H]1[C@H]2C[C@H]3c4[nH]c5ccccc5c4CCN3C[C@H]2C[C@H](OC(=O)c2cc(OC)c(OC)c(OC)c2)[C@H]1OC
2645,1,COC(=O)c1cncn1[C@@H](C)c1ccccc1,COC(=O)c1cncn1[C@@H](C)c1ccccc1
2646,1,COC(OC)C(=O)C12OC(C)(C)O[C@H]1C[C@H]1[C@@H]3C[C@H](F)C4=CC(=O)C=CC4(C)C3(F)C(O)CC12C,COC(OC)C(=O)C12OC(C)(C)O[C@H]1C[C@H]1[C@@H]3C[C@H](F)C4=CC(=O)C=CC4(C)C3(F)C(O)CC12C
2647,0,COC1(NC(=O)C2SC(=C(C#N)C(=O)O)S2)C(=O)N2C(C(=O)O)=C(CSc3nnnn3C)CS[C@H]21,COC1(NC(=O)C2SC(=C(C#N)C(=O)O)S2)C(=O)N2C(C(=O)O)=C(CSc3nnnn3C)CS[C@H]21
2648,0,COC1(NC(=O)C2SC(=C(C(N)=O)C(=O)O)S2)C(=O)N2C(C(=O)O)=C(CSc3nnnn3C)CS[C@H]21,COC1(NC(=O)C2SC(=C(C(N)=O)C(=O)O)S2)C(=O)N2C(C(=O)O)=C(CSc3nnnn3C)CS[C@H]21
2649,0,COC1(NC(=O)CSC(F)(F)F)C(=O)N2C(C(=O)O)=C(CSc3nnnn3CCO)CO[C@H]21,COC1(NC(=O)CSC(F)(F)F)C(=O)N2C(C(=O)O)=C(CSc3nnnn3CCO)CO[C@H]21
2650,0,COC1(NC(=O)CSC(F)F)C(=O)N2C(C(=O)O)=C(CSc3nnnn3CCO)CO[C@H]21,COC1(NC(=O)CSC(F)F)C(=O)N2C(C(=O)O)=C(CSc3nnnn3CCO)CO[C@H]21
2651,0,COC1(NC(=O)CSCC#N)C(=O)N2C(C(=O)O)=C(CSc3nnnn3C)CS[C@H]21,COC1(NC(=O)CSCC#N)C(=O)N2C(C(=O)O)=C(CSc3nnnn3C)CS[C@H]21
2652,0,COC1(NC(=O)CSC[C@@H](N)C(=O)O)C(=O)N2C(C(=O)O)=C(CSc3nnnn3C)CS[C@H]21,COC1(NC(=O)CSC[C@@H](N)C(=O)O)C(=O)N2C(C(=O)O)=C(CSc3nnnn3C)CS[C@H]21
2653,0,COC1(NC(=O)Cc2cccs2)C(=O)N2C(C(=O)O)=C(COC(N)=O)CS[C@H]21,COC1(NC(=O)Cc2cccs2)C(=O)N2C(C(=O)O)=C(COC(N)=O)CS[C@H]21
2654,0,COC1(NC(=O)[C@@H](C(=O)O)c2ccc(O)cc2)C(=O)N2C(C(=O)O)=C(CSc3nnnn3C)CO[C@H]21,COC1(NC(=O)[C@@H](C(=O)O)c2ccc(O)cc2)C(=O)N2C(C(=O)O)=C(CSc3nnnn3C)CO[C@H]21
2655,0,COC1(NC(=O)[C@@H](C(=O)O)c2ccsc2)C(=O)N2[C@@H](C(=O)O)C(C)(C)S[C@H]21,COC1(NC(=O)[C@@H](C(=O)O)c2ccsc2)C(=O)N2[C@@H](C(=O)O)C(C)(C)S[C@H]21
2656,1,COC12CCC3(CC1C(C)(C)O)C1Cc4ccc(O)c5c4C3(CCN1CC1CC1)[C@@H]2O5,COC12CCC3(CC1C(C)(C)O)C1Cc4ccc(O)c5c4C3(CCN1CC1CC1)[C@@H]2O5
2657,1,COC12CCC3(CC1C(C)(O)C(C)(C)C)C1Cc4ccc(O)c5c4C3(CCN1CC1CC1)[C@@H]2O5,COC12CCC3(CC1C(C)(O)C(C)(C)C)C1Cc4ccc(O)c5c4C3(CCN1CC1CC1)[C@@H]2O5
2658,1,COC12CCC3(C[C@H]1C(C)(C)O)C1Cc4ccc(O)c5c4C3(CCN1CC1CC1)[C@@H]2O5,COC12CCC3(C[C@H]1C(C)(C)O)C1Cc4ccc(O)c5c4C3(CCN1CC1CC1)[C@@H]2O5
2659,1,COC1=CC=C2C3Cc4ccc(OC)c5c4C2(CCN3C)[C@@H]1O5,COC1=CC=C2C3Cc4ccc(OC)c5c4C2(CCN3C)[C@@H]1O5
2660,0,COCC1=C(C(=O)O)N2C(=O)C(NC(=O)/C(=N\O)c3csc(N)n3)[C@@H]2SC1,COCC1=C(C(=O)O)N2C(=O)C(NC(=O)/C(=N\O)c3csc(N)n3)[C@@H]2SC1
2661,0,COCC1=C(C(=O)O)N2C(=O)[C@H](NC(=O)/C(=N\O)c3csc(N)n3)[C@@H]2SC1,COCC1=C(C(=O)O)N2C(=O)[C@H](NC(=O)/C(=N\O)c3csc(N)n3)[C@@H]2SC1
2662,1,COCCc1ccc(OC[C@@H](O)CNC(C)C)cc1,COCCc1ccc(OC[C@@H](O)CNC(C)C)cc1
2663,0,COCOC(=O)[C@@H]1N2C(=O)C(N3C(=O)C(c4ccccc4)NC3(C)C)[C@@H]2SC1(C)C,COCOC(=O)[C@@H]1N2C(=O)C(N3C(=O)C(c4ccccc4)NC3(C)C)[C@@H]2SC1(C)C
2664,0,COCOC(=O)[C@@H]1N2C(=O)[C@H](N3C(=O)C(c4ccc(O)cc4)NC3(C)C)[C@@H]2SC1(C)C,COCOC(=O)[C@@H]1N2C(=O)[C@H](N3C(=O)C(c4ccc(O)cc4)NC3(C)C)[C@@H]2SC1(C)C
2665,1,COC[C@@H]1CN(c2ccc(OCC[C@H](O)C(F)(F)F)cc2)C(=O)O1,COC[C@@H]1CN(c2ccc(OCC[C@H](O)C(F)(F)F)cc2)C(=O)O1
2666,1,COC[C@@H]1CN(c2ccc(OCc3cccc(C#N)c3)cc2)C(=O)O1,COC[C@@H]1CN(c2ccc(OCc3cccc(C#N)c3)cc2)C(=O)O1
2667,1,COC[C@@H]1CN=C(c2ccccc2Cl)c2cc(Br)ccc2N1C,COC[C@@H]1CN=C(c2ccccc2Cl)c2cc(Br)ccc2N1C
2668,1,COCc1c(C(C)C)nc(C(C)C)c(/C=C/[C@@H](O)C[C@H](O)CC(=O)O)c1-c1ccc(F)cc1,COCc1c(C(C)C)nc(C(C)C)c(/C=C/[C@@H](O)C[C@H](O)CC(=O)O)c1-c1ccc(F)cc1
2669,0,CO[C@@H]1[C@@H](O)[C@H](N)[C@H](O[C@@H]2O[C@H]([C@H](C)N)CC[C@@H]2N)[C@@H](O)[C@@H]1N(C)C(=O)CN,CO[C@@H]1[C@@H](O)[C@H](N)[C@H](O[C@@H]2O[C@H]([C@H](C)N)CC[C@@H]2N)[C@@H](O)[C@@H]1N(C)C(=O)CN
2670,0,CO[C@H]1/C=C/OC2(C)Oc3c(C)c(O)c4c(O)c(c(/C=N/N5CCN(C)CC5)c(O)c4c3C2=O)NC(=O)/C(C)=C/C=C/[C@H](C)[C@H](O)[C@H](C)[C@H](O)[C@H](C)[C@H](OC(C)=O)[C@H]1C,CO[C@H]1/C=C/OC2(C)Oc3c(C)c(O)c4c(O)c(c(/C=N/N5CCN(C)CC5)c(O)c4c3C2=O)NC(=O)/C(C)=C/C=C/[C@H](C)[C@H](O)[C@H](C)[C@H](O)[C@H](C)[C@H](OC(C)=O)[C@H]1C
2671,0,CO[C@H]1/C=C/OC2(C)Oc3c(C)c(O)c4c(O)c(c(/C=N/N5CCN(C)CC5)c(O)c4c3C2=O)NC(=O)/C(C)=C\C=C\[C@H](C)[C@H](O)[C@H](C)[C@H](O)[C@H](C)[C@H](OC(C)=O)[C@H]1C,CO[C@H]1/C=C/OC2(C)Oc3c(C)c(O)c4c(O)c(c(/C=N/N5CCN(C)CC5)c(O)c4c3C2=O)NC(=O)/C(C)=C\C=C\[C@H](C)[C@H](O)[C@H](C)[C@H](O)[C@H](C)[C@H](OC(C)=O)[C@H]1C
2672,0,CO[C@H]1/C=C/OC2(C)Oc3c(C)c(O)c4c(O)c(cc(O)c4c3C2=O)NC(=O)/C(C)=C/C=C/[C@H](C)[C@H](O)[C@H](C)[C@H](O)[C@H](C)[C@H](OC(C)=O)[C@H]1C,CO[C@H]1/C=C/OC2(C)Oc3c(C)c(O)c4c(O)c(cc(O)c4c3C2=O)NC(=O)/C(C)=C/C=C/[C@H](C)[C@H](O)[C@H](C)[C@H](O)[C@H](C)[C@H](OC(C)=O)[C@H]1C
2673,0,CO[C@H]1/C=C/OC2(C)Oc3c(C)c(O)c4c(O)c(cc(O)c4c3C2=O)NC(=O)/C(C)=C\C=C\[C@H](C)[C@H](O)[C@H](C)[C@H](O)[C@H](C)[C@H](OC(C)=O)[C@H]1C,CO[C@H]1/C=C/OC2(C)Oc3c(C)c(O)c4c(O)c(cc(O)c4c3C2=O)NC(=O)/C(C)=C\C=C\[C@H](C)[C@H](O)[C@H](C)[C@H](O)[C@H](C)[C@H](OC(C)=O)[C@H]1C
2674,0,CO[C@H]1/C=C/OC2(C)Oc3c(C)c(O)c4c(c3C2=O)C(=O)/C(=C/NN2CCN(C)CC2)C(=C4O)NC(=O)/C(C)=C\C=C\[C@H](C)[C@H](O)[C@H](C)[C@H](O)[C@H](C)[C@H](OC(C)=O)[C@H]1C,CO[C@H]1/C=C/OC2(C)Oc3c(C)c(O)c4c(c3C2=O)C(=O)/C(=C/NN2CCN(C)CC2)C(=C4O)NC(=O)/C(C)=C\C=C\[C@H](C)[C@H](O)[C@H](C)[C@H](O)[C@H](C)[C@H](OC(C)=O)[C@H]1C
2675,0,CO[C@H]1/C=C/OC2(C)Oc3c(C)c(O)c4c(c3C2=O)C2=NC3(CCN(CC(C)C)CC3)NC2=C(NC(=O)/C(C)=C\C=C\[C@H](C)[C@H](O)[C@H](C)[C@H](O)[C@H](C)[C@H](OC(C)=O)[C@H]1C)C4=O,CO[C@H]1/C=C/OC2(C)Oc3c(C)c(O)c4c(c3C2=O)C2=NC3(CCN(CC(C)C)CC3)NC2=C(NC(=O)/C(C)=C\C=C\[C@H](C)[C@H](O)[C@H](C)[C@H](O)[C@H](C)[C@H](OC(C)=O)[C@H]1C)C4=O
2676,0,CO[C@H]1CCC[C@H]2C1=C(C=O)N1C(=O)C([C@H](C)O)[C@H]21,CO[C@H]1CCC[C@H]2C1=C(C=O)N1C(=O)C([C@H](C)O)[C@H]21
2677,1,CO[C@H]1CC[C@@H]2C3Cc4ccc(O)c5c4C2(CCN3C)[C@@H]1O5,CO[C@H]1CC[C@@H]2C3Cc4ccc(O)c5c4C2(CCN3C)[C@@H]1O5
2678,0,CO[C@H]1C[C@@H](O[C@@H]2[C@H](C)C(=O)O[C@@H](C)[C@@H](C)[C@H](O)[C@H](C)C(=O)C3(CO3)C[C@H](C)[C@H](O[C@@H]3O[C@@H](C)C[C@H](N(C)C)[C@@H]3O)[C@@H]2C)O[C@@H](C)[C@@H]1O,CO[C@H]1C[C@@H](O[C@H]2[C@@H](C)[C@@H](O[C@@H]3O[C@@H](C)C[C@H](N(C)C)[C@@H]3O)[C@@H](C)CC3(CO3)C(=O)[C@@H](C)[C@@H](O)[C@H](C)[C@H](C)OC(=O)[C@H]2C)O[C@@H](C)[C@@H]1O
2679,0,CO[C@H]1C[C@@H](O[C@@H]2[C@H](C)C(=O)O[C@@H](C)[C@H](C)[C@H](OC(C)=O)[C@H](C)C(=O)C3(CO3)C[C@H](C)[C@H](O[C@@H]3O[C@@H](C)C[C@H](N(C)C)[C@@H]3OC(C)=O)[C@@H]2C)O[C@@H](C)[C@@H]1OC(C)=O,CO[C@H]1C[C@@H](O[C@H]2[C@@H](C)[C@@H](O[C@@H]3O[C@@H](C)C[C@H](N(C)C)[C@@H]3OC(C)=O)[C@@H](C)CC3(CO3)C(=O)[C@@H](C)[C@@H](OC(C)=O)[C@@H](C)[C@H](C)OC(=O)[C@H]2C)O[C@@H](C)[C@@H]1OC(C)=O
2680,0,CO[C@H]1C[C@H](O[C@H]2[C@H](C)O[C@H](O[C@@H]3/C(C)=C/C[C@H]4C[C@@H](CC5(CC[C@H](C)[C@H](C(C)C)O5)O4)OC(=O)[C@H]4C=C(C)[C@H](O)[C@@H]5OC/C(=C\C=C\[C@@H]3C)C45O)C[C@@H]2OC)O[C@@H](C)[C@@H]1O,CO[C@H]1C[C@H](O[C@H]2[C@H](C)O[C@H](O[C@@H]3/C(C)=C/C[C@H]4C[C@@H](CC5(CC[C@H](C)[C@H](C(C)C)O5)O4)OC(=O)[C@H]4C=C(C)[C@H](O)[C@@H]5OC/C(=C\C=C\[C@@H]3C)C45O)C[C@@H]2OC)O[C@@H](C)[C@@H]1O
2681,1,CO[C@H]1OC2OC3(CN4CCCCC4)C(O)CC(C13)[C@@H]2C,CO[C@H]1OC2OC3(CN4CCCCC4)C(O)CC(C13)[C@@H]2C
2682,0,CO[C@H]1[C@@H](O)CC(=O)O[C@@H](C)C/C=C/C=C/[C@@H](O)[C@@H](C)C[C@@H](CC=O)[C@@H]1O[C@@H]1O[C@@H](C)[C@@H](O[C@H]2CC(C)(O)[C@@H](O)[C@H](C)O2)[C@@H](N(C)C)[C@@H]1O,CO[C@@H]1[C@@H](O[C@@H]2O[C@@H](C)[C@@H](O[C@H]3CC(C)(O)[C@@H](O)[C@H](C)O3)[C@@H](N(C)C)[C@@H]2O)[C@H](CC=O)C[C@H](C)[C@H](O)/C=C/C=C/C[C@H](C)OC(=O)C[C@@H]1O
2683,0,CO[C@H]1[C@@H](O)CC(=O)O[C@@H](C)C/C=C/C=C/[C@@H](O[C@@H]2CC[C@H](N(C)C)[C@H](C)O2)[C@@H](C)C[C@@H](CC=O)[C@@H]1O[C@@H]1O[C@@H](C)[C@@H](O[C@H]2CC(C)(O)[C@@H](O)[C@H](C)O2)[C@@H](N(C)C)[C@@H]1O,CO[C@@H]1[C@@H](O[C@@H]2O[C@@H](C)[C@@H](O[C@H]3CC(C)(O)[C@@H](O)[C@H](C)O3)[C@@H](N(C)C)[C@@H]2O)[C@H](CC=O)C[C@H](C)[C@H](O[C@@H]2CC[C@H](N(C)C)[C@H](C)O2)/C=C/C=C/C[C@H](C)OC(=O)C[C@@H]1O
2684,0,CO[C@H]1[C@@H](OC(C)=O)CC(=O)O[C@@H](C)C/C=C/C=C/[C@@H](O)[C@@H](C)C[C@@H](CC=O)[C@@H]1O[C@@H]1OC(C)[C@@H](O[C@H]2CC(C)(O)[C@@H](OC(=O)CC(C)C)[C@H](C)O2)[C@@H](N(C)C)[C@@H]1O,CO[C@@H]1[C@@H](O[C@@H]2OC(C)[C@@H](O[C@H]3CC(C)(O)[C@@H](OC(=O)CC(C)C)[C@H](C)O3)[C@@H](N(C)C)[C@@H]2O)[C@H](CC=O)C[C@H](C)[C@H](O)/C=C/C=C/C[C@H](C)OC(=O)C[C@@H]1OC(C)=O
2685,0,CO[C@H]1[C@@H](OC(N)=O)[C@H](O)[C@@H](Oc2ccc3c(O)c(NC(=O)c4ccc(O)c(CC=C(C)C)c4)c(=O)oc3c2C)OC1(C)C,CO[C@H]1[C@@H](OC(N)=O)[C@H](O)[C@@H](Oc2ccc3c(O)c(NC(=O)c4ccc(O)c(CC=C(C)C)c4)c(=O)oc3c2C)OC1(C)C
2686,1,COc1cc(N)c(Cl)cc1C(=O)N[C@H]1CCN(CCCOc2ccc(F)cc2)C[C@@H]1OC,COc1cc(N)c(Cl)cc1C(=O)N[C@H]1CCN(CCCOc2ccc(F)cc2)C[C@@H]1OC
2687,1,COc1cc([C@H]2c3cc4c(cc3[C@@H](O[C@H]3O[C@H]5CO[C@H](c6cccs6)O[C@H]5[C@@H](O)[C@@H]3O)[C@@H]3COC(=O)[C@@H]23)OCO4)cc(OC)c1O,COc1cc([C@H]2c3cc4c(cc3[C@@H](O[C@H]3O[C@H]5CO[C@H](c6cccs6)O[C@H]5[C@@H](O)[C@@H]3O)[C@@H]3COC(=O)[C@@H]23)OCO4)cc(OC)c1O
2688,0,COc1cc([C@H]2c3cc4c(cc3[C@@H](O[C@H]3O[C@H]5CO[C@H](c6cccs6)O[C@H]5[C@@H](O)[C@@H]3O)[C@@H]3COC(=O)[C@@H]23)OCO4)cc(OC)c1OC,COc1cc([C@H]2c3cc4c(cc3[C@@H](O[C@H]3O[C@H]5CO[C@H](c6cccs6)O[C@H]5[C@@H](O)[C@@H]3O)[C@@H]3COC(=O)[C@@H]23)OCO4)cc(OC)c1OC
2689,1,COc1cc2c(cc1CN[C@H]1C3CCN(C3)C1C(c1ccccc1)c1ccccc1)N(S(C)(=O)=O)CC2,COc1cc2c(cc1CN[C@H]1C3CCN(C3)C1C(c1ccccc1)c1ccccc1)N(S(C)(=O)=O)CC2
2690,1,COc1cc2c(cc1CN[C@H]1CCCN[C@H]1c1ccccc1)N(S(C)(=O)=O)[C@@H](C)C2,COc1cc2c(cc1CN[C@H]1CCCN[C@H]1c1ccccc1)N(S(C)(=O)=O)[C@@H](C)C2
2691,1,COc1cc2c(cc1OC)C(=O)[C@@H](CC1CCN(Cc3ccccc3)CC1)C2,COc1cc2c(cc1OC)C(=O)[C@@H](CC1CCN(Cc3ccccc3)CC1)C2
2692,1,COc1cc2c(cc1OC)S(=O)(=O)O[C@H](C(=O)N[C@@H](C)CC(C)(C)N(C)C)C2,COc1cc2c(cc1OC)S(=O)(=O)O[C@H](C(=O)N[C@@H](C)CC(C)(C)N(C)C)C2
2693,1,COc1cc2c(cc1OC)[C@@H]1CC(=O)[C@@H](CC(C)C)CN1CC2,COc1cc2c(cc1OC)[C@@H]1CC(=O)[C@@H](CC(C)C)CN1CC2
2694,1,COc1cc2c(cc1OC)[C@H](c1ccccc1)CN(C)CC2,COc1cc2c(cc1OC)[C@H](c1ccccc1)CN(C)CC2
2695,1,COc1cc2c3c(c1O)C1(C=CC(=O)C=C1)C[C@@H]3N(C)CC2,COc1cc2c3c(c1O)C1(C=CC(=O)C=C1)C[C@@H]3N(C)CC2
2696,1,COc1cc2oc(C)nc2cc1CN[C@H]1CCCN[C@H]1c1ccccc1,COc1cc2oc(C)nc2cc1CN[C@H]1CCCN[C@H]1c1ccccc1
2697,1,COc1cc2sc(-c3ccccc3)nc2cc1CN[C@H]1CCCN[C@H]1c1ccccc1,COc1cc2sc(-c3ccccc3)nc2cc1CN[C@H]1CCCN[C@H]1c1ccccc1
2698,1,COc1cc2sc(C(C)(C)C)nc2cc1CN[C@H]1CCCN[C@H]1c1ccccc1,COc1cc2sc(C(C)(C)C)nc2cc1CN[C@H]1CCCN[C@H]1c1ccccc1
2699,1,COc1cc2sc(C)nc2cc1CN[C@H]1CCCN[C@H]1c1ccccc1,COc1cc2sc(C)nc2cc1CN[C@H]1CCCN[C@H]1c1ccccc1
2700,1,COc1cc2sc(C3CC3)nc2cc1CN[C@H]1CCCN[C@H]1c1ccccc1,COc1cc2sc(C3CC3)nc2cc1CN[C@H]1CCCN[C@H]1c1ccccc1
2701,1,COc1ccc(-c2nccs2)cc1CN[C@H]1CCCN[C@H]1c1ccccc1,COc1ccc(-c2nccs2)cc1CN[C@H]1CCCN[C@H]1c1ccccc1
2702,1,COc1ccc(-n2nc(C)cc2C)cc1CN[C@H]1CCCN[C@H]1c1ccccc1,COc1ccc(-n2nc(C)cc2C)cc1CN[C@H]1CCCN[C@H]1c1ccccc1
2703,1,COc1ccc(C(C)(C)C)cc1CN[C@H]1C2CCN(CC2)C1C(c1ccccc1)c1ccccc1,COc1ccc(C(C)(C)C)cc1CN[C@H]1C2CCN(CC2)C1C(c1ccccc1)c1ccccc1
2704,1,COc1ccc(C(C)(C)O)cc1CN[C@H]1C2CCN(CC2)[C@H]1C(c1ccccc1)c1ccccc1,COc1ccc(C(C)(C)O)cc1CN[C@H]1C2CCN(CC2)[C@H]1C(c1ccccc1)c1ccccc1
2705,1,COc1ccc(C(C)C)cc1CN[C@H]1CCCN[C@H]1c1ccccc1,COc1ccc(C(C)C)cc1CN[C@H]1CCCN[C@H]1c1ccccc1
2706,0,COc1ccc(CC(=O)N2CCN(C(C)=O)C[C@@H]2CN2CC[C@H](O)C2)cc1,COc1ccc(CC(=O)N2CCN(C(C)=O)C[C@@H]2CN2CC[C@H](O)C2)cc1
2707,1,COc1ccc(CCN2CCN(c3ccccc3Cl)CC2)cc1OC,COc1ccc(CCN2CCN(c3ccccc3Cl)CC2)cc1OC
2708,0,COc1ccc(C[C@H](N)C(=O)N[C@@H]2[C@@H](CO)O[C@H](n3cnc4c(N(C)C)ncnc43)[C@H]2O)cc1,COc1ccc(C[C@H](N)C(=O)N[C@H]2[C@H](O)[C@@H](n3cnc4c(N(C)C)ncnc43)O[C@@H]2CO)cc1
2709,1,COc1ccc(Cl)c2c1CCC[C@@H]2N(C)C,COc1ccc(Cl)c2c1CCC[C@@H]2N(C)C
2710,1,COc1ccc(N2CCCC2=O)cc1CN[C@H]1CCCN[C@H]1c1ccccc1,COc1ccc(N2CCCC2=O)cc1CN[C@H]1CCCN[C@H]1c1ccccc1
2711,1,COc1ccc(OC[C@@H]2CN(C)CC[C@@H]2c2ccccc2)cc1,COc1ccc(OC[C@@H]2CN(C)CC[C@@H]2c2ccccc2)cc1
2712,1,COc1ccc(S(C)(=O)=O)cc1CN[C@H]1CCCN[C@H]1c1ccccc1,COc1ccc(S(C)(=O)=O)cc1CN[C@H]1CCCN[C@H]1c1ccccc1
2713,1,COc1ccc(S(N)(=O)=O)cc1C(=O)NC[C@@H]1CCCN1C,COc1ccc(S(N)(=O)=O)cc1C(=O)NC[C@@H]1CCCN1C
2714,1,COc1ccc([C@@H](CN(C)C)C2(O)CCCCC2)cc1,COc1ccc([C@@H](CN(C)C)C2(O)CCCCC2)cc1
2715,1,COc1ccc([C@H](O)CN2CCN(C(c3ccccc3)c3ccccc3)CC2)cc1OC,COc1ccc([C@H](O)CN2CCN(C(c3ccccc3)c3ccccc3)CC2)cc1OC
2716,1,COc1ccc([C@H]2CNC(=O)C2)cc1OC1CCCC1,COc1ccc([C@H]2CNC(=O)C2)cc1OC1CCCC1
2717,1,COc1ccc2c(c1)/C(=C\CCN(C)C)c1ccccc1O2,COc1ccc2c(c1)/C(=C\CCN(C)C)c1ccccc1O2
2718,1,COc1ccc2c(c1)C13CCCC[C@@H]1C(C2)N(C)CC3,COc1ccc2c(c1)C13CCCC[C@@H]1C(C2)N(C)CC3
2719,1,COc1ccc2c(c1)CN(C)C[C@H]2c1ccc(Cl)c(Cl)c1,COc1ccc2c(c1)CN(C)C[C@H]2c1ccc(Cl)c(Cl)c1
2720,1,COc1ccc2c(c1)N(CC[C@@H]1CCCCN1C)c1ccccc1S2,COc1ccc2c(c1)N(CC[C@@H]1CCCCN1C)c1ccccc1S2
2721,1,COc1ccc2c(c1)N(C[C@@H](C)CN(C)C)c1ccccc1S2,COc1ccc2c(c1)N(C[C@@H](C)CN(C)C)c1ccccc1S2
2722,1,COc1ccc2c(c1)N(C[C@@H](C)CN1CCC(O)CC1)c1ccccc1S2,COc1ccc2c(c1)N(C[C@@H](C)CN1CCC(O)CC1)c1ccccc1S2
2723,0,COc1ccc2c(c1)[C@H](CC(=O)O)[C@H](C)N2C(=O)c1ccc(Cl)cc1,COc1ccc2c(c1)[C@H](CC(=O)O)[C@H](C)N2C(=O)c1ccc(Cl)cc1
2724,1,COc1ccc2c(c1OC)C13CCN(C)C(C2)C1(O)CC[C@H](O)C3,COc1ccc2c(c1OC)C13CCN(C)C(C2)C1(O)CC[C@H](O)C3
2725,1,COc1ccc2c3c([nH]c2c1)[C@@H]1C[C@H]2[C@H](C[C@H](OC(=O)c4cc(OC)c(OC)c(OC)c4)[C@H](OC)[C@H]2OC(C)=O)CN1CC3,COc1ccc2c3c([nH]c2c1)[C@@H]1C[C@H]2[C@H](C[C@H](OC(=O)c4cc(OC)c(OC)c(OC)c4)[C@H](OC)[C@H]2OC(C)=O)CN1CC3
2726,1,COc1ccc2c3c1OC1C(=O)CCC4(O)C(C2)N(C)CCC314,COc1ccc2c3c1OC1C(=O)CCC4(O)C(C2)N(C)CCC314
2727,1,COc1ccc2c3c1OC1C(=O)CC[C@@H]4C(C2)N(C)CCC314,COc1ccc2c3c1OC1C(=O)CC[C@@H]4C(C2)N(C)CCC314
2728,1,COc1ccc2c3c1O[C@@H]1C(=O)CCC4(O)C(C2)N(C)CCC314,COc1ccc2c3c1O[C@@H]1C(=O)CCC4(O)C(C2)N(C)CCC314
2729,1,COc1ccc2c3c1O[C@@H]1C(OC(C)=O)=CC[C@@H]4C(C2)N(C)CCC314,COc1ccc2c3c1O[C@@H]1C(OC(C)=O)=CC[C@@H]4C(C2)N(C)CCC314
2730,1,COc1ccc2c3c1O[C@@H]1[C@@H](O)C=C[C@@H]4C(C2)NCCC341,COc1ccc2c3c1O[C@@H]1[C@@H](O)C=C[C@@H]4C(C2)NCCC341
2731,1,COc1ccc2c3c1O[C@@H]1[C@@H](O)CC[C@@H]4C(C2)N(C)CCC341,COc1ccc2c3c1O[C@@H]1[C@@H](O)CC[C@@H]4C(C2)N(C)CCC341
2732,1,COc1cccc(C(=O)NC2C[C@@H]3CC[C@@H](C2)N3Cc2ccccc2)c1OC,COc1cccc(C(=O)NC2C[C@@H]3CC[C@@H](C2)N3Cc2ccccc2)c1OC
2733,1,COc1cccc(C2(O)CCCC[C@H]2CN(C)C)c1,COc1cccc(C2(O)CCCC[C@H]2CN(C)C)c1
2734,0,COc1cccc(CC(=O)N2CCN(C(C)=O)C[C@@H]2CN2CC[C@H](O)C2)c1,COc1cccc(CC(=O)N2CCN(C(C)=O)C[C@@H]2CN2CC[C@H](O)C2)c1
2735,0,COc1cccc(OC)c1C(=O)NC1C(=O)N2[C@H]1SC(C)(C)[C@@H]2C(=O)O,COc1cccc(OC)c1C(=O)NC1C(=O)N2[C@@H](C(=O)O)C(C)(C)S[C@@H]12
2736,0,COc1cccc2c1C(=O)c1c(O)c3c(c(O)c1C2=O)CC(O)(/C(C)=N/NC(=O)c1ccccc1)C[C@@H]3O[C@@H]1C[C@H](N)[C@H](O)[C@H](C)O1,COc1cccc2c1C(=O)c1c(O)c3c(c(O)c1C2=O)CC(O)(/C(C)=N/NC(=O)c1ccccc1)C[C@@H]3O[C@@H]1C[C@H](N)[C@H](O)[C@H](C)O1
2737,0,COc1cccc2c1C(=O)c1c(O)c3c(c(O)c1C2=O)CC(O)(C(=O)CO)C[C@@H]3O,COc1cccc2c1C(=O)c1c(O)c3c(c(O)c1C2=O)CC(O)(C(=O)CO)C[C@@H]3O
2738,1,COc1cccc2c1C(=O)c1c(O)c3c(c(O)c1C2=O)CC(O)(C(=O)CO)C[C@@H]3O[C@@H]1C[C@H](N)[C@H](O)[C@H](C)O1,COc1cccc2c1C(=O)c1c(O)c3c(c(O)c1C2=O)CC(O)(C(=O)CO)C[C@@H]3O[C@@H]1C[C@H](N)[C@H](O)[C@H](C)O1
2739,0,COc1cccc2c1C(=O)c1c(O)c3c(c(O)c1C2=O)CC(O)(C(=O)CO)C[C@@H]3O[C@@H]1C[C@H](N)[C@H](O[C@H]2CCCCO2)[C@H](C)O1,COc1cccc2c1C(=O)c1c(O)c3c(c(O)c1C2=O)CC(O)(C(=O)CO)C[C@@H]3O[C@@H]1C[C@H](N)[C@H](O[C@H]2CCCCO2)[C@H](C)O1
2740,0,COc1cccc2c1C(=O)c1c(O)c3c(c(O)c1C2=O)CC(O)(C(=O)CO)C[C@@H]3O[C@@H]1C[C@H](NC(=O)[C@@H](N)CC(C)C)[C@H](O)[C@H](C)O1,COc1cccc2c1C(=O)c1c(O)c3c(c(O)c1C2=O)CC(O)(C(=O)CO)C[C@@H]3O[C@@H]1C[C@H](NC(=O)[C@@H](N)CC(C)C)[C@H](O)[C@H](C)O1
2741,0,COc1cccc2c1C(=O)c1c(O)c3c(c(O)c1C2=O)CC(O)(C(=O)CO)C[C@@H]3O[C@H]1C[C@@H](N)C[C@H](C)O1,COc1cccc2c1C(=O)c1c(O)c3c(c(O)c1C2=O)CC(O)(C(=O)CO)C[C@@H]3O[C@H]1C[C@@H](N)C[C@H](C)O1
2742,0,COc1cccc2c1C(=O)c1c(O)c3c(c(O)c1C2=O)CC(O)([C@@H](O)CO)C[C@@H]3O,COc1cccc2c1C(=O)c1c(O)c3c(c(O)c1C2=O)CC(O)([C@@H](O)CO)C[C@@H]3O
2743,1,COc1cccc2c1C[C@H](CCCNCCCCN1C(=O)CC3(CCCC3)CC1=O)CO2,COc1cccc2c1C[C@H](CCCNCCCCN1C(=O)CC3(CCCC3)CC1=O)CO2
2744,1,COc1ccccc1CN[C@H]1CCCN[C@H]1c1ccccc1,COc1ccccc1CN[C@H]1CCCN[C@H]1c1ccccc1
2745,1,COc1ccccc1N1CCN(CCCCN2C(=O)[C@H]3C(=O)N(C(C)(C)C)C(=O)[C@H](C2=O)C3(C)C)CC1,COc1ccccc1N1CCN(CCCCN2C(=O)[C@H]3C(=O)N(C(C)(C)C)C(=O)[C@H](C2=O)C3(C)C)CC1
2746,1,COc1ccccc1N1CCN(CCC[C@H](O)c2ccc(F)cc2)CC1,COc1ccccc1N1CCN(CCC[C@H](O)c2ccc(F)cc2)CC1
2747,1,COc1ccccc1N1CCN(C[C@H](O)COc2cc(OC)c(OC)c(OC)c2)CC1,COc1ccccc1N1CCN(C[C@H](O)COc2cc(OC)c(OC)c(OC)c2)CC1
2748,1,COc1ccccc1OC[C@@H]1CNC(=O)O1,COc1ccccc1OC[C@@H]1CNC(=O)O1
2749,1,COc1ccccc1OC[C@H](O)COC(N)=O,COc1ccccc1OC[C@H](O)COC(N)=O
2750,1,CS(=O)(=O)c1ccc([C@H](O)[C@H](CO)NC(=O)C(Cl)Cl)cc1,CS(=O)(=O)c1ccc([C@H](O)[C@H](CO)NC(=O)C(Cl)Cl)cc1
2751,1,CSC(=O)C1(O)[C@@H](C)C[C@H]2[C@@H]3CCC4=CC(=O)C=CC4(C)C3(F)[C@@H](O)CC21C,CSC(=O)C1(O)[C@@H](C)C[C@H]2[C@@H]3CCC4=CC(=O)C=CC4(C)C3(F)[C@@H](O)CC21C
2752,1,CSC(=O)C1(OC(C)=O)[C@@H](C)C[C@H]2[C@@H]3CCC4=CC(=O)C=CC4(C)C3(F)C(O)CC21C,CSC(=O)C1(OC(C)=O)[C@@H](C)C[C@H]2[C@@H]3CCC4=CC(=O)C=CC4(C)C3(F)C(O)CC21C
2753,0,CSc1ccc(CC(=O)N2CCN(C(C)=O)C[C@@H]2CN2CC[C@H](O)C2)cc1,CSc1ccc(CC(=O)N2CCN(C(C)=O)C[C@@H]2CN2CC[C@H](O)C2)cc1
2754,1,CSc1ccc2c(c1)N(C[C@@H](C)CN(C)C)c1ccccc1S2,CSc1ccc2c(c1)N(C[C@@H](C)CN(C)C)c1ccccc1S2
2755,1,CSc1ccc2c(c1)[C@@H](N1CCN(C)CC1)Cc1ccccc1S2,CSc1ccc2c(c1)[C@@H](N1CCN(C)CC1)Cc1ccccc1S2
2756,1,C[C@@H](CC#N)N(C)CC(=O)N(C)c1ccc(Cl)cc1C(=O)c1ccccc1F,C[C@@H](CC#N)N(C)CC(=O)N(C)c1ccc(Cl)cc1C(=O)c1ccccc1F
2757,1,C[C@@H](CC(C)(C)O)O[C@H](O)C(Cl)(Cl)Cl,C[C@@H](CC(C)(C)O)O[C@H](O)C(Cl)(Cl)Cl
2758,1,C[C@@H](CCN1CCN(c2ccc(F)cc2)CC1)NC(=O)c1cccnc1,C[C@@H](CCN1CCN(c2ccc(F)cc2)CC1)NC(=O)c1cccnc1
2759,0,C[C@@H](CCc1ccccc1)N[C@@H](C)[C@@H](O)c1ccc(O)cc1,C[C@H](N[C@@H](C)CCc1ccccc1)[C@@H](O)c1ccc(O)cc1
2760,1,C[C@@H](CN(C)C)CN1c2ccccc2CCc2ccccc21,C[C@@H](CN(C)C)CN1c2ccccc2CCc2ccccc21
2761,1,C[C@@H](CN(C)C)CN1c2ccccc2Sc2ccc(C(F)(F)F)cc21,C[C@@H](CN(C)C)CN1c2ccccc2Sc2ccc(C(F)(F)F)cc21
2762,1,C[C@@H](CN(C)C)CN1c2ccccc2Sc2ccccc21,C[C@@H](CN(C)C)CN1c2ccccc2Sc2ccccc21
2763,0,C[C@@H](CN(C)C)OC(C)(c1ccccc1)c1ccc(Cl)cc1,C[C@@H](CN(C)C)OC(C)(c1ccccc1)c1ccc(Cl)cc1
2764,1,C[C@@H](CN1C(=O)c2cccnc2Nc2ccccc21)N(C)C,C[C@@H](CN1C(=O)c2cccnc2Nc2ccccc21)N(C)C
2765,1,C[C@@H](CN1CCN(CCOCCO)CC1)CN1c2ccccc2Sc2ccccc21,C[C@@H](CN1CCN(CCOCCO)CC1)CN1c2ccccc2Sc2ccccc21
2766,1,C[C@@H](CN1c2ccccc2Sc2ccccc21)N(C)C,C[C@@H](CN1c2ccccc2Sc2ccccc21)N(C)C
2767,1,C[C@@H](CNC(=O)c1ccccc1)C(=O)OCC(=O)C12OC(C)(C)O[C@H]1C[C@H]1[C@@H]3CCC4=CC(=O)C=CC4(C)C3(F)C(O)CC12C,C[C@@H](CNC(=O)c1ccccc1)C(=O)OCC(=O)C12OC(C)(C)O[C@H]1C[C@H]1[C@@H]3CCC4=CC(=O)C=CC4(C)C3(F)C(O)CC12C
2768,0,C[C@@H](COc1ccccc1)N(CCCl)Cc1ccccc1,C[C@@H](COc1ccccc1)N(CCCl)Cc1ccccc1
2769,1,C[C@@H](COc1ccccc1)NN,C[C@@H](COc1ccccc1)NN
2770,0,C[C@@H](Cc1ccc(O)cc1)NC[C@@H](O)c1cc(O)cc(O)c1,C[C@@H](Cc1ccc(O)cc1)NC[C@@H](O)c1cc(O)cc(O)c1
2771,1,C[C@@H](Cc1ccccc1)N(C)C,C[C@@H](Cc1ccccc1)N(C)C
2772,1,C[C@@H](Cc1ccccc1)N(C)Cc1ccccc1,C[C@@H](Cc1ccccc1)N(C)Cc1ccccc1
2773,1,C[C@@H](Cc1ccccc1)N(C)Cc1ccco1,C[C@@H](Cc1ccccc1)N(C)Cc1ccco1
2774,1,C[C@@H](Cc1ccccc1)NCCC1c2ccccc2Sc2ccccc21,C[C@@H](Cc1ccccc1)NCCC1c2ccccc2Sc2ccccc21
2775,1,C[C@@H](Cc1ccccc1)NCCn1cnc2c1c(=O)n(C)c(=O)n2C,C[C@@H](Cc1ccccc1)NCCn1cnc2c1c(=O)n(C)c(=O)n2C
2776,1,C[C@@H](Cc1ccccc1)NN,C[C@@H](Cc1ccccc1)NN
2777,0,C[C@@H](Cc1ccccc1)NO,C[C@@H](Cc1ccccc1)NO
2778,1,C[C@@H](Cc1ccccc1)N[C@H](C#N)c1ccccc1,C[C@@H](Cc1ccccc1)N[C@H](C#N)c1ccccc1
2779,1,C[C@@H](Cc1ccccc1)[N+](C)([O-])Cc1ccccc1,C[C@@H](Cc1ccccc1)[N+](C)([O-])Cc1ccccc1
2780,1,C[C@@H]1C[C@H](OC(=O)[C@@H]2CCC(=O)N2)CC(C)(C)C1,C[C@@H]1C[C@H](OC(=O)[C@@H]2CCC(=O)N2)CC(C)(C)C1
2781,1,C[C@@H]1NC(=O)CO[C@H]1c1ccccc1,C[C@@H]1NC(=O)CO[C@H]1c1ccccc1
2782,0,C[C@@H]1NC(=O)[C@@H](NC(=O)c2ncccc2O)[C@H](C)OC(=O)[C@H](c2ccccc2)NC(=O)[C@@H]2CC(=O)CCN2C(=O)[C@H](Cc2ccc(N(C)C)cc2)N(C)C(=O)[C@@H]2CCCN2C1=O,C[C@@H]1NC(=O)[C@@H](NC(=O)c2ncccc2O)[C@H](C)OC(=O)[C@H](c2ccccc2)NC(=O)[C@@H]2CC(=O)CCN2C(=O)[C@H](Cc2ccc(N(C)C)cc2)N(C)C(=O)[C@@H]2CCCN2C1=O
2783,1,C[C@@H]1NCCO[C@H]1c1ccccc1,C[C@@H]1NCCO[C@H]1c1ccccc1
2784,1,C[C@@H]1OC2(CCCC[C@@H]2Oc2cccc(Cl)c2)NC1=O,C[C@@H]1OC2(CCCC[C@@H]2Oc2cccc(Cl)c2)NC1=O
2785,0,C[C@@H]1O[C@@H](O[C@H]2[C@@H](O)C[C@H](O[C@H]3[C@@H](O)C[C@@H](O[C@H]4CCC5(C)[C@@H](CC[C@H]6[C@@H]5CCC5(C)[C@H](C7=CC(=O)OC7)CCC65O)C4)O[C@H]3C)O[C@H]2C)C[C@H](O)[C@@H]1O,C[C@@H]1O[C@@H](O[C@@H]2[C@H](C)O[C@@H](O[C@@H]3[C@H](C)O[C@H](O[C@H]4CCC5(C)[C@@H](CC[C@H]6[C@@H]5CCC5(C)[C@H](C7=CC(=O)OC7)CCC65O)C4)C[C@@H]3O)C[C@@H]2O)C[C@H](O)[C@@H]1O
2786,0,C[C@@H]1O[C@H](O[C@@H]2C=C3CC[C@H]4[C@H](CCC5(C)C(c6ccc(=O)oc6)CCC45O)C3(C)CC2)[C@@H](O)[C@@H](O)[C@@H]1O,C[C@@H]1O[C@H](O[C@@H]2C=C3CC[C@H]4[C@H](CCC5(C)C(c6ccc(=O)oc6)CCC45O)C3(C)CC2)[C@@H](O)[C@@H](O)[C@@H]1O
2787,0,C[C@@H]1O[C@H](O[C@H]2CC(O)(C(=O)CO)Cc3c(O)c4c(c(O)c32)C(=O)c2ccccc2C4=O)C[C@H](N)[C@@H]1O,C[C@@H]1O[C@H](O[C@H]2CC(O)(C(=O)CO)Cc3c(O)c4c(c(O)c32)C(=O)c2ccccc2C4=O)C[C@H](N)[C@@H]1O
2788,1,C[C@@H]1O[C@H]1P(=O)(O)O,C[C@@H]1O[C@H]1P(=O)(O)O
2789,1,C[C@@H]1Oc2ccccc2C[C@@H]1N(C)C,C[C@@H]1Oc2ccccc2C[C@@H]1N(C)C
2790,1,C[C@@H]1[C@@H]2Cc3ccc(O)cc3C1(C)CCN2C,C[C@@H]1[C@@H]2Cc3ccc(O)cc3C1(C)CCN2C
2791,1,C[C@@H]1[C@@H]2Cc3ccc(O)cc3C1(C)CCN2CC1CC1,C[C@@H]1[C@@H]2Cc3ccc(O)cc3C1(C)CCN2CC1CC1
2792,1,C[C@@H]1[C@@H]2Cc3ccc(O)cc3C1(C)CCN2CCc1ccccc1,C[C@@H]1[C@@H]2Cc3ccc(O)cc3C1(C)CCN2CCc1ccccc1
2793,1,C[C@@H]1[C@H]2C(=O)c3ccc(O)cc3C1(C)CCN2CC1CC1,C[C@@H]1[C@H]2C(=O)c3ccc(O)cc3C1(C)CCN2CC1CC1
2794,0,C[C@@H]1c2cccc(O)c2C(=O)C2=C(O)C3(O)C(=O)C(C(N)=O)=C(O)[C@@H](N(C)C)[C@H]3[C@@H](O)[C@H]21,C[C@@H]1c2cccc(O)c2C(=O)C2=C(O)C3(O)C(=O)C(C(N)=O)=C(O)[C@@H](N(C)C)[C@H]3[C@@H](O)[C@H]21
2795,0,C[C@@H]1c2cccc(O)c2C(O)=C2C(=O)C3(O)C(=O)C(C(N)=O)=C(O)[C@@H](N(C)C)[C@H]3[C@@H](O)[C@H]21,C[C@@H]1c2cccc(O)c2C(O)=C2C(=O)C3(O)C(=O)C(C(N)=O)=C(O)[C@@H](N(C)C)[C@H]3[C@@H](O)[C@H]21
2796,1,C[C@@H]1c2ccccc2N(C(N)=O)c2ccccc2[C@H]1C,C[C@@H]1c2ccccc2N(C(N)=O)c2ccccc2[C@H]1C
2797,1,C[C@H](N)C(=O)OC(C)(C)Cc1ccc(Cl)cc1,C[C@H](N)C(=O)OC(C)(C)Cc1ccc(Cl)cc1
2798,0,C[C@H](N)Cc1ccc(O)cc1,C[C@H](N)Cc1ccc(O)cc1
2799,0,C[C@H](N)[C@@H](O)c1cccc(O)c1,C[C@H](N)[C@@H](O)c1cccc(O)c1
2800,1,C[C@H](NC(C)(C)C)C(=O)c1cccc(Cl)c1,C[C@H](NC(C)(C)C)C(=O)c1cccc(Cl)c1
2801,1,C[C@H](NCCn1cnc2c1c(=O)n(C)c(=O)n2C)[C@@H](O)c1ccccc1,C[C@H](NCCn1cnc2c1c(=O)n(C)c(=O)n2C)[C@@H](O)c1ccccc1
2802,1,C[C@H](NN)c1ccccc1,C[C@H](NN)c1ccccc1
2803,1,C[C@H](NNC(=O)c1ccccc1)c1ccccc1,C[C@H](NNC(=O)c1ccccc1)c1ccccc1
2804,0,C[C@H](O)C1C(=O)N2C(C(=O)O)=C(COC(N)=O)S[C@@H]12,C[C@H](O)C1C(=O)N2C(C(=O)O)=C(COC(N)=O)S[C@@H]12
2805,0,C[C@H](O)C1C(=O)N2C(C(=O)O)=C(F)S[C@@H]12,C[C@H](O)C1C(=O)N2C(C(=O)O)=C(F)S[C@@H]12
2806,0,C[C@H](O)C1C(=O)N2C(C(=O)O)=C(SCC/N=C\N)C[C@@H]12,C[C@H](O)C1C(=O)N2C(C(=O)O)=C(SCC/N=C\N)C[C@@H]12
2807,0,C[C@H](O)C1C(=O)N2C(C(=O)O)=C([C@@H]3CCCO3)S[C@@H]12,C[C@H](O)C1C(=O)N2C(C(=O)O)=C([C@@H]3CCCO3)S[C@@H]12
2808,1,C[C@H](O)Cn1cnc2c1c(=O)n(C)c(=O)n2C,C[C@H](O)Cn1cnc2c1c(=O)n(C)c(=O)n2C
2809,0,C[C@H](O)[C@H]1C(=O)N2C(C(=O)O)=C(S[C@@H]3CN[C@H](C(=O)N(C)C)C3)[C@@H](C)[C@H]12,C[C@H](O)[C@H]1C(=O)N2C(C(=O)O)=C(S[C@@H]3CN[C@H](C(=O)N(C)C)C3)[C@@H](C)[C@H]12
2810,1,C[C@H](Oc1cccc2ccccc12)/C(N)=N\O,C[C@H](Oc1cccc2ccccc12)/C(N)=N\O
2811,0,C[C@H](Oc1ccccc1)C(=O)NC1C(=O)N2[C@H]1SC(C)(C)[C@@H]2C(=O)O,C[C@H](Oc1ccccc1)C(=O)NC1C(=O)N2[C@@H](C(=O)O)C(C)(C)S[C@@H]12
2812,0,C[C@H]1/C=C/C=C/C=C/C=C/C=C/C=C/C=C/[C@@H](O[C@H]2O[C@@H](C)[C@@H](O)[C@H](N)[C@@H]2O)C[C@@H]2OC(O)(C[C@H](O)[C@@H](O)CC[C@H](O)C[C@H](O)C[C@H](O)CC(=O)O[C@@H](C)[C@@H](C)[C@H]1O)C[C@H](O)[C@@H]2C(=O)O,C[C@H]1[C@@H](O)[C@@H](C)/C=C/C=C/C=C/C=C/C=C/C=C/C=C/[C@@H](O[C@H]2O[C@@H](C)[C@@H](O)[C@H](N)[C@@H]2O)C[C@@H]2OC(O)(C[C@H](O)[C@@H]2C(=O)O)C[C@H](O)[C@@H](O)CC[C@H](O)C[C@H](O)C[C@H](O)CC(=O)O[C@H]1C
2813,0,C[C@H]1/C=C\C=C/C=C\C=C/C=C\C=C/C=C\[C@@H](O[C@H]2O[C@@H](C)[C@@H](O)[C@H](N)[C@@H]2O)C[C@@H]2OC(O)(C[C@@H](O)C[C@H](O)[C@@H](O)CC[C@H](O)C[C@H](O)CC(=O)O[C@@H](C)[C@@H](C)[C@H]1O)C[C@H](O)[C@@H]2C(=O)O,C[C@H]1[C@@H](O)[C@@H](C)/C=C\C=C/C=C\C=C/C=C\C=C/C=C\[C@@H](O[C@H]2O[C@@H](C)[C@@H](O)[C@H](N)[C@@H]2O)C[C@@H]2OC(O)(C[C@@H](O)C[C@H](O)[C@@H](O)CC[C@H](O)C[C@H](O)CC(=O)O[C@H]1C)C[C@H](O)[C@@H]2C(=O)O
2814,1,C[C@H]1CCCCC1(c1cccs1)N1CCCCC1,C[C@H]1CCCCC1(c1cccs1)N1CCCCC1
2815,1,C[C@H]1CC[C@H](C)[C@@H](C)C1,C[C@H]1CC[C@H](C)[C@@H](C)C1
2816,1,C[C@H]1CN(C)C[C@@H]2Cc3c(ccc4ccccc34)OC12O,C[C@H]1CN(C)C[C@@H]2Cc3c(ccc4ccccc34)OC21O
2817,1,C[C@H]1CN(CCCn2c3ccccc3c3ccccc32)C[C@H](C)N1,C[C@H]1CN(CCCn2c3ccccc3c3ccccc32)C[C@H](C)N1
2818,1,C[C@H]1CN2CC(=O)Nc3ccc(Cl)cc3C2(c2ccccc2)O1,C[C@H]1CN2CC(=O)Nc3ccc(Cl)cc3C2(c2ccccc2)O1
2819,1,C[C@H]1COC2(c3ccccc3Cl)c3cc(Cl)ccc3NC(=O)CN12,C[C@H]1COC2(c3ccccc3Cl)c3cc(Cl)ccc3NC(=O)CN12
2820,1,C[C@H]1C[C@@H]2[C@H]([C@@H](O)CC3(C)[C@H]2CCC3(O)C(=O)CO)C2(C)C=CC(=O)C=C12,C[C@H]1C[C@@H]2[C@H]([C@@H](O)CC3(C)[C@H]2CCC3(O)C(=O)CO)C2(C)C=CC(=O)C=C12
2821,1,C[C@H]1C[C@@H]2[C@H]([C@@H](O)CC3(C)[C@H]2CCC3(O)C(=O)COC(=O)CCC(=O)O)C2(C)C=CC(=O)C=C12,C[C@H]1C[C@@H]2[C@H]([C@@H](O)CC3(C)[C@H]2CCC3(O)C(=O)COC(=O)CCC(=O)O)C2(C)C=CC(=O)C=C12
2822,1,C[C@H]1C[C@H]2[C@@H]3CC(F)(F)C4=CC(=O)C=CC4(C)C3(F)[C@@H](O)CC2(C)C1(O)C(=O)CO,C[C@H]1C[C@H]2[C@@H]3CC(F)(F)C4=CC(=O)C=CC4(C)C3(F)[C@@H](O)CC2(C)C1(O)C(=O)CO
2823,1,C[C@H]1C[C@H]2[C@@H]3CCC4=CC(=O)C=CC4(C)C3(Cl)[C@@H](Cl)CC2(C)C1(O)C(=O)CO,C[C@H]1C[C@H]2[C@@H]3CCC4=CC(=O)C=CC4(C)C3(Cl)[C@@H](Cl)CC2(C)C1(O)C(=O)CO
2824,1,C[C@H]1C[C@H]2[C@@H]3CCC4=CC(=O)C=CC4(C)C3(Cl)[C@@H](O)CC2(C)C1(O)C(=O)CCl,C[C@H]1C[C@H]2[C@@H]3CCC4=CC(=O)C=CC4(C)C3(Cl)[C@@H](O)CC2(C)C1(O)C(=O)CCl
2825,1,C[C@H]1C[C@H]2[C@@H]3CCC4=CC(=O)C=CC4(C)C3(Cl)[C@@H](O)CC2(C)C1(O)C(=O)CO,C[C@H]1C[C@H]2[C@@H]3CCC4=CC(=O)C=CC4(C)C3(Cl)[C@@H](O)CC2(C)C1(O)C(=O)CO
2826,1,C[C@H]1C[C@H]2[C@@H]3CCC4=CC(=O)C=CC4(C)C3(F)C(=O)CC2(C)C1(O)C(=O)CCl,C[C@H]1C[C@H]2[C@@H]3CCC4=CC(=O)C=CC4(C)C3(F)C(=O)CC2(C)C1(O)C(=O)CCl
2827,1,C[C@H]1C[C@H]2[C@@H]3CCC4=CC(=O)C=CC4(C)C3(F)C(O)CC2(C)C1(C)C(=O)CO,C[C@H]1C[C@H]2[C@@H]3CCC4=CC(=O)C=CC4(C)C3(F)C(O)CC2(C)C1(C)C(=O)CO
2828,1,C[C@H]1C[C@H]2[C@@H]3CCC4=CC(=O)C=CC4(C)C3(F)[C@@H](O)CC2(C)C1(O)C(=O)CCl,C[C@H]1C[C@H]2[C@@H]3CCC4=CC(=O)C=CC4(C)C3(F)[C@@H](O)CC2(C)C1(O)C(=O)CCl
2829,1,C[C@H]1C[C@H]2[C@@H]3CCC4=CC(=O)C=CC4(C)C3(F)[C@@H](O)CC2(C)C1(OC(=O)c1ccccc1)C(=O)CO,C[C@H]1C[C@H]2[C@@H]3CCC4=CC(=O)C=CC4(C)C3(F)[C@@H](O)CC2(C)C1(OC(=O)c1ccccc1)C(=O)CO
2830,1,C[C@H]1C[C@H]2[C@@H]3CCC4=CC(=O)C=CC4(C)C3(F)[C@@H](O)CC2(C)C1C(=O)CO,C[C@H]1C[C@H]2[C@@H]3CCC4=CC(=O)C=CC4(C)C3(F)[C@@H](O)CC2(C)C1C(=O)CO
2831,1,C[C@H]1C[C@H]2[C@@H]3CCC4=CC(=O)C=CC4(C)[C@H]3C(=O)CC2(C)C1(O)C(=O)CO,C[C@H]1C[C@H]2[C@@H]3CCC4=CC(=O)C=CC4(C)[C@H]3C(=O)CC2(C)C1(O)C(=O)CO
2832,1,C[C@H]1C[C@H]2[C@@H]3C[C@H](F)C4=CC(=O)C(Cl)=CC4(C)C3(F)[C@@H](O)CC2(C)C1(O)C(=O)CO,C[C@H]1C[C@H]2[C@@H]3C[C@H](F)C4=CC(=O)C(Cl)=CC4(C)C3(F)[C@@H](O)CC2(C)C1(O)C(=O)CO
2833,1,C[C@H]1C[C@H]2[C@@H]3C[C@H](F)C4=CC(=O)C=CC4(C)C3(Cl)C(O)CC2(C)C1C(=O)COC(=O)C(C)(C)C,C[C@H]1C[C@H]2[C@@H]3C[C@H](F)C4=CC(=O)C=CC4(C)C3(Cl)C(O)CC2(C)C1C(=O)COC(=O)C(C)(C)C
2834,1,C[C@H]1C[C@H]2[C@@H]3C[C@H](F)C4=CC(=O)C=CC4(C)C3(Cl)[C@@H](F)CC2(C)C1C(=O)CO,C[C@H]1C[C@H]2[C@@H]3C[C@H](F)C4=CC(=O)C=CC4(C)C3(Cl)[C@@H](F)CC2(C)C1C(=O)CO
2835,1,C[C@H]1C[C@H]2[C@@H]3C[C@H](F)C4=CC(=O)C=CC4(C)C3(Cl)[C@@H](F)CC2(C)[C@H]1C(=O)CO,C[C@H]1C[C@H]2[C@@H]3C[C@H](F)C4=CC(=O)C=CC4(C)C3(Cl)[C@@H](F)CC2(C)[C@H]1C(=O)CO
2836,1,C[C@H]1C[C@H]2[C@@H]3C[C@H](F)C4=CC(=O)C=CC4(C)C3(Cl)[C@@H](O)CC2(C)C1C(=O)CO,C[C@H]1C[C@H]2[C@@H]3C[C@H](F)C4=CC(=O)C=CC4(C)C3(Cl)[C@@H](O)CC2(C)C1C(=O)CO
2837,1,C[C@H]1C[C@H]2[C@@H]3C[C@H](F)C4=CC(=O)C=CC4(C)C3(F)C(O)CC2(C)C1C(=O)COC(=O)C(C)(C)C,C[C@H]1C[C@H]2[C@@H]3C[C@H](F)C4=CC(=O)C=CC4(C)C3(F)C(O)CC2(C)C1C(=O)COC(=O)C(C)(C)C
2838,1,C[C@H]1C[C@H]2[C@@H]3C[C@H](F)C4=CC(=O)C=CC4(C)C3(F)[C@@H](O)CC2(C)C1(O)C(=O)CCl,C[C@H]1C[C@H]2[C@@H]3C[C@H](F)C4=CC(=O)C=CC4(C)C3(F)[C@@H](O)CC2(C)C1(O)C(=O)CCl
2839,1,C[C@H]1C[C@H]2[C@@H]3C[C@H](F)C4=CC(=O)C=CC4(C)C3(F)[C@@H](O)CC2(C)C1(O)C(=O)CO,C[C@H]1C[C@H]2[C@@H]3C[C@H](F)C4=CC(=O)C=CC4(C)C3(F)[C@@H](O)CC2(C)C1(O)C(=O)CO
2840,1,C[C@H]1C[C@H]2[C@@H]3C[C@H](F)C4=CC(=O)C=CC4(C)C3(F)[C@@H](O)CC2(C)C1(O)C(=O)COC(=O)C(C)(C)C,C[C@H]1C[C@H]2[C@@H]3C[C@H](F)C4=CC(=O)C=CC4(C)C3(F)[C@@H](O)CC2(C)C1(O)C(=O)COC(=O)C(C)(C)C
2841,1,C[C@H]1C[C@H]2[C@@H]3C[C@H](F)C4=CC(=O)C=CC4(C)C3(F)[C@@H](O)CC2(C)C1(O)C(=O)SCF,C[C@H]1C[C@H]2[C@@H]3C[C@H](F)C4=CC(=O)C=CC4(C)C3(F)[C@@H](O)CC2(C)C1(O)C(=O)SCF
2842,1,C[C@H]1C[C@H]2[C@@H]3C[C@H](F)C4=CC(=O)C=CC4(C)C3(F)[C@@H](O)CC2(C)C1C(=O)CO,C[C@H]1C[C@H]2[C@@H]3C[C@H](F)C4=CC(=O)C=CC4(C)C3(F)[C@@H](O)CC2(C)C1C(=O)CO
2843,1,C[C@H]1C[C@H]2[C@@H]3C[C@H](F)C4=CC(=O)C=CC4(C)[C@H]3[C@@H](O)CC2(C)C1C(=O)CO,C[C@H]1C[C@H]2[C@@H]3C[C@H](F)C4=CC(=O)C=CC4(C)[C@H]3[C@@H](O)CC2(C)C1C(=O)CO
2844,0,C[N]C(=C\c1ccc(O)cc1)/C(=C/c1ccc(O)cc1)[N]C,C[N]C(=C\c1ccc(O)cc1)/C(=C/c1ccc(O)cc1)[N]C
2845,0,Cc1c(F)c(N2CCN[C@@H](C)C2)cc2c1c(=O)c(C(=O)O)cn2C1CC1,Cc1c(F)c(N2CCN[C@@H](C)C2)cc2c1c(=O)c(C(=O)O)cn2C1CC1
2846,0,Cc1c(O)cccc1C(=O)N[C@H](CSc1ccccc1)[C@@H](O)CN1C[C@H]2CCCC[C@H]2C[C@H]1C(=O)NC(C)(C)C,Cc1c(O)cccc1C(=O)N[C@H](CSc1ccccc1)[C@@H](O)CN1C[C@H]2CCCC[C@H]2C[C@H]1C(=O)NC(C)(C)C
2847,0,Cc1cc(=O)c(C(=O)N[C@H](C(=O)NC2C(=O)N3C(C(=O)O)=C(CSc4nnnn4C)CS[C@@H]23)c2ccc(O)cc2)c[nH]1,Cc1cc(=O)c(C(=O)N[C@H](C(=O)NC2C(=O)N3C(C(=O)O)=C(CSc4nnnn4C)CS[C@@H]23)c2ccc(O)cc2)c[nH]1
2848,0,Cc1cc(=O)c(C(=O)N[C@H](C(=O)N[C@H]2C(=O)N3C(C(=O)O)=C(CSc4nnnn4C)CS[C@@H]23)c2ccc(O)cc2)c[nH]1,Cc1cc(=O)c(C(=O)N[C@H](C(=O)N[C@H]2C(=O)N3C(C(=O)O)=C(CSc4nnnn4C)CS[C@@H]23)c2ccc(O)cc2)c[nH]1
2849,1,Cc1cc(=O)n(-c2ccccc2)[nH]1,Cc1cc(=O)n(-c2ccccc2)[nH]1
2850,1,Cc1cc(C)cc(OC[C@@H]2CNC(=O)O2)c1,Cc1cc(C)cc(OC[C@@H]2CNC(=O)O2)c1
2851,1,Cc1ccc2c(c1)C13CCCC[C@@H]1C(C2)N(C)CC3,Cc1ccc2c(c1)C13CCCC[C@@H]1C(C2)N(C)CC3
2852,1,Cc1ccc2c(c1)[C@H]1CN(C)CC[C@@H]1N2,Cc1ccc2c(c1)[C@H]1CN(C)CC[C@@H]1N2
2853,1,Cc1ccc2c(c1)c1c3n2CCN[C@H]3CCC1,Cc1ccc2c(c1)c1c3n2CCN[C@H]3CCC1
2854,1,Cc1cccc(C)c1OC[C@H](C)N,Cc1cccc(C)c1OC[C@H](C)N
2855,1,Cc1cccc(Cl)c1NC(=O)/C=C1/SCC(=O)N1C,Cc1cccc(Cl)c1NC(=O)/C=C1/SCC(=O)N1C
2856,1,Cc1cccc(N2C[C@@H](CO)OC2=O)c1,Cc1cccc(N2C[C@@H](CO)OC2=O)c1
2857,1,Cc1cccc(O[C@H]2CCNC[C@@H]2O)c1C,Cc1cccc(O[C@H]2CCNC[C@@H]2O)c1C
2858,1,Cc1cccc2c1Oc1ccccc1C1(O)CCNC[C@H]21,Cc1cccc2c1Oc1ccccc1C1(O)CCNC[C@H]21
2859,1,Cc1ccccc1OC[C@@H](CO[C@H](O)C(Cl)(Cl)Cl)O[C@H](O)C(Cl)(Cl)Cl,Cc1ccccc1OC[C@@H](CO[C@H](O)C(Cl)(Cl)Cl)O[C@H](O)C(Cl)(Cl)Cl
2860,1,Cc1cn([C@@H]2C[C@H](F)[C@H](CO)O2)c(=O)[nH]c1=O,Cc1cn([C@@H]2C[C@H](F)[C@H](CO)O2)c(=O)[nH]c1=O
2861,1,Cc1cn([C@@H]2C[C@H](N=[N+]=[N-])[C@@H](CO)O2)c(=O)[nH]c1=O,Cc1cn([C@@H]2C[C@H](N=[N+]=[N-])[C@@H](CO)O2)c(=O)[nH]c1=O
2862,1,Cc1cn[o+]c(C(N)CC(C)C(C)(C)N(C(C)(C)C)C(C)(N)N)c1O,Cc1cn[o+]c(C(N)CC(C)C(C)(C)N(C(C)(C)C)C(C)(N)N)c1O
2863,0,Cc1cnn(-c2c(Cl)cccc2Cl)c1C(=O)NC1C(=O)N2[C@H]1SC(C)(C)[C@@H]2C(=O)O,Cc1cnn(-c2c(Cl)cccc2Cl)c1C(=O)NC1C(=O)N2[C@@H](C(=O)O)C(C)(C)S[C@@H]12
2864,1,Cc1nc(Nc2ccc(F)cc2)nc(N2CCc3ccccc3[C@@H]2C)c1C,Cc1nc(Nc2ccc(F)cc2)nc(N2CCc3ccccc3[C@@H]2C)c1C
2865,1,Cc1nc2cc(CN[C@H]3CCCN[C@H]3c3ccccc3)c(OC(C)C)cc2s1,Cc1nc2cc(CN[C@H]3CCCN[C@H]3c3ccccc3)c(OC(C)C)cc2s1
2866,1,Cc1nc2n(c(=O)c1CCN1CCC(c3noc4cc(F)ccc34)CC1)CCC[C@@H]2O,Cc1nc2n(c(=O)c1CCN1CCC(c3noc4cc(F)ccc34)CC1)CCC[C@@H]2O
2867,1,Cc1nc2n(c(=O)c1CCN1CCC(c3noc4cc(F)ccc34)CC1)C[C@@H](O)CC2,Cc1nc2n(c(=O)c1CCN1CCC(c3noc4cc(F)ccc34)CC1)C[C@@H](O)CC2
2868,1,Cc1ncc2n1-c1ccc(Cl)cc1C(c1ccccc1F)=N[C@H]2O,Cc1ncc2n1-c1ccc(Cl)cc1C(c1ccccc1F)=N[C@H]2O
2869,1,Cc1nccn1C[C@@H]1CCc2c(c3ccccc3n2C)C1=O,Cc1nccn1C[C@@H]1CCc2c(c3ccccc3n2C)C1=O
2870,1,Cc1nccn1[C@@H](C)c1ccccc1,Cc1nccn1[C@@H](C)c1ccccc1
2871,0,Cc1nnc(SCC2=C(C(=O)O)N3C(=O)C(NC(=O)Cn4cc(Cl)c(=O)c(Cl)c4)[C@@H]3SC2)s1,Cc1nnc(SCC2=C(C(=O)O)N3C(=O)C(NC(=O)Cn4cc(Cl)c(=O)c(Cl)c4)[C@@H]3SC2)s1
2872,0,Cc1nnc(SCC2=C(C(=O)O)N3C(=O)C(NC(=O)Cn4cnnn4)[C@@H]3SC2)s1,Cc1nnc(SCC2=C(C(=O)O)N3C(=O)C(NC(=O)Cn4cnnn4)[C@@H]3SC2)s1
2873,0,Cc1nnc(SCC2=C(C(=O)O)N3C(=O)C(NC(=O)[C@@H](N)c4ccc(O)cc4)[C@@H]3SC2)s1,Cc1nnc(SCC2=C(C(=O)O)N3C(=O)C(NC(=O)[C@@H](N)c4ccc(O)cc4)[C@@H]3SC2)s1
2874,0,Cc1nnc(SCC2=C(C(=O)O)N3C(=O)C(NC(=O)[C@@H](O)c4ccccc4)[C@@H]3SC2)s1,Cc1nnc(SCC2=C(C(=O)O)N3C(=O)C(NC(=O)[C@@H](O)c4ccccc4)[C@@H]3SC2)s1
2875,0,Cc1nnc(SCC2=C(C(=O)OCc3oc(=O)oc3C)N3C(=O)C(NC(=O)[C@@H](OC(=O)[C@H](C)N)c4ccccc4)[C@@H]3SC2)s1,Cc1nnc(SCC2=C(C(=O)OCc3oc(=O)oc3C)N3C(=O)C(NC(=O)[C@@H](OC(=O)[C@H](C)N)c4ccccc4)[C@@H]3SC2)s1
2876,0,Cc1nnc2n1-c1ccc(Cl)cc1C(c1ccccc1)=N[C@H]2O,Cc1nnc2n1-c1ccc(Cl)cc1C(c1ccccc1)=N[C@H]2O
2877,0,Cc1oc(=O)oc1COC(=O)[C@@H]1N2C(=O)C(NC(=O)[C@@H](N)c3ccccc3)[C@@H]2SC1(C)C,Cc1oc(=O)oc1COC(=O)[C@@H]1N2C(=O)C(NC(=O)[C@@H](N)c3ccccc3)[C@@H]2SC1(C)C
2878,1,Cc1oc(C(C)(C)N(C(C)(C)N)C(C)(C)N)c(C)c1C,Cc1oc(C(C)(C)N(C(C)(C)N)C(C)(C)N)c(C)c1C
2879,0,Cc1onc(-c2c(Cl)cccc2Cl)c1C(=O)NC1C(=O)N2[C@H]1SC(C)(C)[C@@H]2C(=O)O,Cc1onc(-c2c(Cl)cccc2Cl)c1C(=O)NC1C(=O)N2[C@@H](C(=O)O)C(C)(C)S[C@@H]12
2880,0,Cc1onc(-c2c(F)cccc2Cl)c1C(=O)NC1C(=O)N2[C@H]1SC(C)(C)[C@@H]2C(=O)O,Cc1onc(-c2c(F)cccc2Cl)c1C(=O)NC1C(=O)N2[C@@H](C(=O)O)C(C)(C)S[C@@H]12
2881,0,Cc1onc(-c2ccccc2)c1C(=O)NC1C(=O)N2[C@H]1SC(C)(C)[C@@H]2C(=O)O,Cc1onc(-c2ccccc2)c1C(=O)NC1C(=O)N2[C@@H](C(=O)O)C(C)(C)S[C@@H]12
2882,0,Cc1onc(-c2ccccc2Cl)c1C(=O)NC1C(=O)N2[C@H]1SC(C)(C)[C@@H]2C(=O)O,Cc1onc(-c2ccccc2Cl)c1C(=O)NC1C(=O)N2[C@@H](C(=O)O)C(C)(C)S[C@@H]12
2883,1,Cl/C(=C/n1cncn1)c1ccc(Cl)cc1Cl,Cl/C(=C/n1cncn1)c1ccc(Cl)cc1Cl
2884,1,Clc1ccc(C2C3CCC(C3)C23CCC(N2CCOCC2)=N3)cc1,Clc1ccc(C2C3CCC(C3)C23CCC(N2CCOCC2)=N3)cc1
2885,1,Clc1ccc(CO[C@H](Cn2ccnc2)c2ccc(Cl)cc2Cl)c(Cl)c1,Clc1ccc(CO[C@H](Cn2ccnc2)c2ccc(Cl)cc2Cl)c(Cl)c1
2886,1,Clc1ccc([C@@H](OCCN2CCOCC2)c2ccccc2)cc1,Clc1ccc([C@@H](OCCN2CCOCC2)c2ccccc2)cc1
2887,1,Clc1ccc2c(c1)/C(=C/[C@H]1CN3CCC1CC3)c1ccccc1S2,Clc1ccc2c(c1)/C(=C/[C@H]1CN3CCC1CC3)c1ccccc1S2
2888,1,Clc1ccc2c(c1)/C(=C\[C@H]1CN3CCC1CC3)c1ccccc1S2,Clc1ccc2c(c1)/C(=C\[C@H]1CN3CCC1CC3)c1ccccc1S2
2889,1,Clc1cccc(Cl)c1N[C@H]1N=CCN1,Clc1cccc(Cl)c1N[C@H]1N=CCN1
2890,0,Cn1c(=O)c2c(ncn2CCNC[C@@H](O)c2ccc(O)c(O)c2)n(C)c1=O,Cn1c(=O)c2c(ncn2CCNC[C@@H](O)c2ccc(O)c(O)c2)n(C)c1=O
2891,0,Cn1nnnc1SCC1=C(C(=O)O)N2C(=O)C(NC(=O)CS/C=C/C#N)[C@@H]2SC1,Cn1nnnc1SCC1=C(C(=O)O)N2C(=O)C(NC(=O)CS/C=C/C#N)[C@@H]2SC1
2892,0,Cn1nnnc1SCC1=C(C(=O)O)N2C(=O)C(NC(=O)CS/C=C\C#N)[C@@H]2SC1,Cn1nnnc1SCC1=C(C(=O)O)N2C(=O)C(NC(=O)CS/C=C\C#N)[C@@H]2SC1
2893,0,Cn1nnnc1SCC1=C(C(=O)O)N2C(=O)C(NC(=O)CSC(F)(F)F)[C@@H]2SC1,Cn1nnnc1SCC1=C(C(=O)O)N2C(=O)C(NC(=O)CSC(F)(F)F)[C@@H]2SC1
2894,0,Cn1nnnc1SCC1=C(C(=O)O)N2C(=O)C(NC(=O)[C@@H](O)c3ccccc3)[C@@H]2SC1,Cn1nnnc1SCC1=C(C(=O)O)N2C(=O)C(NC(=O)[C@@H](O)c3ccccc3)[C@@H]2SC1
2895,1,FC(F)(F)C[C@@H](Cl)Br,FC(F)(F)C[C@@H](Cl)Br
2896,1,FC(F)(F)[C@@H](Cl)Br,FC(F)(F)[C@@H](Cl)Br
2897,1,FC(F)(F)c1cccc(N2CCN(CCc3nnc4n3C[C@H]3CCC[C@H]43)CC2)c1,FC(F)(F)c1cccc(N2CCN(CCc3nnc4n3C[C@H]3CCC[C@H]43)CC2)c1
2898,1,FC(F)OC(F)(F)[C@@H](F)Cl,FC(F)OC(F)(F)[C@@H](F)Cl
2899,1,FC(F)O[C@@H](Cl)C(F)(F)F,FC(F)O[C@@H](Cl)C(F)(F)F
2900,1,F[C@@H](Br)C(F)(F)F,F[C@@H](Br)C(F)(F)F
2901,1,F[C@@H](Br)CC(F)(F)F,F[C@@H](Br)CC(F)(F)F
2902,1,Fc1ccc([C@H]2CCNC[C@H]2COc2ccc3c(c2)OCO3)cc1,Fc1ccc([C@H]2CCNC[C@H]2COc2ccc3c(c2)OCO3)cc1
2903,1,N#CCCN1C(=O)[C@H](O)N=C(c2ccccc2F)c2cc(Cl)ccc21,N#CCCN1C(=O)[C@H](O)N=C(c2ccccc2F)c2cc(Cl)ccc21
2904,1,NC1=NC(=O)[C@H](c2ccccc2)O1,NC1=NC(=O)[C@H](c2ccccc2)O1
2905,1,NC(=O)CN1C(=O)[C@@H](c2ccccc2)c2ccccc21,NC(=O)CN1C(=O)[C@@H](c2ccccc2)c2ccccc21
2906,1,NC(=O)CN1C[C@@H](O)CC1=O,NC(=O)CN1C[C@@H](O)CC1=O
2907,0,NC(=O)OCC1C(NC(=O)/C(=N/OCC(=O)O)c2csc(N)n2)C(=O)N1S(=O)(=O)O,NC(=O)OCC1C(NC(=O)/C(=N/OCC(=O)O)c2csc(N)n2)C(=O)N1S(=O)(=O)O
2908,0,NC(=O)OCC1C(NC(=O)/C(=N\OCC(=O)O)c2csc(N)n2)C(=O)N1S(=O)(=O)O,NC(=O)OCC1C(NC(=O)/C(=N\OCC(=O)O)c2csc(N)n2)C(=O)N1S(=O)(=O)O
2909,1,NC(=O)OC[C@@H](O)COc1ccc(Cl)cc1,NC(=O)OC[C@@H](O)COc1ccc(Cl)cc1
2910,1,NC(=O)c1ccc(F)c2c1C[C@H](N(C1CCC1)C1CCC1)CO2,NC(=O)c1ccc(F)c2c1C[C@H](N(C1CCC1)C1CCC1)CO2
2911,1,NC(=O)c1ncn([C@H]2O[C@@H](CO)[C@@H](O)[C@@H]2O)n1,NC(=O)c1ncn([C@H]2O[C@@H](CO)[C@@H](O)[C@@H]2O)n1
2912,0,NC(N)=NC[C@H]1COC2(CCCCC2)O1,NC(N)=NC[C@H]1COC2(CCCCC2)O1
2913,0,NCC[C@H](O)C(=O)N[C@H]1C[C@H](N)[C@H](O[C@@H]2O[C@@H](CN)[C@@H](O)[C@H](O)[C@@H]2O)[C@H](O)[C@H]1O[C@H]1O[C@@H](CO)[C@@H](O)[C@H](N)[C@@H]1O,NCC[C@H](O)C(=O)N[C@H]1C[C@H](N)[C@H](O[C@@H]2O[C@@H](CN)[C@@H](O)[C@H](O)[C@@H]2O)[C@H](O)[C@H]1O[C@H]1O[C@@H](CO)[C@@H](O)[C@H](N)[C@@H]1O
2914,0,NCC[C@H](O)C(=O)N[C@H]1C[C@H](N)[C@H](O[C@@H]2O[C@H](CN)CC[C@@H]2N)[C@H](O)[C@H]1O[C@H]1O[C@@H](CO)[C@@H](O)[C@H](N)[C@@H]1O,NCC[C@H](O)C(=O)N[C@H]1C[C@H](N)[C@H](O[C@@H]2O[C@H](CN)CC[C@@H]2N)[C@H](O)[C@H]1O[C@H]1O[C@@H](CO)[C@@H](O)[C@H](N)[C@@H]1O
2915,0,NCC[C@H](O)CN[C@H]1C[C@H](N)[C@H](O[C@@H]2O[C@@H](CN)[C@@H](O)[C@H](O)[C@@H]2O)[C@H](O)[C@H]1O[C@H]1O[C@@H](CO)[C@@H](O)[C@H](N)[C@@H]1O,NCC[C@H](O)CN[C@H]1C[C@H](N)[C@H](O[C@@H]2O[C@@H](CN)[C@@H](O)[C@H](O)[C@@H]2O)[C@H](O)[C@H]1O[C@H]1O[C@@H](CO)[C@@H](O)[C@H](N)[C@@H]1O
2916,1,NCC[C@H](Oc1ccc(C(F)(F)F)cc1)c1ccccc1,NCC[C@H](Oc1ccc(C(F)(F)F)cc1)c1ccccc1
2917,0,NC[C@@H](O)c1cccc(O)c1,NC[C@@H](O)c1cccc(O)c1
2918,0,NC[C@@H]1CC[C@H](N)[C@H](O[C@H]2[C@@H](N)C[C@H](N)[C@H](O[C@H]3O[C@@H](CO)[C@@H](O)[C@H](N)[C@@H]3O)[C@H]2O)O1,NC[C@@H]1CC[C@H](N)[C@H](O[C@@H]2[C@H](O)[C@@H](O[C@H]3O[C@@H](CO)[C@@H](O)[C@H](N)[C@@H]3O)[C@@H](N)C[C@@H]2N)O1
2919,0,NC[C@@H]1O[C@@H](O[C@@H]2C(CO)O[C@@H](O[C@H]3[C@@H](O)[C@@H](N)C[C@H](N)[C@@H]3O[C@@H]3O[C@@H](CN)[C@@H](O)[C@@H](O)[C@@H]3N)[C@H]2O)[C@@H](N)[C@H](O)[C@@H]1O,NC[C@@H]1O[C@@H](O[C@@H]2[C@@H](O[C@@H]3OC(CO)[C@@H](O[C@@H]4O[C@@H](CN)[C@@H](O)[C@@H](O)[C@@H]4N)[C@@H]3O)[C@@H](O)[C@@H](N)C[C@@H]2N)[C@@H](N)[C@H](O)[C@@H]1O
2920,0,NC[C@@H]1O[C@@H](O[C@H]2[C@@H](N)C[C@H](N)[C@H](O)[C@@H]2O)[C@@H](N)[C@H](O)[C@@H]1O,NC[C@@H]1O[C@@H](O[C@@H]2[C@@H](O)[C@@H](O)[C@@H](N)C[C@@H]2N)[C@@H](N)[C@H](O)[C@@H]1O
2921,0,NC[C@@H]1O[C@@H](O[C@H]2[C@@H](N)C[C@H](N)[C@H](O[C@H]3O[C@@H](CO)[C@@H](O)[C@H](N)[C@@H]3O)[C@@H]2O)[C@@H](O)[C@@H](O)[C@@H]1O,NC[C@@H]1O[C@@H](O[C@@H]2[C@@H](O)[C@@H](O[C@H]3O[C@@H](CO)[C@@H](O)[C@H](N)[C@@H]3O)[C@@H](N)C[C@@H]2N)[C@@H](O)[C@@H](O)[C@@H]1O
2922,0,NC[C@@H]1O[C@@H](O[C@H]2[C@@H](N)C[C@H](N)[C@H](O[C@H]3O[C@@H](CO)[C@@H](O)[C@H](N)[C@@H]3O)[C@H]2O)[C@@H](N)C[C@@H]1O,NC[C@@H]1O[C@@H](O[C@@H]2[C@H](O)[C@@H](O[C@H]3O[C@@H](CO)[C@@H](O)[C@H](N)[C@@H]3O)[C@@H](N)C[C@@H]2N)[C@@H](N)C[C@@H]1O
2923,0,NC[C@@H]1O[C@@H](O[C@H]2[C@@H](N)C[C@H](NC(CO)CO)[C@H](O[C@H]3O[C@@H](CO)[C@@H](O)[C@H](N)[C@@H]3O)[C@H]2O)[C@@H](N)[C@H](O)[C@@H]1O,NC[C@@H]1O[C@@H](O[C@@H]2[C@H](O)[C@@H](O[C@H]3O[C@@H](CO)[C@@H](O)[C@H](N)[C@@H]3O)[C@@H](NC(CO)CO)C[C@@H]2N)[C@@H](N)[C@H](O)[C@@H]1O
2924,1,NCc1ccccc1Sc1ccccc1CO,NCc1ccccc1Sc1ccccc1CO
2925,1,NS(=O)(=O)c1ccc(N2C(=O)C[C@@H](c3ccccc3)C2=O)c(Cl)c1,NS(=O)(=O)c1ccc(N2C(=O)C[C@@H](c3ccccc3)C2=O)c(Cl)c1
2926,0,N[C@@H](CO)C(=O)NNCc1ccc(O)c(O)c1O,N[C@@H](CO)C(=O)NNCc1ccc(O)c(O)c1O
2927,1,N[C@@H](Cc1c[nH]c2ccc(O)cc12)C(=O)O,N[C@@H](Cc1c[nH]c2ccc(O)cc12)C(=O)O
2928,0,N[C@H](C(=O)NC1C(=O)N2C(C(=O)O)=C(CSc3cnn[nH]3)CS[C@@H]12)c1ccc(O)cc1,N[C@H](C(=O)NC1C(=O)N2C(C(=O)O)=C(CSc3cnn[nH]3)CS[C@@H]12)c1ccc(O)cc1
2929,0,N[C@H](C(=O)NC1C(=O)N2C(C(=O)O)=C(Cl)CS[C@@H]12)c1ccccc1,N[C@H](C(=O)NC1C(=O)N2C(C(=O)O)=C(Cl)CS[C@@H]12)c1ccccc1
2930,1,N[C@H]1CCC[C@H]1c1ccccc1,N[C@H]1CCC[C@H]1c1ccccc1
2931,1,N[C@H]1CONC1=O,N[C@H]1CONC1=O
2932,1,N[C@H]1C[C@H]1c1ccccc1,N[C@H]1C[C@H]1c1ccccc1
2933,1,Nc1c2c(nc3ccccc13)CCC[C@@H]2O,Nc1c2c(nc3ccccc13)CCC[C@@H]2O
2934,1,Nc1cc(OCC2CC2)c(C(=O)N[C@@H]2CN3CCC2CC3)cc1Cl,Nc1cc(OCC2CC2)c(C(=O)N[C@@H]2CN3CCC2CC3)cc1Cl
2935,1,Nc1ccn([C@H]2O[C@@H](CO)[C@@H](O)[C@@H]2O)c(=O)n1,Nc1ccn([C@H]2O[C@@H](CO)[C@@H](O)[C@@H]2O)c(=O)n1
2936,0,Nc1nc(/C(=C/CC(=O)O)C(=O)NC2C(=O)N3C(C(=O)O)=CCS[C@@H]23)cs1,Nc1nc(/C(=C/CC(=O)O)C(=O)NC2C(=O)N3C(C(=O)O)=CCS[C@@H]23)cs1
2937,0,Nc1nc(/C(=C\CC(=O)O)C(=O)NC2C(=O)N3C(C(=O)O)=CCS[C@@H]23)cs1,Nc1nc(/C(=C\CC(=O)O)C(=O)NC2C(=O)N3C(C(=O)O)=CCS[C@@H]23)cs1
2938,1,Nc1nc(Cl)nc2c1ncn2[C@@H]1C[C@H](O)[C@H](CO)O1,Nc1nc(Cl)nc2c1ncn2[C@@H]1C[C@H](O)[C@H](CO)O1
2939,1,Nc1nc(NC2CC2)c2ncn([C@@H]3C=C[C@@H](CO)C3)c2n1,Nc1nc(NC2CC2)c2ncn([C@@H]3C=C[C@@H](CO)C3)c2n1
2940,1,Nc1nc2c(c(=O)[nH]1)N(C=O)[C@@H](CNc1ccc(C(=O)N[C@@H](CCC(=O)O)C(=O)O)cc1)CN2,Nc1nc2c(c(=O)[nH]1)N(C=O)[C@@H](CNc1ccc(C(=O)N[C@@H](CCC(=O)O)C(=O)O)cc1)CN2
2941,1,Nc1nc2c(ncn2CC[C@H](O)CO)c(=O)[nH]1,Nc1nc2c(ncn2CC[C@H](O)CO)c(=O)[nH]1
2942,1,Nc1ncnc2c1ncn2[C@H]1O[C@@H](CO)[C@@H](O)[C@@H]1O,Nc1ncnc2c1ncn2[C@H]1O[C@@H](CO)[C@@H](O)[C@@H]1O
2943,1,O=C(C1CCCCC1)N1CC(=O)N2CCc3ccccc3[C@H]2C1,O=C(C1CCCCC1)N1CC(=O)N2CCc3ccccc3[C@H]2C1
2944,1,O=C(CCCN1CCN2Cc3[nH]c4ccccc4c3C[C@H]2C1)c1ccc(F)cc1,O=C(CCCN1CCN2Cc3[nH]c4ccccc4c3C[C@H]2C1)c1ccc(F)cc1
2945,1,O=C(CN1CCC23CCCC[C@@H]2C1Cc1ccc(O)cc13)c1ccccc1,O=C(CN1CCC23CCCC[C@@H]2C1Cc1ccc(O)cc13)c1ccccc1
2946,1,O=C(CN1CC[C@H](c2ccc(F)cc2)[C@H](COc2ccc3c(c2)OCO3)C1)c1ccc(F)cc1,O=C(CN1CC[C@H](c2ccc(F)cc2)[C@H](COc2ccc3c(c2)OCO3)C1)c1ccc(F)cc1
2947,1,O=C(C[C@H]1c2ccccc2C(=O)N1c1ccc2ccc(Cl)nc2n1)N1CCC2(CC1)OCCO2,O=C(C[C@H]1c2ccccc2C(=O)N1c1ccc2ccc(Cl)nc2n1)N1CCC2(CC1)OCCO2
2948,0,O=C(Cc1ccc(Cl)c(Cl)c1)N1CCN(CCO)C[C@@H]1CN1CC[C@H](O)C1,O=C(Cc1ccc(Cl)c(Cl)c1)N1CCN(CCO)C[C@@H]1CN1CC[C@H](O)C1
2949,0,O=C(Cc1ccc(Cl)c(Cl)c1)N1CCc2[nH]cnc2[C@@H]1CN1CC[C@H](O)C1,O=C(Cc1ccc(Cl)c(Cl)c1)N1CCc2[nH]cnc2[C@@H]1CN1CC[C@H](O)C1
2950,1,O=C(Cc1ccc(Cl)c(Cl)c1)N1CCc2ccsc2[C@@H]1CN1CCCC1,O=C(Cc1ccc(Cl)c(Cl)c1)N1CCc2ccsc2[C@@H]1CN1CCCC1
2951,1,O=C(Cc1ccc(Cl)c(Cl)c1)N1CCc2occc2[C@H]1CN1CCC(O)C1,O=C(Cc1ccc(Cl)c(Cl)c1)N1CCc2occc2[C@H]1CN1CCC(O)C1
2952,1,O=C(Cc1ccc(Cl)c(Cl)c1)N1CCn2ccnc2[C@@H]1CN1CCCC1,O=C(Cc1ccc(Cl)c(Cl)c1)N1CCn2ccnc2[C@@H]1CN1CCCC1
2953,0,O=C(Cc1ccc(Cl)c(Cl)c1)N1CCn2ccnc2[C@@H]1CN1CC[C@H](O)C1,O=C(Cc1ccc(Cl)c(Cl)c1)N1CCn2ccnc2[C@@H]1CN1CC[C@H](O)C1
2954,1,O=C(Cc1ccc(Cl)c(Cl)c1)N1CCn2ncnc2[C@@H]1CN1CCCC1,O=C(Cc1ccc(Cl)c(Cl)c1)N1CCn2ncnc2[C@@H]1CN1CCCC1
2955,0,O=C(Cc1cccs1)NC1C(=O)N2C(C(=O)O)=C(CSc3ncn[nH]3)CS[C@@H]12,O=C(Cc1cccs1)NC1C(=O)N2C(C(=O)O)=C(CSc3ncn[nH]3)CS[C@@H]12
2956,0,O=C(Cn1cnnn1)NC1C(=O)N2C(C(=O)O)=C(CSc3nncs3)CS[C@@H]12,O=C(Cn1cnnn1)NC1C(=O)N2C(C(=O)O)=C(CSc3nncs3)CS[C@@H]12
2957,0,O=C(N[C@@H](CO)[C@@H](O)c1ccc([N+](=O)[O-])cc1)C(Cl)Cl,O=C(N[C@@H](CO)[C@@H](O)c1ccc([N+](=O)[O-])cc1)C(Cl)Cl
2958,0,O=C(O)C1=C(CSc2nnnn2CS(=O)(=O)O)CS[C@H]2C(NC(=O)[C@@H](O)c3ccccc3)C(=O)N12,O=C(O)C1=C(CSc2nnnn2CS(=O)(=O)O)CS[C@H]2C(NC(=O)[C@@H](O)c3ccccc3)C(=O)N12
2959,1,O=C(O)CCCC[C@@H]1SC[C@H]2NC(=O)N[C@@H]21,O=C(O)CCCC[C@@H]1SC[C@H]2NC(=O)N[C@H]12
2960,0,O=C(O)c1cc(=O)c2cc(OC[C@H](O)COc3cccc4oc(C(=O)O)cc(=O)c34)ccc2o1,O=C(O)c1cc(=O)c2cc(OC[C@H](O)COc3cccc4oc(C(=O)O)cc(=O)c34)ccc2o1
2961,1,O=C(O[C@@H]1CN2CCC1CC2)c1ccccc1,O=C(O[C@@H]1CN2CCC1CC2)c1ccccc1
2962,1,O=C(Oc1ccccc1)c1ccccc1O,O=C(Oc1ccccc1)c1ccccc1O
2963,1,O=C1C2[C@@H](C(=O)N1CCCCN1CCN(c3ncccn3)CC1)[C@H]1C=C[C@H]2[C@H]2C=C[C@@H]21,O=C1C2[C@H]3C=C[C@@H]([C@H]4C=C[C@@H]43)[C@@H]2C(=O)N1CCCCN1CCN(c2ncccn2)CC1
2964,1,O=C1CC2(CCCC2)CC(=O)N1CCNC[C@H]1COc2ccccc2O1,O=C1CC2(CCCC2)CC(=O)N1CCNC[C@H]1COc2ccccc2O1
2965,1,O=C1CC2c3cc(Cl)ccc3OC3(CCNC[C@H]23)N1,O=C1CC2c3cc(Cl)ccc3OC3(CCNC[C@H]23)N1
2966,1,O=C1CCC(=O)N1C[C@H]1CC[C@H]2CN(c3ncccn3)CCN2C1,O=C1CCC(=O)N1C[C@H]1CC[C@H]2CN(c3ncccn3)CCN2C1
2967,1,O=C1CCN=C2C[C@@H](c3ccccc3)CN12,O=C1CCN=C2C[C@@H](c3ccccc3)CN12
2968,1,O=C1CC[C@@H]2C3Cc4cccc(O)c4C2(CCN3CC2CC2)C1,O=C1CC[C@@H]2C3Cc4cccc(O)c4C2(CCN3CC2CC2)C1
2969,1,O=C1CC[C@H](N2C(=O)[C@H]3C4CCC(C4)[C@@H]3C2=O)C(=O)N1,O=C1CC[C@H](N2C(=O)[C@H]3C4CCC(C4)[C@@H]3C2=O)C(=O)N1
2970,1,O=C1CN(C(=O)CN2C[C@H](c3ccc(Cl)cc3)CC2=O)CCN1,O=C1CN(C(=O)CN2C[C@H](c3ccc(Cl)cc3)CC2=O)CCN1
2971,1,O=C1CN2C(=O)CC[C@H]2N1,O=C1CN2C(=O)CC[C@H]2N1
2972,1,O=C1CN=C(c2ccccc2F)c2cc(Cl)ccc2N1C[C@H](O)CO,O=C1CN=C(c2ccccc2F)c2cc(Cl)ccc2N1C[C@H](O)CO
2973,1,O=C1C[C@@H]2S[C@H](C3(O)CN4C(=O)C[C@@H]4S3)CN12,O=C1C[C@@H]2S[C@H](C3(O)CN4C(=O)C[C@@H]4S3)CN12
2974,1,O=C1NC(=NC2CC2)O[C@H]1c1ccccc1,O=C1NC(=NC2CC2)O[C@H]1c1ccccc1
2975,1,O=C1NC(=O)C(C[C@@H]2CCCCN2)(c2ccccc2)C(=O)N1,O=C1NC(=O)C(C[C@@H]2CCCCN2)(c2ccccc2)C(=O)N1
2976,1,O=C1NC(c2ccccc2)(c2ccccc2)C(=O)N1CP(=O)(O)O,O=C1NC(c2ccccc2)(c2ccccc2)C(=O)N1CP(=O)(O)O
2977,1,O=C1NCCC[C@@H]1N1C(=O)c2ccccc2S1(=O)=O,O=C1NCCC[C@@H]1N1C(=O)c2ccccc2S1(=O)=O
2978,1,O=C1NCN(c2ccccc2)C12CCN(C[C@H]1COc3ccccc3O1)CC2,O=C1NCN(c2ccccc2)C12CCN(C[C@H]1COc3ccccc3O1)CC2
2979,1,O=C1N[C@@H]2CCCCN2C12CCN(CCCN1c3ccccc3CCc3ccc(Cl)cc31)CC2,O=C1N[C@@H]2CCCCN2C12CCN(CCCN1c3ccccc3CCc3ccc(Cl)cc31)CC2
2980,1,O=C1N[C@H](CCCl)Oc2ccccc21,O=C1N[C@H](CCCl)Oc2ccccc21
2981,0,O=C1Nc2ccc(Cl)cc2C(C#CC2CC2)(C(F)(F)F)O1,O=C1Nc2ccc(Cl)cc2C(C#CC2CC2)(C(F)(F)F)O1
2982,1,O=C1Nc2ccc(Cl)cc2C(c2ccccc2Cl)=N[C@H]1O,O=C1Nc2ccc(Cl)cc2C(c2ccccc2Cl)=N[C@H]1O
2983,1,O=C1O[C@@H]([C@@H](O)CO)C(O)=C1O,O=C1O[C@@H]([C@@H](O)CO)C(O)=C1O
2984,1,O=C1[C@H](O)N=C(c2ccccc2F)c2cc(Cl)ccc2N1CCO,O=C1[C@H](O)N=C(c2ccccc2F)c2cc(Cl)ccc2N1CCO
2985,1,O=C1[C@H]2C3CCC(C3)[C@@H]2C(=O)N1CCCCN1CCN(c2ncccn2)CC1,O=C1[C@H]2C3CCC(C3)[C@@H]2C(=O)N1CCCCN1CCN(c2ncccn2)CC1
2986,1,O=[N+]([O-])C1=CC=N[C@@H]1NCCSCc1ncccc1Br,O=[N+]([O-])C1=CC=N[C@@H]1NCCSCc1ncccc1Br
2987,1,O=[N+]([O-])c1nccn1C[C@H](O)CF,O=[N+]([O-])c1nccn1C[C@H](O)CF
2988,1,O=[N+]([O-])c1nccn1C[C@H](O)COCF,O=[N+]([O-])c1nccn1C[C@H](O)COCF
2989,0,O=c1[nH]c(=O)n([C@@H]2C[C@H](O)[C@H](CO)O2)cc1F,O=c1[nH]c(=O)n([C@@H]2C[C@H](O)[C@H](CO)O2)cc1F
2990,1,O=c1[nH]c2cc(Cl)ccc2n1C1CCN(C[C@H]2COc3ccccc3O2)CC1,O=c1[nH]c2cc(Cl)ccc2n1C1CCN(C[C@H]2COc3ccccc3O2)CC1
2991,1,O=c1[nH]c2ccccc2c(=O)n1CCN1C[C@H]2CC(c3ccc(F)cc3)[C@@H]2C1,O=c1[nH]c2ccccc2c(=O)n1CCN1C[C@H]2CC(c3ccc(F)cc3)[C@@H]2C1
2992,0,O=c1[nH]cnc2c1ncn2[C@@H]1CC[C@@H](CO)O1,O=c1[nH]cnc2c1ncn2[C@@H]1CC[C@@H](CO)O1
2993,1,O=c1c(Br)ccc2n1C[C@@H]1CNC[C@@H]2C1,O=c1c(Br)ccc2n1C[C@@H]1CNC[C@@H]2C1
2994,0,O=c1c(O[C@@H]2O[C@@H](CO)[C@@H](O)[C@H](O)[C@@H]2O)c(-c2ccc(O)c(O)c2)oc2cc(O)cc(O)c12,O=c1c(O[C@@H]2O[C@@H](CO)[C@@H](O)[C@H](O)[C@@H]2O)c(-c2ccc(O)c(O)c2)oc2cc(O)cc(O)c12
2995,1,OC(c1ccccc1)(c1ccccc1)[C@@H]1CCCCN1,OC(c1ccccc1)(c1ccccc1)[C@@H]1CCCCN1
2996,1,OCC(Br)(Br)Br,OCC(Br)(Br)Br
2997,1,OCCC1CCN(CC/C=C2/c3ccc(F)cc3Sc3ccc(C(F)(F)F)cc32)CC1,OCCC1CCN(CC/C=C2/c3ccc(F)cc3Sc3ccc(C(F)(F)F)cc32)CC1
2998,1,OCCCN1CCN(CCC[C@H]2c3ccccc3Sc3ccc(Cl)cc32)CC1,OCCCN1CCN(CCC[C@H]2c3ccccc3Sc3ccc(Cl)cc32)CC1
2999,1,OCCN1CCCN(CCCN2c3ccccc3C=Cc3ccccc32)CC1,OCCN1CCCN(CCCN2c3ccccc3C=Cc3ccccc32)CC1
3000,1,OCCN1CCN(C2CC(c3ccc(F)cc3)c3ccc(C(F)(F)F)cc32)CC1,OCCN1CCN(C2CC(c3ccc(F)cc3)c3ccc(C(F)(F)F)cc32)CC1
3001,1,OCCOCCOCCN1CCN([C@@H](c2ccccc2)c2ccc(Cl)cc2)CC1,OCCOCCOCCN1CCN([C@@H](c2ccccc2)c2ccc(Cl)cc2)CC1
3002,1,OC[C@H](O)[C@@H]1O[C@H]2O[C@@H](C(Cl)(Cl)Cl)O[C@H]2[C@H]1O,OC[C@H](O)[C@@H]1O[C@H]2O[C@@H](C(Cl)(Cl)Cl)O[C@H]2[C@H]1O
3003,0,OC[C@H](O)[C@H](O)[C@@H](O)[C@@H](O)CO,OC[C@H](O)[C@H](O)[C@@H](O)[C@@H](O)CO
3004,1,OCc1ccccc1O[C@@H]1O[C@@H](CO)[C@@H](O)[C@H](O)[C@@H]1O,OCc1ccccc1O[C@@H]1O[C@@H](CO)[C@@H](O)[C@H](O)[C@@H]1O
3005,1,ON1C=C(NCC2CC2)N=c2ccc(Cl)cc2=C1c1ccccc1,ON1C=C(NCC2CC2)N=c2ccc(Cl)cc2=C1c1ccccc1
3006,1,O[C@@H](CCCN1CCc2c(c3cc(F)ccc3n2-c2ccc(F)cc2)C1)c1ccc(F)cc1,O[C@@H](CCCN1CCc2c(c3cc(F)ccc3n2-c2ccc(F)cc2)C1)c1ccc(F)cc1
3007,1,O[C@@H](CN1CCCCC1)c1cc(-c2ccccc2)on1,O[C@@H](CN1CCCCC1)c1cc(-c2ccccc2)on1
3008,1,O[C@@H](c1cc(C(F)(F)F)nc2c(C(F)(F)F)cccc12)[C@@H]1CCCCN1,O[C@@H](c1cc(C(F)(F)F)nc2c(C(F)(F)F)cccc12)[C@@H]1CCCCN1
3009,1,O[C@H](Cn1ccnc1)c1ccc(CCc2ccccc2)cc1,O[C@H](Cn1ccnc1)c1ccc(CCc2ccccc2)cc1
3010,1,Oc1ccc2c(c1)C13CCCCC1(O)C(C2)N(CC1CC1)CC3,Oc1ccc2c(c1)C13CCCCC1(O)C(C2)N(CC1CC1)CC3
3011,1,Oc1ccc2c(c1)C13CCCCC1(O)C(C2)N(CC1CCC1)CC3,Oc1ccc2c(c1)C13CCCCC1(O)C(C2)N(CC1CCC1)CC3
3012,1,Oc1ccc2c(c1)C13CCCC[C@@H]1C(C2)N(CCc1ccccc1)CC3,Oc1ccc2c(c1)C13CCCC[C@@H]1C(C2)N(CCc1ccccc1)CC3
3013,1,Oc1ccc2c(c1)C13CCCC[C@@H]1C(C2)NCC3,Oc1ccc2c(c1)C13CCCC[C@@H]1C(C2)NCC3
3014,1,Oc1ccc2c(c1)C13CCN(CC4CC4)C(C2)[C@H]1CCOC3,Oc1ccc2c(c1)C13CCN(CC4CC4)C(C2)[C@H]1CCOC3
3015,1,Oc1ccc2c3c1O[C@@H]1[C@@H](O)C=C[C@@H]4C(C2)NCCC341,Oc1ccc2c3c1O[C@@H]1[C@@H](O)C=C[C@@H]4C(C2)NCCC341
3016,1,Oc1ccc2c3c1O[C@@H]1[C@@H](O)CCC4(O)C(C2)N(CC2CCC2)CCC314,Oc1ccc2c3c1O[C@@H]1[C@@H](O)CCC4(O)C(C2)N(CC2CCC2)CCC314
3017,1,S=C1NCC[C@@H](COc2ccccc2)O1,S=C1NCC[C@@H](COc2ccccc2)O1
3018,1,[N-]=[N+]=NCC(=O)N[C@@H](CO)[C@@H](O)c1ccc([N+](=O)[O-])cc1,[N-]=[N+]=NCC(=O)N[C@@H](CO)[C@@H](O)c1ccc([N+](=O)[O-])cc1
3019,1,c1ccc(C[C@@H]2NCCc3c2[nH]c2ccccc32)cc1,c1ccc(C[C@@H]2NCCc3c2[nH]c2ccccc32)cc1
3020,1,c1ccc([C@@H]2CCN(C[C@H]3CCCc4c3ccc3c4OCO3)C2)cc1,c1ccc([C@@H]2CCN(C[C@H]3CCCc4c3ccc3c4OCO3)C2)cc1
3021,1,c1ccc([C@H]2CN=C3NCCN32)cc1,c1ccc([C@H]2CN=C3NCCN32)cc1
3022,1,c1ccc2c(c1)CCN1CCNC[C@H]21,c1ccc2c(c1)CCN1CCNC[C@H]21
3023,1,c1ccc2c(c1)CCc1cccc3c1[C@H]2CN1CCCC[C@@H]31,c1ccc2c(c1)CCc1cccc3c1[C@H]2CN1CCCC[C@@H]31
3024,1,c1cnc2c(c1)C(Cc1ccncc1)(Cc1ccncc1)c1cccnc1-2,c1cnc2c(c1)C(Cc1ccncc1)(Cc1ccncc1)c1cccnc1-2
3025,1,c1csc(Cc2ccccc2OC[C@@H]2CNCCO2)c1,c1csc(Cc2ccccc2OC[C@@H]2CNCCO2)c1
3026,0,CC(=O)c1c(C)nn(CCC(=O)N2CCC[C@H]2c2n[nH]c(C)n2)c1C,CC(=O)c1c(C)nn(CCC(=O)N2CCC[C@H]2c2n[nH]c(C)n2)c1C
3027,0,CC(=O)c1c2c(c3oc(=O)cc(C)c3c1O)[C@@H](c1cc(F)c(F)c(F)c1)CC(=O)O2,CC(=O)c1c2c(c3oc(=O)cc(C)c3c1O)[C@@H](c1cc(F)c(F)c(F)c1)CC(=O)O2
3028,0,CC(=O)c1ccc2c(c1O)[C@@H](c1ccc(F)c(Cl)c1)CC(=O)O2,CC(=O)c1ccc2c(c1O)[C@@H](c1ccc(F)c(Cl)c1)CC(=O)O2
3029,1,CC(=O)c1ccc2c(c1O)[C@@H](c1cnn(C)c1)CC(=O)O2,CC(=O)c1ccc2c(c1O)[C@@H](c1cnn(C)c1)CC(=O)O2
3030,0,CC(=O)c1ccc2c(c1O)[C@H](c1ccc(F)c(Cl)c1)CC(=O)O2,CC(=O)c1ccc2c(c1O)[C@H](c1ccc(F)c(Cl)c1)CC(=O)O2
3031,1,CC(C)(C)OC(=O)N[C@]1(C=O)C[C@H]1S(=O)(=O)c1ccc(Cl)cc1,CC(C)(C)OC(=O)N[C@]1(C=O)C[C@H]1S(=O)(=O)c1ccc(Cl)cc1
3032,0,CC(C)C1CCC(C(=O)N[C@@H](Cc2ccccc2)C(=O)N2CCCC[C@H]2c2cccnc2)CC1,CC(C)C1CCC(C(=O)N[C@@H](Cc2ccccc2)C(=O)N2CCCC[C@H]2c2cccnc2)CC1
3033,1,CC(C)Oc1cccc(CCCNC(=O)[C@@H](C)SCc2ccccc2)c1,CC(C)Oc1cccc(CCCNC(=O)[C@@H](C)SCc2ccccc2)c1
3034,0,CC(C)[C@@H]1CC[C@@H](C)C[C@@H]1OC(=O)Cn1nc(-c2ccco2)oc1=O,CC(C)[C@@H]1CC[C@@H](C)C[C@@H]1OC(=O)Cn1nc(-c2ccco2)oc1=O
3035,1,CC(C)c1ccc(CCCNC(=O)[C@@H](C)SCc2ccccc2)cc1,CC(C)c1ccc(CCCNC(=O)[C@@H](C)SCc2ccccc2)cc1
3036,0,CC(C)c1nnc(N2CCn3nc([C@@H](O)c4nccn4C)cc3C2)s1,CC(C)c1nnc(N2CCn3nc([C@@H](O)c4nccn4C)cc3C2)s1
3037,0,CC(O)C1([SiH3])CCCCO1,CC(O)C1([SiH3])CCCCO1
3038,1,CC1CCN(c2ccc([C@@H](C)NC(=O)CCSc3ccccc3)cc2)CC1,CC1CCN(c2ccc([C@@H](C)NC(=O)CCSc3ccccc3)cc2)CC1
3039,0,CC1Cc2ccccc2N(C(=O)c2ccnc(F)c2F)C1,CC1Cc2ccccc2N(C(=O)c2ccnc(F)c2F)C1
3040,0,CCCO[C@H](C)c1ccc(C)c(N)c1,CCCO[C@H](C)c1ccc(C)c(N)c1
3041,1,CCCOc1ccccc1CCCNC(=O)c1ccc([N+](=O)[O-])cc1Cl,CCCOc1ccccc1CCCNC(=O)c1ccc([N+](=O)[O-])cc1Cl
3042,1,CCCn1ncnc1CC(NN)c1ccc(Br)cc1F,CCCn1ncnc1CC(NN)c1ccc(Br)cc1F
3043,0,CCN(CCCNS(=O)(=O)N1C[C@H](C)O[C@@H](C)C1)c1ccccc1,CCN(CCCNS(=O)(=O)N1C[C@H](C)O[C@@H](C)C1)c1ccccc1
3044,0,CCOC(=O)C1(C(=O)OCC)[C@H](c2ccc(OC)cc2)[C@H]1S(=O)(=O)c1ccccc1,CCOC(=O)C1(C(=O)OCC)[C@H](c2ccc(OC)cc2)[C@H]1S(=O)(=O)c1ccccc1
3045,1,CCOC(=O)[C@@]1(C#N)[C@H](c2ccc(OC)cc2)[C@@H]1S(=O)(=O)c1ccc(Cl)cc1,CCOC(=O)[C@@]1(C#N)[C@H](c2ccc(OC)cc2)[C@@H]1S(=O)(=O)c1ccc(Cl)cc1
3046,1,CCOC(=O)[C@@]1(CN)[C@@H](S(=O)(=O)CC)[C@@H]1c1ccc(OC)cc1,CCOC(=O)[C@]1(CN)[C@@H](c2ccc(OC)cc2)[C@@H]1S(=O)(=O)CC
3047,1,CCOC(=O)[C@]1(CN)[C@H](c2ccc(OC)cc2)[C@@H]1S(=O)(=O)CC,CCOC(=O)[C@]1(CN)[C@H](c2ccc(OC)cc2)[C@@H]1S(=O)(=O)CC
3048,1,CCOC(=O)[C@]1(N)[C@@H](S(=O)(=O)CC)[C@@H]1c1ccc2c(c1)OCO2,CCOC(=O)[C@@]1(N)[C@@H](c2ccc3c(c2)OCO3)[C@@H]1S(=O)(=O)CC
3049,0,CCOC(=O)[C@]1(N)[C@@H](S(=O)(=O)c2ccc(C)cc2)[C@@H]1c1ccccc1,CCOC(=O)[C@@]1(N)[C@@H](c2ccccc2)[C@@H]1S(=O)(=O)c1ccc(C)cc1
3050,0,CCOC(=O)[C@]1(N)[C@@H](S(C)(=O)=O)[C@@H]1c1ccc2c(c1)OCO2,CCOC(=O)[C@@]1(N)[C@@H](c2ccc3c(c2)OCO3)[C@@H]1S(C)(=O)=O
3051,0,CCOC(=O)c1c[nH]c(=O)c2c1OC(=O)C[C@@H]2c1ccc2c(c1)n(C)c(=O)n2C,CCOC(=O)c1c[nH]c(=O)c2c1OC(=O)C[C@@H]2c1ccc2c(c1)n(C)c(=O)n2C
3052,1,CCOC(=O)c1c[nH]c(=O)c2c1OC(=O)C[C@H]2c1cc(Cl)c2c(c1)OCO2,CCOC(=O)c1c[nH]c(=O)c2c1OC(=O)C[C@H]2c1cc(Cl)c2c(c1)OCO2
3053,1,CCOC[C@@]1(C(N)=S)[C@H](c2ccc(CC)cc2)[C@@H]1S(=O)(=O)c1ccc(Cl)cc1,CCOC[C@@]1(C(N)=S)[C@H](c2ccc(CC)cc2)[C@@H]1S(=O)(=O)c1ccc(Cl)cc1
3054,0,CCOC[C@@]1(C(N)=S)[C@H](c2ccc(OC)cc2)[C@@H]1S(=O)(=O)CC,CCOC[C@@]1(C(N)=S)[C@H](c2ccc(OC)cc2)[C@@H]1S(=O)(=O)CC
3055,1,CCOC[C@@]1(CN)[C@H](c2ccc(OC)cc2)[C@@H]1S(C)(=O)=O,CCOC[C@@]1(CN)[C@H](c2ccc(OC)cc2)[C@@H]1S(C)(=O)=O
3056,1,CCOC[C@]1(C(N)=S)[C@@H](S(=O)(=O)c2ccccc2)[C@@H]1c1ccc(OC)cc1,CCOC[C@@]1(C(N)=S)[C@@H](c2ccc(OC)cc2)[C@@H]1S(=O)(=O)c1ccccc1
3057,0,CCOC[C@]1(CN)[C@@H](S(C)(=O)=O)[C@@H]1c1ccc2c(c1)OCO2,CCOC[C@@]1(CN)[C@@H](c2ccc3c(c2)OCO3)[C@@H]1S(C)(=O)=O
3058,1,CCOC[C@]1(CN)[C@H](c2ccc3c(c2)OCO3)[C@@H]1S(C)(=O)=O,CCOC[C@]1(CN)[C@H](c2ccc3c(c2)OCO3)[C@@H]1S(C)(=O)=O
3059,0,CCOC[C@]1(N)[C@@H](S(=O)(=O)c2ccc(C)cc2)[C@@H]1c1ccc2c(c1)OCO2,CCOC[C@@]1(N)[C@@H](c2ccc3c(c2)OCO3)[C@@H]1S(=O)(=O)c1ccc(C)cc1
3060,0,CCOC[C@]1(N)[C@@H](S(=O)(=O)c2ccccc2)[C@@H]1c1ccc(OC)cc1,CCOC[C@@]1(N)[C@@H](c2ccc(OC)cc2)[C@@H]1S(=O)(=O)c1ccccc1
3061,0,CCOc1ccc(CCCNC(=O)[C@@H](C)SCc2ccccc2)cc1,CCOc1ccc(CCCNC(=O)[C@@H](C)SCc2ccccc2)cc1
3062,1,CCOc1ccc(CCCNC(=O)[C@H](C)Sc2ccc(C)cc2)cc1,CCOc1ccc(CCCNC(=O)[C@H](C)Sc2ccc(C)cc2)cc1
3063,1,CCOc1ccc(CCCNC(=O)c2cc([N+](=O)[O-])ccc2Cl)cc1,CCOc1ccc(CCCNC(=O)c2cc([N+](=O)[O-])ccc2Cl)cc1
3064,1,CCOc1ccc(N([C@@H](CC)C(=O)Nc2c(C)cccc2CC)S(C)(=O)=O)cc1,CCOc1ccc(N([C@@H](CC)C(=O)Nc2c(C)cccc2CC)S(C)(=O)=O)cc1
3065,1,CCS(=O)(=O)[C@@H]1[C@@H](C#N)[C@@H]1c1ccc2c(c1)OCO2,CCS(=O)(=O)[C@@H]1[C@@H](C#N)[C@@H]1c1ccc2c(c1)OCO2
3066,1,CCS(=O)(=O)[C@H]1[C@@H](C#N)[C@@H]1c1ccccc1,CCS(=O)(=O)[C@H]1[C@@H](C#N)[C@@H]1c1ccccc1
3067,1,CCS(=O)(=O)[C@H]1[C@@H](C(N)=S)[C@@H]1c1ccc(OC)cc1,CCS(=O)(=O)[C@H]1[C@@H](C(N)=S)[C@@H]1c1ccc(OC)cc1
3068,1,CCS(=O)(=O)[C@H]1[C@H](CO)[C@@H]1c1ccc(Cl)cc1,CCS(=O)(=O)[C@H]1[C@H](CO)[C@@H]1c1ccc(Cl)cc1
3069,1,CCS(=O)(=O)[C@H]1[C@H](c2ccc3c(c2)OCO3)C1(C#N)C#N,CCS(=O)(=O)[C@H]1[C@H](c2ccc3c(c2)OCO3)C1(C#N)C#N
3070,1,CCS(=O)(=O)[C@H]1[C@H](c2ccc3c(c2)OCO3)[C@]1(C#N)COC,CCS(=O)(=O)[C@H]1[C@H](c2ccc3c(c2)OCO3)[C@]1(C#N)COC
3071,1,CCS(=O)(=O)[C@H]1[C@H](c2ccccc2)[C@]1(C#N)COC,CCS(=O)(=O)[C@H]1[C@H](c2ccccc2)[C@]1(C#N)COC
3072,1,CC[C@@H](C)[C@@H](CO)NC(=O)CCc1nnc(-c2ccccc2)o1,CC[C@@H](C)[C@@H](CO)NC(=O)CCc1nnc(-c2ccccc2)o1
3073,1,CC[C@@H](C)[C@@H](CO)NC(=O)c1cn[nH]c1-c1ccc2c(c1)OCCO2,CC[C@@H](C)[C@@H](CO)NC(=O)c1cn[nH]c1-c1ccc2c(c1)OCCO2
3074,1,CC[C@@H](NC(=O)c1cc([N+](=O)[O-])ccc1Cl)c1ccc(C)cc1C,CC[C@@H](NC(=O)c1cc([N+](=O)[O-])ccc1Cl)c1ccc(C)cc1C
3075,1,CC[C@@H](NC(=O)c1cc([N+](=O)[O-])ccc1Cl)c1ccc(OC)c(OC)c1,CC[C@@H](NC(=O)c1cc([N+](=O)[O-])ccc1Cl)c1ccc(OC)c(OC)c1
3076,1,CC[C@H](C(=O)NC(C)C)N(Cc1ccccc1Cl)C(=O)CN(c1ccc(F)c(Cl)c1)S(C)(=O)=O,CC[C@H](C(=O)NC(C)C)N(Cc1ccccc1Cl)C(=O)CN(c1ccc(F)c(Cl)c1)S(C)(=O)=O
3077,1,CC[C@H](NC(=O)CCSc1ccccc1)c1ccc(C)c(C)c1,CC[C@H](NC(=O)CCSc1ccccc1)c1ccc(C)c(C)c1
3078,0,CC[C@H](NC(=O)CSCc1ccc(OC)cc1)c1ccc(C)c(C)c1,CC[C@H](NC(=O)CSCc1ccc(OC)cc1)c1ccc(C)c(C)c1
3079,1,CC[C@H](NC(=O)[C@@H](C)SCc1ccccc1)c1ccc(OC)c(OC)c1,CC[C@H](NC(=O)[C@@H](C)SCc1ccccc1)c1ccc(OC)c(OC)c1
3080,1,CC[C@H](NC(=O)[C@@H](C)SCc1ccccc1)c1ccc(S(C)(=O)=O)cc1,CC[C@H](NC(=O)[C@@H](C)SCc1ccccc1)c1ccc(S(C)(=O)=O)cc1
3081,0,CC[C@H](NC(=O)[C@H](C)Sc1ccc(C)cc1)c1ccc(S(C)(=O)=O)cc1,CC[C@H](NC(=O)[C@H](C)Sc1ccc(C)cc1)c1ccc(S(C)(=O)=O)cc1
3082,1,CC[C@H](NC(=O)c1cc([N+](=O)[O-])ccc1Cl)c1ccc(C)cc1C,CC[C@H](NC(=O)c1cc([N+](=O)[O-])ccc1Cl)c1ccc(C)cc1C
3083,0,CC[C@H](NC(=O)c1ccc(CSc2ccc(Cl)cc2)cc1)c1ccc(C)c(C)c1,CC[C@H](NC(=O)c1ccc(CSc2ccc(Cl)cc2)cc1)c1ccc(C)c(C)c1
3084,1,CC[C@H](NC(=O)c1ccc([N+](=O)[O-])c(C)c1)c1ccc(C)c(C)c1,CC[C@H](NC(=O)c1ccc([N+](=O)[O-])c(C)c1)c1ccc(C)c(C)c1
3085,1,CC[C@H]1CCCCN1CC(=O)N(C)Cc1cnccn1,CC[C@H]1CCCCN1CC(=O)N(C)Cc1cnccn1
3086,1,CCc1nccn1CC(=O)N1CCCC[C@@H]1CCn1cccn1,CCc1nccn1CC(=O)N1CCCC[C@@H]1CCn1cccn1
3087,1,CCc1nccn1CCC(=O)N[C@@H](c1ccccn1)C1CC(O)C1,CCc1nccn1CCC(=O)N[C@@H](c1ccccn1)C1CC(O)C1
3088,1,CN(C)S(=O)(=O)c1ccc2c(c1)CCN2C(=O)CSCc1ccc([N+](=O)[O-])cc1,CN(C)S(=O)(=O)c1ccc2c(c1)CCN2C(=O)CSCc1ccc([N+](=O)[O-])cc1
3089,1,CN(C)c1nsc(N[C@@H](c2cnc3ccccc3c2)C2CC(O)C2)n1,CN(C)c1nsc(N[C@@H](c2cnc3ccccc3c2)C2CC(O)C2)n1
3090,1,CN(CCC[C@H]1CCCO1)C(=O)Cc1cccnc1,CN(CCC[C@H]1CCCO1)C(=O)Cc1cccnc1
3091,0,CN(Cc1nc(-c2ccccc2)no1)C(=O)CN(c1ccc(Cl)cc1)S(C)(=O)=O,CN(Cc1nc(-c2ccccc2)no1)C(=O)CN(c1ccc(Cl)cc1)S(C)(=O)=O
3092,0,CN(Cc1nc(-c2cccs2)no1)C(=O)CSCc1ccc([N+](=O)[O-])cc1,CN(Cc1nc(-c2cccs2)no1)C(=O)CSCc1ccc([N+](=O)[O-])cc1
3093,0,CN1CCC(NC(=O)c2ccc([C@H]3SCC(=O)N3Cc3ccccc3)cc2)CC1,CN1CCC(NC(=O)c2ccc([C@H]3SCC(=O)N3Cc3ccccc3)cc2)CC1
3094,0,CN1CCC(Oc2ccc(N=[N+]=[N-])c(F)c2)CC1,CN1CCC(Oc2ccc(N=[N+]=[N-])c(F)c2)CC1
3095,1,CNc1nc(Oc2cccc(Cl)c2F)c(Cl)cc1Cl,CNc1nc(Oc2cccc(Cl)c2F)c(Cl)cc1Cl
3096,0,COC(=O)COc1ccc([C@H](CC(=O)OC)c2c3[nH]snc-3ccc2=O)cc1OC,COC(=O)COc1ccc([C@H](CC(=O)OC)c2c3[nH]snc-3ccc2=O)cc1OC
3097,0,COC(=O)C[C@@H](C1=C(O)C(=O)C([C@@H](CC(=O)OC)c2cc3cccc4c3n(c2=O)CCC4)=C(O)C1=O)c1cc2cccc3c2n(c1=O)CCC3,COC(=O)C[C@H](C1=C(O)C(=O)C([C@H](CC(=O)OC)c2cc3cccc4c3n(c2=O)CCC4)=C(O)C1=O)c1cc2cccc3c2n(c1=O)CCC3
3098,1,COC(=O)C[C@@H](c1cc(OC)c2c(c1)OCCO2)c1c(O)c(C(=O)OC)c[nH]c1=O,COC(=O)C[C@@H](c1cc(OC)c2c(c1)OCCO2)c1c(O)c(C(=O)OC)c[nH]c1=O
3099,1,COC(=O)C[C@@H](c1ccc(O)cc1)c1c(O)c(C(=O)OC)c[nH]c1=O,COC(=O)C[C@@H](c1ccc(O)cc1)c1c(O)c(C(=O)OC)c[nH]c1=O
3100,1,COC(=O)C[C@@H](c1ccc(OC)c(CO)c1)c1c(O)cc(C)n(CCc2ccc(O)cc2)c1=O,COC(=O)C[C@@H](c1ccc(OC)c(CO)c1)c1c(O)cc(C)n(CCc2ccc(O)cc2)c1=O
3101,1,COC(=O)C[C@@H](c1ccc2c(c1)OCO2)c1cc2c(cc1O)OCO2,COC(=O)C[C@@H](c1ccc2c(c1)OCO2)c1cc2c(cc1O)OCO2
3102,1,COC(=O)C[C@@H](c1cccc(Br)c1)c1oc(CN2C[C@@H]3C[C@H](C2)c2cccc(=O)n2C3)cc(=O)c1O,COC(=O)C[C@@H](c1cccc(Br)c1)c1oc(CN2C[C@@H]3C[C@H](C2)c2cccc(=O)n2C3)cc(=O)c1O
3103,1,COC(=O)C[C@@H](c1cccc(OC)c1OCCc1ccc(OC)cc1)c1c(O)c2ccccc2oc1=O,COC(=O)C[C@@H](c1cccc(OC)c1OCCc1ccc(OC)cc1)c1c(O)c2ccccc2oc1=O
3104,1,COC(=O)C[C@H](C1=C(O)C(=O)C([C@@H](CC(=O)OC)c2ccc(OC)c(OCC(N)=O)c2)=C(O)C1=O)c1ccc(OC)c(OCC(N)=O)c1,COC(=O)C[C@H](C1=C(O)C(=O)C([C@@H](CC(=O)OC)c2ccc(OC)c(OCC(N)=O)c2)=C(O)C1=O)c1ccc(OC)c(OCC(N)=O)c1
3105,1,COC(=O)C[C@H](CC(C)C)c1c(O)c(C(=O)OC)c[nH]c1=O,COC(=O)C[C@H](CC(C)C)c1c(O)c(C(=O)OC)c[nH]c1=O
3106,0,COC(=O)C[C@H](c1c(O)cc(C)n(CCc2ccc(O)cc2)c1=O)c1ccnc2ccccc12,COC(=O)C[C@H](c1c(O)cc(C)n(CCc2ccc(O)cc2)c1=O)c1ccnc2ccccc12
3107,1,COC(=O)C[C@H](c1cc(OC)c2c(c1)OCO2)c1oc(CN2C[C@@H]3C[C@H](C2)c2cccc(=O)n2C3)cc(=O)c1O,COC(=O)C[C@H](c1cc(OC)c2c(c1)OCO2)c1oc(CN2C[C@@H]3C[C@H](C2)c2cccc(=O)n2C3)cc(=O)c1O
3108,0,COC(=O)C[C@H](c1ccc(C(C)C)cc1)c1oc(CN2C[C@@H]3C[C@H](C2)c2cccc(=O)n2C3)cc(=O)c1O,COC(=O)C[C@H](c1ccc(C(C)C)cc1)c1oc(CN2C[C@@H]3C[C@H](C2)c2cccc(=O)n2C3)cc(=O)c1O
3109,0,COC(=O)C[C@H](c1ccc2c(c1)OCO2)c1cc2c(cc1O)OCO2,COC(=O)C[C@H](c1ccc2c(c1)OCO2)c1cc2c(cc1O)OCO2
3110,1,COC(=O)C[C@H](c1cccc(Br)c1)c1oc(CN2C[C@@H]3C[C@H](C2)c2cccc(=O)n2C3)cc(=O)c1O,COC(=O)C[C@H](c1cccc(Br)c1)c1oc(CN2C[C@@H]3C[C@H](C2)c2cccc(=O)n2C3)cc(=O)c1O
3111,1,COC(=O)C[C@H](c1ccccc1)c1c(O)cc(C)oc1=O,COC(=O)C[C@H](c1ccccc1)c1c(O)cc(C)oc1=O
3112,0,COC(=O)C[C@H](c1cnn(C)c1)c1oc(CN2CCCCC2)cc(=O)c1O,COC(=O)C[C@H](c1cnn(C)c1)c1oc(CN2CCCCC2)cc(=O)c1O
3113,1,COC(=O)C[C@H](c1coc2ccccc2c1=O)c1c(O)cc(C)n(CCc2ccc(O)cc2)c1=O,COC(=O)C[C@H](c1coc2ccccc2c1=O)c1c(O)cc(C)n(CCc2ccc(O)cc2)c1=O
3114,0,COC(=O)c1ccc(COc2ccc3c(c2)O/C(=C\c2cccc(OC)c2OC)C3=O)o1,COC(=O)c1ccc(COc2ccc3c(c2)O/C(=C\c2cccc(OC)c2OC)C3=O)o1
3115,1,COCCN(C[C@@H]1CCCO1)C(=O)c1[nH]nc(N)c1Cl,COCCN(C[C@@H]1CCCO1)C(=O)c1[nH]nc(N)c1Cl
3116,1,COCCc1noc([C@H](C)NC(=O)c2ccncc2O)n1,COCCc1noc([C@H](C)NC(=O)c2ccncc2O)n1
3117,0,COC[C@@]1(C#N)[C@H](c2ccc3c(c2)OCO3)[C@@H]1S(=O)(=O)c1ccccc1,COC[C@@]1(C#N)[C@H](c2ccc3c(c2)OCO3)[C@@H]1S(=O)(=O)c1ccccc1
3118,1,COC[C@@]1(C(=O)O)[C@H](c2ccc3c(c2)OCO3)[C@@H]1S(C)(=O)=O,COC[C@@]1(C(=O)O)[C@H](c2ccc3c(c2)OCO3)[C@@H]1S(C)(=O)=O
3119,1,COC[C@@]1(C(N)=S)[C@@H](S(C)(=O)=O)[C@@H]1c1ccc2c(c1)OCO2,COC[C@]1(C(N)=S)[C@@H](c2ccc3c(c2)OCO3)[C@@H]1S(C)(=O)=O
3120,1,COC[C@@]1(CN)[C@@H](S(=O)(=O)c2ccc(Cl)cc2)[C@@H]1c1ccc(OC)cc1,COC[C@]1(CN)[C@@H](c2ccc(OC)cc2)[C@@H]1S(=O)(=O)c1ccc(Cl)cc1
3121,0,COC[C@@]1(CN)[C@H](c2ccc(OC)cc2)[C@@H]1S(C)(=O)=O,COC[C@@]1(CN)[C@H](c2ccc(OC)cc2)[C@@H]1S(C)(=O)=O
3122,1,COC[C@@]1(N)[C@H](c2ccc(OC)cc2)[C@@H]1S(=O)(=O)c1ccc(Cl)cc1,COC[C@@]1(N)[C@H](c2ccc(OC)cc2)[C@@H]1S(=O)(=O)c1ccc(Cl)cc1
3123,0,COC[C@@]1(N)[C@H](c2ccccc2)[C@@H]1S(=O)(=O)c1ccc(C)cc1,COC[C@@]1(N)[C@H](c2ccccc2)[C@@H]1S(=O)(=O)c1ccc(C)cc1
3124,0,COC[C@]1(C#N)[C@H](c2ccccc2)[C@@H]1S(=O)(=O)c1ccc(Cl)cc1,COC[C@]1(C#N)[C@H](c2ccccc2)[C@@H]1S(=O)(=O)c1ccc(Cl)cc1
3125,0,COC[C@]1(C(=O)O)[C@@H](S(=O)(=O)c2ccc(C)cc2)[C@@H]1c1ccc(OC)cc1,COC[C@@]1(C(=O)O)[C@@H](c2ccc(OC)cc2)[C@@H]1S(=O)(=O)c1ccc(C)cc1
3126,1,COC[C@]1(C(=O)O)[C@@H](S(C)(=O)=O)[C@@H]1c1ccc(OC)cc1,COC[C@@]1(C(=O)O)[C@@H](c2ccc(OC)cc2)[C@@H]1S(C)(=O)=O
3127,0,CO[C@H]1C(=O)N(c2cccc(F)c2)[C@@H]1C(=O)O,CO[C@H]1C(=O)N(c2cccc(F)c2)[C@@H]1C(=O)O
3128,1,COc1cc(C(=O)NCCCN2CCCc3ccccc32)cc(OC)c1OC,COc1cc(C(=O)NCCCN2CCCc3ccccc32)cc(OC)c1OC
3129,1,COc1cc(C(=O)N[C@@H]2CC(C)(C)Oc3cc(C)ccc32)cc(OC)c1OC,COc1cc(C(=O)N[C@@H]2CC(C)(C)Oc3cc(C)ccc32)cc(OC)c1OC
3130,0,COc1cc(OC)c(OC)cc1/C=C1/Oc2c(ccc3c2[C@H](c2cc(OC)c(OC)c(OC)c2)CC(=O)O3)C1=O,COc1cc(OC)c(OC)cc1/C=C1/Oc2c(ccc3c2[C@H](c2cc(OC)c(OC)c(OC)c2)CC(=O)O3)C1=O
3131,1,COc1cc2c(c(OC)c1OC)[C@@H](c1cccc3ccccc13)CC(=O)O2,COc1cc2c(c(OC)c1OC)[C@@H](c1cccc3ccccc13)CC(=O)O2
3132,0,COc1cc2c(cc1OC)CN(C(=O)CC1NC(=O)N(c3ccc(C(C)C)cc3)C1=O)CC2,COc1cc2c(cc1OC)CN(C(=O)CC1NC(=O)N(c3ccc(C(C)C)cc3)C1=O)CC2
3133,0,COc1ccc(-c2noc(CNC(=O)CSCc3ccccc3C)n2)c(OC)c1,COc1ccc(-c2noc(CNC(=O)CSCc3ccccc3C)n2)c(OC)c1
3134,1,COc1ccc(C(=O)c2coc3ccc(O)c(CN4CCN(C)CC4)c23)cc1,COc1ccc(C(=O)c2coc3ccc(O)c(CN4CCN(C)CC4)c23)cc1
3135,1,COc1ccc(CCCNC(=O)CSCc2cccc(Cl)c2)cc1,COc1ccc(CCCNC(=O)CSCc2cccc(Cl)c2)cc1
3136,0,COc1ccc(CN(C)C(=O)c2ccc(CN3CCc4ccccc4C3)cc2)cc1,COc1ccc(CN(C)C(=O)c2ccc(CN3CCc4ccccc4C3)cc2)cc1
3137,0,COc1ccc(CSCC(=O)N[C@H]2CC(C)(C)Oc3cc(OC)ccc32)cc1,COc1ccc(CSCC(=O)N[C@H]2CC(C)(C)Oc3cc(OC)ccc32)cc1
3138,1,COc1ccc(N2C[C@H](C(=O)N3CCCC[C@H]3c3cccnc3)CC2=O)cc1,COc1ccc(N2C[C@H](C(=O)N3CCCC[C@H]3c3cccnc3)CC2=O)cc1
3139,1,COc1ccc(NC(=O)/C(=C/c2ccco2)c2ccccc2)cc1Cl,COc1ccc(NC(=O)/C(=C/c2ccco2)c2ccccc2)cc1Cl
3140,0,COc1ccc(NC(=O)C[C@@H]2OC(=O)c3c2ccc(OC)c3OC)cc1N1CCCS1(=O)=O,COc1ccc(NC(=O)C[C@@H]2OC(=O)c3c2ccc(OC)c3OC)cc1N1CCCS1(=O)=O
3141,1,COc1ccc(NC(=O)C[C@H]2OC(=O)c3c2ccc(OC)c3OC)cc1N1CCCS1(=O)=O,COc1ccc(NC(=O)C[C@H]2OC(=O)c3c2ccc(OC)c3OC)cc1N1CCCS1(=O)=O
3142,0,COc1ccc([C@@H](NC(=O)c2cc(=O)c(OC)c[nH]2)C2CC(O)C2)cc1F,COc1ccc([C@@H](NC(=O)c2cc(=O)c(OC)c[nH]2)C2CC(O)C2)cc1F
3143,0,COc1ccc([C@@H](NC(=O)c2cnoc2C)C2CC(O)C2)cn1,COc1ccc([C@@H](NC(=O)c2cnoc2C)C2CC(O)C2)cn1
3144,1,COc1ccc([C@@H](NC2CCOCC2)C2CC(O)C2)cn1,COc1ccc([C@@H](NC2CCOCC2)C2CC(O)C2)cn1
3145,0,COc1ccc([C@@H](Nc2ncccc2C(N)=O)C2CC(O)C2)cc1F,COc1ccc([C@@H](Nc2ncccc2C(N)=O)C2CC(O)C2)cc1F
3146,0,COc1ccc([C@@H]2CC(=O)Oc3c(C(C)=O)c(O)c4c(C)cc(=O)oc4c32)cc1OCC(N)=O,COc1ccc([C@@H]2CC(=O)Oc3c(C(C)=O)c(O)c4c(C)cc(=O)oc4c32)cc1OCC(N)=O
3147,0,COc1ccc([C@@H]2CC(=O)Oc3ccc4c(c32)O/C(=C/c2cc(OC)c(OC)cc2OC)C4=O)cc1,COc1ccc([C@@H]2CC(=O)Oc3ccc4c(c32)O/C(=C/c2cc(OC)c(OC)cc2OC)C4=O)cc1
3148,1,COc1ccc([C@@H]2[C@@H](C(=O)O)[C@@H]2S(=O)(=O)c2ccc(C)cc2)cc1,COc1ccc([C@@H]2[C@@H](C(=O)O)[C@@H]2S(=O)(=O)c2ccc(C)cc2)cc1
3149,1,COc1ccc([C@@H]2[C@@H](N)[C@@H]2S(=O)(=O)c2ccc(Cl)cc2)cc1,COc1ccc([C@@H]2[C@@H](N)[C@@H]2S(=O)(=O)c2ccc(Cl)cc2)cc1
3150,1,COc1ccc([C@@H]2[C@@H](S(=O)(=O)c3ccc(Cl)cc3)C2(CN)CN)cc1,COc1ccc([C@@H]2[C@@H](S(=O)(=O)c3ccc(Cl)cc3)C2(CN)CN)cc1
3151,0,COc1ccc([C@@H]2[C@@H](S(=O)(=O)c3ccccc3)[C@@]2(CO)C(=O)O)cc1,COc1ccc([C@@H]2[C@@H](S(=O)(=O)c3ccccc3)[C@@]2(CO)C(=O)O)cc1
3152,0,COc1ccc([C@@H]2[C@@H](S(=O)(=O)c3ccccc3)[C@@]2(N)CN)cc1,COc1ccc([C@@H]2[C@@H](S(=O)(=O)c3ccccc3)[C@@]2(N)CN)cc1
3153,0,COc1ccc([C@@H]2[C@H](C(N)=S)[C@@H]2S(=O)(=O)c2ccc(Cl)cc2)cc1,COc1ccc([C@@H]2[C@H](C(N)=S)[C@@H]2S(=O)(=O)c2ccc(Cl)cc2)cc1
3154,0,COc1ccc([C@@H]2[C@H](C(N)=S)[C@@H]2S(=O)(=O)c2ccccc2)cc1,COc1ccc([C@@H]2[C@H](C(N)=S)[C@@H]2S(=O)(=O)c2ccccc2)cc1
3155,1,COc1ccc([C@@H]2[C@H](CO)[C@@H]2S(=O)(=O)c2ccc(C)cc2)cc1,COc1ccc([C@@H]2[C@H](CO)[C@@H]2S(=O)(=O)c2ccc(C)cc2)cc1
3156,1,COc1ccc([C@@H]2[C@H](N)[C@@H]2S(=O)(=O)c2ccc(C)cc2)cc1,COc1ccc([C@@H]2[C@H](N)[C@@H]2S(=O)(=O)c2ccc(C)cc2)cc1
3157,0,COc1ccc([C@@H]2[C@H](S(=O)(=O)c3ccc(C)cc3)[C@@]2(C#N)C(=O)O)cc1,COc1ccc([C@@H]2[C@H](S(=O)(=O)c3ccc(C)cc3)[C@@]2(C#N)C(=O)O)cc1
3158,0,COc1ccc([C@@H]2[C@H](S(C)(=O)=O)[C@@]2(N)C#N)cc1,COc1ccc([C@@H]2[C@H](S(C)(=O)=O)[C@@]2(N)C#N)cc1
3159,1,COc1ccc([C@H]2CC(=O)Oc3cc(C)oc(=O)c32)cc1,COc1ccc([C@H]2CC(=O)Oc3cc(C)oc(=O)c32)cc1
3160,0,COc1ccc([C@H]2[C@@H](C#N)[C@@H]2S(=O)(=O)c2ccc(Cl)cc2)cc1,COc1ccc([C@H]2[C@@H](C#N)[C@@H]2S(=O)(=O)c2ccc(Cl)cc2)cc1
3161,1,COc1ccc([C@H]2[C@@H](S(=O)(=O)c3ccc(C)cc3)[C@]2(C#N)C=O)cc1,COc1ccc([C@H]2[C@@H](S(=O)(=O)c3ccc(C)cc3)[C@]2(C#N)C=O)cc1
3162,1,COc1ccc([C@H]2[C@@H](S(=O)(=O)c3ccc(Cl)cc3)C2(C#N)C#N)cc1,COc1ccc([C@H]2[C@@H](S(=O)(=O)c3ccc(Cl)cc3)C2(C#N)C#N)cc1
3163,1,COc1ccc([C@H]2[C@@H](S(=O)(=O)c3ccc(Cl)cc3)C2(CN)CN)cc1,COc1ccc([C@H]2[C@@H](S(=O)(=O)c3ccc(Cl)cc3)C2(CN)CN)cc1
3164,1,COc1ccc([C@H]2[C@@H](S(=O)(=O)c3ccccc3)[C@]2(C#N)C=O)cc1,COc1ccc([C@H]2[C@@H](S(=O)(=O)c3ccccc3)[C@]2(C#N)C=O)cc1
3165,0,COc1ccc([C@H]2[C@@H](S(C)(=O)=O)[C@@]2(CN)CO)cc1,COc1ccc([C@H]2[C@@H](S(C)(=O)=O)[C@@]2(CN)CO)cc1
3166,1,COc1ccc([C@H]2[C@@H](S(C)(=O)=O)[C@@]2(CO)C(=O)O)cc1,COc1ccc([C@H]2[C@@H](S(C)(=O)=O)[C@@]2(CO)C(=O)O)cc1
3167,0,COc1ccc([C@H]2[C@@H](S(C)(=O)=O)[C@]2(C#N)CO)cc1,COc1ccc([C@H]2[C@@H](S(C)(=O)=O)[C@]2(C#N)CO)cc1
3168,1,COc1ccc([C@H]2[C@H](C#N)[C@@H]2S(=O)(=O)c2ccc(C)cc2)cc1,COc1ccc([C@H]2[C@H](C#N)[C@@H]2S(=O)(=O)c2ccc(C)cc2)cc1
3169,1,COc1ccc([C@H]2[C@H](N)[C@@H]2S(C)(=O)=O)cc1,COc1ccc([C@H]2[C@H](N)[C@@H]2S(C)(=O)=O)cc1
3170,1,COc1ccc([C@H]2[C@H](S(=O)(=O)c3ccc(Cl)cc3)[C@@]2(CN)CO)cc1,COc1ccc([C@H]2[C@H](S(=O)(=O)c3ccc(Cl)cc3)[C@@]2(CN)CO)cc1
3171,0,COc1ccc([C@H]2[C@H](S(=O)(=O)c3ccc(Cl)cc3)[C@@]2(N)C(=O)O)cc1,COc1ccc([C@H]2[C@H](S(=O)(=O)c3ccc(Cl)cc3)[C@@]2(N)C(=O)O)cc1
3172,0,COc1ccc([C@H]2[C@H](S(=O)(=O)c3ccc(Cl)cc3)[C@]2(C#N)CO)cc1,COc1ccc([C@H]2[C@H](S(=O)(=O)c3ccc(Cl)cc3)[C@]2(C#N)CO)cc1
3173,1,COc1ccc([C@H]2[C@H](S(=O)(=O)c3ccc(Cl)cc3)[C@]2(C=O)NC(=O)OC(C)(C)C)cc1,COc1ccc([C@H]2[C@H](S(=O)(=O)c3ccc(Cl)cc3)[C@]2(C=O)NC(=O)OC(C)(C)C)cc1
3174,0,COc1ccc([C@H]2[C@H](S(=O)(=O)c3ccccc3)[C@@]2(N)CO)cc1,COc1ccc([C@H]2[C@H](S(=O)(=O)c3ccccc3)[C@@]2(N)CO)cc1
3175,1,COc1ccc2[nH]c(=O)c([C@H]3CC(=O)Oc4ccc5c(c43)O/C(=C\c3cccc(OC)c3OC)C5=O)cc2c1,COc1ccc2[nH]c(=O)c([C@H]3CC(=O)Oc4ccc5c(c43)O/C(=C\c3cccc(OC)c3OC)C5=O)cc2c1
3176,0,COc1ccc2c(c1)CCC[C@]2(O)CNC(=O)C(=O)NCc1ccc2c(c1)OCO2,COc1ccc2c(c1)CCC[C@]2(O)CNC(=O)C(=O)NCc1ccc2c(c1)OCO2
3177,1,COc1ccc2c(c1)[C@@H](NC(=O)/C(=C/c1ccco1)c1ccccc1)CC(C)(C)O2,COc1ccc2c(c1)[C@@H](NC(=O)/C(=C/c1ccco1)c1ccccc1)CC(C)(C)O2
3178,1,COc1ccc2c(c1OC)C(=O)O[C@H]2Nc1ccc2c(c1)COC2=O,COc1ccc2c(c1OC)C(=O)O[C@H]2Nc1ccc2c(c1)COC2=O
3179,1,COc1ccc2cc([C@@H]3CC(=O)Oc4cc(C)oc(=O)c43)c(=O)[nH]c2c1,COc1ccc2cc([C@@H]3CC(=O)Oc4cc(C)oc(=O)c43)c(=O)[nH]c2c1
3180,0,COc1cccc([C@H]2CC(=O)Oc3cc(C)oc(=O)c32)c1OCCc1ccccc1,COc1cccc([C@H]2CC(=O)Oc3cc(C)oc(=O)c32)c1OCCc1ccccc1
3181,1,COc1ccccc1CCCNC(=O)CCSc1ccccc1,COc1ccccc1CCCNC(=O)CCSc1ccccc1
3182,1,COc1ccccc1CCCNC(=O)CSCc1ccc(Cl)cc1,COc1ccccc1CCCNC(=O)CSCc1ccc(Cl)cc1
3183,0,COc1ccccc1CCCNC(=O)[C@@H](C)SCc1ccccc1,COc1ccccc1CCCNC(=O)[C@@H](C)SCc1ccccc1
3184,0,COc1ccccc1N1CCN(C(=O)COc2cc(C)cc(C)c2C)CC1,COc1ccccc1N1CCN(C(=O)COc2cc(C)cc(C)c2C)CC1
3185,1,CS(=O)(=O)[C@@H]1[C@@H](c2ccc3c(c2)OCO3)[C@]1(C#N)C=O,CS(=O)(=O)[C@@H]1[C@@H](c2ccc3c(c2)OCO3)[C@]1(C#N)C=O
3186,1,CS(=O)(=O)[C@@H]1[C@H](C(N)=S)[C@@H]1c1ccccc1,CS(=O)(=O)[C@@H]1[C@H](C(N)=S)[C@@H]1c1ccccc1
3187,0,CS(=O)(=O)[C@@H]1[C@H](c2ccc3c(c2)OCO3)[C@@]1(N)CO,CS(=O)(=O)[C@@H]1[C@H](c2ccc3c(c2)OCO3)[C@@]1(N)CO
3188,1,CS(=O)(=O)[C@H]1[C@@H](C#N)[C@@H]1c1ccccc1,CS(=O)(=O)[C@H]1[C@@H](C#N)[C@@H]1c1ccccc1
3189,1,CS(=O)(=O)[C@H]1[C@@H](c2ccc3c(c2)OCO3)C1(C#N)C#N,CS(=O)(=O)[C@H]1[C@@H](c2ccc3c(c2)OCO3)C1(C#N)C#N
3190,1,CS(=O)(=O)[C@H]1[C@H](c2ccc3c(c2)OCO3)[C@@]1(CN)CO,CS(=O)(=O)[C@H]1[C@H](c2ccc3c(c2)OCO3)[C@@]1(CN)CO
3191,0,CS(=O)(=O)[C@H]1[C@H](c2ccccc2)[C@@]1(N)CO,CS(=O)(=O)[C@H]1[C@H](c2ccccc2)[C@@]1(N)CO
3192,0,CSCC[C@@H](CO)NC(=O)C1CCN(c2ncccn2)CC1,CSCC[C@@H](CO)NC(=O)C1CCN(c2ncccn2)CC1
3193,0,C[C@@H](CC(=O)N1CCc2[nH]ncc2C1)N1CCOCC1,C[C@@H](CC(=O)N1CCc2[nH]ncc2C1)N1CCOCC1
3194,1,C[C@@H](O)c1cc2n(n1)CCN(C(=O)CC1=C(c3ccccc3)CCC1=O)C2,C[C@@H](O)c1cc2n(n1)CCN(C(=O)CC1=C(c3ccccc3)CCC1=O)C2
3195,1,C[C@@H]1CCCN(c2ccc([C@@H](C)NC(=O)/C(=C/c3ccco3)c3ccccc3)cc2)C1,C[C@@H]1CCCN(c2ccc([C@@H](C)NC(=O)/C(=C/c3ccco3)c3ccccc3)cc2)C1
3196,0,Cc1cc(C(=O)N(C)[C@@H](C)c2ccncn2)ccc1Cl,Cc1cc(C(=O)N(C)[C@@H](C)c2ccncn2)ccc1Cl
3197,0,Cc1cc(C(=O)NCCCN2CCCc3ccccc32)ccc1[N+](=O)[O-],Cc1cc(C(=O)NCCCN2CCCc3ccccc32)ccc1[N+](=O)[O-]
3198,0,Cc1cc2c(c(=O)n1CCc1ccc(O)cc1)[C@@H](c1cc3cc4c(cc3[nH]c1=O)OCCO4)CC(=O)O2,Cc1cc2c(c(=O)n1CCc1ccc(O)cc1)[C@@H](c1cc3cc4c(cc3[nH]c1=O)OCCO4)CC(=O)O2
3199,0,Cc1cc2c(c(=O)o1)[C@@H](c1ccc3c(c1)OCO3)CC(=O)O2,Cc1cc2c(c(=O)o1)[C@@H](c1ccc3c(c1)OCO3)CC(=O)O2
3200,0,Cc1ccc(-n2cccc2[C@H]2[C@H](c3ccccn3)NC(=S)N2CCN(C)C)cc1,Cc1ccc(-n2cccc2[C@H]2[C@H](c3ccccn3)NC(=S)N2CCN(C)C)cc1
3201,0,Cc1ccc(C(N)=NC=N)cc1,Cc1ccc(C(N)=NC=N)cc1
3202,0,Cc1ccc(C)c([C@H](C)NC(=O)[C@H](C)SCc2ccccc2)c1,Cc1ccc(C)c([C@H](C)NC(=O)[C@H](C)SCc2ccccc2)c1
3203,1,Cc1ccc(CS(=O)(=O)N[C@H](c2ccccn2)C2CC(O)C2)cc1,Cc1ccc(CS(=O)(=O)N[C@H](c2ccccn2)C2CC(O)C2)cc1
3204,0,Cc1ccc(OCCNC(=O)CCSc2ccccc2)cc1,Cc1ccc(OCCNC(=O)CCSc2ccccc2)cc1
3205,1,Cc1ccc(OCCNC(=O)[C@@H](C)SCc2ccccc2)cc1,Cc1ccc(OCCNC(=O)[C@@H](C)SCc2ccccc2)cc1
3206,0,Cc1ccc(OC[C@@H](C)NC(=O)/C(=C/c2ccco2)c2ccccc2)cc1,Cc1ccc(OC[C@@H](C)NC(=O)/C(=C/c2ccco2)c2ccccc2)cc1
3207,1,Cc1ccc(OC[C@@H](C)NC(=O)c2cc([N+](=O)[O-])ccc2Cl)cc1,Cc1ccc(OC[C@@H](C)NC(=O)c2cc([N+](=O)[O-])ccc2Cl)cc1
3208,1,Cc1ccc(S(=O)(=O)[C@@H]2[C@@H](c3ccccc3)C2(CN)CN)cc1,Cc1ccc(S(=O)(=O)[C@@H]2[C@@H](c3ccccc3)C2(CN)CN)cc1
3209,0,Cc1ccc(S(=O)(=O)[C@@H]2[C@H](c3ccccc3)[C@@]2(N)C(=O)O)cc1,Cc1ccc(S(=O)(=O)[C@@H]2[C@H](c3ccccc3)[C@@]2(N)C(=O)O)cc1
3210,1,Cc1ccc(S(=O)(=O)[C@@H]2[C@H](c3ccccc3)[C@]2(C=O)NC(=O)OC(C)(C)C)cc1,Cc1ccc(S(=O)(=O)[C@@H]2[C@H](c3ccccc3)[C@]2(C=O)NC(=O)OC(C)(C)C)cc1
3211,1,Cc1ccc(S(=O)(=O)[C@H]2[C@H](C(N)=S)[C@@H]2c2ccccc2)cc1,Cc1ccc(S(=O)(=O)[C@H]2[C@H](C(N)=S)[C@@H]2c2ccccc2)cc1
3212,0,Cc1ccc(S(=O)(=O)[C@H]2[C@H](C=O)[C@@H]2c2ccccc2)cc1,Cc1ccc(S(=O)(=O)[C@H]2[C@H](C=O)[C@@H]2c2ccccc2)cc1
3213,1,Cc1ccc(S(=O)(=O)[C@H]2[C@H](c3ccccc3)[C@@]2(N)CO)cc1,Cc1ccc(S(=O)(=O)[C@H]2[C@H](c3ccccc3)[C@@]2(N)CO)cc1
3214,1,Cc1ccc(SCCC(=O)N[C@@H](C)c2ccc(N3CCC[C@@H](C)C3)cc2)cc1,Cc1ccc(SCCC(=O)N[C@@H](C)c2ccc(N3CCC[C@@H](C)C3)cc2)cc1
3215,0,Cc1ccc(S[C@@H](C)C(=O)N(C)Cc2nc(-c3ccccc3Cl)no2)cc1,Cc1ccc(S[C@@H](C)C(=O)N(C)Cc2nc(-c3ccccc3Cl)no2)cc1
3216,1,Cc1ccc(S[C@@H](C)C(=O)NCc2nc(-c3ccccc3Cl)no2)cc1,Cc1ccc(S[C@@H](C)C(=O)NCc2nc(-c3ccccc3Cl)no2)cc1
3217,1,Cc1ccc(S[C@@H](C)C(=O)N[C@@H]2CC(C)(C)Oc3ccc(C)cc32)cc1,Cc1ccc(S[C@@H](C)C(=O)N[C@@H]2CC(C)(C)Oc3ccc(C)cc32)cc1
3218,1,Cc1ccc(S[C@H](C)C(=O)NCCCc2ccc(OC(C)C)cc2)cc1,Cc1ccc(S[C@H](C)C(=O)NCCCc2ccc(OC(C)C)cc2)cc1
3219,0,Cc1ccc(S[C@H](C)C(=O)NCc2nc(-c3cccc(Br)c3)no2)cc1,Cc1ccc(S[C@H](C)C(=O)NCc2nc(-c3cccc(Br)c3)no2)cc1
3220,0,Cc1ccc([C@@H](C)NC(=O)CCSc2ccccc2)cc1C,Cc1ccc([C@@H](C)NC(=O)CCSc2ccccc2)cc1C
3221,1,Cc1ccc([C@H](C)NC(=O)CCSc2ccccc2)cc1C,Cc1ccc([C@H](C)NC(=O)CCSc2ccccc2)cc1C
3222,0,Cc1ccc([C@H](C)NC(=O)Cc2ccsc2)nc1,Cc1ccc([C@H](C)NC(=O)Cc2ccsc2)nc1
3223,0,Cc1ccc([C@H](C)NC(=O)[C@H](C)SCc2ccccc2)cc1C,Cc1ccc([C@H](C)NC(=O)[C@H](C)SCc2ccccc2)cc1C
3224,0,Cc1ccc2[nH]c(CCC(=O)N[C@H](C)Cc3cnccn3)nc2c1C,Cc1ccc2[nH]c(CCC(=O)N[C@H](C)Cc3cnccn3)nc2c1C
3225,1,Cc1ccc2c(c1)OC(C)(C)C[C@@H]2NC(=O)CSCc1ccc([N+](=O)[O-])cc1,Cc1ccc2c(c1)OC(C)(C)C[C@@H]2NC(=O)CSCc1ccc([N+](=O)[O-])cc1
3226,1,Cc1ccc2c(c1)[C@H](NC(=O)[C@@H](C)Sc1ccccc1)CC(C)(C)O2,Cc1ccc2c(c1)[C@H](NC(=O)[C@@H](C)Sc1ccccc1)CC(C)(C)O2
3227,1,Cc1cccc(-c2noc(CNC(=O)CCSc3ccc(Cl)cc3)n2)c1,Cc1cccc(-c2noc(CNC(=O)CCSc3ccc(Cl)cc3)n2)c1
3228,0,Cc1cccc(CSCCNC(=O)/C(=C/c2ccco2)c2ccccc2)c1,Cc1cccc(CSCCNC(=O)/C(=C/c2ccco2)c2ccccc2)c1
3229,1,Cc1ccccc1OC[C@H](C)NC(=O)CSCc1ccc([N+](=O)[O-])cc1,Cc1ccccc1OC[C@H](C)NC(=O)CSCc1ccc([N+](=O)[O-])cc1
3230,0,Cc1ccccc1OC[C@H](C)NC(=O)[C@H](C)Sc1ccccc1,Cc1ccccc1OC[C@H](C)NC(=O)[C@H](C)Sc1ccccc1
3231,1,Cc1nc(N)ncc1C(=O)N1CC[C@@H]1c1ccc(F)cc1,Cc1nc(N)ncc1C(=O)N1CC[C@@H]1c1ccc(F)cc1
3232,1,Cn1c(C(=O)N2CCCC[C@H]2c2cccnc2)cc2ccccc21,Cn1c(C(=O)N2CCCC[C@H]2c2cccnc2)cc2ccccc21
3233,0,N#Cc1ccccc1C(=O)NCCC[C@@H]1CCOC1,N#Cc1ccccc1C(=O)NCCC[C@@H]1CCOC1
3234,1,NC(=O)C[C@@H](c1ccc(O)cc1)c1oc(CN2CCOCC2)cc(=O)c1O,NC(=O)C[C@@H](c1ccc(O)cc1)c1oc(CN2CCOCC2)cc(=O)c1O
3235,0,NC(=O)C[C@H](c1ccc(O)cc1)c1oc(CN2CCOCC2)cc(=O)c1O,NC(=O)C[C@H](c1ccc(O)cc1)c1oc(CN2CCOCC2)cc(=O)c1O
3236,0,NC(=O)C[C@H](c1oc(CN2CCOCC2)cc(=O)c1O)c1ccnc2ccccc12,NC(=O)C[C@H](c1oc(CN2CCOCC2)cc(=O)c1O)c1ccnc2ccccc12
3237,0,NC(=S)[C@@H]1[C@@H](c2ccccc2)[C@@H]1S(=O)(=O)c1ccc(Cl)cc1,NC(=S)[C@@H]1[C@@H](c2ccccc2)[C@@H]1S(=O)(=O)c1ccc(Cl)cc1
3238,0,NC(=S)[C@H]1[C@@H](S(=O)(=O)c2ccc(Cl)cc2)[C@H]1c1ccccc1,NC(=S)[C@@H]1[C@H](c2ccccc2)[C@@H]1S(=O)(=O)c1ccc(Cl)cc1
3239,1,NC[C@@H]1[C@@H](c2ccc3c(c2)OCO3)[C@@H]1S(=O)(=O)c1ccccc1,NC[C@@H]1[C@@H](c2ccc3c(c2)OCO3)[C@@H]1S(=O)(=O)c1ccccc1
3240,0,N[C@]1(CO)[C@@H](S(=O)(=O)c2ccc(Cl)cc2)[C@@H]1c1ccccc1,N[C@@]1(CO)[C@@H](c2ccccc2)[C@@H]1S(=O)(=O)c1ccc(Cl)cc1
3241,0,Nc1nc(OC(C(F)(F)F)C(F)(F)F)ccc1[N+](=O)[O-],Nc1nc(OC(C(F)(F)F)C(F)(F)F)ccc1[N+](=O)[O-]
3242,1,O=C(/C(=C/c1ccco1)c1ccccc1)N1CCN(S(=O)(=O)c2ccccc2)CC1,O=C(/C(=C/c1ccco1)c1ccccc1)N1CCN(S(=O)(=O)c2ccccc2)CC1
3243,1,O=C(CCN1C(=O)CC2(CCCC2)C1=O)NC[C@@H]1C[C@H]2C=C[C@@H]1C2,O=C(CCN1C(=O)CC2(CCCC2)C1=O)NC[C@@H]1C[C@H]2C=C[C@@H]1C2
3244,1,O=C(CCc1nc(-c2ccncc2)no1)NC[C@@H]1C[C@@H]2C=C[C@@H]1C2,O=C(CCc1nc(-c2ccncc2)no1)NC[C@@H]1C[C@@H]2C=C[C@@H]1C2
3245,0,O=C(CN1CCOC1=O)N1CCC[C@H](Cc2nc(-c3ccsc3)no2)C1,O=C(CN1CCOC1=O)N1CCC[C@H](Cc2nc(-c3ccsc3)no2)C1
3246,1,O=C(C[C@H]1C[C@H]2CC[C@@H]1C2)NC[C@@H](O)c1ccccc1,O=C(C[C@H]1C[C@H]2CC[C@@H]1C2)NC[C@@H](O)c1ccccc1
3247,1,O=C(Cc1csc(-n2cccc2)n1)N1CCCC[C@H]1c1cccnc1,O=C(Cc1csc(-n2cccc2)n1)N1CCCC[C@H]1c1cccnc1
3248,0,O=C(NCCCc1ccc(F)cc1)c1ccc([C@H]2SCC(=O)N2Cc2ccccc2)cc1,O=C(NCCCc1ccc(F)cc1)c1ccc([C@H]2SCC(=O)N2Cc2ccccc2)cc1
3249,1,O=C(NCCSCc1ccccc1)/C(=C/c1ccco1)c1ccccc1,O=C(NCCSCc1ccccc1)/C(=C/c1ccco1)c1ccccc1
3250,1,O=C(NCCSc1ccc(Cl)cc1)/C(=C/c1ccco1)c1ccccc1,O=C(NCCSc1ccc(Cl)cc1)/C(=C/c1ccco1)c1ccccc1
3251,1,O=C(N[C@@H](Cc1ccccn1)C1CC(O)C1)c1n[nH]c2ccccc12,O=C(N[C@@H](Cc1ccccn1)C1CC(O)C1)c1n[nH]c2ccccc12
3252,0,O=C(N[C@@H](c1ccccn1)C1CC(O)C1)c1ncoc1C1CC1,O=C(N[C@@H](c1ccccn1)C1CC(O)C1)c1ncoc1C1CC1
3253,1,O=C(Nc1ccc(OC2CCCC2)cc1)c1cc2c(ccc3ccccc32)o1,O=C(Nc1ccc(OC2CCCC2)cc1)c1cc2c(ccc3ccccc32)o1
3254,0,O=C(O)CC[C@@]1(CCC(=O)NCc2cc3cc(F)ccc3[nH]2)CCC(=O)N1,O=C(O)CC[C@@]1(CCC(=O)NCc2cc3cc(F)ccc3[nH]2)CCC(=O)N1
3255,1,O=C(O)CC[C@]1(CCC(=O)NCc2cc3cc(F)ccc3[nH]2)CCC(=O)N1,O=C(O)CC[C@]1(CCC(=O)NCc2cc3cc(F)ccc3[nH]2)CCC(=O)N1
3256,0,O=C(O)[C@H]1C[C@H]1S(=O)(=O)c1ccc(Cl)cc1,O=C(O)[C@H]1C[C@H]1S(=O)(=O)c1ccc(Cl)cc1
3257,0,O=C(c1cc(-c2ccc(Br)s2)[nH]n1)N1C[C@@H]2C[C@H](C1)c1cccc(=O)n1C2,O=C(c1cc(-c2ccc(Br)s2)[nH]n1)N1C[C@@H]2C[C@H](C1)c1cccc(=O)n1C2
3258,1,O=C(c1ccc(CSc2ccccn2)cc1)N1CCC[C@H]1c1ccccn1,O=C(c1ccc(CSc2ccccn2)cc1)N1CCC[C@H]1c1ccccn1
3259,0,O=C(c1cccc(-c2ccco2)c1)N(Cc1ccccn1)C[C@@H]1CCCO1,O=C(c1cccc(-c2ccco2)c1)N(Cc1ccccn1)C[C@@H]1CCCO1
3260,1,O=C(c1cccc(OC(F)F)c1)N1CCn2nc([C@@H](O)C3CC3)cc2C1,O=C(c1cccc(OC(F)F)c1)N1CCn2nc([C@@H](O)C3CC3)cc2C1
3261,1,O=C1CCC(C(=O)N[C@@H](c2ccc(F)cc2)C2CC(O)C2)=NN1,O=C1CCC(C(=O)N[C@@H](c2ccc(F)cc2)C2CC(O)C2)=NN1
3262,0,O=C1C[C@@H](c2cccnc2)c2c(ccc3c2OC2(CCCCC2)CC3=O)O1,O=C1C[C@@H](c2cccnc2)c2c(ccc3c2OC2(CCCCC2)CC3=O)O1
3263,1,O=C[C@@H]1[C@@H](S(=O)(=O)c2ccc(Cl)cc2)[C@H]1c1ccccc1,O=C[C@H]1[C@H](c2ccccc2)[C@@H]1S(=O)(=O)c1ccc(Cl)cc1
3264,1,OC1CCN(c2ccnc(N[C@H](c3ccccn3)C3CC(O)C3)n2)CC1,OC1CCN(c2ccnc(N[C@H](c3ccccn3)C3CC(O)C3)n2)CC1
3265,1,C#CC(O)(C=CCl)CC,C#CC(O)(C=CCl)CC
3266,1,C#CC1(O)CCC2C3CCC4=Cc5c(cnn5-c5ccc(F)cc5)CC4(C)C3CCC21C,C#CC1(O)CCC2C3CCC4=Cc5c(cnn5-c5ccc(F)cc5)CC4(C)C3CCC21C
3267,1,C#CCN(C)C(C)Cc1ccccc1,C#CCN(C)C(C)Cc1ccccc1
3268,1,C1=C(CC2=NCCN2)CCc2ccccc21,C1=C(CC2=NCCN2)CCc2ccccc21
3269,1,C1=CCC2=C3C(=NC2=C1)CCNC3Cc1ccccc1,C1=CCC2=C3C(=NC2=C1)CCNC3Cc1ccccc1
3270,1,C=C1CC(C)C2C3Cc4ccc(O)cc4C2(CCN3CC2CCC2)C1,C=C1CC(C)C2C3Cc4ccc(O)cc4C2(CCN3CC2CCC2)C1
3271,1,C=C1CC2C3C=CC4=CC(=O)CCC4(C)C3C(O)CC2(C)C1(O)C(=O)CO,C=C1CC2C3C=CC4=CC(=O)CCC4(C)C3C(O)CC2(C)C1(O)C(=O)CO
3272,0,C=C1c2cccc(O)c2C(O)=C2C(=O)C3(O)C(O)=C(C(N)=O)C(=O)C(N(C)C)C3C(O)C12,C=C1c2cccc(O)c2C(O)=C2C(=O)C3(O)C(O)=C(C(N)=O)C(=O)C(N(C)C)C3C(O)C12
3273,0,C=CC1=C(C(=O)O)N2C(=O)C(NC(=O)C(=NO)c3csc(N)n3)C2SC1,C=CC1=C(C(=O)O)N2C(=O)C(NC(=O)C(=NO)c3csc(N)n3)C2SC1
3274,0,C=CC1=C(C(=O)O)N2C(=O)C(NC(=O)C(=NOCC(=O)O)c3csc(N)n3)C2SC1,C=CC1=C(C(=O)O)N2C(=O)C(NC(=O)C(=NOCC(=O)O)c3csc(N)n3)C2SC1
3275,1,C=CC1OC2CC3C4CCC5=CC(=O)C=CC5(C)C4(F)C(O)CC3(C)C2(C(=O)CO)O1,C=CC1OC2CC3C4CCC5=CC(=O)C=CC5(C)C4(F)C(O)CC3(C)C2(C(=O)CO)O1
3276,1,C=CCN1CC(C(=O)N(CCCN(C)C)C(=O)NCC)CC2c3cccc4[nH]cc(c34)CC21,C=CCN1CC(C(=O)N(CCCN(C)C)C(=O)NCC)CC2c3cccc4[nH]cc(c34)CC21
3277,1,C=CCN1CCC23CCCCC2C1Cc1ccc(O)cc13,C=CCN1CCC23CCCCC2C1Cc1ccc(O)cc13
3278,1,C=CCN1CCC23c4c5ccc(O)c4OC2C(=O)CCC3(O)C1C5,C=CCN1CCC23c4c5ccc(O)c4OC2C(=O)CCC3(O)C1C5
3279,1,C=CCN1CCC23c4c5ccc(O)c4OC2C2(OC)C=CC3(CC2C(C)(O)CCC)C1C5,C=CCN1CCC23c4c5ccc(O)c4OC2C2(OC)C=CC3(CC2C(C)(O)CCC)C1C5
3280,0,CC#CC1(O)CCC2C3CCC4=CC(=O)CCC4=C3C(c3ccc(N(C)C)cc3)CC21C,CC#CC1(O)CCC2C3CCC4=CC(=O)CCC4=C3C(c3ccc(N(C)C)cc3)CC21C
3281,1,CC(=C(CCO)SSCC1CCCO1)N(C=O)Cc1cnc(C)nc1N,CC(=C(CCO)SSCC1CCCO1)N(C=O)Cc1cnc(C)nc1N
3282,1,CC(=C(CCOC(=O)c1ccccc1)SC(=O)c1ccccc1)N(C=O)Cc1cnc(C)nc1N,CC(=C(CCOC(=O)c1ccccc1)SC(=O)c1ccccc1)N(C=O)Cc1cnc(C)nc1N
3283,1,CC(=C(CCOC(=O)c1ccccc1)SSC(CCOC(=O)c1ccccc1)=C(C)N(C=O)Cc1cnc(C)nc1N)N(C=O)Cc1cnc(C)nc1N,CC(=C(CCOC(=O)c1ccccc1)SSC(CCOC(=O)c1ccccc1)=C(C)N(C=O)Cc1cnc(C)nc1N)N(C=O)Cc1cnc(C)nc1N
3284,1,CC(=C1CCOC(=O)S1)N(C=O)Cc1cnc(C)nc1N,CC(=C1CCOC(=O)S1)N(C=O)Cc1cnc(C)nc1N
3285,0,CC(=O)C1(N)Cc2c(O)c3c(c(O)c2C(OC2CC(O)C(O)CO2)C1)C(=O)c1ccccc1C3=O,CC(=O)C1(N)Cc2c(O)c3c(c(O)c2C(OC2CC(O)C(O)CO2)C1)C(=O)c1ccccc1C3=O
3286,1,CC(=O)C1(O)C(C)CC2C3CCC4=CC(=O)C=CC4(C)C3(F)C(O)CC21C,CC(=O)C1(O)C(C)CC2C3CCC4=CC(=O)C=CC4(C)C3(F)C(O)CC21C
3287,1,CC(=O)C1(O)C(O)CC2C3CCC4=CC(=O)CCC4(C)C3CCC21C,CC(=O)C1(O)C(O)CC2C3CCC4=CC(=O)CCC4(C)C3CCC21C
3288,1,CC(=O)C1(O)CCC2C3CC(C)C4=CC(=O)C=CC4(C)C3(F)C(O)CC21C,CC(=O)C1(O)CCC2C3CC(C)C4=CC(=O)C=CC4(C)C3(F)C(O)CC21C
3289,0,CC(=O)C1(O)Cc2c(O)c3c(c(O)c2C(OC2CC(N)C(O)C(C)O2)C1)C(=O)c1c(O)cccc1C3=O,CC(=O)C1(O)Cc2c(O)c3c(c(O)c2C(OC2CC(N)C(O)C(C)O2)C1)C(=O)c1c(O)cccc1C3=O
3290,0,CC(=O)C1(O)Cc2c(O)c3c(c(O)c2C(OC2CC(N)C(O)C(C)O2)C1)C(=O)c1ccccc1C3=O,CC(=O)C1(O)Cc2c(O)c3c(c(O)c2C(OC2CC(N)C(O)C(C)O2)C1)C(=O)c1ccccc1C3=O
3291,0,CC(=O)C1=C(O)C2(O)C(=O)c3c(c(C)c4ccc(C)c(O)c4c3O)CC2C(N)C1=O,CC(=O)C1=C(O)C2(O)C(=O)c3c(c(C)c4ccc(C)c(O)c4c3O)CC2C(N)C1=O
3292,1,CC(=O)C1CCC2C3CCC4CC(C)(O)CCC4(C)C3CCC12C,CC(=O)C1CCC2C3CCC4CC(C)(O)CCC4(C)C3CCC12C
3293,1,CC(=O)C1CCC2C3CCC4CC(O)CCC4(C)C3CCC12C,CC(=O)C1CCC2C3CCC4CC(O)CCC4(C)C3CCC12C
3294,1,CC(=O)CC(=O)C1(O)CCC2C3CCC4=CC(=O)C=CC4(C)C3(Cl)C(Cl)CC21C,CC(=O)CC(=O)C1(O)CCC2C3CCC4=CC(=O)C=CC4(C)C3(Cl)C(Cl)CC21C
3295,1,CC(=O)CC(=O)C12OC(C)(C)OC1CC1C3CC(C#N)=C4C=C(OCCCl)CCC4(C)C3(F)C(O)CC12C,CC(=O)CC(=O)C12OC(C)(C)OC1CC1C3CC(C#N)=C4C=C(OCCCl)CCC4(C)C3(F)C(O)CC12C
3296,0,CC(=O)N1CCN(C(=O)Cc2cc(F)cc(F)c2)C(CN2CCC(O)C2)C1,CC(=O)N1CCN(C(=O)Cc2cc(F)cc(F)c2)C(CN2CCC(O)C2)C1
3297,0,CC(=O)N1CCN(C(=O)Cc2ccc(C(F)(F)F)cc2)C(CN2CCC(O)C2)C1,CC(=O)N1CCN(C(=O)Cc2ccc(C(F)(F)F)cc2)C(CN2CCC(O)C2)C1
3298,1,CC(=O)N1CCN(C(=O)Cc2ccc(Cl)c(Cl)c2)C(CN2CCCC2)C1,CC(=O)N1CCN(C(=O)Cc2ccc(Cl)c(Cl)c2)C(CN2CCCC2)C1
3299,0,CC(=O)N1CCN(C(=O)Cc2ccc([N+](=O)[O-])cc2)C(CN2CCC(O)C2)C1,CC(=O)N1CCN(C(=O)Cc2ccc([N+](=O)[O-])cc2)C(CN2CCC(O)C2)C1
3300,0,CC(=O)N1CCN(C(=O)Cc2ccc([S+](C)[O-])cc2)C(CN2CCC(O)C2)C1,CC(=O)N1CCN(C(=O)Cc2ccc([S+](C)[O-])cc2)C(CN2CCC(O)C2)C1
3301,0,CC(=O)N1CCN(C(=O)Cc2cccc([N+](=O)[O-])c2)C(CN2CCC(O)C2)C1,CC(=O)N1CCN(C(=O)Cc2cccc([N+](=O)[O-])c2)C(CN2CCC(O)C2)C1
3302,1,CC(=O)NCCCC(NC(C)=O)C(=O)O,CC(=O)NCCCC(NC(C)=O)C(=O)O
3303,1,CC(=O)OC1(C(C)=O)CCC2C3CC(C)C4=CC(=O)C=CC4(C)C3(F)C(O)CC21C,CC(=O)OC1(C(C)=O)CCC2C3CC(C)C4=CC(=O)C=CC4(C)C3(F)C(O)CC21C
3304,0,CC(=O)OC12COC1CC(O)C1(C)C(=O)C(O)C3=C(C)C(OC(=O)C(O)C(NC(=O)OC(C)(C)C)c4ccccc4)CC(O)(C(OC(=O)c4ccccc4)C21)C3(C)C,CC(=O)OC12COC1CC(O)C1(C)C(=O)C(O)C3=C(C)C(OC(=O)C(O)C(NC(=O)OC(C)(C)C)c4ccccc4)CC(O)(C(OC(=O)c4ccccc4)C21)C3(C)C
3305,0,CC(=O)OC1C=CC(C)=CCC(O)C=CC(C)=CC(NC(=O)C(C)=O)C2(C)C(=O)OC(C1)C(C)C2=O,CC(=O)OC1C=CC(C)=CCC(O)C=CC(C)=CC(NC(=O)C(C)=O)C2(C)C(=O)OC(C1)C(C)C2=O
3306,0,CC(=O)OC1CC2(C)C(CC(O)C3C4(C)CCC(O)C(C)C4CCC32C)C1=C(CCC=C(C)C)C(=O)O,CC(=O)OC1CC2(C)C(CC(O)C3C4(C)CCC(O)C(C)C4CCC32C)C1=C(CCC=C(C)C)C(=O)O
3307,1,CC(=O)OC1CC2C(COC(=O)CC(C)C)=COC(OC(=O)CC(C)C)C2C12CO2,CC(=O)OC1CC2C(COC(=O)CC(C)C)=COC(OC(=O)CC(C)C)C2C12CO2
3308,1,CC(=O)OC1CCC2(C)C3CCC4(C)C(C(C)CCCC(C)C)CCC4C3CC(Br)C2(Br)C1,CC(=O)OC1CCC2(C)C3CCC4(C)C(C(C)CCCC(C)C)CCC4C3CC(Br)C2(Br)C1
3309,1,CC(=O)OCC(=O)C1(O)C(C)CC2C3C=C(C)C4=Cc5c(cnn5-c5ccccc5)CC4(C)C3C(O)CC21C,CC(=O)OCC(=O)C1(O)C(C)CC2C3C=C(C)C4=Cc5c(cnn5-c5ccccc5)CC4(C)C3C(O)CC21C
3310,1,CC(=O)OCC(=O)C1(O)C(C)CC2C3CC(F)C4=CC(=O)C=CC4(C)C3C(O)CC21C,CC(=O)OCC(=O)C1(O)C(C)CC2C3CC(F)C4=CC(=O)C=CC4(C)C3C(O)CC21C
3311,1,CC(=O)OCC(=O)C1(O)C(C)CC2C3CCC4=CC(=O)C=CC4(C)C3(F)C(O)CC21C,CC(=O)OCC(=O)C1(O)C(C)CC2C3CCC4=CC(=O)C=CC4(C)C3(F)C(O)CC21C
3312,1,CC(=O)OCC(=O)C1(O)CCC2C3CC(C)C4=CC(=O)C=CC4(C)C3C(O)CC21C,CC(=O)OCC(=O)C1(O)CCC2C3CC(C)C4=CC(=O)C=CC4(C)C3C(O)CC21C
3313,1,CC(=O)OCC(=O)C1(O)CCC2C3CC(Cl)C4=CC(=O)C=CC4(C)C3C(=O)CC21C,CC(=O)OCC(=O)C1(O)CCC2C3CC(Cl)C4=CC(=O)C=CC4(C)C3C(=O)CC21C
3314,1,CC(=O)OCC(=O)C1(O)CCC2C3CCC4=CC(=O)C=CC4(C)C3(F)C(O)CC21C,CC(=O)OCC(=O)C1(O)CCC2C3CCC4=CC(=O)C=CC4(C)C3(F)C(O)CC21C
3315,1,CC(=O)OCC(=O)C1(O)CCC2C3CCC4=CC(=O)CCC4(C)C3(F)C(O)CC21C,CC(=O)OCC(=O)C1(O)CCC2C3CCC4=CC(=O)CCC4(C)C3(F)C(O)CC21C
3316,1,CC(=O)OCC(=O)C1(O)CCC2C3CCC4=CC(=O)CCC4(C)C3C(=O)CC21C,CC(=O)OCC(=O)C1(O)CCC2C3CCC4=CC(=O)CCC4(C)C3C(=O)CC21C
3317,1,CC(=O)OCC(=O)C1(OC(=O)C(C)C)C(C)CC2C3CCC4=CC(=O)C=CC4(C)C3(F)C(O)CC21C,CC(=O)OCC(=O)C1(OC(=O)C(C)C)C(C)CC2C3CCC4=CC(=O)C=CC4(C)C3(F)C(O)CC21C
3318,1,CC(=O)OCC(=O)C1(OC(=O)c2ccco2)C(C)CC2C3CCC4=CC(=O)C=CC4(C)C3(F)C(O)CC21C,CC(=O)OCC(=O)C1(OC(=O)c2ccco2)C(C)CC2C3CCC4=CC(=O)C=CC4(C)C3(F)C(O)CC21C
3319,1,CC(=O)OCC(=O)C1(OC(C)=O)C(C)CC2C3CC(F)C4=CC(=O)C=CC4(C)C3(F)C(O)CC21C,CC(=O)OCC(=O)C1(OC(C)=O)C(C)CC2C3CC(F)C4=CC(=O)C=CC4(C)C3(F)C(O)CC21C
3320,1,CC(=O)OCC(=O)C1(OC(C)=O)CCC2C3CC(F)C4=CC(=O)C(Br)=CC4(C)C3(F)C(O)CC21C,CC(=O)OCC(=O)C1(OC(C)=O)CCC2C3CC(F)C4=CC(=O)C(Br)=CC4(C)C3(F)C(O)CC21C
3321,1,CC(=O)OCC(=O)C12N=C(C)OC1CC1C3CCC4=CC(=O)C=CC4(C)C3(F)C(O)CC12C,CC(=O)OCC(=O)C12N=C(C)OC1CC1C3CCC4=CC(=O)C=CC4(C)C3(F)C(O)CC12C
3322,1,CC(=O)OCC(=O)C12N=C(C)OC1CC1C3CCC4=CC(=O)C=CC4(C)C3C(O)CC12C,CC(=O)OCC(=O)C12N=C(C)OC1CC1C3CCC4=CC(=O)C=CC4(C)C3C(O)CC12C
3323,1,CC(=O)OCC(=O)C12OC(C)(C)OC1CC1C3CC(F)C4=CC(=O)C=CC4(C)C3(F)C(O)CC12C,CC(=O)OCC(=O)C12OC(C)(C)OC1CC1C3CC(F)C4=CC(=O)C=CC4(C)C3(F)C(O)CC12C
3324,1,CC(=O)OCC(=O)C12OC(C)(C)OC1CC1C3CC(F)C4=CC(=O)C=CC4(C)C3C(O)CC12C,CC(=O)OCC(=O)C12OC(C)(C)OC1CC1C3CC(F)C4=CC(=O)C=CC4(C)C3C(O)CC12C
3325,1,CC(=O)OCC(=O)C12OC3(CCCC3)OC1CC1C3CCC4=CC(=O)C=CC4(C)C3(F)C(O)CC12C,CC(=O)OCC(=O)C12OC3(CCCC3)OC1CC1C3CCC4=CC(=O)C=CC4(C)C3(F)C(O)CC12C
3326,1,CC(=O)OCC(=O)C1C(C)CC2C3CC(F)C4=CC(=O)C=CC4(C)C3(Cl)C(O)CC21C,CC(=O)OCC(=O)C1C(C)CC2C3CC(F)C4=CC(=O)C=CC4(C)C3(Cl)C(O)CC21C
3327,0,CC(=O)OCC1=C(C(=O)O)N2C(=O)C(NC(=O)C(N)c3ccccc3)C2SC1,CC(=O)OCC1=C(C(=O)O)N2C(=O)C(NC(=O)C(N)c3ccccc3)C2SC1
3328,0,CC(=O)OCC1=C(C(=O)O)N2C(=O)C(NC(=O)CSc3ccncc3)C2SC1,CC(=O)OCC1=C(C(=O)O)N2C(=O)C(NC(=O)CSc3ccncc3)C2SC1
3329,0,CC(=O)OCC1=C(C(=O)O)N2C(=O)C(NC(=O)Cc3ccccc3)C2SC1,CC(=O)OCC1=C(C(=O)O)N2C(=O)C(NC(=O)Cc3ccccc3)C2SC1
3330,0,CC(=O)OCC1=C(C(=O)O)N2C(=O)C(NC(=O)Cc3cccs3)C2SC1,CC(=O)OCC1=C(C(=O)O)N2C(=O)C(NC(=O)Cc3cccs3)C2SC1
3331,0,CC(=O)OCC1=C(C(=O)O)N2C(=O)C(NC(=O)c3c(-c4ccccc4Cl)noc3C)C2SC1,CC(=O)OCC1=C(C(=O)O)N2C(=O)C(NC(=O)c3c(-c4ccccc4Cl)noc3C)C2SC1
3332,1,CC(=O)OCC1=COC(OC(=O)CC(C)(C)OC(C)=O)C2C1=CC(OC(=O)CC(C)C)C21CO1,CC(=O)OCC1=COC(OC(=O)CC(C)(C)OC(C)=O)C2C1=CC(OC(=O)CC(C)C)C21CO1
3333,1,CC(=O)OCC1=COC(OC(=O)CC(C)C)C2C1=CC(OC(=O)CC(C)C)C21CO1,CC(=O)OCC1=COC(OC(=O)CC(C)C)C2C1=CC(OC(=O)CC(C)C)C21CO1
3334,1,CC(=O)OCCC(SC(C)=O)=C(C)N(C=O)Cc1cnc(C)nc1N,CC(=O)OCCC(SC(C)=O)=C(C)N(C=O)Cc1cnc(C)nc1N
3335,1,CC(=O)Oc1ccc2c3c1OC1C(OC(C)=O)C=CC4C(C2)N(C)CCC341,CC(=O)Oc1ccc2c3c1OC1C(OC(C)=O)C=CC4C(C2)N(C)CCC341
3336,0,CC(C)(C)C(=O)OCOC(=O)C1N2C(=O)C(N=CN3CCCCCC3)C2SC1(C)C,CC(C)(C)C(=O)OCOC(=O)C1N2C(=O)C(N=CN3CCCCCC3)C2SC1(C)C
3337,0,CC(C)(C)C(=O)OCOC(=O)C1N2C(=O)C(NC(=O)C(N)c3ccccc3)C2SC1(C)C,CC(C)(C)C(=O)OCOC(=O)C1N2C(=O)C(NC(=O)C(N)c3ccccc3)C2SC1(C)C
3338,1,CC(C)(C)C(=O)SCC(=O)C1(O)CCC2C3CCC4=CC(=O)CCC4(C)C3C(O)CC21C,CC(C)(C)C(=O)SCC(=O)C1(O)CCC2C3CCC4=CC(=O)CCC4(C)C3C(O)CC21C
3339,1,CC(C)(C)C(O)C=Cc1ccc2c(c1)OCO2,CC(C)(C)C(O)C=Cc1ccc2c(c1)OCO2
3340,1,CC(C)(C)C1(O)CCN2CC3c4ccccc4CCc4cccc(c43)C2C1,CC(C)(C)C1(O)CCN2CC3c4ccccc4CCc4cccc(c43)C2C1
3341,1,CC(C)(C)CC(=O)OCC(=O)C1(O)CCC2C3CCC4=CC(=O)C=CC4(C)C3C(O)CC21C,CC(C)(C)CC(=O)OCC(=O)C1(O)CCC2C3CCC4=CC(=O)C=CC4(C)C3C(O)CC21C
3342,1,CC(C)(CO)C(O)C(=O)NCCCC(=O)O,CC(C)(CO)C(O)C(=O)NCCCC(=O)O
3343,0,CC(C)(Oc1ccc(Cl)cc1)C(=O)NC(C(=O)NC1C(=O)N2C1SC(C)(C)C2C(=O)O)c1ccccc1,CC(C)(Oc1ccc(Cl)cc1)C(=O)NC(C(=O)NC1C(=O)N2C1SC(C)(C)C2C(=O)O)c1ccccc1
3344,0,CC(C)(Oc1ccccc1)C(=O)NC1C(=O)N2C1SC(C)(C)C2C(=O)O,CC(C)(Oc1ccccc1)C(=O)NC1C(=O)N2C1SC(C)(C)C2C(=O)O
3345,1,CC(C)C(=O)OCC(=O)C12OC(C3CCCCC3)OC1CC1C3CCC4=CC(=O)C=CC4(C)C3C(O)CC12C,CC(C)C(=O)OCC(=O)C12OC(C3CCCCC3)OC1CC1C3CCC4=CC(=O)C=CC4(C)C3C(O)CC12C
3346,0,CC(C)C(=O)OCc1cccc(OC(=O)C2N3C(=O)C(NC(=O)Cc4ccccc4)C3SC2(C)C)c1,CC(C)C(=O)OCc1cccc(OC(=O)C2N3C(=O)C(NC(=O)Cc4ccccc4)C3SC2(C)C)c1
3347,1,CC(C)C(CN1CCCC1)N(C)C(=O)Cc1ccc(Cl)c(Cl)c1,CC(C)C(CN1CCCC1)N(C)C(=O)Cc1ccc(Cl)c(Cl)c1
3348,1,CC(C)C1(O)CCN2CC3c4ccccc4CCc4cccc(c43)C2C1,CC(C)C1(O)CCN2CC3c4ccccc4CCc4cccc(c43)C2C1
3349,0,CC(C)CC(N)C(=O)NC(CCCN)C(=O)NC(C(=O)NC(CCCN)C(=O)N1CCCC1C(=O)NC(C=O)Cc1ccccc1)C(C)C,CC(C)CC(N)C(=O)NC(CCCN)C(=O)NC(C(=O)NC(CCCN)C(=O)N1CCCC1C(=O)NC(C=O)Cc1ccccc1)C(C)C
3350,0,CC(C)CC(OC(=O)c1ccco1)C(=O)NC1C(=O)N2C1SC(C)(C)C2C(=O)O,CC(C)CC(OC(=O)c1ccco1)C(=O)NC1C(=O)N2C1SC(C)(C)C2C(=O)O
3351,1,CC(C)N1CCOC(c2cccc(C(F)(F)F)c2)C1,CC(C)N1CCOC(c2cccc(C(F)(F)F)c2)C1
3352,1,CC(C)n1cc2c3c(cccc31)C1CC(C(=O)NC3CCCCC3)CN(C)C1C2,CC(C)n1cc2c3c(cccc31)C1CC(C(=O)NC3CCCCC3)CN(C)C1C2
3353,0,CC(CN1CC(=O)NC(=O)C1)N1CC(=O)NC(=O)C1,CC(CN1CC(=O)NC(=O)C1)N1CC(=O)NC(=O)C1
3354,1,CC(CNC(=O)c1ccccc1)C(=O)OCC(=O)C12OC(C)(C)OC1CC1C3CCC4=CC(=O)C=CC4(C)C3(F)C(O)CC12C,CC(CNC(=O)c1ccccc1)C(=O)OCC(=O)C12OC(C)(C)OC1CC1C3CCC4=CC(=O)C=CC4(C)C3(F)C(O)CC12C
3355,0,CC(N)C(O)c1cccc(O)c1,CC(N)C(O)c1cccc(O)c1
3356,0,CC(N)Cc1ccc(O)cc1,CC(N)Cc1ccc(O)cc1
3357,0,CC(O)C1C(=O)N2C(C(=O)O)=C(C3CCCO3)SC12,CC(O)C1C(=O)N2C(C(=O)O)=C(C3CCCO3)SC12
3358,0,CC(O)C1C(=O)N2C(C(=O)O)=C(COC(N)=O)SC12,CC(O)C1C(=O)N2C(C(=O)O)=C(COC(N)=O)SC12
3359,0,CC(O)C1C(=O)N2C(C(=O)O)=C(F)SC12,CC(O)C1C(=O)N2C(C(=O)O)=C(F)SC12
3360,0,CC(O)C1C(=O)N2C(C(=O)O)=C(SC3CNC(C(=O)N(C)C)C3)C(C)C12,CC(O)C1C(=O)N2C(C(=O)O)=C(SC3CNC(C(=O)N(C)C)C3)C(C)C12
3361,0,CC(O)C1C(=O)N2C(C(=O)O)=C(SCCN=CN)CC12,CC(O)C1C(=O)N2C(C(=O)O)=C(SCCN=CN)CC12
3362,0,CC1(C)C(NCC(=NOCC(=O)O)c2csc(N)n2)C(=O)N1OS(=O)(=O)O,CC1(C)C(NCC(=NOCC(=O)O)c2csc(N)n2)C(=O)N1OS(=O)(=O)O
3363,1,CC1(C)CCN(C(=O)Cc2ccc(Cl)c(Cl)c2)C(CN2CCCC2)C1,CC1(C)CCN(C(=O)Cc2ccc(Cl)c(Cl)c2)C(CN2CCCC2)C1
3364,1,CC1(C)NC(=O)C(C=Cc2ccccc2)O1,CC1(C)NC(=O)C(C=Cc2ccccc2)O1
3365,1,CC1(C)OC2CC3C4CC(F)C5=CC(=O)C=CC5(C)C4(Cl)C(Cl)CC3(C)C2(C(=O)CCl)O1,CC1(C)OC2CC3C4CC(F)C5=CC(=O)C=CC5(C)C4(Cl)C(Cl)CC3(C)C2(C(=O)CCl)O1
3366,1,CC1(C)OC2CC3C4CC(F)C5=CC(=O)C=CC5(C)C4(Cl)C(Cl)CC3(C)C2(C(=O)CF)O1,CC1(C)OC2CC3C4CC(F)C5=CC(=O)C=CC5(C)C4(Cl)C(Cl)CC3(C)C2(C(=O)CF)O1
3367,1,CC1(C)OC2CC3C4CC(F)C5=CC(=O)C=CC5(C)C4(Cl)C(Cl)CC3(C)C2(C(=O)CO)O1,CC1(C)OC2CC3C4CC(F)C5=CC(=O)C=CC5(C)C4(Cl)C(Cl)CC3(C)C2(C(=O)CO)O1
3368,1,CC1(C)OC2CC3C4CC(F)C5=CC(=O)C=CC5(C)C4(F)C(O)CC3(C)C2(C(=O)COC(=O)C2CC2)O1,CC1(C)OC2CC3C4CC(F)C5=CC(=O)C=CC5(C)C4(F)C(O)CC3(C)C2(C(=O)COC(=O)C2CC2)O1
3369,1,CC1(C)OC2CC3C4CC(F)C5=CC(=O)C=CC5(C)C4C(O)CC3(C)C2(C(=O)CO)O1,CC1(C)OC2CC3C4CC(F)C5=CC(=O)C=CC5(C)C4C(O)CC3(C)C2(C(=O)CO)O1
3370,1,CC1(C)OC2CC3C4CC(F)C5=CC(=O)CCC5(C)C4C(O)CC3(C)C2(C(=O)CO)O1,CC1(C)OC2CC3C4CC(F)C5=CC(=O)CCC5(C)C4C(O)CC3(C)C2(C(=O)CO)O1
3371,1,CC1(C)OC2CC3C4CC5=CC(=O)C=CC5(C)C4(F)C(O)CC3(C)C2(C(=O)COC(=O)c2cc3ccccc3o2)O1,CC1(C)OC2CC3C4CC5=CC(=O)C=CC5(C)C4(F)C(O)CC3(C)C2(C(=O)COC(=O)c2cc3ccccc3o2)O1
3372,1,CC1(C)OC2CC3C4CCC5=CC(=O)C=CC5(C)C4(F)C(O)CC3(C)C2(C(=O)CO)O1,CC1(C)OC2CC3C4CCC5=CC(=O)C=CC5(C)C4(F)C(O)CC3(C)C2(C(=O)CO)O1
3373,1,CC1(C)OC2CC3C4CCC5=CC(=O)C=CC5(C)C4C(O)CC3(C)C2(C(=O)CO)O1,CC1(C)OC2CC3C4CCC5=CC(=O)C=CC5(C)C4C(O)CC3(C)C2(C(=O)CO)O1
3374,1,CC1(C)OC2CC3C4CCC5=CC(=O)CCC5(C)C4(F)C(O)CC3(C)C2(C(=O)CCl)O1,CC1(C)OC2CC3C4CCC5=CC(=O)CCC5(C)C4(F)C(O)CC3(C)C2(C(=O)CCl)O1
3375,1,CC1(C)OC2CC3C4CCC5CC(=O)CCC5(C)C4(F)C(O)CC3(C)C2(C(=O)CO)O1,CC1(C)OC2CC3C4CCC5CC(=O)CCC5(C)C4(F)C(O)CC3(C)C2(C(=O)CO)O1
3376,1,CC1(C)OC2COC3(COS(N)(=O)=O)OC(C)(C)OC3C2O1,CC1(C)OC2COC3(COS(N)(=O)=O)OC(C)(C)OC3C2O1
3377,0,CC1(C)SC2C(N3C(=O)C(c4ccccc4)NC3(C)C)C(=O)N2C1C(=O)O,CC1(C)SC2C(N3C(=O)C(c4ccccc4)NC3(C)C)C(=O)N2C1C(=O)O
3378,0,CC1(C)SC2C(N=CN3CCCCCC3)C(=O)N2C1C(=O)O,CC1(C)SC2C(N=CN3CCCCCC3)C(=O)N2C1C(=O)O
3379,0,CC1(C)SC2C(NC(=O)C(C(=O)Oc3ccc4c(c3)CCC4)c3ccccc3)C(=O)N2C1C(=O)O,CC1(C)SC2C(NC(=O)C(C(=O)Oc3ccc4c(c3)CCC4)c3ccccc3)C(=O)N2C1C(=O)O
3380,0,CC1(C)SC2C(NC(=O)C(C(=O)Oc3ccccc3)c3ccccc3)C(=O)N2C1C(=O)O,CC1(C)SC2C(NC(=O)C(C(=O)Oc3ccccc3)c3ccccc3)C(=O)N2C1C(=O)O
3381,0,CC1(C)SC2C(NC(=O)C(N)C3=CCC=CC3)C(=O)N2C1C(=O)O,CC1(C)SC2C(NC(=O)C(N)C3=CCC=CC3)C(=O)N2C1C(=O)O
3382,0,CC1(C)SC2C(NC(=O)C(N)c3ccc(O)cc3)C(=O)N2C1C(=O)O,CC1(C)SC2C(NC(=O)C(N)c3ccc(O)cc3)C(=O)N2C1C(=O)O
3383,0,CC1(C)SC2C(NC(=O)C(N)c3ccccc3)C(=O)N2C1C(=O)O,CC1(C)SC2C(NC(=O)C(N)c3ccccc3)C(=O)N2C1C(=O)O
3384,0,CC1(C)SC2C(NC(=O)C(NC(=O)CN=C(N)c3ccncc3)c3ccccc3)C(=O)N2C1C(=O)O,CC1(C)SC2C(NC(=O)C(NC(=O)CN=C(N)c3ccncc3)c3ccccc3)C(=O)N2C1C(=O)O
3385,0,CC1(C)SC2C(NC(=O)C(NC(=O)Cc3ccc(C4=NCCCN4)cc3)c3ccccc3)C(=O)N2C1C(=O)O,CC1(C)SC2C(NC(=O)C(NC(=O)Cc3ccc(C4=NCCCN4)cc3)c3ccccc3)C(=O)N2C1C(=O)O
3386,0,CC1(C)SC2C(NC(=O)C(NC(=O)N3CCN(S(C)(=O)=O)C3=O)c3ccccc3)C(=O)N2C1C(=O)O,CC1(C)SC2C(NC(=O)C(NC(=O)N3CCN(S(C)(=O)=O)C3=O)c3ccccc3)C(=O)N2C1C(=O)O
3387,0,CC1(C)SC2C(NC(=O)C(NC(=O)Nc3cnc(Nc4ccc(S(N)(=O)=O)cc4)[nH]c3=O)c3ccc(O)cc3)C(=O)N2C1C(=O)O,CC1(C)SC2C(NC(=O)C(NC(=O)Nc3cnc(Nc4ccc(S(N)(=O)=O)cc4)[nH]c3=O)c3ccc(O)cc3)C(=O)N2C1C(=O)O
3388,0,CC1(C)SC2C(NC(=O)C(NC(=O)c3c[nH]c4cccnc4c3=O)c3ccccc3)C(=O)N2C1C(=O)O,CC1(C)SC2C(NC(=O)C(NC(=O)c3c[nH]c4cccnc4c3=O)c3ccccc3)C(=O)N2C1C(=O)O
3389,0,CC1(C)SC2C(NC(=O)C(NC(=O)c3ccc(-c4ccc(S(=O)(=O)N(CCO)CCO)cc4)[nH]c3=O)c3ccc(O)cc3)C(=O)N2C1C(=O)O,CC1(C)SC2C(NC(=O)C(NC(=O)c3ccc(-c4ccc(S(=O)(=O)N(CCO)CCO)cc4)[nH]c3=O)c3ccc(O)cc3)C(=O)N2C1C(=O)O
3390,0,CC1(C)SC2C(NC(=O)C(NS(=O)(=O)O)c3ccccc3)C(=O)N2C1C(=O)O,CC1(C)SC2C(NC(=O)C(NS(=O)(=O)O)c3ccccc3)C(=O)N2C1C(=O)O
3391,0,CC1(C)SC2C(NC(=O)C(Oc3ccccc3)c3ccccc3)C(=O)C2C1C(=O)O,CC1(C)SC2C(NC(=O)C(Oc3ccccc3)c3ccccc3)C(=O)C2C1C(=O)O
3392,0,CC1(C)SC2C(NC(=O)C(c3ccccc3)S(=O)(=O)O)C(=O)N2C1C(=O)O,CC1(C)SC2C(NC(=O)C(c3ccccc3)S(=O)(=O)O)C(=O)N2C1C(=O)O
3393,0,CC1(C)SC2C(NC(=O)C3(N)CCCCC3)C(=O)N2C1C(=O)O,CC1(C)SC2C(NC(=O)C3(N)CCCCC3)C(=O)N2C1C(=O)O
3394,0,CC1(C)SC2C(NC(=O)C34CC5CC(CC(N)(C5)C3)C4)C(=O)N2C1C(=O)O,CC1(C)SC2C(NC(=O)C34CC5CC(CC(N)(C5)C3)C4)C(=O)N2C1C(=O)O
3395,0,CC1(C)SC2C(NC(=O)CCCC(N)C(=O)O)C(=O)N2C1C(=O)O,CC1(C)SC2C(NC(=O)CCCC(N)C(=O)O)C(=O)N2C1C(=O)O
3396,0,CC1(C)SC2C(NC(=O)COc3ccccc3)C(=O)N2C1C(=O)O,CC1(C)SC2C(NC(=O)COc3ccccc3)C(=O)N2C1C(=O)O
3397,0,CC1(C)SC2C(NC(=O)c3nc4ccccc4nc3C(=O)O)C(=O)N2C1C(=O)O,CC1(C)SC2C(NC(=O)c3nc4ccccc4nc3C(=O)O)C(=O)N2C1C(=O)O
3398,1,CC1(c2ccccc2)OC2CC3C4CCC5=CC(=O)C=CC5(C)C4(F)C(O)CC3(C)C2(C(=O)CO)O1,CC1(c2ccccc2)OC2CC3C4CCC5=CC(=O)C=CC5(C)C4(F)C(O)CC3(C)C2(C(=O)CO)O1
3399,1,CC12C=CC(=O)C1C(=O)CCC1C2C(O)CC2(C)C1CCC2(O)C(=O)CO,CC12C=CC(=O)C1C(=O)CCC1C2C(O)CC2(C)C1CCC2(O)C(=O)CO
3400,1,CC12C=CC(=O)C=C1C(Cl)=CC1C2C(O)CC2(C)C1CCC2(O)C(=O)CO,CC12C=CC(=O)C=C1C(Cl)=CC1C2C(O)CC2(C)C1CCC2(O)C(=O)CO
3401,1,CC12C=CC(=O)C=C1C(Cl)CC1C2C(=O)CC2(C)C1CCC2(O)C(=O)CO,CC12C=CC(=O)C=C1C(Cl)CC1C2C(=O)CC2(C)C1CCC2(O)C(=O)CO
3402,1,CC12C=CC(=O)C=C1C(F)CC1C3CC(O)C(O)(C(=O)CO)C3(C)CC(O)C12F,CC12C=CC(=O)C=C1C(F)CC1C3CC(O)C(O)(C(=O)CO)C3(C)CC(O)C12F
3403,1,CC12C=CC(=O)C=C1CCC1C2C(=O)CC2(C)C1CCC2(O)C(=O)CO,CC12C=CC(=O)C=C1CCC1C2C(=O)CC2(C)C1CCC2(O)C(=O)CO
3404,1,CC12C=CC(=O)C=C1CCC1C2C(O)CC2(C)C1CCC2(O)C(=O)COC(=O)CCC(=O)O,CC12C=CC(=O)C=C1CCC1C2C(O)CC2(C)C1CCC2(O)C(=O)COC(=O)CCC(=O)O
3405,1,CC12C=CC(=O)C=C1CCC1C3CC4Cc5ccccc5CC4(C(=O)CO)C3(C)CC(O)C12F,CC12C=CC(=O)C=C1CCC1C3CC4Cc5ccccc5CC4(C(=O)CO)C3(C)CC(O)C12F
3406,1,CC12C=CC(=O)C=C1CCC1C3CCC(O)(C(=O)CO)C3(C)CC(Cl)C12Cl,CC12C=CC(=O)C=C1CCC1C3CCC(O)(C(=O)CO)C3(C)CC(Cl)C12Cl
3407,1,CC12CC(=O)C3C(CCC4CC(O)CCC43C)C1CCC2C(=O)CO,CC12CC(=O)C3C(CCC4CC(O)CCC43C)C1CCC2C(=O)CO
3408,0,CC12CC(N)C1CN(c1nc3c(cc1F)c(=O)c(C(=O)O)cn3C1CC1)C2,CC12CC(N)C1CN(c1nc3c(cc1F)c(=O)c(C(=O)O)cn3C1CC1)C2
3409,0,CC12CCC(=O)C=C1CCC1C2C(O)CC2(C)C(C(=O)CO)CCC12,CC12CCC(=O)C=C1CCC1C2C(O)CC2(C)C(C(=O)CO)CCC12
3410,1,CC12CCC(=O)C=C1CCC1C2C(O)CC2(C)C1CCC2(O)C(=O)COC(=O)CCC(=O)O,CC12CCC(=O)C=C1CCC1C2C(O)CC2(C)C1CCC2(O)C(=O)COC(=O)CCC(=O)O
3411,0,CC12CCC(=O)C=C1CCC1C2C2CC3(C(O)O2)C(C(=O)CO)CCC13,CC12CCC(=O)C=C1CCC1C2C2CC3(C(O)O2)C(C(=O)CO)CCC13
3412,0,CC1=C(C(=O)O)N2C(=O)C(NC(=O)C(N)c3ccc(O)c(Cl)c3)C2SC1,CC1=C(C(=O)O)N2C(=O)C(NC(=O)C(N)c3ccc(O)c(Cl)c3)C2SC1
3413,0,CC1=C(C(=O)O)N2C(=O)C(NC(=O)C(N)c3ccc(O)cc3)C2SC1,CC1=C(C(=O)O)N2C(=O)C(NC(=O)C(N)c3ccc(O)cc3)C2SC1
3414,0,CC1=C(C(=O)O)N2C(=O)C(NC(=O)C(N)c3cccc(NS(C)(=O)=O)c3)C2SC1,CC1=C(C(=O)O)N2C(=O)C(NC(=O)C(N)c3cccc(NS(C)(=O)=O)c3)C2SC1
3415,0,CC1=C(C(=O)O)N2C(=O)C(NC(=O)Cc3ccc(C4=NCCCN4)cc3)C2SC1,CC1=C(C(=O)O)N2C(=O)C(NC(=O)Cc3ccc(C4=NCCCN4)cc3)C2SC1
3416,0,CC1=C(C(=O)OCC(=O)OC(C)(C)C)N2C(=O)C(NC(=O)C(N)c3ccccc3)C2SC1,CC1=C(C(=O)OCC(=O)OC(C)(C)C)N2C(=O)C(NC(=O)C(N)c3ccccc3)C2SC1
3417,0,CC1=CC(O)CC(=O)Cc2nc(co2)C(=O)N2CCC=C2C(=O)OC(C(C)C)C(C)C=CC(=O)NCC=C1,CC1=CC(O)CC(=O)Cc2nc(co2)C(=O)N2CCC=C2C(=O)OC(C(C)C)C(C)C=CC(=O)NCC=C1
3418,1,CC1=CC2C(C(O)CC3(C)C2CC(C)C3(O)C(=O)COC(=O)c2cccc(S(=O)(=O)O)c2)C2(C)Cc3cnn(-c4ccccc4)c3C=C12,CC1=CC2C(C(O)CC3(C)C2CC(C)C3(O)C(=O)COC(=O)c2cccc(S(=O)(=O)O)c2)C2(C)Cc3cnn(-c4ccccc4)c3C=C12
3419,1,CC1C(c2ccccc2)OCCN1C,CC1C(c2ccccc2)OCCN1C
3420,1,CC1C2C(=O)c3ccc(O)cc3C1(C)CCN2CC1CC1,CC1C2C(=O)c3ccc(O)cc3C1(C)CCN2CC1CC1
3421,0,CC1C=CC=CC=CC=CC=CC=CC=CC(OC2OC(C)C(O)C(N)C2O)CC2OC(O)(CC(O)C(O)CCC(O)CC(O)CC(O)CC(=O)OC(C)C(C)C1O)CC(O)C2C(=O)O,CC1C=CC=CC=CC=CC=CC=CC=CC(OC2OC(C)C(O)C(N)C2O)CC2OC(O)(CC(O)C(O)CCC(O)CC(O)CC(O)CC(=O)OC(C)C(C)C1O)CC(O)C2C(=O)O
3422,1,CC1CC2C(C(O)CC3(C)C(C(=O)O)CCC23)C2(C)CCC(=O)C=C12,CC1CC2C(C(O)CC3(C)C(C(=O)O)CCC23)C2(C)CCC(=O)C=C12
3423,1,CC1CC2C(C(O)CC3(C)C2CCC3(O)C(=O)CO)C2(C)C=CC(=O)C=C12,CC1CC2C(C(O)CC3(C)C2CCC3(O)C(=O)CO)C2(C)C=CC(=O)C=C12
3424,1,CC1CC2C(C(O)CC3(C)C2CCC3(O)C(=O)COC(=O)CCC(=O)O)C2(C)C=CC(=O)C=C12,CC1CC2C(C(O)CC3(C)C2CCC3(O)C(=O)COC(=O)CCC(=O)O)C2(C)C=CC(=O)C=C12
3425,1,CC1CC2C3C(Cl)CC4=CC(=O)C=CC4(C)C3C(O)CC2(C)C1(O)C(=O)CO,CC1CC2C3C(Cl)CC4=CC(=O)C=CC4(C)C3C(O)CC2(C)C1(O)C(=O)CO
3426,1,CC1CC2C3CC(F)C4=CC(=O)C(Cl)=CC4(C)C3(F)C(O)CC2(C)C1(O)C(=O)CO,CC1CC2C3CC(F)C4=CC(=O)C(Cl)=CC4(C)C3(F)C(O)CC2(C)C1(O)C(=O)CO
3427,1,CC1CC2C3CC(F)C4=CC(=O)C=CC4(C)C3(Cl)C(F)CC2(C)C1C(=O)CO,CC1CC2C3CC(F)C4=CC(=O)C=CC4(C)C3(Cl)C(F)CC2(C)C1C(=O)CO
3428,1,CC1CC2C3CC(F)C4=CC(=O)C=CC4(C)C3(Cl)C(O)CC2(C)C1C(=O)COC(=O)C(C)(C)C,CC1CC2C3CC(F)C4=CC(=O)C=CC4(C)C3(Cl)C(O)CC2(C)C1C(=O)COC(=O)C(C)(C)C
3429,1,CC1CC2C3CC(F)C4=CC(=O)C=CC4(C)C3(F)C(O)CC2(C)C1(O)C(=O)CO,CC1CC2C3CC(F)C4=CC(=O)C=CC4(C)C3(F)C(O)CC2(C)C1(O)C(=O)CO
3430,1,CC1CC2C3CC(F)C4=CC(=O)C=CC4(C)C3(F)C(O)CC2(C)C1(O)C(=O)COC(=O)C(C)(C)C,CC1CC2C3CC(F)C4=CC(=O)C=CC4(C)C3(F)C(O)CC2(C)C1(O)C(=O)COC(=O)C(C)(C)C
3431,1,CC1CC2C3CC(F)C4=CC(=O)C=CC4(C)C3(F)C(O)CC2(C)C1C(=O)CO,CC1CC2C3CC(F)C4=CC(=O)C=CC4(C)C3(F)C(O)CC2(C)C1C(=O)CO
3432,1,CC1CC2C3CC(F)C4=CC(=O)C=CC4(C)C3(F)C(O)CC2(C)C1C(=O)COC(=O)C(C)(C)C,CC1CC2C3CC(F)C4=CC(=O)C=CC4(C)C3(F)C(O)CC2(C)C1C(=O)COC(=O)C(C)(C)C
3433,1,CC1CC2C3CCC4=CC(=O)C=CC4(C)C3(Cl)C(O)CC2(C)C1(O)C(=O)CO,CC1CC2C3CCC4=CC(=O)C=CC4(C)C3(Cl)C(O)CC2(C)C1(O)C(=O)CO
3434,1,CC1CC2C3CCC4=CC(=O)C=CC4(C)C3(Cl)C(O)CC2(C)C1(OC(=O)c1ccco1)C(=O)CCl,CC1CC2C3CCC4=CC(=O)C=CC4(C)C3(Cl)C(O)CC2(C)C1(OC(=O)c1ccco1)C(=O)CCl
3435,1,CC1CC2C3CCC4=CC(=O)C=CC4(C)C3(F)C(=O)CC2(C)C1(O)C(=O)CCl,CC1CC2C3CCC4=CC(=O)C=CC4(C)C3(F)C(=O)CC2(C)C1(O)C(=O)CCl
3436,1,CC1CC2C3CCC4=CC(=O)C=CC4(C)C3(F)C(O)CC2(C)C1(C)C(=O)CO,CC1CC2C3CCC4=CC(=O)C=CC4(C)C3(F)C(O)CC2(C)C1(C)C(=O)CO
3437,1,CC1CC2C3CCC4=CC(=O)C=CC4(C)C3(F)C(O)CC2(C)C1(OC(=O)c1ccccc1)C(=O)CO,CC1CC2C3CCC4=CC(=O)C=CC4(C)C3(F)C(O)CC2(C)C1(OC(=O)c1ccccc1)C(=O)CO
3438,1,CC1CC2C3CCC4=CC(=O)C=CC4(C)C3C(=O)CC2(C)C1(O)C(=O)CO,CC1CC2C3CCC4=CC(=O)C=CC4(C)C3C(=O)CC2(C)C1(O)C(=O)CO
3439,1,CC1CCCCC1(c1cccs1)N1CCCCC1,CC1CCCCC1(c1cccs1)N1CCCCC1
3440,0,CC1CN(c2c(F)c(N)c3c(=O)c(C(=O)O)cn(C4CC4)c3c2F)CC(C)N1,CC1CN(c2c(F)c(N)c3c(=O)c(C(=O)O)cn(C4CC4)c3c2F)CC(C)N1
3441,1,CC1CN2CC(=O)Nc3ccc(Cl)cc3C2(c2ccccc2)O1,CC1CN2CC(=O)Nc3ccc(Cl)cc3C2(c2ccccc2)O1
3442,0,CC1COC(=O)C(C(C)C)NC(=O)C(C)OC(=O)C(C(C)C)NC(=O)C(C(C)C)OC(=O)C(C(C)C)NC(=O)C(C)OC(=O)C(C(C)C)NC(=O)C(C)COC(=O)C(C(C)C)NC(=O)C(C)OC(=O)C(C(C)C)NC1=O,CC1COC(=O)C(C(C)C)NC(=O)C(C)OC(=O)C(C(C)C)NC(=O)C(C(C)C)OC(=O)C(C(C)C)NC(=O)C(C)OC(=O)C(C(C)C)NC(=O)C(C)COC(=O)C(C(C)C)NC(=O)C(C)OC(=O)C(C(C)C)NC1=O
3443,1,CC1N=C(c2ccccc2Cl)c2cc([N+](=O)[O-])ccc2NC1=O,CC1N=C(c2ccccc2Cl)c2cc([N+](=O)[O-])ccc2NC1=O
3444,1,CC=CC(=O)N(CC)C(CC)C(=O)N(C)C,CC=CC(=O)N(CC)C(CC)C(=O)N(C)C
3445,1,CC=CC(=O)N(CCC)C(CC)C(=O)N(C)C,CC=CC(=O)N(CCC)C(CC)C(=O)N(C)C
3446,0,CC=CC1=C(C(=O)O)N2C(=O)C(NC(=O)C(N)c3ccc(O)cc3)C2SC1,CC=CC1=C(C(=O)O)N2C(=O)C(NC(=O)C(N)c3ccc(O)cc3)C2SC1
3447,1,CC=CC1OC2(C(=O)COC(=O)c3ccncc3)CCC3(O1)C1CCC4=CC(=O)CCC4(C)C1C(O)CC23C,CC=CC1OC2(C(=O)COC(=O)c3ccncc3)CCC3(O1)C1CCC4=CC(=O)CCC4(C)C1C(O)CC23C
3448,1,CCC(=O)C1(C)C(C)CC2C3CCC4=CC(=O)C=CC4(C)C3C(O)CC21C,CCC(=O)C1(C)C(C)CC2C3CCC4=CC(=O)C=CC4(C)C3C(O)CC21C
3449,1,CCC(=O)N(c1ccc(Cl)c(Cl)c1)C1CCCC1N(C)C,CCC(=O)N(c1ccc(Cl)c(Cl)c1)C1CCCC1N(C)C
3450,1,CCC(=O)N(c1ccccc1)C1(C(=O)OC)CCN(CCc2ccccc2)CC1C,CCC(=O)N(c1ccccc1)C1(C(=O)OC)CCN(CCc2ccccc2)CC1C
3451,1,CCC(=O)OC1(C(=O)COC(C)=O)CCC2C3CC(C)C4=CC(=O)C=CC4(C)C3C(O)CC21C,CCC(=O)OC1(C(=O)COC(C)=O)CCC2C3CC(C)C4=CC(=O)C=CC4(C)C3C(O)CC21C
3452,1,CCC(=O)OC1(C(=O)COC(C)=O)CCC2C3CCC4=CC(=O)CCC4(C)C3C(O)CC21C,CCC(=O)OC1(C(=O)COC(C)=O)CCC2C3CCC4=CC(=O)CCC4(C)C3C(O)CC21C
3453,1,CCC(=O)OC1(C(=O)COC)C(C)CC2C3CCC4=CC(=O)C=CC4(C)C3(F)C(O)CC21C,CCC(=O)OC1(C(=O)COC)C(C)CC2C3CCC4=CC(=O)C=CC4(C)C3(F)C(O)CC21C
3454,1,CCC(=O)OC1(C(=O)SC)C(C)CC2C3CC(F)C4=CC(=O)C=CC4(C)C3(F)C(O)CC21C,CCC(=O)OC1(C(=O)SC)C(C)CC2C3CC(F)C4=CC(=O)C=CC4(C)C3(F)C(O)CC21C
3455,1,CCC(=O)OC1(C(=O)SCCl)C(C)CC2C3CC(F)C4=CC(=O)C=CC4(C)C3(F)C(O)CC21C,CCC(=O)OC1(C(=O)SCCl)C(C)CC2C3CC(F)C4=CC(=O)C=CC4(C)C3(F)C(O)CC21C
3456,1,CCC(=O)OC1(c2ccccc2)CCN(C)CC1CC,CCC(=O)OC1(c2ccccc2)CCN(C)CC1CC
3457,0,CCC(=O)OC1C(C)OC(OC2C(C)C(=O)OC(C)C(C)C(OC(=O)CC)C(C)C(=O)C3(CO3)CC(C)C(OC3OC(C)CC(N(C)C)C3O)C2C)CC1OC,CCC(=O)OC1C(C)OC(OC2C(C)C(=O)OC(C)C(C)C(OC(=O)CC)C(C)C(=O)C3(CO3)CC(C)C(OC3OC(C)CC(N(C)C)C3O)C2C)CC1OC
3458,0,CCC(=O)OC1C(OC2C(C)C(OC3CC(C)(OC)C(O)C(C)O3)C(C)C(=O)OC(CC)C(C)(O)C(O)C(C)C(=O)C(C)CC2(C)O)OC(C)CC1N(C)C,CCC(=O)OC1C(OC2C(C)C(OC3CC(C)(OC)C(O)C(C)O3)C(C)C(=O)OC(CC)C(C)(O)C(O)C(C)C(=O)C(C)CC2(C)O)OC(C)CC1N(C)C
3459,0,CCC(=O)OC1CC(=O)OC(C)CC=CC=CC(O)C(C)CC(CC=O)C(OC2OC(C)C(OC3CC(C)(O)C(OC(=O)CC)C(C)O3)C(N(C)C)C2O)C1OC,CCC(=O)OC1CC(=O)OC(C)CC=CC=CC(O)C(C)CC(CC=O)C(OC2OC(C)C(OC3CC(C)(O)C(OC(=O)CC)C(C)O3)C(N(C)C)C2O)C1OC
3460,1,CCC(=O)OCC(=O)C1(OC(=O)CC)C(C)CC2C3CCC4=CC(=O)C=CC4(C)C3(Cl)C(O)CC21C,CCC(=O)OCC(=O)C1(OC(=O)CC)C(C)CC2C3CCC4=CC(=O)C=CC4(C)C3(Cl)C(O)CC21C
3461,1,CCC(=O)OCC(=O)C1(OC(=O)CC)C(C)CC2C3CCC4=CC(=O)C=CC4(C)C3(F)C(O)CC21C,CCC(=O)OCC(=O)C1(OC(=O)CC)C(C)CC2C3CCC4=CC(=O)C=CC4(C)C3(F)C(O)CC21C
3462,1,CCC(=O)OCC(=O)C12OC(C)(C)OC1CC1C3CC(F)C4=CC(=O)C=CC4(C)C3(F)C(O)CC12C,CCC(=O)OCC(=O)C12OC(C)(C)OC1CC1C3CC(F)C4=CC(=O)C=CC4(C)C3(F)C(O)CC12C
3463,0,CCC(C)C(=O)OC1CC(O)C=C2C=CC(C)C(CCC(O)CC(O)CC(=O)O)C21,CCC(C)C(=O)OC1CC(O)C=C2C=CC(C)C(CCC(O)CC(O)CC(=O)O)C21
3464,0,CCC(C)C(N)C1=NC(C(=O)NC(CC(C)C)C(=O)NC(CCC(=O)O)C(=O)NC(C(=O)NCCCCC2NC(=O)C(CC(N)=O)NC(=O)C(CC(=O)O)NC(=O)C(Cc3cnc[nH]3)NC(=O)C(Cc3ccccc3)NC(=O)C(C(C)CC)NC(=O)C(CCCN)NC2=O)C(C)CC)CS1,CCC(C)C(N)C1=NC(C(=O)NC(CC(C)C)C(=O)NC(CCC(=O)O)C(=O)NC(C(=O)NCCCCC2NC(=O)C(CC(N)=O)NC(=O)C(CC(=O)O)NC(=O)C(Cc3cnc[nH]3)NC(=O)C(Cc3ccccc3)NC(=O)C(C(C)CC)NC(=O)C(CCCN)NC2=O)C(C)CC)CS1
3465,0,CCC(CO)NCCNC(CC)CO,CCC(CO)NCCNC(CC)CO
3466,0,CCC(NC(=O)C1CCCN1C(=O)C(Cc1ccccc1)NC(=O)C(N)CC(C)C)C(=O)NC(CCCN)C(=O)NC(CC(C)C)C(=O)NC(Cc1ccccc1)C(=O)N1CCCC1C(=O)NC(CC)C(=O)NC(C=O)CCCN,CCC(NC(=O)C1CCCN1C(=O)C(Cc1ccccc1)NC(=O)C(N)CC(C)C)C(=O)NC(CCCN)C(=O)NC(CC(C)C)C(=O)NC(Cc1ccccc1)C(=O)N1CCCC1C(=O)NC(CC)C(=O)NC(C=O)CCCN
3467,0,CCC(NC(=O)c1c(Cn2ccnc2)c(-c2ccccc2)nc2ccccc12)c1ccccc1,CCC(NC(=O)c1c(Cn2ccnc2)c(-c2ccccc2)nc2ccccc12)c1ccccc1
3468,0,CCC(NC(=O)c1c(OCCCC(=O)O)c(-c2ccccc2)nc2ccccc12)c1ccccc1,CCC(NC(=O)c1c(OCCCC(=O)O)c(-c2ccccc2)nc2ccccc12)c1ccccc1
3469,1,CCC(NC(=O)c1c(OCCCN(C)C)c(-c2ccccc2)nc2ccccc12)c1ccccc1,CCC(NC(=O)c1c(OCCCN(C)C)c(-c2ccccc2)nc2ccccc12)c1ccccc1
3470,0,CCC(NC(=O)c1c(OCCNC(=O)C2CCCN2)c(-c2ccccc2)nc2ccccc12)c1ccccc1,CCC(NC(=O)c1c(OCCNC(=O)C2CCCN2)c(-c2ccccc2)nc2ccccc12)c1ccccc1
3471,0,CCC(NC(=O)c1c(OCCNC(=O)Cc2ccccc2C(=O)O)c(-c2ccccc2)nc2ccccc12)c1ccccc1,CCC(NC(=O)c1c(OCCNC(=O)Cc2ccccc2C(=O)O)c(-c2ccccc2)nc2ccccc12)c1ccccc1
3472,0,CCC(NC(=O)c1c(OCCNC(=O)Cc2ccccn2)c(-c2ccccc2)nc2ccccc12)c1ccccc1,CCC(NC(=O)c1c(OCCNC(=O)Cc2ccccn2)c(-c2ccccc2)nc2ccccc12)c1ccccc1
3473,0,CCC1(O)CC(OC2CC(N(C)C)C(OC3CC(O)C(OC4CCC(=O)C(C)O4)C(C)O3)C(C)O2)c2c(cc3c(c2O)C(=O)c2c(O)cccc2C3=O)C1C(=O)OC,CCC1(O)CC(OC2CC(N(C)C)C(OC3CC(O)C(OC4CCC(=O)C(C)O4)C(C)O3)C(C)O2)c2c(cc3c(c2O)C(=O)c2c(O)cccc2C3=O)C1C(=O)OC
3474,0,CCC1(O)CC(OC2CC(N(C)C)C(OC3CC4OC5CC(=O)C(C)OC5OC4C(C)O3)C(C)O2)c2c(O)c3c(c(O)c2C1OC1CC(N(C)C)C(O)C(C)O1)C(=O)c1cccc(O)c1C3=O,CCC1(O)CC(OC2CC(N(C)C)C(OC3CC4OC5CC(=O)C(C)OC5OC4C(C)O3)C(C)O2)c2c(O)c3c(c(O)c2C1OC1CC(N(C)C)C(O)C(C)O1)C(=O)c1cccc(O)c1C3=O
3475,0,CCC1(O)CC2CN(CCc3c([nH]c4ccccc34)C(C(=O)OC)(c3cc4c(cc3OC)N(C)C3C(O)(C(N)=O)C(O)C5(CC)C=CCN6CCC43C65)C2)C1,CCC1(O)CC2CN(CCc3c([nH]c4ccccc34)C(C(=O)OC)(c3cc4c(cc3OC)N(C)C3C(O)(C(N)=O)C(O)C5(CC)C=CCN6CCC43C65)C2)C1
3476,0,CCC1CN2CCc3cc(OC)c(OC)cc3C2CC1CC1NCCc2cc(OC)c(OC)cc21,CCC1CN2CCc3cc(OC)c(OC)cc3C2CC1CC1NCCc2cc(OC)c(OC)cc21
3477,0,CCC1NC(=O)C(NC(=O)c2ncccc2O)C(C)OC(=O)C(c2ccccc2)NC(=O)C2CC(=O)CCN2C(=O)C(Cc2ccccc2)N(C)C(=O)C2CCCN2C1=O,CCC1NC(=O)C(NC(=O)c2ncccc2O)C(C)OC(=O)C(c2ccccc2)NC(=O)C2CC(=O)CCN2C(=O)C(Cc2ccccc2)N(C)C(=O)C2CCCN2C1=O
3478,0,CCC1OC(=O)C(C)C(OC2CC(C)(OC)C(O)C(C)O2)C(C)C(OC2OC(C)CC(N(C)C)C2O)C(C)(O)CC(C)(F)C(=O)C(C)C(O)C1(C)O,CCC1OC(=O)C(C)C(OC2CC(C)(OC)C(O)C(C)O2)C(C)C(OC2OC(C)CC(N(C)C)C2O)C(C)(O)CC(C)(F)C(=O)C(C)C(O)C1(C)O
3479,0,CCC1OC(=O)C(C)C(OC2CC(C)(OC)C(O)C(C)O2)C(C)C(OC2OC(C)CC(N(C)C)C2O)C(C)(O)CC(C)C(=NOC)C(C)C(O)C1(C)O,CCC1OC(=O)C(C)C(OC2CC(C)(OC)C(O)C(C)O2)C(C)C(OC2OC(C)CC(N(C)C)C2O)C(C)(O)CC(C)C(=NOC)C(C)C(O)C1(C)O
3480,0,CCC1OC(=O)C(C)C(OC2CC(C)(OC)C(O)C(C)O2)C(C)C(OC2OC(C)CC(N(C)C)C2O)C(C)(O)CC(C)C(=NOCOCCOC)C(C)C(O)C1(C)O,CCC1OC(=O)C(C)C(OC2CC(C)(OC)C(O)C(C)O2)C(C)C(OC2OC(C)CC(N(C)C)C2O)C(C)(O)CC(C)C(=NOCOCCOC)C(C)C(O)C1(C)O
3481,0,CCC1OC(=O)C(C)C(OC2CC(C)(OC)C(O)C(C)O2)C(C)C(OC2OC(C)CC(N(C)C)C2O)C(C)(O)CC(C)C(=O)C(C)C(O)C1(C)O,CCC1OC(=O)C(C)C(OC2CC(C)(OC)C(O)C(C)O2)C(C)C(OC2OC(C)CC(N(C)C)C2O)C(C)(O)CC(C)C(=O)C(C)C(O)C1(C)O
3482,0,CCC1OC(=O)C(C)C(OC2CC(C)(OC)C(O)C(C)O2)C(C)C(OC2OC(C)CC(N(C)C)C2O)C(C)(O)CC(C)C(=O)C(C)C(O)C1C,CCC1OC(=O)C(C)C(OC2CC(C)(OC)C(O)C(C)O2)C(C)C(OC2OC(C)CC(N(C)C)C2O)C(C)(O)CC(C)C(=O)C(C)C(O)C1C
3483,0,CCC1OC(=O)C(C)C(OC2CC(C)(OC)C(O)C(C)O2)C(C)C(OC2OC(C)CC(N(C)C)C2O)C(C)(O)CC(C)C2NC(COCCOC)OC(C2C)C1(C)O,CCC1OC(=O)C(C)C(OC2CC(C)(OC)C(O)C(C)O2)C(C)C(OC2OC(C)CC(N(C)C)C2O)C(C)(O)CC(C)C2NC(COCCOC)OC(C2C)C1(C)O
3484,0,CCC1OC(=O)C(C)C(OC2CC(C)(OC)C(O)C(C)O2)C(C)C(OC2OC(C)CC(N(C)C)C2O)C(C)(O)CC(C)CN(C)C(C)C(O)C1(C)O,CCC1OC(=O)C(C)C(OC2CC(C)(OC)C(O)C(C)O2)C(C)C(OC2OC(C)CC(N(C)C)C2O)C(C)(O)CC(C)CN(C)C(C)C(O)C1(C)O
3485,0,CCC1OC(=O)C(C)C(OC2CC(C)(OC)C(O)C(C)O2)C(C)C(OC2OC(C)CC(N(C)C)C2O)C(C)(OC)CC(C)C(=O)C(C)C(O)C1(C)O,CCC1OC(=O)C(C)C(OC2CC(C)(OC)C(O)C(C)O2)C(C)C(OC2OC(C)CC(N(C)C)C2O)C(C)(OC)CC(C)C(=O)C(C)C(O)C1(C)O
3486,0,CCC=C(C(=O)NC1C(=O)N2C(C(=O)O)=C(COC(N)=O)CSC12)c1csc(N)n1,CCC=C(C(=O)NC1C(=O)N2C(C(=O)O)=C(COC(N)=O)CSC12)c1csc(N)n1
3487,1,CCC=C(C)C1(CC)C(=O)NC(=O)NC1=O,CCC=C(C)C1(CC)C(=O)NC(=O)NC1=O
3488,1,CCCC(=O)OC1(C(=O)CCl)C(C)CC2C3CCC4=CC(=O)C=CC4(C)C3(F)C(=O)CC21C,CCCC(=O)OC1(C(=O)CCl)C(C)CC2C3CCC4=CC(=O)C=CC4(C)C3(F)C(=O)CC21C
3489,1,CCCC(=O)OC1(C(=O)COC(=O)CC)CCC2C3CCC4=CC(=O)CCC4(C)C3C(O)CC21C,CCCC(=O)OC1(C(=O)COC(=O)CC)CCC2C3CCC4=CC(=O)CCC4(C)C3C(O)CC21C
3490,1,CCCC(=O)OC1(C(=O)COC(C)=O)C(C)CC2C3CCC4=CC(=O)C=CC4(C)C3(Cl)C(O)CC21C,CCCC(=O)OC1(C(=O)COC(C)=O)C(C)CC2C3CCC4=CC(=O)C=CC4(C)C3(Cl)C(O)CC21C
3491,1,CCCC(=O)OC1(C(=O)COC(C)=O)CCC2C3CC(C)C4=CC(=O)CCC4(C)C3C(O)CC21C,CCCC(=O)OC1(C(=O)COC(C)=O)CCC2C3CC(C)C4=CC(=O)CCC4(C)C3C(O)CC21C
3492,1,CCCC(=O)OC1(C(C)=O)CCCC2C3CCC4=CC(=O)C=CC4(C)C3C(O)CC21C,CCCC(=O)OC1(C(C)=O)CCCC2C3CCC4=CC(=O)C=CC4(C)C3C(O)CC21C
3493,1,CCCC1(c2cccc(O)c2)CCN(C)CC1C,CCCC1(c2cccc(O)c2)CCN(C)CC1C
3494,0,CCCC1CC(C(=O)NC(C(C)Cl)C2OC(SC)C(O)C(O)C2O)N(C)C1,CCCC1CC(C(=O)NC(C(C)Cl)C2OC(SC)C(O)C(O)C2O)N(C)C1
3495,0,CCCC1CC(C(=O)NC(C(C)Cl)C2OC(SC)C(OP(=O)(O)O)C(O)C2O)N(C)C1,CCCC1CC(C(=O)NC(C(C)Cl)C2OC(SC)C(OP(=O)(O)O)C(O)C2O)N(C)C1
3496,1,CCCC1OC1(CC)C(N)=O,CCCC1OC1(CC)C(N)=O
3497,1,CCCC1OC2CC3C4CC(F)C5=CC(=O)C=CC5(C)C4(F)C(O)CC3(C)C2(C(=O)OC(C)OC(=O)OCC)O1,CCCC1OC2CC3C4CC(F)C5=CC(=O)C=CC5(C)C4(F)C(O)CC3(C)C2(C(=O)OC(C)OC(=O)OCC)O1
3498,1,CCCC1OC2CC3C4CC(F)C5=CC(=O)CCC5(C)C4(F)C(O)CC3(C)C2(C(=O)CO)O1,CCCC1OC2CC3C4CC(F)C5=CC(=O)CCC5(C)C4(F)C(O)CC3(C)C2(C(=O)CO)O1
3499,1,CCCCC(=O)OC1(C(=O)CO)CCC2C3CC(F)C4=CC(=O)C=CC4(C)C3C(O)CC21C,CCCCC(=O)OC1(C(=O)CO)CCC2C3CC(F)C4=CC(=O)C=CC4(C)C3C(O)CC21C
3500,0,CCCCC1CC(=O)C2(O)OC3C(NC)C(O)C(NC)C(O)C3OC2O1,CCCCC1CC(=O)C2(O)OC3C(NC)C(O)C(NC)C(O)C3OC2O1
3501,1,CCCCCC(=O)CCC1(C)C2Cc3ccc(O)cc3C1(C)CCN2C,CCCCCC(=O)CCC1(C)C2Cc3ccc(O)cc3C1(C)CCN2C
3502,1,CCCCCCCCCCCCCC(=O)OC1C=CC2C3Cc4ccc(OCc5ccccc5)c5c4C2(CCN3C)C1O5,CCCCCCCCCCCCCC(=O)OC1C=CC2C3Cc4ccc(OCc5ccccc5)c5c4C2(CCN3C)C1O5
3503,1,CCCCCCCNC(=O)Oc1ccc2c(c1)C1(C)CCN(C)C1N2C,CCCCCCCNC(=O)Oc1ccc2c(c1)C1(C)CCN(C)C1N2C
3504,1,CCCNC(=O)c1ccc2c(c1)N(C(C)CN1CCCC1)c1ccccc1S2,CCCNC(=O)c1ccc2c(c1)N(C(C)CN1CCCC1)c1ccccc1S2
3505,1,CCCOC(=O)N1CCN(C(=O)Cc2ccc(Cl)c(Cl)c2)C(CN2CCCC2)C1,CCCOC(=O)N1CCN(C(=O)Cc2ccc(Cl)c(Cl)c2)C(CN2CCCC2)C1
3506,0,CCN(CC)C(=O)COc1cc2c(O)c3c(O)c(C)c4c(c13)C(=O)C(C)(OC=CC(OC)C(C)C(OC(C)=O)C(C)C(O)C(C)C(O)C(C)C=CC=C(C)C(=O)N2)O4,CCN(CC)C(=O)COc1cc2c(O)c3c(O)c(C)c4c(c13)C(=O)C(C)(OC=CC(OC)C(C)C(OC(C)=O)C(C)C(O)C(C)C(O)C(C)C=CC=C(C)C(=O)N2)O4
3507,1,CCN(CC)C(=O)NC1C=C2c3cccc4[nH]cc(c34)CC2N(C)C1,CCN(CC)C(=O)NC1C=C2c3cccc4[nH]cc(c34)CC2N(C)C1
3508,1,CCN(CC)C(=O)NC1CC2c3cccc4[nH]cc(c34)CC2N(C)C1,CCN(CC)C(=O)NC1CC2c3cccc4[nH]cc(c34)CC2N(C)C1
3509,0,CCN(CC)CCOC(=O)C1N2C(=O)C(NC(=O)c3c(OC)cccc3OC)C2SC1(C)C,CCN(CC)CCOC(=O)C1N2C(=O)C(NC(=O)c3c(OC)cccc3OC)C2SC1(C)C
3510,1,CCN(CC)S(=O)(=O)NC1CC2c3cccc4[nH]cc(c34)CC2N(C)C1,CCN(CC)S(=O)(=O)NC1CC2c3cccc4[nH]cc(c34)CC2N(C)C1
3511,0,CCN(CC)c1nc2c(s1)c1c(O)c3c(O)c(C)c4c(c32)C(=O)C(C)(OC=CC(OC)C(C)C(OC(C)=O)C(C)C(O)C(C)C(O)C(C)C=CC=C(C)C(=O)N1)O4,CCN(CC)c1nc2c(s1)c1c(O)c3c(O)c(C)c4c(c32)C(=O)C(C)(OC=CC(OC)C(C)C(OC(C)=O)C(C)C(O)C(C)C(O)C(C)C=CC=C(C)C(=O)N1)O4
3512,1,CCN1CCCC1CNC(=O)c1c(OC)ccc(Br)c1OC,CCN1CCCC1CNC(=O)c1c(OC)ccc(Br)c1OC
3513,0,CCN1CCN(C(=O)NC(C(=O)NC2C(=O)N3C(C(=O)O)=C(CSc4nnnn4C)CSC23)c2ccc(O)cc2)C(=O)C1=O,CCN1CCN(C(=O)NC(C(=O)NC2C(=O)N3C(C(=O)O)=C(CSc4nnnn4C)CSC23)c2ccc(O)cc2)C(=O)C1=O
3514,0,CCN1CCN(C(=O)NC(C(=O)NC2C(=O)N3C2SC(C)(C)C3C(=O)O)c2ccccc2)C(=O)C1=O,CCN1CCN(C(=O)NC(C(=O)NC2C(=O)N3C2SC(C)(C)C3C(=O)O)c2ccccc2)C(=O)C1=O
3515,1,CCNC(=O)C=Cc1cccc(Br)c1,CCNC(=O)C=Cc1cccc(Br)c1
3516,1,CCNC(Cc1ccccc1)C1CCCO1,CCNC(Cc1ccccc1)C1CCCO1
3517,0,CCNC1CC(N)C(OC2OC(CN)=CCC2N)C(O)C1OC1OCC(C)(O)C(NC)C1O,CCNC1CC(N)C(OC2OC(CN)=CCC2N)C(O)C1OC1OCC(C)(O)C(NC)C1O
3518,0,CCOC(=O)C(CCc1ccccc1)NC(C)C(=O)N1CCCC1C(=O)O,CCOC(=O)C(CCc1ccccc1)NC(C)C(=O)N1CCCC1C(=O)O
3519,1,CCOC(=O)CC(O)CC(O)C=CC1=C(c2ccc(F)cc2)c2ccccc2OC12CCCC2,CCOC(=O)CC(O)CC(O)C=CC1=C(c2ccc(F)cc2)c2ccccc2OC12CCCC2
3520,0,CCOC(=O)CCC(=O)OC1C(OC2C(C)C(OC3CC(C)(OC)C(O)C(C)O3)C(C)C(=O)OC(CC)C(C)(O)C(O)C(C)C(=O)C(C)CC2(C)O)OC(C)CC1N(C)C,CCOC(=O)CCC(=O)OC1C(OC2C(C)C(OC3CC(C)(OC)C(O)C(C)O3)C(C)C(=O)OC(CC)C(C)(O)C(O)C(C)C(=O)C(C)CC2(C)O)OC(C)CC1N(C)C
3521,1,CCOC(=O)N1CCN(C(=O)Cc2ccc(Cl)c(Cl)c2)C(CN2CCCC2)C1,CCOC(=O)N1CCN(C(=O)Cc2ccc(Cl)c(Cl)c2)C(CN2CCCC2)C1
3522,0,CCOC(=O)OC(C)OC(=O)C1N2C(=O)C(N=CN3CCCCCC3)C2SC1(C)C,CCOC(=O)OC(C)OC(=O)C1N2C(=O)C(N=CN3CCCCCC3)C2SC1(C)C
3523,1,CCOC(=O)OC1(C(=O)COC(=O)CC)CCC2C3CCC4=CC(=O)C=CC4(C)C3C(O)CC21C,CCOC(=O)OC1(C(=O)COC(=O)CC)CCC2C3CCC4=CC(=O)C=CC4(C)C3C(O)CC21C
3524,1,CCOC1CC2(C)C(CCC3C4CCC(C(C)=O)C4(C)CC(N(C)C)C32)CC1O,CCOC1CC2(C)C(CCC3C4CCC(C(C)=O)C4(C)CC(N(C)C)C32)CC1O
3525,1,CCOC1CCN(C(=O)c2cc(-c3ccccc3)c(=O)n3c2-c2cc(Cl)ccc2CC3)C1,CCOC1CCN(C(=O)c2cc(-c3ccccc3)c(=O)n3c2-c2cc(Cl)ccc2CC3)C1
3526,0,CCOc1ccc2ccccc2c1C(=O)NC1C(=O)N2C1SC(C)(C)C2C(=O)O,CCOc1ccc2ccccc2c1C(=O)NC1C(=O)N2C1SC(C)(C)C2C(=O)O
3527,1,CCSC1(SC)CCC2C3CCC4=CC(=O)C=CC4(C)C3(F)C(O)CC21C,CCSC1(SC)CCC2C3CCC4=CC(=O)C=CC4(C)C3(F)C(O)CC21C
3528,1,CCc1c(C)[nH]c2c1C(=O)C1CN(C)CCC1C2,CCc1c(C)[nH]c2c1C(=O)C1CN(C)CCC1C2
3529,1,CCn1nnn(CCN2CCC(N(C(=O)COC)c3ccccc3F)C(C)C2)c1=O,CCn1nnn(CCN2CCC(N(C(=O)COC)c3ccccc3F)C(C)C2)c1=O
3530,1,CN(C(=O)CNC(=O)C(N)CCCCN)c1ccc(Cl)cc1C(=O)c1ccccc1,CN(C(=O)CNC(=O)C(N)CCCCN)c1ccc(Cl)cc1C(=O)c1ccccc1
3531,1,CN(C(=O)Cc1ccc(Cl)c(Cl)c1)C(CN1CCCC1)c1ccccc1,CN(C(=O)Cc1ccc(Cl)c(Cl)c1)C(CN1CCCC1)c1ccccc1
3532,1,CN(C(=O)Cc1ccc(Cl)c(Cl)c1)C1CCC2(CCCO2)CC1N1CCCC1,CN(C(=O)Cc1ccc(Cl)c(Cl)c1)C1CCC2(CCCO2)CC1N1CCCC1
3533,1,CN(C(=O)Cc1ccc(Cl)c(Cl)c1)C1CCCCC1N1CCCC1,CN(C(=O)Cc1ccc(Cl)c(Cl)c1)C1CCCCC1N1CCCC1
3534,0,CN(C)C1C(=O)C(C(=O)NC(C(=O)O)N2CCN(CCO)CC2)=C(O)C2(O)C(=O)C3=C(O)c4c(O)cccc4C(C)(O)C3CC12,CN(C)C1C(=O)C(C(=O)NC(C(=O)O)N2CCN(CCO)CC2)=C(O)C2(O)C(=O)C3=C(O)c4c(O)cccc4C(C)(O)C3CC12
3535,0,CN(C)C1C(=O)C(C(=O)NCN2CCCC(C(=O)O)C2)=C(O)C2(O)C(=O)C3=C(O)c4c(O)cccc4C(C)(O)C3CC12,CN(C)C1C(=O)C(C(=O)NCN2CCCC(C(=O)O)C2)=C(O)C2(O)C(=O)C3=C(O)c4c(O)cccc4C(C)(O)C3CC12
3536,0,CN(C)C1C(=O)C(C(=O)NCN2CCCC2)=C(O)C2(O)C(=O)C3=C(O)c4c(O)cccc4C(C)(O)C3CC12,CN(C)C1C(=O)C(C(=O)NCN2CCCC2)=C(O)C2(O)C(=O)C3=C(O)c4c(O)cccc4C(C)(O)C3CC12
3537,0,CN(C)C1C(=O)C(C(=O)NCNC(C(=O)NC2C(=O)N3C2SC(C)(C)C3C(=O)O)c2ccccc2)=C(O)C2(O)C(=O)C3=C(O)c4c(O)cccc4C(C)(O)C3CC12,CN(C)C1C(=O)C(C(=O)NCNC(C(=O)NC2C(=O)N3C2SC(C)(C)C3C(=O)O)c2ccccc2)=C(O)C2(O)C(=O)C3=C(O)c4c(O)cccc4C(C)(O)C3CC12
3538,0,CN(C)C1C(=O)C(C(=O)NCNCCCCC(N)C(=O)O)=C(O)C2(O)C(=O)C3=C(O)c4c(O)cccc4C(C)(O)C3CC12,CN(C)C1C(=O)C(C(=O)NCNCCCCC(N)C(=O)O)=C(O)C2(O)C(=O)C3=C(O)c4c(O)cccc4C(C)(O)C3CC12
3539,0,CN(C)C1C(=O)C(C(=O)NCO)=C(O)C2(O)C(=O)C3=C(O)c4c(O)ccc(Cl)c4C(C)(O)C3CC12,CN(C)C1C(=O)C(C(=O)NCO)=C(O)C2(O)C(=O)C3=C(O)c4c(O)ccc(Cl)c4C(C)(O)C3CC12
3540,0,CN(C)C1C(=O)C(C(N)=O)=C(O)C2(O)C(=O)C3=C(O)c4c(O)ccc(Cl)c4C(O)C3CC12,CN(C)C1C(=O)C(C(N)=O)=C(O)C2(O)C(=O)C3=C(O)c4c(O)ccc(Cl)c4C(O)C3CC12
3541,0,CN(C)C1C(=O)C(C(N)=O)=C(O)C2(O)C(=O)C3=C(O)c4c(O)ccc([N+](=O)[O-])c4CC3CC12,CN(C)C1C(=O)C(C(N)=O)=C(O)C2(O)C(=O)C3=C(O)c4c(O)ccc([N+](=O)[O-])c4CC3CC12
3542,0,CN(C)C1C(=O)C(C(N)=O)=C(O)C2(O)C(=O)C3=C(O)c4c(O)cccc4C(C)(O)C3C(O)C12,CN(C)C1C(=O)C(C(N)=O)=C(O)C2(O)C(=O)C3=C(O)c4c(O)cccc4C(C)(O)C3C(O)C12
3543,0,CN(C)C1C(=O)C(C(N)=O)=C(O)C2(O)C(=O)C3=C(O)c4c(O)cccc4C(C)(O)C3CC12,CN(C)C1C(=O)C(C(N)=O)=C(O)C2(O)C(=O)C3=C(O)c4c(O)cccc4C(C)(O)C3CC12
3544,0,CN(C)C1C(=O)C(C(N)=O)=C(O)C2(O)C(=O)C3=C(O)c4c(ccc(N)c4O)CC3CC12,CN(C)C1C(=O)C(C(N)=O)=C(O)C2(O)C(=O)C3=C(O)c4c(ccc(N)c4O)CC3CC12
3545,1,CN(C)CC(O)C(c1ccccc1)c1cccc(Cl)c1,CN(C)CC(O)C(c1ccccc1)c1cccc(Cl)c1
3546,1,CN(C)CC=C(c1ccc(Br)cc1)c1cccnc1,CN(C)CC=C(c1ccc(Br)cc1)c1cccnc1
3547,1,CN(C)CCC=C1c2ccccc2CSc2ccccc21,CN(C)CCC=C1c2ccccc2CSc2ccccc21
3548,1,CN(C)CCC=C1c2ccccc2Sc2ccc(Cl)cc21,CN(C)CCC=C1c2ccccc2Sc2ccc(Cl)cc21
3549,0,CN(C)CCn1nnnc1SCC1=C(C(=O)O)N2C(=O)C(NC(=O)Cc3csc(N)n3)C2SC1,CN(C)CCn1nnnc1SCC1=C(C(=O)O)N2C(=O)C(NC(=O)Cc3csc(N)n3)C2SC1
3550,1,CN(CC=Cc1ccccc1)CCOC(c1ccccc1)c1ccccc1,CN(CC=Cc1ccccc1)CCOC(c1ccccc1)c1ccccc1
3551,0,CN(CCN(C)CNC(=O)C1=C(O)C2(O)C(=O)C3=C(O)c4c(O)cccc4C(C)(O)C3CC2C(N(C)C)C1=O)CNC(=O)C1=C(O)C2(O)C(=O)C3=C(O)c4c(O)cccc4C(C)(O)C3CC2C(N(C)C)C1=O,CN(CCN(C)CNC(=O)C1=C(O)C2(O)C(=O)C3=C(O)c4c(O)cccc4C(C)(O)C3CC2C(N(C)C)C1=O)CNC(=O)C1=C(O)C2(O)C(=O)C3=C(O)c4c(O)cccc4C(C)(O)C3CC2C(N(C)C)C1=O
3552,0,CN(N=O)C(=O)NC1C(O)OC(CO)C(O)C1O,CN(N=O)C(=O)NC1C(O)OC(CO)C(O)C1O
3553,1,CN1C2CCC1CC(NC(=O)c1cn(C3CCCCC3)c3ccccc3c1=O)C2,CN1C2CCC1CC(NC(=O)c1cn(C3CCCCC3)c3ccccc3c1=O)C2
3554,1,CN1CC(CC#N)CC2c3cccc4[nH]cc(c34)CC21,CN1CC(CC#N)CC2c3cccc4[nH]cc(c34)CC21
3555,1,CN1CC(CN2CC(=O)NC(=O)C2)C=C2c3cccc4[nH]cc(c34)CC21,CN1CC(CN2CC(=O)NC(=O)C2)C=C2c3cccc4[nH]cc(c34)CC21
3556,1,CN1CC(NS(=O)(=O)N(C)C)CC2c3cccc4c3c(cn4C)CC21,CN1CC(NS(=O)(=O)N(C)C)CC2c3cccc4c3c(cn4C)CC21
3557,1,CN1CC2Cc3ccc(Cl)cc3C(c3ccccc3)C2C1,CN1CC2Cc3ccc(Cl)cc3C(c3ccccc3)C2C1
3558,1,CN1CCC2(C)c3cc(OC(=O)N4CCc5ccccc5C4)ccc3N(C)C12,CN1CCC2(C)c3cc(OC(=O)N4CCc5ccccc5C4)ccc3N(C)C12
3559,1,CN1CCC23c4c5ccc(O)c4OC2(C)C(=O)CCC3C1C5,CN1CCC23c4c5ccc(O)c4OC2(C)C(=O)CCC3C1C5
3560,1,CN1CCC23c4c5ccc(O)c4OC2C(=O)CCC3C1C5,CN1CCC23c4c5ccc(O)c4OC2C(=O)CCC3C1C5
3561,1,CN1CCC23c4c5ccc(O)c4OC2C(O)CCC3(O)C1C5,CN1CCC23c4c5ccc(O)c4OC2C(O)CCC3(O)C1C5
3562,1,CN1CCC23c4c5ccc(OC(=O)c6cccnc6)c4OC2C(OC(=O)c2cccnc2)C=CC3C1C5,CN1CCC23c4c5ccc(OC(=O)c6cccnc6)c4OC2C(OC(=O)c2cccnc2)C=CC3C1C5
3563,1,CN1CCN(C(=O)Cc2ccc(Cl)c(Cl)c2)C(CN2CCCC2)C1,CN1CCN(C(=O)Cc2ccc(Cl)c(Cl)c2)C(CN2CCCC2)C1
3564,1,CN1CCN(C2=Cc3cc(Cl)ccc3C(=CC#N)c3ccccc32)CC1,CN1CCN(C2=Cc3cc(Cl)ccc3C(=CC#N)c3ccccc32)CC1
3565,1,CN1CCN(C2=Nc3cscc3C(=CC#N)c3cscc32)CC1,CN1CCN(C2=Nc3cscc3C(=CC#N)c3cscc32)CC1
3566,1,CN1CCN(C=C2N=C3CN=C(c4ccccc4Cl)c4cc([N+](=O)[O-])ccc4N3C2=O)CC1,CN1CCN(C=C2N=C3CN=C(c4ccccc4Cl)c4cc([N+](=O)[O-])ccc4N3C2=O)CC1
3567,1,CN1CCN(CC(=O)C2(O)CCC3C4CCC5=CC(=O)C=CC5(C)C4C(O)CC32C)CC1,CN1CCN(CC(=O)C2(O)CCC3C4CCC5=CC(=O)C=CC5(C)C4C(O)CC32C)CC1
3568,1,CN1CCc2cc(Cl)c(O)cc2C(c2cccc3c2OCC3)C1,CN1CCc2cc(Cl)c(O)cc2C(c2cccc3c2OCC3)C1
3569,1,CN1c2ccc(Cl)cc2C(c2ccccc2Cl)=NCC1CO,CN1c2ccc(Cl)cc2C(c2ccccc2Cl)=NCC1CO
3570,1,CNC1=Nc2ccc(Cl)cc2C(c2ccccc2)=[N+]([O-])C1,CNC1=Nc2ccc(Cl)cc2C(c2ccccc2)=[N+]([O-])C1
3571,0,CNC1C(O)C(OC2C(N)CC(N)C(OC3OC(CN)=CCC3N)C2O)OCC1(C)O,CNC1C(O)C(OC2C(N)CC(N)C(OC3OC(CN)=CCC3N)C2O)OCC1(C)O
3572,0,CNC1C(O)C(OC2C(N)CC(N)C(OC3OC(CN)CCC3N)C2O)OCC1(C)O,CNC1C(O)C(OC2C(N)CC(N)C(OC3OC(CN)CCC3N)C2O)OCC1(C)O
3573,0,CNC1C(OC2C(OC3C(O)C(O)C(N=C(N)N)C(O)C3N=C(N)N)OC(C)C2(O)C=O)OC(CO)C(O)C1O,CNC1C(OC2C(OC3C(O)C(O)C(N=C(N)N)C(O)C3N=C(N)N)OC(C)C2(O)C=O)OC(CO)C(O)C1O
3574,0,CNC1C(OC2C(OC3C(O)C(O)C(N=C(N)N)C(O)C3N=C(N)N)OC(C)C2(O)CO)OC(CO)C(O)C1O,CNC1C(OC2C(OC3C(O)C(O)C(N=C(N)N)C(O)C3N=C(N)N)OC(C)C2(O)CO)OC(CO)C(O)C1O
3575,0,CNC1C(OC2OC(CO)C(N)C(O)C2O)OC2CC(N)C(OC3C(N)CC(N)C(O)C3O)OC2C1O,CNC1C(OC2OC(CO)C(N)C(O)C2O)OC2CC(N)C(OC3C(N)CC(N)C(O)C3O)OC2C1O
3576,1,CNC1CC(c2ccc(Cl)c(Cl)c2)c2ccccc21,CNC1CC(c2ccc(Cl)c(Cl)c2)c2ccccc21
3577,1,CNCC(O)CC12CCC(c3ccccc31)c1ccccc12,CNCC(O)CC12CCC(c3ccccc31)c1ccccc12
3578,1,CNCC1CN(c2ccc(OCc3cccc(Cl)c3)cc2)C(=O)O1,CNCC1CN(c2ccc(OCc3cccc(Cl)c3)cc2)C(=O)O1
3579,1,CNCC=C(c1ccc(Br)cc1)c1cccnc1,CNCC=C(c1ccc(Br)cc1)c1cccnc1
3580,0,CNCCC(O)C1CC(SC2=C(C(=O)O)N3C(=O)C(C(C)O)C3C2C)CN1,CNCCC(O)C1CC(SC2=C(C(=O)O)N3C(=O)C(C(C)O)C3C2C)CN1
3581,1,CNc1cc(OC)c(C(=O)NC2CCN(Cc3ccccc3)C2C)cc1Cl,CNc1cc(OC)c(C(=O)NC2CCN(Cc3ccccc3)C2C)cc1Cl
3582,1,COC(=O)C1C2CC3c4[nH]c5ccc(Cl)cc5c4CCN3CC2CC(OC(=O)c2cc(OC)c(OC)c(OC)c2)C1OC,COC(=O)C1C2CC3c4[nH]c5ccc(Cl)cc5c4CCN3CC2CC(OC(=O)c2cc(OC)c(OC)c(OC)c2)C1OC
3583,0,COC(C(=O)NC1C(=O)N2C1SC(C)(C)C2C(=O)O)c1ccc(Cl)c(Cl)c1,COC(C(=O)NC1C(=O)N2C1SC(C)(C)C2C(=O)O)c1ccc(Cl)c(Cl)c1
3584,1,COC(OC)C(=O)C12OC(C)(C)OC1CC1C3CC(F)C4=CC(=O)C=CC4(C)C3(F)C(O)CC12C,COC(OC)C(=O)C12OC(C)(C)OC1CC1C3CC(F)C4=CC(=O)C=CC4(C)C3(F)C(O)CC12C
3585,0,COC1(NC(=O)C(C(=O)O)c2ccsc2)C(=O)N2C(C(=O)O)C(C)(C)SC21,COC1(NC(=O)C(C(=O)O)c2ccsc2)C(=O)N2C(C(=O)O)C(C)(C)SC21
3586,0,COC1(NC(=O)C2SC(=C(C#N)C(=O)O)S2)C(=O)N2C(C(=O)O)=C(CSc3nnnn3C)CSC21,COC1(NC(=O)C2SC(=C(C#N)C(=O)O)S2)C(=O)N2C(C(=O)O)=C(CSc3nnnn3C)CSC21
3587,0,COC1(NC(=O)CSC(F)F)C(=O)N2C(C(=O)O)=C(CSc3nnnn3CCO)COC21,COC1(NC(=O)CSC(F)F)C(=O)N2C(C(=O)O)=C(CSc3nnnn3CCO)COC21
3588,0,COC1(NC(=O)CSCC#N)C(=O)N2C(C(=O)O)=C(CSc3nnnn3C)CSC21,COC1(NC(=O)CSCC#N)C(=O)N2C(C(=O)O)=C(CSc3nnnn3C)CSC21
3589,0,COC1(NC(=O)CSCC(N)C(=O)O)C(=O)N2C(C(=O)O)=C(CSc3nnnn3C)CSC21,COC1(NC(=O)CSCC(N)C(=O)O)C(=O)N2C(C(=O)O)=C(CSc3nnnn3C)CSC21
3590,0,COC1(NC(=O)Cc2cccs2)C(=O)N2C(C(=O)O)=C(COC(N)=O)CSC21,COC1(NC(=O)Cc2cccs2)C(=O)N2C(C(=O)O)=C(COC(N)=O)CSC21
3591,0,COC12C(COC(N)=O)C3=C(C(=O)C(C)=C(N)C3=O)N1CC1NC12,COC12C(COC(N)=O)C3=C(C(=O)C(C)=C(N)C3=O)N1CC1NC12
3592,1,COC12C=CC3(CC1C(C)(C)O)C1Cc4ccc(O)c5c4C3(CCN1CC1CC1)C2O5,COC12C=CC3(CC1C(C)(C)O)C1Cc4ccc(O)c5c4C3(CCN1CC1CC1)C2O5
3593,1,COC12CCC3(CC1C(C)(C)O)C1Cc4ccc(O)c5c4C3(CCN1CC1CC1)C2O5,COC12CCC3(CC1C(C)(C)O)C1Cc4ccc(O)c5c4C3(CCN1CC1CC1)C2O5
3594,1,COC12CCC3(CC1C(C)(O)C(C)(C)C)C1Cc4ccc(O)c5c4C3(CCN1CC1CC1)C2O5,COC12CCC3(CC1C(C)(O)C(C)(C)C)C1Cc4ccc(O)c5c4C3(CCN1CC1CC1)C2O5
3595,0,COC1C(O)C(N)C(OC2OC(C(C)N)CCC2N)C(O)C1N(C)C(=O)CN,COC1C(O)C(N)C(OC2OC(C(C)N)CCC2N)C(O)C1N(C)C(=O)CN
3596,0,COC1C(O)CC(=O)OC(C)CC=CC=CC(O)C(C)CC(CC=O)C1OC1OC(C)C(OC2CC(C)(O)C(O)C(C)O2)C(N(C)C)C1O,COC1C(O)CC(=O)OC(C)CC=CC=CC(O)C(C)CC(CC=O)C1OC1OC(C)C(OC2CC(C)(O)C(O)C(C)O2)C(N(C)C)C1O
3597,0,COC1C(OC(C)=O)CC(=O)OC(C)CC=CC=CC(O)C(C)CC(CC=O)C1OC1OC(C)C(OC2CC(C)(O)C(OC(=O)CC(C)C)C(C)O2)C(N(C)C)C1O,COC1C(OC(C)=O)CC(=O)OC(C)CC=CC=CC(O)C(C)CC(CC=O)C1OC1OC(C)C(OC2CC(C)(O)C(OC(=O)CC(C)C)C(C)O2)C(N(C)C)C1O
3598,0,COC1C(OC(N)=O)C(O)C(Oc2ccc3c(O)c(NC(=O)c4ccc(O)c(CC=C(C)C)c4)c(=O)oc3c2C)OC1(C)C,COC1C(OC(N)=O)C(O)C(Oc2ccc3c(O)c(NC(=O)c4ccc(O)c(CC=C(C)C)c4)c(=O)oc3c2C)OC1(C)C
3599,0,COC1C=COC2(C)Oc3c(C)c(O)c4c(O)c(c(C=NN5CCN(C6CCCC6)CC5)c(O)c4c3C2=O)NC(=O)C(C)=CC=CC(C)C(O)C(C)C(O)C(C)C(OC(C)=O)C1C,COC1C=COC2(C)Oc3c(C)c(O)c4c(O)c(c(C=NN5CCN(C6CCCC6)CC5)c(O)c4c3C2=O)NC(=O)C(C)=CC=CC(C)C(O)C(C)C(O)C(C)C(OC(C)=O)C1C
3600,0,COC1C=COC2(C)Oc3c(C)c(O)c4c(O)c(c5c(c4c3C2=O)NC2(CCN(CC(C)C)CC2)N=5)=NC(=O)C(C)=CC=CC(C)C(O)C(C)C(O)C(C)C(OC(C)=O)C1C,COC1C=COC2(C)Oc3c(C)c(O)c4c(O)c(c5c(c4c3C2=O)NC2(CCN(CC(C)C)CC2)N=5)=NC(=O)C(C)=CC=CC(C)C(O)C(C)C(O)C(C)C(OC(C)=O)C1C
3601,0,COC1C=COC2(C)Oc3c(C)c(O)c4c(O)c(cc(O)c4c3C2=O)NC(=O)C(C)=CC=CC(C)C(O)C(C)C(O)C(C)C(OC(C)=O)C1C,COC1C=COC2(C)Oc3c(C)c(O)c4c(O)c(cc(O)c4c3C2=O)NC(=O)C(C)=CC=CC(C)C(O)C(C)C(O)C(C)C(OC(C)=O)C1C
3602,0,COC1CC(OC2C(C)C(=O)OC(C)C(C)C(O)C(C)C(=O)C3(CO3)CC(C)C(OC3OC(C)CC(N(C)C)C3O)C2C)OC(C)C1O,COC1CC(OC2C(C)C(=O)OC(C)C(C)C(O)C(C)C(=O)C3(CO3)CC(C)C(OC3OC(C)CC(N(C)C)C3O)C2C)OC(C)C1O
3603,0,COC1CC(OC2C(C)C(=O)OC(C)C(C)C(OC(C)=O)C(C)C(=O)C3(CO3)CC(C)C(OC3OC(C)CC(N(C)C)C3OC(C)=O)C2C)OC(C)C1OC(C)=O,COC1CC(OC2C(C)C(=O)OC(C)C(C)C(OC(C)=O)C(C)C(=O)C3(CO3)CC(C)C(OC3OC(C)CC(N(C)C)C3OC(C)=O)C2C)OC(C)C1OC(C)=O
3604,1,COC1OC2OC3(CN4CCCCC4)C(O)CC(C2C)C13,COC1OC2OC3(CN4CCCCC4)C(O)CC(C2C)C13
3605,0,COCC(=O)OC1(CCN(C)CCCc2nc3ccccc3[nH]2)CCc2cc(F)ccc2C1C(C)C,COCC(=O)OC1(CCN(C)CCCc2nc3ccccc3[nH]2)CCc2cc(F)ccc2C1C(C)C
3606,0,COCC1=C(C(=O)O)N2C(=O)C(NC(=O)C(=NO)c3csc(N)n3)C2SC1,COCC1=C(C(=O)O)N2C(=O)C(NC(=O)C(=NO)c3csc(N)n3)C2SC1
3607,0,COCC1=C(C(=O)O)N2C(=O)C(NC(=O)C(=NOC)c3csc(N)n3)C2SC1,COCC1=C(C(=O)O)N2C(=O)C(NC(=O)C(=NOC)c3csc(N)n3)C2SC1
3608,1,COCC1CN(c2ccc(OCCC(O)C(F)(F)F)cc2)C(=O)O1,COCC1CN(c2ccc(OCCC(O)C(F)(F)F)cc2)C(=O)O1
3609,1,COCCCCC(=NOCCN)c1ccc(Cl)cc1,COCCCCC(=NOCCN)c1ccc(Cl)cc1
3610,0,COCOC(=O)C1N2C(=O)C(N3C(=O)C(c4ccccc4)NC3(C)C)C2SC1(C)C,COCOC(=O)C1N2C(=O)C(N3C(=O)C(c4ccccc4)NC3(C)C)C2SC1(C)C
3611,1,COCc1c(C(C)C)nc(C(C)C)c(C=CC(O)CC(O)CC(=O)O)c1-c1ccc(F)cc1,COCc1c(C(C)C)nc(C(C)C)c(C=CC(O)CC(O)CC(=O)O)c1-c1ccc(F)cc1
3612,0,CON=C(C(=O)NC1C(=O)N(OCC(=O)OCC(=O)OC(C)(C)C)C1C)c1csc(N)n1,CON=C(C(=O)NC1C(=O)N(OCC(=O)OCC(=O)OC(C)(C)C)C1C)c1csc(N)n1
3613,0,CON=C(C(=O)NC1C(=O)N2C(C(=O)O)=C(C)CSC12)c1csc(N)n1,CON=C(C(=O)NC1C(=O)N2C(C(=O)O)=C(C)CSC12)c1csc(N)n1
3614,0,CON=C(C(=O)NC1C(=O)N2C(C(=O)O)=C(C=CSc3n[nH]c(=O)c(=O)n3CC=O)CSC12)c1csc(N)n1,CON=C(C(=O)NC1C(=O)N2C(C(=O)O)=C(C=CSc3n[nH]c(=O)c(=O)n3CC=O)CSC12)c1csc(N)n1
3615,0,CON=C(C(=O)NC1C(=O)N2C(C(=O)O)=C(COC(C)=O)CSC12)c1ccco1,CON=C(C(=O)NC1C(=O)N2C(C(=O)O)=C(COC(C)=O)CSC12)c1ccco1
3616,0,CON=C(C(=O)NC1C(=O)N2C(C(=O)O)=C(COC(C)=O)CSC12)c1csc(N)n1,CON=C(C(=O)NC1C(=O)N2C(C(=O)O)=C(COC(C)=O)CSC12)c1csc(N)n1
3617,0,CON=C(C(=O)NC1C(=O)N2C(C(=O)O)=C(COC(C)=O)C[S+]([O-])C12)c1csc(N)n1,CON=C(C(=O)NC1C(=O)N2C(C(=O)O)=C(COC(C)=O)C[S+]([O-])C12)c1csc(N)n1
3618,0,CON=C(C(=O)NC1C(=O)N2C(C(=O)O)=C(COC(N)=O)CSC12)c1ccco1,CON=C(C(=O)NC1C(=O)N2C(C(=O)O)=C(COC(N)=O)CSC12)c1ccco1
3619,0,CON=C(C(=O)NC1C(=O)N2C(C(=O)O)=C(CSC(=O)c3ccco3)CSC12)c1csc(N)n1,CON=C(C(=O)NC1C(=O)N2C(C(=O)O)=C(CSC(=O)c3ccco3)CSC12)c1csc(N)n1
3620,0,CON=C(C(=O)NC1C(=O)N2C(C(=O)O)=C(CSc3nc(=O)c(=O)[nH]n3C)CSC12)c1csc(N)n1,CON=C(C(=O)NC1C(=O)N2C(C(=O)O)=C(CSc3nc(=O)c(=O)[nH]n3C)CSC12)c1csc(N)n1
3621,0,CON=C(C(=O)NC1C(=O)N2C(C(=O)O)=C(CSc3nc(C)c(CC(=O)O)s3)CSC12)c1csc(N)n1,CON=C(C(=O)NC1C(=O)N2C(C(=O)O)=C(CSc3nc(C)c(CC(=O)O)s3)CSC12)c1csc(N)n1
3622,0,CON=C(C(=O)NC1C(=O)N2C(C(=O)O)=C(CSc3nnnn3C)CSC12)c1csc(N)n1,CON=C(C(=O)NC1C(=O)N2C(C(=O)O)=C(CSc3nnnn3C)CSC12)c1csc(N)n1
3623,0,CON=C(C(=O)NC1C(=O)N2C(C(=O)O)=C(Cn3nnc(C)n3)CSC12)c1csc(N)n1,CON=C(C(=O)NC1C(=O)N2C(C(=O)O)=C(Cn3nnc(C)n3)CSC12)c1csc(N)n1
3624,0,CON=C(C(=O)NC1C(=O)N2C(C(=O)OC(C)OC(=O)C(C)(C)OC)=C(COC(N)=O)CSC12)c1ccco1,CON=C(C(=O)NC1C(=O)N2C(C(=O)OC(C)OC(=O)C(C)(C)OC)=C(COC(N)=O)CSC12)c1ccco1
3625,0,CON=C(C(=O)NC1C(=O)N2C(C(=O)OC(C)OC(C)=O)=C(COC(N)=O)CSC12)c1ccco1,CON=C(C(=O)NC1C(=O)N2C(C(=O)OC(C)OC(C)=O)=C(COC(N)=O)CSC12)c1ccco1
3626,0,CON=C(C(=O)NC1C(=O)N2C(C(=O)OCOC(=O)C(C)(C)C)=CCSC12)c1csc(NC(=O)C(C)N)n1,CON=C(C(=O)NC1C(=O)N2C(C(=O)OCOC(=O)C(C)(C)C)=CCSC12)c1csc(NC(=O)C(C)N)n1
3627,1,CON=CC1=CCCN(C)C1,CON=CC1=CCCN(C)C1
3628,1,COc1cc(C(=O)C=CN2CC=CC2)cc(OC)c1OC,COc1cc(C(=O)C=CN2CC=CC2)cc(OC)c1OC
3629,1,COc1cc(C=CC(=O)N2CCCCCCC2)cc(OC)c1OC,COc1cc(C=CC(=O)N2CCCCCCC2)cc(OC)c1OC
3630,1,COc1cc(C=CC(N)=O)cc(OC)c1OC,COc1cc(C=CC(N)=O)cc(OC)c1OC
3631,0,COc1ccc(-c2cc(=O)c3c(O)cc(OC4OC(COC5OC(C)C(O)C(O)C5O)C(O)C(O)C4O)cc3o2)cc1O,COc1ccc(-c2cc(=O)c3c(O)cc(OC4OC(COC5OC(C)C(O)C(O)C5O)C(O)C(O)C4O)cc3o2)cc1O
3632,1,COc1ccc(C(O)CN2CCN(c3cccccc3=O)CC2)cc1OC,COc1ccc(C(O)CN2CCN(c3cccccc3=O)CC2)cc1OC
3633,0,COc1ccc(CC(=O)N2CCN(C(C)=O)CC2CN2CCC(O)C2)cc1,COc1ccc(CC(=O)N2CCN(C(C)=O)CC2CN2CCC(O)C2)cc1
3634,1,COc1ccc2c(c1)C(=CCCN(C)C)c1ccccc1O2,COc1ccc2c(c1)C(=CCCN(C)C)c1ccccc1O2
3635,1,COc1ccc2c(c1)C13CCCCC1C(C2)N(C)CC3,COc1ccc2c(c1)C13CCCCC1C(C2)N(C)CC3
3636,1,COc1ccc2c(c1)N(CC(C)CN(C)C)c1ccccc1S2,COc1ccc2c(c1)N(CC(C)CN(C)C)c1ccccc1S2
3637,1,COc1ccc2c(c1OC)C(=O)OC2C1c2c(cc3c(c2OC)OCO3)CCN1C,COc1ccc2c(c1OC)C(=O)OC2C1c2c(cc3c(c2OC)OCO3)CCN1C
3638,1,COc1ccc2c(c1OC)C13CCN(C)C(C2)C1(O)CCC(O)C3,COc1ccc2c(c1OC)C13CCN(C)C(C2)C1(O)CCC(O)C3
3639,1,COc1ccc2c3c([nH]c2c1)C1CC2C(CC(OC(=O)c4cc(OC)c(OC)c(OC)c4)C(OC)C2OC(C)=O)CN1CC3,COc1ccc2c3c([nH]c2c1)C1CC2C(CC(OC(=O)c4cc(OC)c(OC)c(OC)c4)C(OC)C2OC(C)=O)CN1CC3
3640,1,COc1ccc2c3c1OC1C(=O)CCC4C(C2)N(C)CCC314,COc1ccc2c3c1OC1C(=O)CCC4C(C2)N(C)CCC314
3641,1,COc1ccc2c3c1OC1C(O)CCC4C(C2)N(C)CCC341,COc1ccc2c3c1OC1C(O)CCC4C(C2)N(C)CCC341
3642,1,COc1cccc(C(=O)NC2CC3CCC(C2)N3Cc2ccccc2)c1OC,COc1cccc(C(=O)NC2CC3CCC(C2)N3Cc2ccccc2)c1OC
3643,1,COc1cccc(C2(O)CCCCC2CN(C)C)c1,COc1cccc(C2(O)CCCCC2CN(C)C)c1
3644,0,COc1cccc2c1C(=O)c1c(O)c3c(c(O)c1C2=O)CC(O)(C(=O)CO)CC3OC1CC(N)C(OC2CCCCO2)C(C)O1,COc1cccc2c1C(=O)c1c(O)c3c(c(O)c1C2=O)CC(O)(C(=O)CO)CC3OC1CC(N)C(OC2CCCCO2)C(C)O1
3645,0,COc1cccc2c1C(=O)c1c(O)c3c(c(O)c1C2=O)CC(O)(C(=O)CO)CC3OC1CC(N)CC(C)O1,COc1cccc2c1C(=O)c1c(O)c3c(c(O)c1C2=O)CC(O)(C(=O)CO)CC3OC1CC(N)CC(C)O1
3646,0,COc1cccc2c1C(=O)c1c(O)c3c(c(O)c1C2=O)CC(O)(C(=O)CO)CC3OC1CC(NC(=O)C(N)CC(C)C)C(O)C(C)O1,COc1cccc2c1C(=O)c1c(O)c3c(c(O)c1C2=O)CC(O)(C(=O)CO)CC3OC1CC(NC(=O)C(N)CC(C)C)C(O)C(C)O1
3647,0,COc1cccc2c1C(=O)c1c(O)c3c(c(O)c1C2=O)CC(O)(C(C)=O)CC3OC1CC(N)C(O)C(C)O1,COc1cccc2c1C(=O)c1c(O)c3c(c(O)c1C2=O)CC(O)(C(C)=O)CC3OC1CC(N)C(O)C(C)O1
3648,0,COc1cccc2c1C(=O)c1c(O)c3c(c(O)c1C2=O)CC(O)(C(O)CO)CC3O,COc1cccc2c1C(=O)c1c(O)c3c(c(O)c1C2=O)CC(O)(C(O)CO)CC3O
3649,1,COc1cccc2c1CC(CCCNCCCCN1C(=O)CC3(CCCC3)CC1=O)CO2,COc1cccc2c1CC(CCCNCCCCN1C(=O)CC3(CCCC3)CC1=O)CO2
3650,1,COc1ccccc1N1CCN(CCCCN2C(=O)C3C(=O)N(C(C)(C)C)C(=O)C(C2=O)C3(C)C)CC1,COc1ccccc1N1CCN(CCCCN2C(=O)C3C(=O)N(C(C)(C)C)C(=O)C(C2=O)C3(C)C)CC1
3651,1,CS(=O)(=O)c1ccc(C(O)C(CF)NC(=O)C(Cl)Cl)cc1,CS(=O)(=O)c1ccc(C(O)C(CF)NC(=O)C(Cl)Cl)cc1
3652,0,CSc1ccc(CC(=O)N2CCN(C(C)=O)CC2CN2CCC(O)C2)cc1,CSc1ccc(CC(=O)N2CCN(C(C)=O)CC2CN2CCC(O)C2)cc1
3653,1,C[N+](C)([O-])CCC=C1c2ccccc2C=Cc2c(Cl)cccc21,C[N+](C)([O-])CCC=C1c2ccccc2C=Cc2c(Cl)cccc21
3654,0,Cc1cc(=O)c(C(=O)NC(C(=O)NC2C(=O)N3C(C(=O)O)=C(CSc4nnnn4C)CSC23)c2ccc(O)cc2)c[nH]1,Cc1cc(=O)c(C(=O)NC(C(=O)NC2C(=O)N3C(C(=O)O)=C(CSc4nnnn4C)CSC23)c2ccc(O)cc2)c[nH]1
3655,1,Cc1cccc(Cl)c1NC(=O)C=C1SCC(=O)N1C,Cc1cccc(Cl)c1NC(=O)C=C1SCC(=O)N1C
3656,1,Cc1cccc(OC2CCNCC2O)c1C,Cc1cccc(OC2CCNCC2O)c1C
3657,1,Cc1ccccc1-n1c(C=Cc2ccccn2)nc2ccccc2c1=O,Cc1ccccc1-n1c(C=Cc2ccccn2)nc2ccccc2c1=O
3658,1,Cc1ccsc1C(=CCCN1CCCC(C(=O)O)C1)c1sccc1C,Cc1ccsc1C(=CCCN1CCCC(C(=O)O)C1)c1sccc1C
3659,0,Cc1cnn(-c2c(Cl)cccc2Cl)c1C(=O)NC1C(=O)N2C1SC(C)(C)C2C(=O)O,Cc1cnn(-c2c(Cl)cccc2Cl)c1C(=O)NC1C(=O)N2C1SC(C)(C)C2C(=O)O
3660,0,Cc1nnc(SCC2=C(C(=O)O)N3C(=O)C(NC(=O)C(N)c4ccc(O)cc4)C3SC2)s1,Cc1nnc(SCC2=C(C(=O)O)N3C(=O)C(NC(=O)C(N)c4ccc(O)cc4)C3SC2)s1
3661,0,Cc1nnc(SCC2=C(C(=O)O)N3C(=O)C(NC(=O)C(O)c4ccccc4)C3SC2)s1,Cc1nnc(SCC2=C(C(=O)O)N3C(=O)C(NC(=O)C(O)c4ccccc4)C3SC2)s1
3662,0,Cc1nnc(SCC2=C(C(=O)O)N3C(=O)C(NC(=O)Cn4cc(Cl)c(=O)c(Cl)c4)C3SC2)s1,Cc1nnc(SCC2=C(C(=O)O)N3C(=O)C(NC(=O)Cn4cc(Cl)c(=O)c(Cl)c4)C3SC2)s1
3663,0,Cc1nnc(SCC2=C(C(=O)O)N3C(=O)C(NC(=O)Cn4cnnn4)C3SC2)s1,Cc1nnc(SCC2=C(C(=O)O)N3C(=O)C(NC(=O)Cn4cnnn4)C3SC2)s1
3664,0,Cc1oc(=O)oc1COC(=O)C1N2C(=O)C(NC(=O)C(N)c3ccccc3)C2SC1(C)C,Cc1oc(=O)oc1COC(=O)C1N2C(=O)C(NC(=O)C(N)c3ccccc3)C2SC1(C)C
3665,0,Cc1onc(-c2c(Cl)cccc2Cl)c1C(=O)NC1C(=O)N2C1SC(C)(C)C2C(=O)O,Cc1onc(-c2c(Cl)cccc2Cl)c1C(=O)NC1C(=O)N2C1SC(C)(C)C2C(=O)O
3666,0,Cc1onc(-c2c(F)cccc2Cl)c1C(=O)NC1C(=O)N2C1SC(C)(C)C2C(=O)O,Cc1onc(-c2c(F)cccc2Cl)c1C(=O)NC1C(=O)N2C1SC(C)(C)C2C(=O)O
3667,0,Cc1onc(-c2ccccc2)c1C(=O)NC1C(=O)N2C1SC(C)(C)C2C(=O)O,Cc1onc(-c2ccccc2)c1C(=O)NC1C(=O)N2C1SC(C)(C)C2C(=O)O
3668,0,Cc1onc(-c2ccccc2Cl)c1C(=O)NC1C(=O)N2C1SC(C)(C)C2C(=O)O,Cc1onc(-c2ccccc2Cl)c1C(=O)NC1C(=O)N2C1SC(C)(C)C2C(=O)O
3669,1,Clc1ccc2c(c1)C(=CC1CN3CCC1CC3)c1ccccc1S2,Clc1ccc2c(c1)C(=CC1CN3CCC1CC3)c1ccccc1S2
3670,0,Cn1nnnc1SCC1=C(C(=O)O)N2C(=O)C(NC(=O)C(O)c3ccccc3)C2SC1,Cn1nnnc1SCC1=C(C(=O)O)N2C(=O)C(NC(=O)C(O)c3ccccc3)C2SC1
3671,0,Cn1nnnc1SCC1=C(C(=O)O)N2C(=O)C(NC(=O)CSC(F)(F)F)C2SC1,Cn1nnnc1SCC1=C(C(=O)O)N2C(=O)C(NC(=O)CSC(F)(F)F)C2SC1
3672,1,FC(F)(F)c1cccc(N2CCN(CCc3nnc4n3CC3CCCC43)CC2)c1,FC(F)(F)c1cccc(N2CCN(CCc3nnc4n3CC3CCCC43)CC2)c1
3673,1,Fc1ccc(C2CCNCC2COc2ccc3c(c2)OCO3)cc1,Fc1ccc(C2CCNCC2COc2ccc3c(c2)OCO3)cc1
3674,1,N#CCNC1CCc2ccccc21,N#CCNC1CCc2ccccc21
3675,0,NC(C(=O)NC1C(=O)N2C(C(=O)O)=C(CSc3cn[nH]n3)CSC12)c1ccc(O)cc1,NC(C(=O)NC1C(=O)N2C(C(=O)O)=C(CSc3cn[nH]n3)CSC12)c1ccc(O)cc1
3676,0,NC(C(=O)NC1C(=O)N2C(C(=O)O)=C(Cl)CCC12)c1ccccc1,NC(C(=O)NC1C(=O)N2C(C(=O)O)=C(Cl)CCC12)c1ccccc1
3677,0,NC(C(=O)NC1C(=O)N2C(C(=O)O)=C(Cl)CSC12)c1ccccc1,NC(C(=O)NC1C(=O)N2C(C(=O)O)=C(Cl)CSC12)c1ccccc1
3678,1,NC(Cc1c[nH]c2ccccc12)C(=O)O,NC(Cc1c[nH]c2ccccc12)C(=O)O
3679,1,NC1CC1c1ccccc1,NC1CC1c1ccccc1
3680,1,NCC(=CF)CCc1ccc(F)cc1,NCC(=CF)CCc1ccc(F)cc1
3681,0,NCC1OC(OC2C(CO)OC(OC3C(O)C(N)CC(N)C3OC3OC(CN)C(O)C(O)C3N)C2O)C(N)C(O)C1O,NCC1OC(OC2C(CO)OC(OC3C(O)C(N)CC(N)C3OC3OC(CN)C(O)C(O)C3N)C2O)C(N)C(O)C1O
3682,0,NCC1OC(OC2C(N)CC(N)C(O)C2O)C(N)C(O)C1O,NCC1OC(OC2C(N)CC(N)C(O)C2O)C(N)C(O)C1O
3683,0,NCCC(O)C(=O)NC1CC(N)C(OC2OC(CN)CCC2N)C(O)C1OC1OC(CO)C(O)C(N)C1O,NCCC(O)C(=O)NC1CC(N)C(OC2OC(CN)CCC2N)C(O)C1OC1OC(CO)C(O)C(N)C1O
3684,0,NCc1ccccc1CC(=O)NC1C(=O)N2C(C(=O)O)=C(CSc3nnnn3CC(=O)O)CSC12,NCc1ccccc1CC(=O)NC1C(=O)N2C(C(=O)O)=C(CSc3nnnn3CC(=O)O)CSC12
3685,1,Nc1ccn(C2OC(CO)C(O)C2O)c(=O)n1,Nc1ccn(C2OC(CO)C(O)C2O)c(=O)n1
3686,0,Nc1nc(C(=CCC(=O)O)C(=O)NC2C(=O)N3C(C(=O)O)=CCSC23)cs1,Nc1nc(C(=CCC(=O)O)C(=O)NC2C(=O)N3C(C(=O)O)=CCSC23)cs1
3687,1,Nc1nc(Cl)nc2c1ncn2C1CC(O)C(CO)O1,Nc1nc(Cl)nc2c1ncn2C1CC(O)C(CO)O1
3688,1,Nc1nc2c(ncn2CCC(O)CO)c(=O)[nH]1,Nc1nc2c(ncn2CCC(O)CO)c(=O)[nH]1
3689,1,O=C(C=Cc1ccc2c(c1)OCO2)N1CCCCC1,O=C(C=Cc1ccc2c(c1)OCO2)N1CCCCC1
3690,1,O=C(CN1CCC(c2ccc(F)cc2)C(COc2ccc3c(c2)OCO3)C1)c1ccc(F)cc1,O=C(CN1CCC(c2ccc(F)cc2)C(COc2ccc3c(c2)OCO3)C1)c1ccc(F)cc1
3691,0,O=C(Cc1ccc(Cl)c(Cl)c1)N1CCc2[nH]cnc2C1CN1CCC(O)C1,O=C(Cc1ccc(Cl)c(Cl)c1)N1CCc2[nH]cnc2C1CN1CCC(O)C1
3692,1,O=C(Cc1ccc(Cl)c(Cl)c1)N1CCc2ccccc2C1CN1CCCC1,O=C(Cc1ccc(Cl)c(Cl)c1)N1CCc2ccccc2C1CN1CCCC1
3693,1,O=C(Cc1ccc(Cl)c(Cl)c1)N1CCc2occc2C1CN1CCC(O)C1,O=C(Cc1ccc(Cl)c(Cl)c1)N1CCc2occc2C1CN1CCC(O)C1
3694,1,O=C(Cc1ccc(Cl)c(Cl)c1)N1CCc2occc2C1CN1CCCC1,O=C(Cc1ccc(Cl)c(Cl)c1)N1CCc2occc2C1CN1CCCC1
3695,1,O=C(Cc1ccc(Cl)c(Cl)c1)N1CCc2sccc2C1CN1CCCC1,O=C(Cc1ccc(Cl)c(Cl)c1)N1CCc2sccc2C1CN1CCCC1
3696,0,O=C(Cc1ccc(Cl)c(Cl)c1)N1CCn2ccnc2C1CN1CCC(O)C1,O=C(Cc1ccc(Cl)c(Cl)c1)N1CCn2ccnc2C1CN1CCC(O)C1
3697,1,O=C(Cc1ccc(Cl)c(Cl)c1)N1CCn2ccnc2C1CN1CCCC1,O=C(Cc1ccc(Cl)c(Cl)c1)N1CCn2ccnc2C1CN1CCCC1
3698,1,O=C(Cc1ccc(Cl)c(Cl)c1)N1CCn2ncnc2C1CN1CCCC1,O=C(Cc1ccc(Cl)c(Cl)c1)N1CCn2ncnc2C1CN1CCCC1
3699,0,O=C(Cc1cccs1)NC1C(=O)N2C(C(=O)O)=C(CSc3ncn[nH]3)CSC12,O=C(Cc1cccs1)NC1C(=O)N2C(C(=O)O)=C(CSc3ncn[nH]3)CSC12
3700,0,O=C(Cn1cnnn1)NC1C(=O)N2C(C(=O)O)=C(CSc3nncs3)CSC12,O=C(Cn1cnnn1)NC1C(=O)N2C(C(=O)O)=C(CSc3nncs3)CSC12
3701,0,O=C(O)C1=C(CSc2nnnn2CS(=O)(=O)O)CSC2C(NC(=O)C(O)c3ccccc3)C(=O)N12,O=C(O)C1=C(CSc2nnnn2CS(=O)(=O)O)CSC2C(NC(=O)C(O)c3ccccc3)C(=O)N12
3702,1,O=C1C2C3C=CC(C4C=CC43)C2C(=O)N1CCCCN1CCN(c2ncccn2)CC1,O=C1C2C3C=CC(C4C=CC43)C2C(=O)N1CCCCN1CCN(c2ncccn2)CC1
3703,1,O=C1C2CCCCC2C(=O)N1CCCCN1CCN(c2nsc3ccccc23)CC1,O=C1C2CCCCC2C(=O)N1CCCCN1CCN(c2nsc3ccccc23)CC1
3704,1,O=C1CC2c3cc(Cl)ccc3OC3(CCNCC23)N1,O=C1CC2c3cc(Cl)ccc3OC3(CCNCC23)N1
3705,1,O=C1CCC(C(=O)N2CCCCC2)N1,O=C1CCC(C(=O)N2CCCCC2)N1
3706,1,O=C1C[N+]([O-])=C(c2ccccc2)c2cc(Cl)ccc2N1,O=C1C[N+]([O-])=C(c2ccccc2)c2cc(Cl)ccc2N1
3707,0,O=C1NC(=O)C2(CCN(C(=O)Cc3ccc(Cl)c(Cl)c3)C(CN3CCCC3)C2)N1,O=C1NC(=O)C2(CCN(C(=O)Cc3ccc(Cl)c(Cl)c3)C(CN3CCCC3)C2)N1
3708,1,OCC(O)C1OC2OC(C(Cl)(Cl)Cl)OC2C1O,OCC(O)C1OC2OC(C(Cl)(Cl)Cl)OC2C1O
3709,1,OCCC1CCN(CCC=C2c3ccc(F)cc3Sc3ccc(C(F)(F)F)cc32)CC1,OCCC1CCN(CCC=C2c3ccc(F)cc3Sc3ccc(C(F)(F)F)cc32)CC1
3710,1,OCCN1CCN(CCC=C2c3ccccc3COc3ccc(Cl)cc32)CC1,OCCN1CCN(CCC=C2c3ccccc3COc3ccc(Cl)cc32)CC1
3711,1,OCCN1CCN(CCC=C2c3ccccc3Sc3ccc(C(F)(F)F)cc32)CC1,OCCN1CCN(CCC=C2c3ccccc3Sc3ccc(C(F)(F)F)cc32)CC1
3712,1,OCCN1CCN(CCC=C2c3ccccc3Sc3ccc(Cl)cc32)CC1,OCCN1CCN(CCC=C2c3ccccc3Sc3ccc(Cl)cc32)CC1
3713,1,OCc1ccccc1OC1OC(CO)C(O)C(O)C1O,OCc1ccccc1OC1OC(CO)C(O)C(O)C1O
3714,1,[O-][N+]1=C(c2ccccc2)c2cc(Cl)ccc2N=C(NCC2CC2)C1,[O-][N+]1=C(c2ccccc2)c2cc(Cl)ccc2N=C(NCC2CC2)C1
3715,0,CC(=O)NC1C(I)C(NC(C)=O)C(I)C(C(=O)O)C1I,CC(=O)NC1C(I)C(NC(C)=O)C(I)C(C(=O)O)C1I
3716,1,CC(C)(ON=C(C(=O)NC1C(=O)N2C(C(=O)O)=C(C[n+]3ccccc3)CSC12)c1csc(N)n1)C(=O)O,CC(C)(ON=C(C(=O)NC1C(=O)N2C(C(=O)O)=C(C[n+]3ccccc3)CSC12)c1csc(N)n1)C(=O)O
3717,0,CC12CCC(=O)C=C1CCC1C2C(O)CC2(C=O)C(C(=O)CO)CCC12,CC12CCC(=O)C=C1CCC1C2C(O)CC2(C=O)C(C(=O)CO)CCC12
3718,0,CC1C=CC=CC=CC=CC=CC=CC=CC(OC2OC(C)C(O)C(N)C2O)CC2OC(O)(CC(O)CC(O)C(O)CCC(O)CC(O)CC(=O)OC(C)C(C)C1O)CC(O)C2C(=O)O,CC1C=CC=CC=CC=CC=CC=CC=CC(OC2OC(C)C(O)C(N)C2O)CC2OC(O)(CC(O)CC(O)C(O)CCC(O)CC(O)CC(=O)OC(C)C(C)C1O)CC(O)C2C(=O)O
3719,0,CCCc1ccc(Cl)cc1,CCCc1ccc(Cl)cc1
3720,1,CCOc1cccc(F)c1B(O)O,CCOc1cccc(F)c1B(O)O
3721,0,CC[C@H](C)[C@H](NC(=O)[C@@H](CCC(=O)O)NC(=O)[C@H](CC(C)C)NC(=O)[C@@H]1CSC([C@H](N)[C@H](C)CC)=N1)C(=O)NCCCC[C@@H]1NC(=O)[C@H](CC(N)=O)NC(=O)[C@@H](CC(=O)O)NC(=O)[C@H](Cc2c[nH]cn2)NC(=O)[C@@H](Cc2ccccc2)NC(=O)[C@H]([C@@H](C)CC)NC(=O)[C@@H](CCCN)NC1=O,CC[C@@H](C)[C@@H](N)C1=N[C@H](C(=O)N[C@@H](CC(C)C)C(=O)N[C@H](CCC(=O)O)C(=O)N[C@H](C(=O)NCCCC[C@@H]2NC(=O)[C@H](CC(N)=O)NC(=O)[C@@H](CC(=O)O)NC(=O)[C@H](Cc3c[nH]cn3)NC(=O)[C@@H](Cc3ccccc3)NC(=O)[C@H]([C@@H](C)CC)NC(=O)[C@@H](CCCN)NC2=O)[C@@H](C)CC)CS1
3722,0,N#Cc1ccc(N2CCC3(CCNCC3)CC2)cc1,N#Cc1ccc(N2CCC3(CCNCC3)CC2)cc1
3723,1,O=C(Cc1ccc(Cl)c(Cl)c1)N1CCc2ccsc2[C@H]1CN1CCCC1,O=C(Cc1ccc(Cl)c(Cl)c1)N1CCc2ccsc2[C@H]1CN1CCCC1
3724,0,O=C(O)c1cc(=O)c2c(OCC(O)COc3cccc4oc(C(=O)O)cc(=O)c34)cccc2o1,O=C(O)c1cc(=O)c2c(OCC(O)COc3cccc4oc(C(=O)O)cc(=O)c34)cccc2o1
3725,0,O=C(O)c1cc(=O)cco1,O=C(O)c1cc(=O)cco1
3726,0,O=C1NC(=O)[C@]2(CCN(C(=O)Cc3ccc(Cl)c(Cl)c3)[C@@H](CN3CCCC3)C2)N1,O=C1NC(=O)[C@]2(CCN(C(=O)Cc3ccc(Cl)c(Cl)c3)[C@@H](CN3CCCC3)C2)N1
3727,1,C#C[C@]1(O)CC[C@H]2[C@@H]3CCC4=Cc5c(cnn5-c5ccc(F)cc5)C[C@]4(C)[C@H]3CC[C@@]21C,C#C[C@]1(O)CC[C@H]2[C@@H]3CCC4=Cc5c(cnn5-c5ccc(F)cc5)C[C@]4(C)[C@H]3CC[C@@]21C
3728,1,C/C(=C1\CCOC(=O)S1)N(C=O)Cc1cnc(C)nc1N,C/C(=C1\CCOC(=O)S1)N(C=O)Cc1cnc(C)nc1N
3729,1,C/C(=C\CCN1CCC2(CC1)C(=O)NCN2c1ccccc1)c1ccc(F)cc1,C/C(=C\CCN1CCC2(CC1)C(=O)NCN2c1ccccc1)c1ccc(F)cc1
3730,0,C/C=C\C=C\[C@@H]1O[C@](O)([C@H](CC)C(=O)NC/C=C/C=C(\C)[C@@H](OC)[C@@H](C)C2O[C@H](/C=C/C=C/C=C(\C)C(=O)c3c(O)ccn(C)c3=O)[C@H](O)[C@@H]2O)[C@H](O)[C@H](O[C@@H]2O[C@H](C)[C@@H](O[C@@H]3O[C@@H](C)[C@H](OC)[C@@H](O)[C@H]3OC)[C@@H](OC)[C@H]2O)C1(C)C,C/C=C\C=C\[C@@H]1O[C@](O)([C@H](CC)C(=O)NC/C=C/C=C(\C)[C@@H](OC)[C@@H](C)C2O[C@H](/C=C/C=C/C=C(\C)C(=O)c3c(O)ccn(C)c3=O)[C@H](O)[C@@H]2O)[C@H](O)[C@H](O[C@@H]2O[C@H](C)[C@@H](O[C@@H]3O[C@@H](C)[C@H](OC)[C@@H](O)[C@H]3OC)[C@@H](OC)[C@H]2O)C1(C)C
3731,1,C=C1CC2C3CCC4=CC(=O)C=C[C@]4(C)[C@@]3(F)[C@@H](O)C[C@]2(C)[C@@]1(O)C(=O)CO,C=C1CC2C3CCC4=CC(=O)C=C[C@]4(C)[C@@]3(F)[C@@H](O)C[C@]2(C)[C@@]1(O)C(=O)CO
3732,0,C=C1c2c(Cl)ccc(O)c2C(O)=C2C(=O)[C@]3(O)C(O)=C(C(N)=O)C(=O)[C@@H](N(C)C)[C@@H]3[C@@H](O)[C@H]12,C=C1c2c(Cl)ccc(O)c2C(O)=C2C(=O)[C@]3(O)C(O)=C(C(N)=O)C(=O)[C@@H](N(C)C)[C@@H]3[C@@H](O)[C@H]12
3733,0,C=CC1=C(C(=O)O)N2C(=O)[C@@H](NC(=O)/C(=N\O)c3csc(N)n3)[C@H]2SC1,C=CC1=C(C(=O)O)N2C(=O)[C@@H](NC(=O)/C(=N\O)c3csc(N)n3)[C@H]2SC1
3734,1,C=CC1O[C@@H]2C[C@H]3[C@@H]4CCC5=CC(=O)C=C[C@]5(C)[C@@]4(F)[C@@H](O)C[C@]3(C)[C@]2(C(=O)CO)O1,C=CC1O[C@@H]2C[C@H]3[C@@H]4CCC5=CC(=O)C=C[C@]5(C)[C@@]4(F)[C@@H](O)C[C@]3(C)[C@]2(C(=O)CO)O1
3735,1,C=CCN1CCC23c4c5ccc(O)c4O[C@H]2C2(OC)C=CC3(C[C@@H]2C(C)(O)CCC)C1C5,C=CCN1CCC23c4c5ccc(O)c4O[C@H]2C2(OC)C=CC3(C[C@@H]2C(C)(O)CCC)C1C5
3736,0,C=CCSCC(=O)N[C@@H]1C(=O)N2[C@@H](C(=O)O)C(C)(C)S[C@H]12,C=CCSCC(=O)N[C@@H]1C(=O)N2[C@@H]1SC(C)(C)[C@@H]2C(=O)O
3737,0,C=CC[C@@H]1C=C(C)C[C@H](C)C[C@H](OC)[C@H]2O[C@@](O)(C(=O)C(=O)N3CCCC[C@H]3C(=O)O[C@H](/C(C)=C/[C@@H]3CC[C@@H](O)[C@H](OC)C3)[C@H](C)[C@@H](O)CC1=O)[C@H](C)C[C@@H]2OC,C=CC[C@@H]1C=C(C)C[C@H](C)C[C@H](OC)[C@H]2O[C@@](O)(C(=O)C(=O)N3CCCC[C@H]3C(=O)O[C@H](/C(C)=C/[C@@H]3CC[C@@H](O)[C@H](OC)C3)[C@H](C)[C@@H](O)CC1=O)[C@H](C)C[C@@H]2OC
3738,1,C=C[C@H]1CNCC[C@H]1CCCc1ccnc2ccc(OC)cc12,C=C[C@H]1CNCC[C@H]1CCCc1ccnc2ccc(OC)cc12
3739,0,CC(=O)N1CCN(c2ccc(OCC3CO[C@](Cn4ccnc4)(c4ccc(Cl)cc4Cl)O3)cc2)CC1,CC(=O)N1CCN(c2ccc(OCC3CO[C@](Cn4ccnc4)(c4ccc(Cl)cc4Cl)O3)cc2)CC1
3740,1,CC(=O)OCC(=O)[C@@]1(O)CCC2C3CCC4=CC(=O)C=C[C@]4(C)[C@@]3(Cl)[C@@H](Cl)C[C@@]21C,CC(=O)OCC(=O)[C@@]1(O)CCC2C3CCC4=CC(=O)C=C[C@]4(C)[C@@]3(Cl)[C@@H](Cl)C[C@@]21C
3741,1,CC(=O)OCC(=O)[C@@]1(O)CCC2C3CCC4=CC(=O)CC[C@]4(C)[C@@]3(F)[C@@H](O)C[C@@]21C,CC(=O)OCC(=O)[C@@]1(O)CCC2C3CCC4=CC(=O)CC[C@]4(C)[C@@]3(F)[C@@H](O)C[C@@]21C
3742,1,CC(=O)OCC(=O)[C@@]1(O)CCC2C3C[C@H](Cl)C4=CC(=O)C=C[C@]4(C)C3C(=O)C[C@@]21C,CC(=O)OCC(=O)[C@@]1(O)CCC2C3C[C@H](Cl)C4=CC(=O)C=C[C@]4(C)C3C(=O)C[C@@]21C
3743,1,CC(=O)OCC(=O)[C@@]1(O)CC[C@H]2C3CCC4=CC(=O)CC[C@]4(C)[C@H]3C(=O)C[C@@]21C,CC(=O)OCC(=O)[C@@]1(O)CC[C@H]2C3CCC4=CC(=O)CC[C@]4(C)[C@H]3C(=O)C[C@@]21C
3744,1,CC(=O)OCC(=O)[C@@]1(O)[C@H](C)CC2C3CCC4=CC(=O)C=C[C@]4(C)[C@@]3(F)[C@@H](O)C[C@@]21C,CC(=O)OCC(=O)[C@@]1(O)[C@H](C)CC2C3CCC4=CC(=O)C=C[C@]4(C)[C@@]3(F)[C@@H](O)C[C@@]21C
3745,1,CC(=O)OCC(=O)[C@@]1(O)[C@H](C)C[C@H]2C3C=C(C)C4=Cc5c(cnn5-c5ccccc5)C[C@]4(C)[C@H]3[C@@H](O)C[C@@]21C,CC(=O)OCC(=O)[C@@]1(O)[C@H](C)C[C@H]2C3C=C(C)C4=Cc5c(cnn5-c5ccccc5)C[C@]4(C)[C@H]3[C@@H](O)C[C@@]21C
3746,1,CC(=O)OCC(=O)[C@@]1(O)[C@H](C)C[C@H]2C3CC(F)(F)C4=CC(=O)C=C[C@]4(C)[C@@]3(F)[C@@H](O)C[C@@]21C,CC(=O)OCC(=O)[C@@]1(O)[C@H](C)C[C@H]2C3CC(F)(F)C4=CC(=O)C=C[C@]4(C)[C@@]3(F)[C@@H](O)C[C@@]21C
3747,1,CC(=O)OCC(=O)[C@@]1(O)[C@H](C)C[C@H]2C3C[C@H](F)C4=CC(=O)C=C[C@]4(C)[C@H]3[C@@H](O)C[C@@]21C,CC(=O)OCC(=O)[C@@]1(O)[C@H](C)C[C@H]2C3C[C@H](F)C4=CC(=O)C=C[C@]4(C)[C@H]3[C@@H](O)C[C@@]21C
3748,1,CC(=O)OCC(=O)[C@@]1(O)[C@H](OC(C)=O)C[C@H]2C3CCC4=CC(=O)C=C[C@]4(C)[C@@]3(F)[C@@H](O)C[C@@]21C,CC(=O)OCC(=O)[C@@]1(O)[C@H](OC(C)=O)C[C@H]2C3CCC4=CC(=O)C=C[C@]4(C)[C@@]3(F)[C@@H](O)C[C@@]21C
3749,1,CC(=O)OCC(=O)[C@@]1(OC(=O)c2ccco2)[C@H](C)C[C@H]2C3CCC4=CC(=O)C=C[C@]4(C)[C@@]3(F)[C@@H](O)C[C@@]21C,CC(=O)OCC(=O)[C@@]1(OC(=O)c2ccco2)[C@H](C)C[C@H]2C3CCC4=CC(=O)C=C[C@]4(C)[C@@]3(F)[C@@H](O)C[C@@]21C
3750,1,CC(=O)OCC(=O)[C@@]1(OC(C)=O)CC[C@H]2C3C[C@@H](F)C4=CC(=O)C(Br)=CC4(C)[C@@]3(F)[C@@H](O)C[C@@]21C,CC(=O)OCC(=O)[C@@]1(OC(C)=O)CC[C@H]2C3C[C@@H](F)C4=CC(=O)C(Br)=CC4(C)[C@@]3(F)[C@@H](O)C[C@@]21C
3751,1,CC(=O)OCC(=O)[C@@]1(OC(C)=O)[C@@H](C)C[C@H]2C3C[C@H](F)C4=CC(=O)C=C[C@]4(C)[C@@]3(F)[C@@H](O)C[C@@]21C,CC(=O)OCC(=O)[C@@]1(OC(C)=O)[C@@H](C)C[C@H]2C3C[C@H](F)C4=CC(=O)C=C[C@]4(C)[C@@]3(F)[C@@H](O)C[C@@]21C
3752,1,CC(=O)OCC(=O)[C@@]12N=C(C)O[C@@H]1C[C@H]1[C@@H]3CCC4=CC(=O)C=C[C@]4(C)[C@@]3(F)[C@@H](O)C[C@@]12C,CC(=O)OCC(=O)[C@@]12N=C(C)O[C@@H]1C[C@H]1[C@@H]3CCC4=CC(=O)C=C[C@]4(C)[C@@]3(F)[C@@H](O)C[C@@]12C
3753,1,CC(=O)OCC(=O)[C@@]12OC(C)(C)O[C@@H]1CC1C3CC(C=O)=C4C=C(OCCCl)CC[C@]4(C)[C@@]3(F)[C@@H](O)C[C@@]12C,CC(=O)OCC(=O)[C@@]12OC(C)(C)O[C@@H]1CC1C3CC(C=O)=C4C=C(OCCCl)CC[C@]4(C)[C@@]3(F)[C@@H](O)C[C@@]12C
3754,1,CC(=O)OCC(=O)[C@@]12OC(C)(C)O[C@@H]1C[C@H]1C3CC(C#N)=C4C=C(OCCCl)CC[C@]4(C)[C@@]3(F)[C@@H](O)C[C@@]12C,CC(=O)OCC(=O)[C@@]12OC(C)(C)O[C@@H]1C[C@H]1C3CC(C#N)=C4C=C(OCCCl)CC[C@]4(C)[C@@]3(F)[C@@H](O)C[C@@]12C
3755,1,CC(=O)OCC(=O)[C@H]1[C@H](C)C[C@H]2C3C[C@H](F)C4=CC(=O)C=C[C@]4(C)[C@@]3(Cl)[C@@H](O)C[C@@]21C,CC(=O)OCC(=O)[C@H]1[C@H](C)C[C@H]2C3C[C@H](F)C4=CC(=O)C=C[C@]4(C)[C@@]3(Cl)[C@@H](O)C[C@@]21C
3756,1,CC(=O)OCC/C(SC(C)=O)=C(\C)N(C=O)Cc1cnc(C)nc1N,CC(=O)OCC/C(SC(C)=O)=C(\C)N(C=O)Cc1cnc(C)nc1N
3757,0,CC(=O)OCC1=C(C(=O)O)N2C(=O)C(NC(=O)CCCC(N)C(=O)O)C2SC1,CC(=O)OCC1=C(C(=O)O)N2C(=O)C(NC(=O)CCCC(N)C(=O)O)C2SC1
3758,0,CC(=O)OCC1=C(C(=O)O)N2C(=O)[C@@H](NC(=O)CC#N)[C@H]2SC1,CC(=O)OCC1=C(C(=O)O)N2C(=O)[C@@H](NC(=O)CC#N)[C@H]2SC1
3759,0,CC(=O)OCOC(=O)[C@@H]1N2C(=O)[C@@H](NC(=O)Cc3ccccc3)[C@H]2SC1(C)C,CC(=O)OCOC(=O)[C@@H]1N2C(=O)[C@@H](NC(=O)Cc3ccccc3)[C@H]2SC1(C)C
3760,0,CC(=O)O[C@@H]1C=CC(C)=CC[C@H](O)C=CC(C)=C[C@@H](NC(=O)C(C)=O)[C@]2(C)C(=O)O[C@H](C1)[C@@H](C)C2=O,CC(=O)O[C@@H]1C=CC(C)=CC[C@H](O)C=CC(C)=C[C@@H](NC(=O)C(C)=O)[C@]2(C)C(=O)O[C@H](C1)[C@@H](C)C2=O
3761,0,CC(=O)O[C@@]12CO[C@@H]1C[C@H](O)[C@@]1(C)C(=O)[C@H](O)C3=C(C)[C@@H](OC(=O)[C@H](O)[C@@H](NC(=O)OC(C)(C)C)c4ccccc4)C[C@@](O)([C@@H](OC(=O)c4ccccc4)C12)C3(C)C,CC(=O)O[C@@]12CO[C@@H]1C[C@H](O)[C@@]1(C)C(=O)[C@H](O)C3=C(C)[C@@H](OC(=O)[C@H](O)[C@@H](NC(=O)OC(C)(C)C)c4ccccc4)C[C@@](O)([C@@H](OC(=O)c4ccccc4)C12)C3(C)C
3762,1,CC(=O)O[C@H]1CC[C@]2(C)C3CC[C@@]4(C)C(CC[C@@H]4[C@H](C)CCCC(C)C)C3C[C@@H](Br)[C@@]2(Br)C1,CC(=O)O[C@H]1CC[C@]2(C)C3CC[C@@]4(C)C(CC[C@@H]4[C@H](C)CCCC(C)C)C3C[C@@H](Br)[C@@]2(Br)C1
3763,0,CC(=O)O[C@H]1C[C@@]2(C)[C@@H](C[C@@H](O)C3[C@@]4(C)CC[C@@H](O)[C@@H](C)[C@@H]4CC[C@@]32C)/C1=C(/CCC=C(C)C)C(=O)O,CC(=O)O[C@H]1C[C@@]2(C)[C@@H](C[C@@H](O)C3[C@]2(C)CC[C@H]2[C@H](C)[C@H](O)CC[C@]32C)/C1=C(/CCC=C(C)C)C(=O)O
3764,1,CC(=O)O[C@]1(C(C)=O)CCC2C3C[C@H](C)C4=CC(=O)C=C[C@]4(C)[C@@]3(F)[C@@H](O)C[C@@]21C,CC(=O)O[C@]1(C(C)=O)CCC2C3C[C@H](C)C4=CC(=O)C=C[C@]4(C)[C@@]3(F)[C@@H](O)C[C@@]21C
3765,1,CC(=O)[C@@]1(O)CCC2C3CCC4=CC(=O)C=C[C@]4(C)C3[C@@H](O)C[C@@]21C,CC(=O)[C@@]1(O)CCC2C3CCC4=CC(=O)C=C[C@]4(C)C3[C@@H](O)C[C@@]21C
3766,1,CC(=O)[C@@]1(O)[C@@H](C)CC2C3CCC4=CC(=O)C=C[C@]4(C)[C@@]3(F)[C@@H](O)C[C@@]21C,CC(=O)[C@@]1(O)[C@@H](C)CC2C3CCC4=CC(=O)C=C[C@]4(C)[C@@]3(F)[C@@H](O)C[C@@]21C
3767,1,CC(=O)[C@@]12OC(C)(C)O[C@@H]1C[C@H]1[C@@H]3CCC4=CC(=O)C=C[C@]4(C)[C@@]3(F)[C@@H](O)C[C@@]12C,CC(=O)[C@@]12OC(C)(C)O[C@@H]1C[C@H]1[C@@H]3CCC4=CC(=O)C=C[C@]4(C)[C@@]3(F)[C@@H](O)C[C@@]12C
3768,1,CC(=O)[C@H]1CCC2C3CC[C@@H]4C[C@H](O)CC[C@]4(C)C3C(=O)C[C@@]21C,CC(=O)[C@H]1CCC2C3CC[C@@H]4C[C@H](O)CC[C@]4(C)C3C(=O)C[C@@]21C
3769,1,CC(=O)[C@H]1CCC2C3CC[C@H]4C[C@](C)(O)CC[C@]4(C)C3CC[C@@]21C,CC(=O)[C@H]1CCC2C3CC[C@H]4C[C@](C)(O)CC[C@]4(C)C3CC[C@@]21C
3770,1,CC(=O)[C@H]1CCC2C3C[C@@H](O)C45C[C@H]4CC[C@]5(C)C3CC[C@@]21C,CC(=O)[C@H]1CCC2C3C[C@@H](O)C45C[C@H]4CC[C@]5(C)C3CC[C@@]21C
3771,1,CC(=O)[C@H]1CC[C@H]2[C@@H]3CC=C4C[C@@H](OC(=O)CCC(=O)O)CC[C@]4(C)[C@H]3CC[C@]12C,CC(=O)[C@H]1CC[C@H]2[C@@H]3CC=C4C[C@@H](OC(=O)CCC(=O)O)CC[C@]4(C)[C@H]3CC[C@]12C
3772,0,CC(=O)[C@]1(O)Cc2c(O)c3c(c(O)c2[C@@H](O[C@@H]2C[C@@H](N)[C@@H](O)[C@@H](C)O2)C1)C(=O)c1ccccc1C3=O,CC(=O)[C@]1(O)Cc2c(O)c3c(c(O)c2[C@@H](O[C@@H]2C[C@@H](N)[C@@H](O)[C@@H](C)O2)C1)C(=O)c1ccccc1C3=O
3773,0,CC(=O)[C@]1(O)Cc2c(O)c3c(c(O)c2[C@@H](O[C@H]2C[C@H](N)[C@H](O)[C@H](C)O2)C1)C(=O)c1c(O)cccc1C3=O,CC(=O)[C@]1(O)Cc2c(O)c3c(c(O)c2[C@@H](O[C@H]2C[C@H](N)[C@H](O)[C@H](C)O2)C1)C(=O)c1c(O)cccc1C3=O
3774,1,CC(C)(C)C(=O)O[C@]1(C(=O)CS)CC[C@H]2[C@@H]3CCC4=CC(=O)CC[C@]4(C)[C@H]3[C@@H](O)C[C@@]21C,CC(C)(C)C(=O)O[C@]1(C(=O)CS)CC[C@H]2[C@@H]3CCC4=CC(=O)CC[C@]4(C)[C@H]3[C@@H](O)C[C@@]21C
3775,1,CC(C)=CCN1CC[C@@]2(C)c3cc(O)ccc3C[C@@H]1[C@@H]2C,CC(C)=CCN1CC[C@@]2(C)c3cc(O)ccc3C[C@@H]1[C@@H]2C
3776,1,CC(C)N[C@@H]1C2CCC(CC2)[C@@]1(O)c1ccc(Cl)c(Cl)c1,CC(C)N[C@@H]1C2CCC(CC2)[C@@]1(O)c1ccc(Cl)c(Cl)c1
3777,1,CC(C)n1cc2c3c(cccc31)[C@H]1C[C@@H](C(=O)NC3CCCCC3)CN(C)[C@@H]1C2,CC(C)n1cc2c3c(cccc31)[C@H]1C[C@@H](C(=O)NC3CCCCC3)CN(C)[C@@H]1C2
3778,1,CC(O)C(=O)[C@@]1(O)CC[C@H]2[C@@H]3CCC4=CC(=O)C=C[C@]4(C)[C@@]3(F)[C@@H](O)C[C@@]21C,CC(O)C(=O)[C@@]1(O)CC[C@H]2[C@@H]3CCC4=CC(=O)C=C[C@]4(C)[C@@]3(F)[C@@H](O)C[C@@]21C
3779,0,CC(Oc1ccccc1)C(=O)N[C@@H]1C(=O)N2[C@@H](C(=O)O)C(C)(C)S[C@H]12,CC(Oc1ccccc1)C(=O)N[C@@H]1C(=O)N2[C@@H]1SC(C)(C)[C@@H]2C(=O)O
3780,1,CC1(C)O[C@@H]2CC3C4CCC5=CC(=O)CC[C@]5(C)[C@@]4(F)[C@@H](O)C[C@]3(C)[C@]2(C(=O)CCl)O1,CC1(C)O[C@@H]2CC3C4CCC5=CC(=O)CC[C@]5(C)[C@@]4(F)[C@@H](O)C[C@]3(C)[C@]2(C(=O)CCl)O1
3781,1,CC1(C)O[C@@H]2CC3C4CC[C@H]5CC(=O)CC[C@]5(C)[C@@]4(F)[C@@H](O)C[C@]3(C)[C@]2(C(=O)CO)O1,CC1(C)O[C@@H]2CC3C4CC[C@H]5CC(=O)CC[C@]5(C)[C@@]4(F)[C@@H](O)C[C@]3(C)[C@]2(C(=O)CO)O1
3782,1,CC1(C)O[C@@H]2CC3C4C[C@H](F)C5=CC(=O)C=C[C@]5(C)C4[C@@H](O)C[C@]3(C)[C@]2(C(=O)CO)O1,CC1(C)O[C@@H]2CC3C4C[C@H](F)C5=CC(=O)C=C[C@]5(C)C4[C@@H](O)C[C@]3(C)[C@]2(C(=O)CO)O1
3783,1,CC1(C)O[C@@H]2CC3C4C[C@H](F)C5=CC(=O)C=C[C@]5(C)[C@@]4(Cl)[C@@H](Cl)C[C@]3(C)[C@]2(C(=O)CO)O1,CC1(C)O[C@@H]2CC3C4C[C@H](F)C5=CC(=O)C=C[C@]5(C)[C@@]4(Cl)[C@@H](Cl)C[C@]3(C)[C@]2(C(=O)CO)O1
3784,1,CC1(C)O[C@@H]2CC3C4C[C@H](F)C5=CC(=O)C=C[C@]5(C)[C@@]4(F)[C@@H](O)C[C@]3(C)[C@]2(C(=O)CO)O1,CC1(C)O[C@@H]2CC3C4C[C@H](F)C5=CC(=O)C=C[C@]5(C)[C@@]4(F)[C@@H](O)C[C@]3(C)[C@]2(C(=O)CO)O1
3785,1,CC1(C)O[C@@H]2CC3C4C[C@H](F)C5=CC(=O)CC[C@]5(C)C4[C@@H](O)C[C@]3(C)[C@]2(C(=O)CO)O1,CC1(C)O[C@@H]2CC3C4C[C@H](F)C5=CC(=O)CC[C@]5(C)C4[C@@H](O)C[C@]3(C)[C@]2(C(=O)CO)O1
3786,1,CC1(C)O[C@@H]2C[C@H]3C4C[C@H](F)C5=CC(=O)C=C[C@]5(C)[C@@]4(Cl)[C@@H](Cl)C[C@]3(C)[C@]2(C(=O)CF)O1,CC1(C)O[C@@H]2C[C@H]3C4C[C@H](F)C5=CC(=O)C=C[C@]5(C)[C@@]4(Cl)[C@@H](Cl)C[C@]3(C)[C@]2(C(=O)CF)O1
3787,1,CC1(C)O[C@@H]2C[C@H]3[C@@H]4CCC5=CC(=O)C=C[C@]5(C)[C@H]4[C@@H](O)C[C@]3(C)[C@]2(C(=O)CO)O1,CC1(C)O[C@@H]2C[C@H]3[C@@H]4CCC5=CC(=O)C=C[C@]5(C)[C@H]4[C@@H](O)C[C@]3(C)[C@]2(C(=O)CO)O1
3788,0,CC1(C)SC2C(NC(=O)C(N=[N+]=[N-])c3ccccc3)C(=O)N2C1C(=O)O,CC1(C)SC2C(NC(=O)C(N=[N+]=[N-])c3ccccc3)C(=O)N2C1C(=O)O
3789,0,CC1(C)S[C@@H]2[C@H](N3C(=O)[C@@H](c4ccc(O)cc4)NC3(C)C)C(=O)N2[C@H]1C(=O)O,CC1(C)S[C@@H]2[C@H](N3C(=O)[C@@H](c4ccc(O)cc4)NC3(C)C)C(=O)N2[C@H]1C(=O)O
3790,0,CC1(C)S[C@@H]2[C@H](NC(=O)C(N=Cc3ccco3)c3ccc(O)cc3)C(=O)N2[C@H]1C(=O)O,CC1(C)S[C@@H]2[C@H](NC(=O)C(N=Cc3ccco3)c3ccc(O)cc3)C(=O)N2[C@H]1C(=O)O
3791,0,CC1(C)S[C@@H]2[C@H](NC(=O)C34CC5CC(CC(N)(C5)C3)C4)C(=O)N2[C@H]1C(=O)O,CC1(C)S[C@@H]2[C@H](NC(=O)C34CC5CC(CC(N)(C5)C3)C4)C(=O)N2[C@H]1C(=O)O
3792,0,CC1(C)S[C@@H]2[C@H](NC(=O)CCCC(N)C(=O)O)C(=O)N2[C@H]1C(=O)O,CC1(C)S[C@@H]2[C@H](NC(=O)CCCC(N)C(=O)O)C(=O)N2[C@H]1C(=O)O
3793,0,CC1(C)S[C@@H]2[C@H](NC(=O)CSc3ccccc3)C(=O)N2[C@H]1C(=O)O,CC1(C)S[C@@H]2[C@H](NC(=O)CSc3ccccc3)C(=O)N2[C@H]1C(=O)O
3794,0,CC1(C)S[C@@H]2[C@H](NC(=O)[C@H](N)c3ccccc3)C(=O)N2[C@H]1C(=O)OCOC(=O)[C@@H]1N2C(=O)C[C@H]2S(=O)(=O)C1(C)C,CC1(C)S[C@@H]2[C@H](NC(=O)[C@H](N)c3ccccc3)C(=O)N2[C@H]1C(=O)OCOC(=O)[C@@H]1N2C(=O)C[C@H]2S(=O)(=O)C1(C)C
3795,0,CC1(C)S[C@@H]2[C@H](NC(=O)[C@H](NC(=O)c3c[nH]c4cccnc4c3=O)c3ccccc3)C(=O)N2[C@H]1C(=O)O,CC1(C)S[C@@H]2[C@H](NC(=O)[C@H](NC(=O)c3c[nH]c4cccnc4c3=O)c3ccccc3)C(=O)N2[C@H]1C(=O)O
3796,1,CC1(C)[C@@H]2CC[C@@]1(C)C(=O)C2,CC1(C)[C@@H]2CC[C@@]1(C)C(=O)C2
3797,1,CC12C=C(Br)C(=O)C=C1[C@H](F)CC1[C@@H]3CC[C@](O)(C(=O)CO)[C@@]3(C)C[C@H](O)[C@@]12F,CC12C=C(Br)C(=O)C=C1[C@H](F)CC1[C@@H]3CC[C@](O)(C(=O)CO)[C@@]3(C)C[C@H](O)[C@@]12F
3798,1,CC1=CC[C@H]2[C@H]3Cc4ccc(O)c5c4[C@@]2(CCN3C)[C@H]1O5,CC1=CC[C@H]2[C@H]3Cc4ccc(O)c5c4[C@@]2(CCN3C)[C@H]1O5
3799,0,CC1=C[C@@H](O)CC(=O)Cc2nc(co2)C(=O)N2CCC=C2C(=O)O[C@H](C(C)C)[C@H](C)C=CC(=O)NCC=C1,CC1=C[C@@H](O)CC(=O)Cc2nc(co2)C(=O)N2CCC=C2C(=O)O[C@H](C(C)C)[C@H](C)C=CC(=O)NCC=C1
3800,0,CC1OC(=O)C(C(C)C)NC(=O)C(C(C)C)OC(=O)C(C(C)C)NC(=O)C(C)OC(=O)C(C(C)C)NC(=O)C(C(C)C)OC(=O)C(C(C)C)NC(=O)C(C)OC(=O)C(C(C)C)NC(=O)C(C(C)C)OC(=O)C(C(C)C)NC1=O,CC1OC(=O)C(C(C)C)NC(=O)C(C(C)C)OC(=O)C(C(C)C)NC(=O)C(C)OC(=O)C(C(C)C)NC(=O)C(C(C)C)OC(=O)C(C(C)C)NC(=O)C(C)OC(=O)C(C(C)C)NC(=O)C(C(C)C)OC(=O)C(C(C)C)NC1=O
3801,1,CCC(=O)OCC(=O)[C@@]12OC(C)(C)O[C@@H]1C[C@H]1[C@@H]3C[C@H](F)C4=CC(=O)C=C[C@]4(C)[C@@]3(F)[C@@H](O)C[C@@]12C,CCC(=O)OCC(=O)[C@@]12OC(C)(C)O[C@@H]1C[C@H]1[C@@H]3C[C@H](F)C4=CC(=O)C=C[C@]4(C)[C@@]3(F)[C@@H](O)C[C@@]12C
3802,1,CCC(=O)O[C@@](Cc1ccccc1)(c1ccccc1)[C@@H](C)CN(C)C,CCC(=O)O[C@@](Cc1ccccc1)(c1ccccc1)[C@@H](C)CN(C)C
3803,0,CCC(=O)O[C@H]1[C@H](O[C@@H]2[C@@H](C)[C@H](O[C@H]3C[C@@](C)(OC)[C@@H](O)[C@H](C)O3)[C@@H](C)C(=O)O[C@H](CC)[C@@](C)(O)[C@H](O)[C@@H](C)C(=O)[C@H](C)C[C@@]2(C)O)O[C@H](C)C[C@@H]1N(C)C,CCC(=O)O[C@H]1[C@H](O[C@@H]2[C@@H](C)[C@H](O[C@H]3C[C@@](C)(OC)[C@@H](O)[C@H](C)O3)[C@@H](C)C(=O)O[C@H](CC)[C@@](C)(O)[C@H](O)[C@@H](C)C(=O)[C@H](C)C[C@@]2(C)O)O[C@H](C)C[C@@H]1N(C)C
3804,1,CCC(=O)O[C@]1(C(=O)CCl)[C@@H](C)CC2C3C[C@H](F)C4=CC(=O)C=C[C@]4(C)[C@@]3(F)[C@@H](O)C[C@@]21C,CCC(=O)O[C@]1(C(=O)CCl)[C@@H](C)CC2C3C[C@H](F)C4=CC(=O)C=C[C@]4(C)[C@@]3(F)[C@@H](O)C[C@@]21C
3805,1,CCC(=O)O[C@]1(C(=O)SCCl)[C@H](C)C[C@H]2[C@@H]3C[C@H](F)C4=CC(=O)C=C[C@]4(C)[C@@]3(F)[C@@H](O)C[C@@]21C,CCC(=O)O[C@]1(C(=O)SCCl)[C@H](C)C[C@H]2[C@@H]3C[C@H](F)C4=CC(=O)C=C[C@]4(C)[C@@]3(F)[C@@H](O)C[C@@]21C
3806,1,CCC(=O)[C@@]1(C)[C@H](C)CC2C3CCC4=CC(=O)C=C[C@]4(C)C3[C@@H](O)C[C@@]21C,CCC(=O)[C@@]1(C)[C@H](C)CC2C3CCC4=CC(=O)C=C[C@]4(C)C3[C@@H](O)C[C@@]21C
3807,1,CCC(=O)[C@@]1(O)CC[C@H]2[C@@H]3CCC4=CC(=O)CC[C@]4(C)[C@H]3[C@@H](O)C[C@@]21C,CCC(=O)[C@@]1(O)CC[C@H]2[C@@H]3CCC4=CC(=O)CC[C@]4(C)[C@H]3[C@@H](O)C[C@@]21C
3808,0,CCC(C)C(C(=O)OC1CC[N+](C)(C)CC1)c1ccccc1,CCC(C)C(C(=O)OC1CC[N+](C)(C)CC1)c1ccccc1
3809,0,CCC(Oc1ccccc1)C(=O)N[C@@H]1C(=O)N2[C@@H](C(=O)O)C(C)(C)S[C@H]12,CCC(Oc1ccccc1)C(=O)N[C@@H]1C(=O)N2[C@@H]1SC(C)(C)[C@@H]2C(=O)O
3810,1,CCCC(=O)OCC(=O)[C@@]1(OC(=O)CCC)[C@H](C)C[C@H]2[C@@H]3CCC4=CC(=O)C=C[C@]4(C)[C@@]3(Cl)[C@@H](Cl)C[C@@]21C,CCCC(=O)OCC(=O)[C@@]1(OC(=O)CCC)[C@H](C)C[C@H]2[C@@H]3CCC4=CC(=O)C=C[C@]4(C)[C@@]3(Cl)[C@@H](Cl)C[C@@]21C
3811,1,CCCC(=O)O[C@]1(C(=O)COC(C)=O)CC[C@H]2C3C[C@H](F)C4=CC(=O)C=C[C@]4(C)[C@@]3(F)[C@@H](O)C[C@@]21C,CCCC(=O)O[C@]1(C(=O)COC(C)=O)CC[C@H]2C3C[C@H](F)C4=CC(=O)C=C[C@]4(C)[C@@]3(F)[C@@H](O)C[C@@]21C
3812,1,CCCC1O[C@H]2CC3C4CCC5=CC(=O)C=C[C@]5(C)C4[C@@H](O)C[C@]3(C)[C@]2(C(=O)CO)O1,CCCC1O[C@H]2CC3C4CCC5=CC(=O)C=C[C@]5(C)C4[C@@H](O)C[C@]3(C)[C@]2(C(=O)CO)O1
3813,1,CCCCC(=O)O[C@]1(C(=O)CO)CC[C@H]2[C@@H]3CCC4=CC(=O)C=C[C@]4(C)[C@H]3[C@@H](O)C[C@@]21C,CCCCC(=O)O[C@]1(C(=O)CO)CC[C@H]2[C@@H]3CCC4=CC(=O)C=C[C@]4(C)[C@H]3[C@@H](O)C[C@@]21C
3814,1,CCCCC(=O)O[C@]1(C(=O)CO)CC[C@H]2[C@@H]3CCC4=CC(=O)CC[C@]4(C)[C@H]3[C@@H](O)C[C@@]21C,CCCCC(=O)O[C@]1(C(=O)CO)CC[C@H]2[C@@H]3CCC4=CC(=O)CC[C@]4(C)[C@H]3[C@@H](O)C[C@@]21C
3815,1,CCCCC(=O)O[C@]1(C(=O)CO)CC[C@H]2[C@@H]3C[C@H](F)C4=CC(=O)C=C[C@]4(C)[C@H]3[C@@H](O)C[C@@]21C,CCCCC(=O)O[C@]1(C(=O)CO)CC[C@H]2[C@@H]3C[C@H](F)C4=CC(=O)C=C[C@]4(C)[C@H]3[C@@H](O)C[C@@]21C
3816,1,CCCCCC(=O)CCC1(C)[C@@H]2Cc3ccc(O)cc3[C@@]1(C)CCN2C,CCCCCC(=O)CCC1(C)[C@@H]2Cc3ccc(O)cc3[C@@]1(C)CCN2C
3817,1,CCCCCC(=O)OCC(=O)[C@H]1[C@H](C)CC2C3C[C@H](F)C4=CC(=O)C=C[C@]4(C)C3[C@@H](O)C[C@@]21C,CCCCCC(=O)OCC(=O)[C@H]1[C@H](C)CC2C3C[C@H](F)C4=CC(=O)C=C[C@]4(C)C3[C@@H](O)C[C@@]21C
3818,1,CCCCCCCCCCCCCC(=O)OC1C=C[C@H]2[C@H]3Cc4ccc(OCc5ccccc5)c5c4[C@@]2(CCN3C)[C@H]1O5,CCCCCCCCCCCCCC(=O)OC1C=C[C@H]2[C@H]3Cc4ccc(OCc5ccccc5)c5c4[C@@]2(CCN3C)[C@H]1O5
3819,1,CCCCOC(=O)C(=O)[C@H]1[C@H](C)CC2C3C[C@H](F)C4=CC(=O)C=C[C@]4(C)C3[C@@H](O)C[C@@]21C,CCCCOC(=O)C(=O)[C@H]1[C@H](C)CC2C3C[C@H](F)C4=CC(=O)C=C[C@]4(C)C3[C@@H](O)C[C@@]21C
3820,1,CCCN1C[C@@H](NS(=O)(=O)N(CC)CC)C[C@@H]2Cc3c(O)cccc3CC21,CCCN1C[C@@H](NS(=O)(=O)N(CC)CC)C[C@@H]2Cc3c(O)cccc3CC21
3821,0,CCC[C@@H]1C[C@@H](C(=O)NC(C(C)O)[C@H]2O[C@H](SC)[C@H](O)[C@@H](O)[C@H]2O)N(C)C1,CCC[C@@H]1C[C@@H](C(=O)NC(C(C)O)[C@H]2O[C@H](SC)[C@H](O)[C@@H](O)[C@H]2O)N(C)C1
3822,1,CCC[C@@H]1O[C@@H]2CC3C4C[C@H](F)C5=CC(=O)C=C[C@]5(C)[C@@]4(F)[C@@H](O)C[C@]3(C)[C@]2(C(=O)O[C@H](C)OC(=O)OCC)O1,CCC[C@@H]1O[C@@H]2CC3C4C[C@H](F)C5=CC(=O)C=C[C@]5(C)[C@@]4(F)[C@@H](O)C[C@]3(C)[C@]2(C(=O)O[C@H](C)OC(=O)OCC)O1
3823,1,CCC[C@](C)(O)C1C[C@@]23C=C[C@]1(OC)[C@@H]1Oc4c(O)ccc5c4[C@@]12CCN(C)[C@@H]3C5,CCC[C@](C)(O)C1C[C@@]23C=C[C@]1(OC)[C@@H]1Oc4c(O)ccc5c4[C@@]12CCN(C)[C@@H]3C5
3824,0,CCN(CC)/C(C)=N/N=C/c1c2c(O)c3c(O)c(C)c4c(c3c1O)C(=O)[C@@](C)(OC=C[C@H](OC)[C@@H](C)[C@@H](OC(C)=O)[C@H](C)[C@H](O)[C@H](C)[C@@H](O)[C@@H](C)C=CC=C(C)C(=O)N2)O4,CCN(CC)/C(C)=N/N=C/c1c2c(O)c3c(O)c(C)c4c(c3c1O)C(=O)[C@@](C)(OC=C[C@H](OC)[C@@H](C)[C@@H](OC(C)=O)[C@H](C)[C@H](O)[C@H](C)[C@@H](O)[C@@H](C)C=CC=C(C)C(=O)N2)O4
3825,1,CCN(CC)C(=O)[C@@H]1C2C=CC(C2)[C@H]1C(=O)N(CC)CC,CCN(CC)C(=O)[C@@H]1C2C=CC(C2)[C@H]1C(=O)N(CC)CC
3826,1,CCN(CC)CC(=O)OCC(=O)[C@@]1(O)CCC2C3CCC4=CC(=O)CC[C@]4(C)C3[C@@H](O)C[C@@]21C,CCN(CC)CC(=O)OCC(=O)[C@@]1(O)CCC2C3CCC4=CC(=O)CC[C@]4(C)C3[C@@H](O)C[C@@]21C
3827,0,CCN(CC)CCOC(=O)[C@@H]1N2C(=O)[C@@H](NC(=O)c3c(OC)cccc3OC)[C@H]2SC1(C)C,CCN(CC)CCOC(=O)[C@@H]1N2C(=O)[C@@H](NC(=O)c3c(OC)cccc3OC)[C@H]2SC1(C)C
3828,0,CCN(CC)c1nc2c(s1)c1c(O)c3c(O)c(C)c4c(c32)C(=O)[C@@](C)(OC=C[C@H](OC)[C@@H](C)[C@@H](OC(C)=O)[C@H](C)[C@H](O)[C@H](C)[C@@H](O)[C@@H](C)C=CC=C(C)C(=O)N1)O4,CCN(CC)c1nc2c(s1)c1c(O)c3c(O)c(C)c4c(c32)C(=O)[C@@](C)(OC=C[C@H](OC)[C@@H](C)[C@@H](OC(C)=O)[C@H](C)[C@H](O)[C@H](C)[C@@H](O)[C@@H](C)C=CC=C(C)C(=O)N1)O4
3829,1,CCOC(=O)CC(O)CC(O)/C=C/C1=C(c2ccc(F)cc2)c2ccccc2OC12CCCC2,CCOC(=O)CC(O)CC(O)/C=C/C1=C(c2ccc(F)cc2)c2ccccc2OC12CCCC2
3830,0,CCOC(=O)CCC(=O)O[C@H]1[C@H](O[C@@H]2[C@@H](C)[C@H](O[C@H]3C[C@@](C)(OC)[C@@H](O)[C@H](C)O3)[C@@H](C)C(=O)O[C@H](CC)[C@@](C)(O)[C@H](O)[C@@H](C)C(=O)[C@H](C)C[C@@]2(C)O)O[C@H](C)C[C@@H]1N(C)C,CCOC(=O)CCC(=O)O[C@H]1[C@H](O[C@@H]2[C@@H](C)[C@H](O[C@H]3C[C@@](C)(OC)[C@@H](O)[C@H](C)O3)[C@@H](C)C(=O)O[C@H](CC)[C@@](C)(O)[C@H](O)[C@@H](C)C(=O)[C@H](C)C[C@@]2(C)O)O[C@H](C)C[C@@H]1N(C)C
3831,0,CCOC(=O)O[C@H]1[C@H](O[C@@H]2[C@@H](C)[C@H](O[C@H]3C[C@@](C)(OC)[C@@H](O)[C@H](C)O3)[C@@H](C)C(=O)O[C@H](CC)[C@@](C)(O)[C@H](O)[C@@H](C)C(=O)[C@H](C)C[C@@]2(C)O)O[C@H](C)C[C@@H]1N(C)C,CCOC(=O)O[C@H]1[C@H](O[C@@H]2[C@@H](C)[C@H](O[C@H]3C[C@@](C)(OC)[C@@H](O)[C@H](C)O3)[C@@H](C)C(=O)O[C@H](CC)[C@@](C)(O)[C@H](O)[C@@H](C)C(=O)[C@H](C)C[C@@]2(C)O)O[C@H](C)C[C@@H]1N(C)C
3832,1,CCOC(=O)O[C@]1(C(=O)OCCl)CC[C@H]2[C@@H]3CCC4=CC(=O)C=C[C@]4(C)[C@H]3[C@@H](O)C[C@@]21C,CCOC(=O)O[C@]1(C(=O)OCCl)CC[C@H]2[C@@H]3CCC4=CC(=O)C=C[C@]4(C)[C@H]3[C@@H](O)C[C@@]21C
3833,1,CCOC(=O)[C@]1(c2ccccc2)CCC=C[C@H]1N(C)C,CCOC(=O)[C@]1(c2ccccc2)CCC=C[C@H]1N(C)C
3834,1,CC[C@@H](OC(C)=O)C(C[C@@H](C)N(C)C)(c1ccccc1)c1ccccc1,CC[C@@H](OC(C)=O)C(C[C@@H](C)N(C)C)(c1ccccc1)c1ccccc1
3835,0,CC[C@@H]1NC(=O)[C@@H]2CCCN2C(=O)[C@@H](Cc2ccccc2)NC(=O)[C@H](CC(C)C)NC(=O)[C@H](CCCN)NC(=O)[C@H](C(C)C)NC(=O)[C@@H]2CCCN2C(=O)[C@@H](Cc2ccccc2)NC(=O)[C@H](CC(C)C)NC(=O)[C@H](CCCN)NC1=O,CC[C@@H]1NC(=O)[C@@H]2CCCN2C(=O)[C@@H](Cc2ccccc2)NC(=O)[C@H](CC(C)C)NC(=O)[C@H](CCCN)NC(=O)[C@H](C(C)C)NC(=O)[C@@H]2CCCN2C(=O)[C@@H](Cc2ccccc2)NC(=O)[C@H](CC(C)C)NC(=O)[C@H](CCCN)NC1=O
3836,0,CC[C@@]1(O)C[C@H](O[C@H]2C[C@H](N(C)C)[C@H](O[C@H]3C[C@H](O)[C@H](O[C@H]4CCC(=O)[C@H](C)O4)[C@H](C)O3)[C@H](C)O2)c2c(cc3c(c2O)C(=O)c2c(O)cccc2C3=O)[C@H]1C(=O)OC,CC[C@@]1(O)C[C@H](O[C@H]2C[C@H](N(C)C)[C@H](O[C@H]3C[C@H](O)[C@H](O[C@H]4CCC(=O)[C@H](C)O4)[C@H](C)O3)[C@H](C)O2)c2c(cc3c(c2O)C(=O)c2c(O)cccc2C3=O)[C@H]1C(=O)OC
3837,0,CC[C@H](NC(=O)[C@@H]1CCCN1C(=O)[C@@H](Cc1ccccc1)NC(=O)[C@@H](N)CC(C)C)C(=O)N[C@@H](CCCN)C(=O)N[C@@H](CC(C)C)C(=O)N[C@H](Cc1ccccc1)C(=O)N1CCC[C@H]1C(=O)N[C@@H](CC)C(=O)N[C@H](C=O)CCCN,CC[C@H](NC(=O)[C@@H]1CCCN1C(=O)[C@@H](Cc1ccccc1)NC(=O)[C@H](CC(C)C)NC(=O)[C@H](CCCN)NC(=O)[C@H](CC)NC(=O)[C@@H]1CCCN1C(=O)[C@@H](Cc1ccccc1)NC(=O)[C@@H](N)CC(C)C)C(=O)N[C@H](C=O)CCCN
3838,1,CC[C@H](O)C(C[C@@H](C)N(C)C)(c1ccccc1)c1ccccc1,CC[C@H](O)C(C[C@@H](C)N(C)C)(c1ccccc1)c1ccccc1
3839,1,CC[C@H](OC(C)=O)C(C[C@@H](C)N(C)C)(c1ccccc1)c1ccccc1,CC[C@H](OC(C)=O)C(C[C@@H](C)N(C)C)(c1ccccc1)c1ccccc1
3840,1,CC[C@H]1CC(=O)[C@@H]2Oc3c(OC)ccc4c3[C@@]23CCN(CC2CC2)[C@H](C4)[C@H]13,CC[C@H]1CC(=O)[C@@H]2Oc3c(OC)ccc4c3[C@@]23CCN(CC2CC2)[C@H](C4)[C@H]13
3841,0,CC[C@H]1OC(=O)[C@H](C)[C@@H](O[C@H]2C[C@@](C)(OC)[C@@H](O)[C@H](C)O2)[C@H](C)[C@@H](O[C@@H]2O[C@H](C)C[C@H](N(C)C)[C@H]2O)[C@](C)(O)C[C@@H](C)/C(=N/OC)[C@H](C)[C@@H](O)[C@]1(C)O,CC[C@H]1OC(=O)[C@H](C)[C@@H](O[C@H]2C[C@@](C)(OC)[C@@H](O)[C@H](C)O2)[C@H](C)[C@@H](O[C@@H]2O[C@H](C)C[C@H](N(C)C)[C@H]2O)[C@](C)(O)C[C@@H](C)/C(=N/OC)[C@H](C)[C@@H](O)[C@]1(C)O
3842,0,CC[C@H]1OC(=O)[C@H](C)[C@@H](O[C@H]2C[C@@](C)(OC)[C@@H](O)[C@H](C)O2)[C@H](C)[C@@H](O[C@@H]2O[C@H](C)C[C@H](N(C)C)[C@H]2O)[C@](C)(O)C[C@@H](C)/C(=N/OCOCCOC)[C@H](C)[C@@H](O)[C@]1(C)O,CC[C@H]1OC(=O)[C@H](C)[C@@H](O[C@H]2C[C@@](C)(OC)[C@@H](O)[C@H](C)O2)[C@H](C)[C@@H](O[C@@H]2O[C@H](C)C[C@H](N(C)C)[C@H]2O)[C@](C)(O)C[C@@H](C)/C(=N/OCOCCOC)[C@H](C)[C@@H](O)[C@]1(C)O
3843,0,CC[C@H]1OC(=O)[C@H](C)[C@@H](O[C@H]2C[C@@](C)(OC)[C@@H](O)[C@H](C)O2)[C@H](C)[C@@H](O[C@@H]2O[C@H](C)C[C@H](N(C)C)[C@H]2O)[C@](C)(O)C[C@@H](C)C(=O)[C@H](C)[C@@H](O)[C@H]1C,CC[C@H]1OC(=O)[C@H](C)[C@@H](O[C@H]2C[C@@](C)(OC)[C@@H](O)[C@H](C)O2)[C@H](C)[C@@H](O[C@@H]2O[C@H](C)C[C@H](N(C)C)[C@H]2O)[C@](C)(O)C[C@@H](C)C(=O)[C@H](C)[C@@H](O)[C@H]1C
3844,0,CC[C@]1(O)C[C@H]2CN(CCc3c([nH]c4ccccc34)C(C(=O)OC)(c3cc4c(cc3OC)N(C)[C@@H]3C45CCN4CC=C[C@](CC)([C@H]45)[C@@H](OC(C)=O)[C@]3(O)C(=O)OC)C2)C1,CC[C@]1(O)C[C@H]2CN(CCc3c([nH]c4ccccc34)C(C(=O)OC)(c3cc4c(cc3OC)N(C)[C@@H]3C45CCN4CC=C[C@](CC)([C@H]45)[C@@H](OC(C)=O)[C@]3(O)C(=O)OC)C2)C1
3845,0,CC[N+](C)(C)C(C)CC(c1ccccc1)c1ccccc1,CC[N+](C)(C)C(C)CC(c1ccccc1)c1ccccc1
3846,0,CC[N+](C)(C/C=C/C1=C(C(=O)O)N2C(=O)[C@@H](NC(=O)/C(=N/OCF)c3nsc(N)n3)[C@H]2SC1)CC(N)=O,CC[N+](C)(C/C=C/C1=C(C(=O)O)N2C(=O)[C@@H](NC(=O)/C(=N/OCF)c3nsc(N)n3)[C@H]2SC1)CC(N)=O
3847,0,CN(C)C1C(=O)C(C(=O)NCNC(C(=O)NC2C(=O)N3C2SC(C)(C)C3C(=O)O)c2ccccc2)=C(O)[C@@]2(O)C(=O)C3=C(O)c4c(O)cccc4C(C)(O)C3CC12,CN(C)C1C(=O)C(C(=O)NCNC(C(=O)NC2C(=O)N3C2SC(C)(C)C3C(=O)O)c2ccccc2)=C(O)[C@@]2(O)C(=O)C3=C(O)c4c(O)cccc4C(C)(O)C3CC12
3848,1,CN(C)CCOC1(Cc2ccccc2)C[C@H]2CC[C@]1(C)C2(C)C,CN(C)CCOC1(Cc2ccccc2)C[C@H]2CC[C@]1(C)C2(C)C
3849,0,CN(C)[C@@H]1C(=O)C(C(=O)NCN2CCN(C(=N)N=C(N)N)CC2)=C(O)[C@@]2(O)C(=O)C3=C(O)c4c(O)cccc4[C@@](C)(O)[C@H]3C[C@@H]12,CN(C)[C@@H]1C(=O)C(C(=O)NCN2CCN(C(=N)N=C(N)N)CC2)=C(O)[C@@]2(O)C(=O)C3=C(O)c4c(O)cccc4[C@@](C)(O)[C@H]3C[C@@H]12
3850,0,CN(C)[C@@H]1C(=O)C(C(N)=O)=C(O)[C@@]2(O)C(=O)C3=C(O)c4c(O)cccc4[C@@](C)(O)C3[C@H](O)[C@@H]12,CN(C)[C@@H]1C(=O)C(C(N)=O)=C(O)[C@@]2(O)C(=O)C3=C(O)c4c(O)cccc4[C@@](C)(O)C3[C@H](O)[C@@H]12
3851,1,CN1CC[C@@]2(C)c3cc(OC(=O)N4CCc5ccccc5C4)ccc3N(C)C12,CN1CC[C@@]2(C)c3cc(OC(=O)N4CCc5ccccc5C4)ccc3N(C)C12
3852,1,CN1CC[C@@]23NC(=O)C[C@@H](c4cc(Cl)ccc4O2)[C@H]3C1,CN1CC[C@@]23NC(=O)C[C@@H](c4cc(Cl)ccc4O2)[C@H]3C1
3853,1,CN1CC[C@]2(C)C[C@@H](Cc3ccc(O)cc32)C1,CN1CC[C@]2(C)C[C@@H](Cc3ccc(O)cc32)C1
3854,1,CN1CC[C@]23c4c5ccc(O)c4O[C@H]2C(=O)C=C[C@@]3(CCCCCN)[C@H]1C5,CN1CC[C@]23c4c5ccc(O)c4O[C@H]2C(=O)C=C[C@@]3(CCCCCN)[C@H]1C5
3855,1,CN1CC[C@]23c4c5ccc(O)c4O[C@H]2CCC[C@H]3[C@H]1C5,CN1CC[C@]23c4c5ccc(O)c4O[C@H]2CCC[C@H]3[C@H]1C5
3856,1,CN1C[C@H](CSc2ccccn2)C=C2c3cccc4[nH]cc(c34)C[C@H]21,CN1C[C@H](CSc2ccccn2)C=C2c3cccc4[nH]cc(c34)C[C@H]21
3857,1,CN1[C@@H]2CC[C@@H]1CC(OC(=O)C(O)c1ccccc1)C2,CN1[C@@H]2CC[C@@H]1CC(OC(=O)C(O)c1ccccc1)C2
3858,1,CN1[C@H]2CC[C@@H]1CC(OC(=O)[C@H](CO)c1ccccc1)C2,CN1[C@@H]2CC[C@H]1CC(OC(=O)[C@H](CO)c1ccccc1)C2
3859,1,CN1[C@H]2CC[C@@H]1CC(OC(c1ccccc1)c1ccccc1)C2,CN1[C@@H]2CC[C@H]1CC(OC(c1ccccc1)c1ccccc1)C2
3860,0,CNC(=O)C[C@H](N)C(=O)N[C@@H](C(=O)N[C@@H]1C(=O)N2[C@@H](C(=O)O)C(C)(C)S[C@H]12)c1ccc(O)cc1,CNC(=O)C[C@H](N)C(=O)N[C@@H](C(=O)N[C@@H]1C(=O)N2[C@@H]1SC(C)(C)[C@@H]2C(=O)O)c1ccc(O)cc1
3861,1,CNC(=O)O[C@@H]1OC(=O)[C@H]2[C@@H]3C=C[C@@H](C3)[C@@H]12,CNC(=O)O[C@@H]1OC(=O)[C@@H]2[C@H]1[C@H]1C=C[C@@H]2C1
3862,1,CNC(=O)Oc1ccc2c(c1)[C@@]1(C)CCN(C)[C@H]1N2C,CNC(=O)Oc1ccc2c(c1)[C@@]1(C)CCN(C)[C@H]1N2C
3863,0,CN[C@@H]1[C@@H](O[C@H]2O[C@H](CO)[C@@H](N)[C@H](O)[C@H]2O)OC2C[C@@H](N)[C@@H](O[C@@H]3[C@@H](N)C[C@@H](N)[C@H](O)[C@H]3O)O[C@@H]2[C@@H]1O,CN[C@@H]1[C@@H](O[C@H]2O[C@H](CO)[C@@H](N)[C@H](O)[C@H]2O)OC2C[C@@H](N)[C@@H](O[C@H]3[C@H](O)[C@@H](O)[C@H](N)C[C@@H]3N)O[C@@H]2[C@@H]1O
3864,0,CN[C@@H]1[C@H](O)[C@@H](O[C@H]2[C@H](N)C[C@H](N)[C@@H](O[C@H]3O[C@H](CN)CC[C@H]3N)[C@H]2O)OC[C@]1(C)O,CN[C@@H]1[C@H](O)[C@@H](O[C@@H]2[C@H](O)[C@H](O[C@H]3O[C@H](CN)CC[C@H]3N)[C@@H](N)C[C@H]2N)OC[C@]1(C)O
3865,0,CN[C@@H]1[C@H](O[C@H]2[C@H](O[C@@H]3[C@@H](N=C(N)N)[C@H](O)[C@@H](N=C(N)N)[C@H](O)[C@H]3O)O[C@@H](C)[C@]2(O)CO)O[C@@H](CO)[C@H](O)[C@H]1O,CN[C@@H]1[C@H](O[C@H]2[C@H](O[C@H]3[C@H](O)[C@@H](O)[C@H](N=C(N)N)[C@@H](O)[C@@H]3N=C(N)N)O[C@@H](C)[C@]2(O)CO)O[C@@H](CO)[C@H](O)[C@H]1O
3866,0,CN[C@H]1[C@@H](O)C(O[C@H]2[C@@H](NC(=O)C(O)CN)C[C@H](N)[C@@H](OC3O[C@H](CN)[C@@H](O)[C@H](O)[C@H]3O)[C@@H]2O)OC[C@]1(C)O,CN[C@H]1[C@@H](O)C(O[C@@H]2[C@@H](O)[C@H](OC3O[C@H](CN)[C@@H](O)[C@H](O)[C@H]3O)[C@@H](N)C[C@@H]2NC(=O)C(O)CN)OC[C@]1(C)O
3867,1,CO/N=C(/C#N)[C@H]1CN2CCC1CC2,CO/N=C(/C#N)[C@H]1CN2CCC1CC2
3868,0,CO/N=C(/C(=O)N[C@@H]1C(=O)N(OCC(=O)O)[C@H]1C)c1csc(N)n1,CO/N=C(/C(=O)N[C@@H]1C(=O)N(OCC(=O)O)[C@H]1C)c1csc(N)n1
3869,0,CO/N=C(/C(=O)N[C@@H]1C(=O)N2C(C(=O)O)=C(COC(C)=O)CS[C@H]12)c1csc(N)n1,CO/N=C(/C(=O)N[C@@H]1C(=O)N2C(C(=O)O)=C(COC(C)=O)CS[C@H]12)c1csc(N)n1
3870,0,CO/N=C(/C(=O)N[C@@H]1C(=O)N2C(C(=O)O)=C(CSc3nc(C)c(CC(=O)O)s3)CS[C@H]12)c1csc(N)n1,CO/N=C(/C(=O)N[C@@H]1C(=O)N2C(C(=O)O)=C(CSc3nc(C)c(CC(=O)O)s3)CS[C@H]12)c1csc(N)n1
3871,0,CO/N=C(/C(=O)N[C@@H]1C(=O)N2C(C(=O)O)=C(C[n+]3cccc4c3CCC4)CS[C@H]12)c1csc(N)n1,CO/N=C(/C(=O)N[C@@H]1C(=O)N2C(C(=O)O)=C(C[n+]3cccc4c3CCC4)CS[C@H]12)c1csc(N)n1
3872,0,CO/N=C(/C(=O)N[C@@H]1C(=O)N2C(C(=O)O)=C(C[n+]3ccn4ncccc43)CS[C@H]12)c1nsc(N)n1,CO/N=C(/C(=O)N[C@@H]1C(=O)N2C(C(=O)O)=C(C[n+]3ccn4ncccc43)CS[C@H]12)c1nsc(N)n1
3873,0,CO/N=C(/C(=O)N[C@@H]1C(=O)N2C(C(=O)OCOC(=O)C(C)(C)C)=CCS[C@H]12)c1csc(NC(=O)[C@H](C)N)n1,CO/N=C(/C(=O)N[C@@H]1C(=O)N2C(C(=O)OCOC(=O)C(C)(C)C)=CCS[C@H]12)c1csc(NC(=O)[C@H](C)N)n1
3874,0,CO/N=C(\C(=O)N[C@@H]1C(=O)N2C(C(=O)O)=C(COC(N)=O)CS[C@H]12)c1ccco1,CO/N=C(\C(=O)N[C@@H]1C(=O)N2C(C(=O)O)=C(COC(N)=O)CS[C@H]12)c1ccco1
3875,0,CO/N=C(\C(=O)N[C@@H]1C(=O)N2C(C(=O)O)=C(C[N+]3(C)CCCC3)CS[C@H]12)c1csc(N)n1,CO/N=C(\C(=O)N[C@@H]1C(=O)N2C(C(=O)O)=C(C[N+]3(C)CCCC3)CS[C@H]12)c1csc(N)n1
3876,0,CO/N=C(\C(=O)N[C@@H]1C(=O)N2C(C(=O)O)=C(C[N+]34CCC(C(N)=O)(CC3)CC4)CS[C@H]12)c1nsc(N)n1,CO/N=C(\C(=O)N[C@@H]1C(=O)N2C(C(=O)O)=C(C[N+]34CCC(C(N)=O)(CC3)CC4)CS[C@H]12)c1nsc(N)n1
3877,0,CO/N=C(\C(=O)N[C@@H]1C(=O)N2C(C(=O)O)=C(C[n+]3ccc(N)n3CCO)CS[C@H]12)c1csc(N)n1,CO/N=C(\C(=O)N[C@@H]1C(=O)N2C(C(=O)O)=C(C[n+]3ccc(N)n3CCO)CS[C@H]12)c1csc(N)n1
3878,0,CO/N=C(\C(=O)N[C@@H]1C(=O)N2C(C(=O)O)=C(C[n+]3cccc4c3CCCC4)CS[C@H]12)c1csc(N)n1,CO/N=C(\C(=O)N[C@@H]1C(=O)N2C(C(=O)O)=C(C[n+]3cccc4c3CCCC4)CS[C@H]12)c1csc(N)n1
3879,1,COC(=O)[C@H]1[C@H]2C[C@@H]3c4[nH]c5cc(OC)ccc5c4CCN3C[C@H]2C[C@H](OC)[C@@H]1OC,COC(=O)[C@H]1[C@H]2C[C@@H]3c4[nH]c5cc(OC)ccc5c4CCN3C[C@H]2C[C@H](OC)[C@@H]1OC
3880,1,COC(=O)[C@H]1[C@H]2C[C@@H]3c4[nH]c5ccccc5c4CCN3C[C@@H]2C[C@@H](OC(=O)c2cc(OC)c(OC)c(OC)c2)[C@@H]1OC,COC(=O)[C@H]1[C@H]2C[C@@H]3c4[nH]c5ccccc5c4CCN3C[C@@H]2C[C@@H](OC(=O)c2cc(OC)c(OC)c(OC)c2)[C@@H]1OC
3881,0,COC1=C(C(=O)O)N2C(=O)[C@@H](NC(=O)[C@H](N)C3C=CCC=C3)[C@H]2SC1,COC1=C(C(=O)O)N2C(=O)[C@@H](NC(=O)[C@H](N)C3C=CCC=C3)[C@H]2SC1
3882,0,COCOC(=O)[C@@H]1N2C(=O)[C@@H](N3C(=O)C(c4ccc(O)cc4)NC3(C)C)[C@H]2SC1(C)C,COCOC(=O)[C@@H]1N2C(=O)[C@@H](N3C(=O)C(c4ccc(O)cc4)NC3(C)C)[C@H]2SC1(C)C
3883,0,CO[C@@H]1C(N(C)C(=O)CN)[C@@H](O)[C@H](O[C@H]2O[C@H](C(C)N)CC[C@H]2N)[C@@H](N)[C@@H]1O,CO[C@@H]1C(N(C)C(=O)CN)[C@@H](O)[C@H](O[C@H]2O[C@H](C(C)N)CC[C@H]2N)[C@@H](N)[C@@H]1O
3884,0,CO[C@@H]1[C@@H](OC(N)=O)[C@@H](O)[C@@H](Oc2ccc3c(O)c(NC(=O)c4ccc(O)c(CC=C(C)C)c4)c(=O)oc3c2C)OC1(C)C,CO[C@@H]1[C@@H](OC(N)=O)[C@@H](O)[C@@H](Oc2ccc3c(O)c(NC(=O)c4ccc(O)c(CC=C(C)C)c4)c(=O)oc3c2C)OC1(C)C
3885,0,CO[C@@H]1[C@@H](OC2O[C@H](C)[C@@H](O[C@H]3C[C@@](C)(O)[C@@H](O)[C@H](C)O3)[C@H](N(C)C)[C@H]2O)[C@@H](CC=O)C[C@@H](C)[C@@H](O)C=CC=CC[C@@H](C)OC(=O)C[C@H]1O,CO[C@@H]1[C@@H](OC2O[C@H](C)[C@@H](O[C@H]3C[C@@](C)(O)[C@@H](O)[C@H](C)O3)[C@H](N(C)C)[C@H]2O)[C@@H](CC=O)C[C@@H](C)[C@@H](O)C=CC=CC[C@@H](C)OC(=O)C[C@H]1O
3886,0,CO[C@@H]1[C@@H](OC2O[C@H](C)[C@@H](O[C@H]3C[C@@](C)(O)[C@@H](O)[C@H](C)O3)[C@H](N(C)C)[C@H]2O)[C@@H](CC=O)C[C@@H](C)[C@@H](OC2CC[C@H](N(C)C)[C@@H](C)O2)C=CC=CC[C@@H](C)OC(=O)C[C@H]1O,CO[C@@H]1[C@@H](OC2O[C@H](C)[C@@H](O[C@H]3C[C@@](C)(O)[C@@H](O)[C@H](C)O3)[C@H](N(C)C)[C@H]2O)[C@@H](CC=O)C[C@@H](C)[C@@H](OC2CC[C@H](N(C)C)[C@@H](C)O2)C=CC=CC[C@@H](C)OC(=O)C[C@H]1O
3887,0,CO[C@@H]1[C@@H](O[C@@H]2O[C@H](C)[C@@H](O[C@H]3C[C@@](C)(O)[C@@H](OC(=O)CC(C)C)[C@H](C)O3)[C@H](N(C)C)[C@H]2O)[C@@H](CC=O)C[C@@H](C)[C@@H](O)C=CC=CC[C@@H](C)OC(=O)C[C@H]1OC(C)=O,CO[C@@H]1[C@@H](O[C@@H]2O[C@H](C)[C@@H](O[C@H]3C[C@@](C)(O)[C@@H](OC(=O)CC(C)C)[C@H](C)O3)[C@H](N(C)C)[C@H]2O)[C@@H](CC=O)C[C@@H](C)[C@@H](O)C=CC=CC[C@@H](C)OC(=O)C[C@H]1OC(C)=O
3888,0,CO[C@@]1(NC(=O)CSC(F)F)C(=O)N2C(C(=O)O)=C(CSc3nnnn3CCO)CO[C@@H]21,CO[C@@]1(NC(=O)CSC(F)F)C(=O)N2C(C(=O)O)=C(CSc3nnnn3CCO)CO[C@@H]21
3889,1,CO[C@@]12C=C[C@@]3(CC1C(C)(C)O)[C@H]1Cc4ccc(O)c5c4[C@@]3(CCN1CC1CC1)[C@H]2O5,CO[C@@]12C=C[C@@]3(CC1C(C)(C)O)[C@H]1Cc4ccc(O)c5c4[C@@]3(CCN1CC1CC1)[C@H]2O5
3890,1,CO[C@@]12CC[C@@]3(C[C@@H]1C(C)(C)O)[C@H]1Cc4ccc(O)c5c4[C@@]3(CCN1CC1CC1)[C@H]2O5,CO[C@@]12CC[C@@]3(C[C@@H]1C(C)(C)O)[C@H]1Cc4ccc(O)c5c4[C@@]3(CCN1CC1CC1)[C@H]2O5
3891,0,CO[C@H]1C=CO[C@@]2(C)Oc3c(C)c(O)c4c(O)c(c(/C=N\N5CCN(C)CC5)c(O)c4c3C2=O)NC(=O)C(C)=CC=C[C@H](C)[C@H](O)[C@@H](C)[C@@H](O)[C@@H](C)[C@H](OC(C)=O)[C@@H]1C,CO[C@H]1C=CO[C@@]2(C)Oc3c(C)c(O)c4c(O)c(c(/C=N\N5CCN(C)CC5)c(O)c4c3C2=O)NC(=O)C(C)=CC=C[C@H](C)[C@H](O)[C@@H](C)[C@@H](O)[C@@H](C)[C@H](OC(C)=O)[C@@H]1C
3892,0,CO[C@H]1C=CO[C@@]2(C)Oc3c(C)c(O)c4c(O)c(c(/C=N\N5CCN(C6CCCC6)CC5)c(O)c4c3C2=O)NC(=O)C(C)=CC=C[C@H](C)[C@H](O)[C@@H](C)[C@@H](O)[C@@H](C)[C@H](OC(C)=O)[C@@H]1C,CO[C@H]1C=CO[C@@]2(C)Oc3c(C)c(O)c4c(O)c(c(/C=N\N5CCN(C6CCCC6)CC5)c(O)c4c3C2=O)NC(=O)C(C)=CC=C[C@H](C)[C@H](O)[C@@H](C)[C@@H](O)[C@@H](C)[C@H](OC(C)=O)[C@@H]1C
3893,0,CO[C@H]1C=CO[C@@]2(C)Oc3c(C)c(O)c4c(O)c(c5c(nc6cc(C)ccn65)c4c3C2=O)NC(=O)C(C)=CC=C[C@H](C)[C@H](O)[C@@H](C)[C@@H](O)[C@@H](C)[C@H](OC(C)=O)[C@@H]1C,CO[C@H]1C=CO[C@@]2(C)Oc3c(C)c(O)c4c(O)c(c5c(nc6cc(C)ccn65)c4c3C2=O)NC(=O)C(C)=CC=C[C@H](C)[C@H](O)[C@@H](C)[C@@H](O)[C@@H](C)[C@H](OC(C)=O)[C@@H]1C
3894,0,CO[C@H]1CCC[C@H]2C1=C(C(=O)O)N1C(=O)[C@H]([C@@H](C)O)[C@@H]21,CO[C@H]1CCC[C@H]2C1=C(C(=O)O)N1C(=O)[C@H]([C@@H](C)O)[C@@H]21
3895,0,CO[C@H]1C[C@H](O[C@H]2[C@H](C)O[C@@H](O[C@@H]3C(C)=CC[C@@H]4C[C@@H](C[C@]5(CC[C@H](C)[C@@H](C(C)C)O5)O4)OC(=O)[C@@H]4C=C(C)[C@@H](O)[C@H]5OCC(=CC=C[C@@H]3C)[C@@]45O)C[C@@H]2OC)O[C@@H](C)[C@@H]1O,CO[C@H]1C[C@H](O[C@H]2[C@H](C)O[C@@H](O[C@@H]3C(C)=CC[C@@H]4C[C@@H](C[C@]5(CC[C@H](C)[C@@H](C(C)C)O5)O4)OC(=O)[C@@H]4C=C(C)[C@@H](O)[C@H]5OCC(=CC=C[C@@H]3C)[C@]54O)C[C@@H]2OC)O[C@@H](C)[C@@H]1O
3896,0,CO[C@]12[C@@H](COC(N)=O)C3=C(C(=O)C(C)=C(N)C3=O)N1C[C@H]1N[C@H]12,CO[C@@]12[C@@H]3N[C@@H]3CN1C1=C(C(=O)C(N)=C(C)C1=O)[C@@H]2COC(N)=O
3897,0,COc1cc([C@@H]2c3cc4c(cc3[C@@H](O[C@@H]3O[C@@H]5CO[C@H](C)O[C@H]5[C@H](O)[C@H]3O)[C@H]3COC(=O)[C@H]23)OCO4)cc(OC)c1O,COc1cc([C@@H]2c3cc4c(cc3[C@@H](O[C@@H]3O[C@@H]5CO[C@H](C)O[C@H]5[C@H](O)[C@H]3O)[C@H]3COC(=O)[C@H]23)OCO4)cc(OC)c1O
3898,1,COc1ccc(OC[C@H]2CN(C)CCC2c2ccccc2)cc1,COc1ccc(OC[C@H]2CN(C)CCC2c2ccccc2)cc1
3899,1,COc1ccc2c(c1)[C@@]13CCCC[C@H]1[C@@H](C2)N(C)CC3,COc1ccc2c(c1)[C@@]13CCCC[C@H]1[C@@H](C2)N(C)CC3
3900,1,COc1ccc2c3c1OC1[C@@H](O)CCC4C(C2)N(C)CC[C@@]341,COc1ccc2c3c1OC1[C@@H](O)CCC4C(C2)N(C)CC[C@@]341
3901,1,COc1ccc2c3c1O[C@H]1C(OC(C)=O)=CC[C@H]4[C@@H](C2)N(C)CCC314,COc1ccc2c3c1O[C@H]1C(OC(C)=O)=CC[C@H]4[C@@H](C2)N(C)CCC314
3902,1,COc1ccc2c3c1O[C@H]1[C@@H](O)C=C[C@H]4[C@@H](C2)NCC[C@]314,COc1ccc2c3c1O[C@H]1[C@@H](O)C=C[C@H]4[C@@H](C2)NCC[C@@]341
3903,1,COc1ccc2c3c1O[C@H]1[C@@H](OC(=O)c4cccnc4)CC[C@H]4[C@@H](C2)N(C)CC[C@]314,COc1ccc2c3c1O[C@H]1[C@@H](OC(=O)c4cccnc4)CC[C@H]4[C@@H](C2)N(C)CC[C@@]341
3904,0,COc1cccc2c1C(=O)c1c(O)c3c(c(O)c1C2=O)C[C@@](O)(C(O)CO)C[C@@H]3O,COc1cccc2c1C(=O)c1c(O)c3c(c(O)c1C2=O)C[C@@](O)(C(O)CO)C[C@@H]3O
3905,1,CSC(=O)[C@@]1(O)[C@@H](C)C[C@H]2[C@@H]3CCC4=CC(=O)C=C[C@]4(C)[C@@]3(F)[C@@H](O)C[C@@]21C,CSC(=O)[C@@]1(O)[C@@H](C)C[C@H]2[C@@H]3CCC4=CC(=O)C=C[C@]4(C)[C@@]3(F)[C@@H](O)C[C@@]21C
3906,1,CSC(=O)[C@@]1(O)[C@H](C)C[C@H]2[C@@H]3C[C@H](F)C4=CC(=O)C=C[C@]4(C)[C@@]3(F)[C@@H](O)C[C@@]21C,CSC(=O)[C@@]1(O)[C@H](C)C[C@H]2[C@@H]3C[C@H](F)C4=CC(=O)C=C[C@]4(C)[C@@]3(F)[C@@H](O)C[C@@]21C
3907,1,CSC(=O)[C@@]1(OC(C)=O)[C@@H](C)C[C@H]2[C@@H]3CCC4=CC(=O)C=C[C@]4(C)[C@@]3(F)[C@@H](O)C[C@@]21C,CSC(=O)[C@@]1(OC(C)=O)[C@@H](C)C[C@H]2[C@@H]3CCC4=CC(=O)C=C[C@]4(C)[C@@]3(F)[C@@H](O)C[C@@]21C
3908,1,C[C@@H](CN1CCOCC1)C(C(=O)N1CCCC1)(c1ccccc1)c1ccccc1,C[C@@H](CN1CCOCC1)C(C(=O)N1CCCC1)(c1ccccc1)c1ccccc1
3909,1,C[C@@H](N)Cc1ccccc1,C[C@@H](N)Cc1ccccc1
3910,0,C[C@@H](O)[C@H]1C(=O)N2C(C(=O)O)=C(SC3Cn4cnc[n+]4C3)[C@H](C)[C@H]12,C[C@@H](O)[C@H]1C(=O)N2C(C(=O)O)=C(SC3Cn4cnc[n+]4C3)[C@H](C)[C@H]12
3911,0,C[C@@H](O)[C@H]1C(=O)N2C(C(=O)O)=C(SCCN=CN)C[C@H]12,C[C@@H](O)[C@H]1C(=O)N2C(C(=O)O)=C(SCCN=CN)C[C@H]12
3912,0,C[C@@H](O)[C@H]1C(=O)N2C(C(=O)O)=C(S[C@H]3CC[S+]([O-])C3)S[C@H]12,C[C@@H](O)[C@H]1C(=O)N2C(C(=O)O)=C(S[C@H]3CC[S+]([O-])C3)S[C@H]12
3913,1,C[C@@H]1CC2C3CCC4=CC(=O)C=C[C@]4(C)[C@@]3(Cl)[C@@H](O)C[C@]2(C)[C@@]1(OC(=O)c1ccco1)C(=O)CCl,C[C@@H]1CC2C3CCC4=CC(=O)C=C[C@]4(C)[C@@]3(Cl)[C@@H](O)C[C@]2(C)[C@@]1(OC(=O)c1ccco1)C(=O)CCl
3914,1,C[C@@H]1CC2C3CCC4=CC(=O)C=C[C@]4(C)[C@@]3(F)[C@@H](O)C[C@]2(C)[C@@]1(C)C(=O)CO,C[C@@H]1CC2C3CCC4=CC(=O)C=C[C@]4(C)[C@@]3(F)[C@@H](O)C[C@]2(C)[C@@]1(C)C(=O)CO
3915,1,C[C@@H]1CC2C3C[C@H](F)C4=CC(=O)C=C[C@]4(C)C3[C@@H](O)C[C@]2(C)[C@H]1C(=O)C(=O)O,C[C@@H]1CC2C3C[C@H](F)C4=CC(=O)C=C[C@]4(C)C3[C@@H](O)C[C@]2(C)[C@H]1C(=O)C(=O)O
3916,1,C[C@@H]1CC2C3C[C@H](F)C4=CC(=O)C=C[C@]4(C)[C@@]3(F)[C@@H](O)C[C@]2(C)[C@@]1(O)C(=O)CO,C[C@@H]1CC2C3C[C@H](F)C4=CC(=O)C=C[C@]4(C)[C@@]3(F)[C@@H](O)C[C@]2(C)[C@@]1(O)C(=O)CO
3917,1,C[C@@H]1CC2C3C[C@H](F)C4=CC(=O)C=C[C@]4(C)[C@@]3(F)[C@@H](O)C[C@]2(C)[C@@]1(O)C(=O)COC(=O)C(C)(C)C,C[C@@H]1CC2C3C[C@H](F)C4=CC(=O)C=C[C@]4(C)[C@@]3(F)[C@@H](O)C[C@]2(C)[C@@]1(O)C(=O)COC(=O)C(C)(C)C
3918,1,C[C@@H]1C[C@H]2C3CC(F)(F)C4=CC(=O)C=C[C@]4(C)[C@@]3(F)[C@@H](O)C[C@]2(C)[C@@]1(O)C(=O)CO,C[C@@H]1C[C@H]2C3CC(F)(F)C4=CC(=O)C=C[C@]4(C)[C@@]3(F)[C@@H](O)C[C@]2(C)[C@@]1(O)C(=O)CO
3919,1,C[C@@H]1C[C@H]2C3C[C@H](F)C4=CC(=O)C=C[C@]4(C)[C@@]3(Cl)[C@@H](F)C[C@]2(C)[C@H]1C(=O)CO,C[C@@H]1C[C@H]2C3C[C@H](F)C4=CC(=O)C=C[C@]4(C)[C@@]3(Cl)[C@@H](F)C[C@]2(C)[C@H]1C(=O)CO
3920,1,C[C@@H]1C[C@H]2C3C[C@H](F)C4=CC(=O)C=C[C@]4(C)[C@@]3(F)[C@@H](O)C[C@]2(C)[C@H]1C(=O)COC(=O)C(C)(C)C,C[C@@H]1C[C@H]2C3C[C@H](F)C4=CC(=O)C=C[C@]4(C)[C@@]3(F)[C@@H](O)C[C@]2(C)[C@H]1C(=O)COC(=O)C(C)(C)C
3921,1,C[C@@H]1C[C@H]2[C@@H]3CCC4=CC(=O)C=C[C@]4(C)[C@@]3(Cl)[C@@H](Cl)C[C@]2(C)[C@@]1(O)C(=O)CO,C[C@@H]1C[C@H]2[C@@H]3CCC4=CC(=O)C=C[C@]4(C)[C@@]3(Cl)[C@@H](Cl)C[C@]2(C)[C@@]1(O)C(=O)CO
3922,1,C[C@@H]1C[C@H]2[C@@H]3C[C@H](F)C4=CC(=O)C(Cl)=C[C@]4(C)[C@@]3(F)[C@@H](O)C[C@]2(C)[C@@]1(O)C(=O)CO,C[C@@H]1C[C@H]2[C@@H]3C[C@H](F)C4=CC(=O)C(Cl)=C[C@]4(C)[C@@]3(F)[C@@H](O)C[C@]2(C)[C@@]1(O)C(=O)CO
3923,1,C[C@@H]1C[C@H]2[C@@H]3C[C@H](F)C4=CC(=O)C=C[C@]4(C)[C@@]3(F)[C@@H](O)C[C@]2(C)[C@@]1(O)C(=O)SCCl,C[C@@H]1C[C@H]2[C@@H]3C[C@H](F)C4=CC(=O)C=C[C@]4(C)[C@@]3(F)[C@@H](O)C[C@]2(C)[C@@]1(O)C(=O)SCCl
3924,1,C[C@@H]1C[C@H]2[C@@H]3C[C@H](F)C4=CC(=O)C=C[C@]4(C)[C@@]3(F)[C@@H](O)C[C@]2(C)[C@@]1(O)C(=O)SCF,C[C@@H]1C[C@H]2[C@@H]3C[C@H](F)C4=CC(=O)C=C[C@]4(C)[C@@]3(F)[C@@H](O)C[C@]2(C)[C@@]1(O)C(=O)SCF
3925,0,C[C@@H]1OC(=O)C[C@H](O)C[C@H](O)CC[C@@H](O)[C@H](O)C[C@H](O)C[C@]2(O)C[C@H](O)[C@@H](C(=O)O)[C@H](C[C@@H](O[C@H]3O[C@@H](C)[C@H](O)[C@@H](N)[C@H]3O)C=CC=CC=CC=CC=CC=CC=C[C@H](C)[C@@H](O)[C@H]1C)O2,C[C@@H]1[C@H](O)[C@@H](C)C=CC=CC=CC=CC=CC=CC=C[C@H](O[C@H]2O[C@@H](C)[C@H](O)[C@@H](N)[C@H]2O)C[C@@H]2O[C@](O)(C[C@@H](O)C[C@@H](O)[C@H](O)CC[C@@H](O)C[C@@H](O)CC(=O)O[C@H]1C)C[C@H](O)[C@H]2C(=O)O
3926,0,C[C@@H]1O[C@@H](O[C@H]2C[C@](O)(C(=O)CO)Cc3c(O)c4c(c(O)c32)C(=O)c2ccccc2C4=O)C[C@H](N)[C@@H]1O,C[C@@H]1O[C@@H](O[C@H]2C[C@](O)(C(=O)CO)Cc3c(O)c4c(c(O)c32)C(=O)c2ccccc2C4=O)C[C@H](N)[C@@H]1O
3927,1,C[C@@]12CCCCCC(Cc3ccc(O)cc31)[C@@H]2N,C[C@@]12CCCCCC(Cc3ccc(O)cc31)[C@@H]2N
3928,0,C[C@H](O)[C@H]1C(=O)N2C(C(=O)O)=C(S[C@@H]3CN[C@H](C(=O)N(C)C)C3)[C@H](C)[C@H]12,C[C@H](O)[C@H]1C(=O)N2C(C(=O)O)=C(S[C@@H]3CN[C@H](C(=O)N(C)C)C3)[C@H](C)[C@H]12
3929,1,C[C@H]1CC2[C@@H]3CC[C@](O)(C(=O)COC(=O)CCC(=O)O)[C@@]3(C)C[C@H](O)[C@@H]2[C@@]2(C)C=CC(=O)C=C12,C[C@H]1CC2[C@H]([C@@H](O)C[C@@]3(C)[C@H]2CC[C@]3(O)C(=O)COC(=O)CCC(=O)O)[C@@]2(C)C=CC(=O)C=C12
3930,1,C[C@H]1CN(CCCn2c3ccccc3c3ccccc32)C[C@@H](C)N1,C[C@@H]1CN(CCCn2c3ccccc3c3ccccc32)C[C@H](C)N1
3931,1,C[C@H]1C[C@@H](OC(=O)[C@@H]2CCC(=O)N2)CC(C)(C)C1,C[C@H]1C[C@@H](OC(=O)[C@@H]2CCC(=O)N2)CC(C)(C)C1
3932,1,C[C@H]1C[C@H]2C3CCC4=CC(=O)C=C[C@]4(C)[C@@]3(F)C(=O)C[C@]2(C)[C@@]1(O)C(=O)CCl,C[C@H]1C[C@H]2C3CCC4=CC(=O)C=C[C@]4(C)[C@@]3(F)C(=O)C[C@]2(C)[C@@]1(O)C(=O)CCl
3933,1,C[C@H]1C[C@H]2C3CCC4=CC(=O)C=C[C@]4(C)[C@@]3(F)[C@@H](O)C[C@]2(C)[C@@]1(O)C(=O)CCl,C[C@H]1C[C@H]2C3CCC4=CC(=O)C=C[C@]4(C)[C@@]3(F)[C@@H](O)C[C@]2(C)[C@@]1(O)C(=O)CCl
3934,1,C[C@H]1OC2(CCCC[C@H]2Oc2cccc(Cl)c2)NC1=O,C[C@H]1OC2(CCCC[C@H]2Oc2cccc(Cl)c2)NC1=O
3935,0,C[C@H]1O[C@@H](O[C@H]2[C@@H](O)C[C@H](O[C@H]3[C@@H](O)C[C@H](O[C@H]4CC[C@@]5(C)C(CC[C@@H]6[C@@H]5C[C@@H](O)[C@]5(C)[C@@H](C7=CC(=O)OC7)CC[C@]65O)C4)O[C@@H]3C)O[C@@H]2C)C[C@H](O)[C@@H]1O,C[C@H]1O[C@@H](O[C@H]2[C@@H](O)C[C@H](O[C@H]3[C@@H](O)C[C@H](O[C@H]4CC[C@@]5(C)C(CC[C@@H]6[C@@H]5C[C@@H](O)[C@]5(C)[C@@H](C7=CC(=O)OC7)CC[C@]65O)C4)O[C@@H]3C)O[C@@H]2C)C[C@H](O)[C@@H]1O
3936,1,C[C@H]1[C@H]2C(=O)c3ccc(O)cc3[C@]1(C)CCN2CC1CC1,C[C@H]1[C@H]2C(=O)c3ccc(O)cc3[C@]1(C)CCN2CC1CC1
3937,0,C[C@]12CCC(=O)C=C1CC[C@H]1C3CC[C@H](C(=O)CO)C3(C=O)C[C@H](O)C12,C[C@]12CCC(=O)C=C1CC[C@H]1C3CC[C@H](C(=O)CO)C3(C=O)C[C@H](O)C12
3938,1,C[C@]12CC[C@H]3[C@@H](CCC4=CC(=O)CC[C@@]43C)[C@@H]1CC[C@]2(O)C(=O)CO,C[C@]12CCC(=O)C=C1CC[C@@H]1[C@@H]2CC[C@@]2(C)[C@H]1CC[C@]2(O)C(=O)CO
3939,1,C[C@]12C[C@H](Cl)[C@@]3(Cl)C(CCC4=CC(=O)C=C[C@@]43C)C1CC[C@]2(O)C(=O)CO,C[C@]12C=CC(=O)C=C1CCC1C3CC[C@](O)(C(=O)CO)[C@@]3(C)C[C@H](Cl)[C@@]12Cl
3940,1,C[C@]12C[C@H](O)[C@@]3(F)C(C[C@H](F)C4=CC(=O)C=C[C@@]43C)C1C[C@@H](O)[C@]2(O)C(=O)CO,C[C@]12C=CC(=O)C=C1[C@@H](F)CC1C3C[C@@H](O)[C@](O)(C(=O)CO)[C@@]3(C)C[C@H](O)[C@@]12F
3941,1,C[C@]12C[C@H](O)[C@@]3(F)[C@@H](CCC4=CC(=O)C=C[C@@]43C)[C@@H]1CC[C@]2(O)C(=O)CO,C[C@]12C=CC(=O)C=C1CC[C@H]1[C@@H]3CC[C@](O)(C(=O)CO)[C@@]3(C)C[C@H](O)[C@@]12F
3942,1,C[C@]12C[C@H](O)[C@H]3C(C=C(Cl)C4=CC(=O)C=C[C@@]43C)[C@@H]1CC[C@]2(O)C(=O)CO,C[C@]12C=CC(=O)C=C1C(Cl)=CC1[C@@H]2[C@@H](O)C[C@@]2(C)[C@H]1CC[C@]2(O)C(=O)CO
3943,1,C[C@]12C[C@H](O)[C@H]3[C@@H](CCC(=O)C4C(=O)C=C[C@@]43C)[C@@H]1CC[C@]2(O)C(=O)CO,C[C@]12C=CC(=O)C1C(=O)CC[C@@H]1[C@@H]2[C@@H](O)C[C@@]2(C)[C@H]1CC[C@]2(O)C(=O)CO
3944,1,C[C@]12C[C@H](O)[C@H]3[C@@H](CCC4=CC(=O)C=C[C@@]43C)[C@@H]1CC[C@]2(O)C(=O)OCCl,C[C@]12C=CC(=O)C=C1CC[C@@H]1[C@@H]2[C@@H](O)C[C@@]2(C)[C@H]1CC[C@]2(O)C(=O)OCCl
3945,1,C[C@]12C[C@H](O)[C@H]3[C@@H](CCC4=CC(=O)CC[C@@]43C)[C@@H]1CC[C@]2(O)C(=O)COC(=O)CCC1CCCC1,C[C@]12CCC(=O)C=C1CC[C@@H]1[C@@H]2[C@@H](O)C[C@@]2(C)[C@H]1CC[C@]2(O)C(=O)COC(=O)CCC1CCCC1
3946,0,C[N+]1(C)CCCCC1COC(=O)C(O)(c1ccccc1)c1ccccc1,C[N+]1(C)CCCCC1COC(=O)C(O)(c1ccccc1)c1ccccc1
3947,0,C[N+]1(CCCS(=O)(=O)O)C2CCC1CC(OC(=O)C(CO)c1ccccc1)C2,C[N+]1(CCCS(=O)(=O)O)C2CCC1CC(OC(=O)C(CO)c1ccccc1)C2
3948,1,C[N+]1([O-])[C@H]2CC[C@@H]1CC(OC(=O)C(CO)c1ccccc1)C2,C[N+]1([O-])[C@@H]2CC[C@H]1CC(OC(=O)C(CO)c1ccccc1)C2
3949,0,Cc1c2oc3c(C)ccc(C(=O)N[C@@H]4C(=O)N[C@H](C(C)C)C(=O)N5CCC[C@H]5C(=O)N(C)CC(=O)N(C)[C@@H](C(C)C)C(=O)O[C@@H]4C)c3nc-2c(C(=O)N[C@@H]2C(=O)N[C@H](C(C)C)C(=O)N3CCC[C@H]3C(=O)N(C)CC(=O)N(C)[C@@H](C(C)C)C(=O)O[C@@H]2C)c(N)c1=O,Cc1c2oc3c(C)ccc(C(=O)N[C@@H]4C(=O)N[C@H](C(C)C)C(=O)N5CCC[C@H]5C(=O)N(C)CC(=O)N(C)[C@@H](C(C)C)C(=O)O[C@@H]4C)c3nc-2c(C(=O)N[C@@H]2C(=O)N[C@H](C(C)C)C(=O)N3CCC[C@H]3C(=O)N(C)CC(=O)N(C)[C@@H](C(C)C)C(=O)O[C@@H]2C)c(N)c1=O
3950,0,Cc1cc(=O)c(C(=O)N[C@@H](C(=O)N[C@@H]2C(=O)N3C(C(=O)O)=C(CSc4nnnn4C)CS[C@H]23)c2ccc(O)cc2)c[nH]1,Cc1cc(=O)c(C(=O)N[C@@H](C(=O)N[C@@H]2C(=O)N3C(C(=O)O)=C(CSc4nnnn4C)CS[C@H]23)c2ccc(O)cc2)c[nH]1
3951,1,Cc1ncc(COC(=O)CCC(=O)OCCN(C)C)c(CO)c1O,Cc1ncc(COC(=O)CCC(=O)OCCN(C)C)c(CO)c1O
3952,0,Cc1nnc(SCC2=C(C(=O)O)N3C(=O)[C@@H](NC(=O)[C@H](N)c4ccc(O)cc4)[C@H]3SC2)s1,Cc1nnc(SCC2=C(C(=O)O)N3C(=O)[C@@H](NC(=O)[C@H](N)c4ccc(O)cc4)[C@H]3SC2)s1
3953,0,Cc1nnc(SCC2=C(C(=O)OCc3oc(=O)oc3C)N3C(=O)[C@@H](NC(=O)[C@H](OC(=O)[C@H](C)N)c4ccccc4)[C@H]3SC2)s1,Cc1nnc(SCC2=C(C(=O)OCc3oc(=O)oc3C)N3C(=O)[C@@H](NC(=O)[C@H](OC(=O)[C@H](C)N)c4ccccc4)[C@H]3SC2)s1
3954,1,Clc1ccc2c(c1)/C(=C\C1CN3CCC1CC3)c1ccccc1S2,Clc1ccc2c(c1)/C(=C\C1CN3CCC1CC3)c1ccccc1S2
3955,1,NC(=O)Nc1ccc(S(=O)(=O)c2ccc(N)cc2)cc1,NC(=O)Nc1ccc(S(=O)(=O)c2ccc(N)cc2)cc1
3956,0,NC(=O)OC[C@@H]1[C@H](NC(=O)/C(=N\OCC(=O)O)c2csc(N)n2)C(=O)N1S(=O)(=O)O,NC(=O)OC[C@@H]1[C@H](NC(=O)/C(=N\OCC(=O)O)c2csc(N)n2)C(=O)N1S(=O)(=O)O
3957,0,NC(=O)c1cc[n+](CC2=C(C(=O)O)N3C(=O)[C@@H](NC(=O)Cc4cccs4)[C@H]3SC2)cc1,NC(=O)c1cc[n+](CC2=C(C(=O)O)N3C(=O)[C@@H](NC(=O)Cc4cccs4)[C@H]3SC2)cc1
3958,0,NC(=O)c1cc[n+](CC2=C(C(=O)O)N3C(=O)[C@@H](NC(=O)[C@@H](c4ccccc4)S(=O)(=O)O)[C@H]3SC2)cc1,NC(=O)c1cc[n+](CC2=C(C(=O)O)N3C(=O)[C@@H](NC(=O)[C@@H](c4ccccc4)S(=O)(=O)O)[C@H]3SC2)cc1
3959,0,NCC[C@@H](O)CN[C@@H]1C[C@H](N)[C@@H](O[C@H]2O[C@H](CN)[C@@H](O)[C@H](O)[C@H]2O)[C@H](O)[C@H]1O[C@H]1O[C@H](CO)[C@@H](O)[C@H](N)[C@H]1O,NCC[C@@H](O)CN[C@@H]1C[C@H](N)[C@@H](O[C@H]2O[C@H](CN)[C@@H](O)[C@H](O)[C@H]2O)[C@H](O)[C@H]1O[C@H]1O[C@H](CO)[C@@H](O)[C@H](N)[C@H]1O
3960,0,NCC[C@H](O)C(=O)N[C@@H]1C[C@H](N)[C@@H](OC2O[C@H](CN)[C@@H](O)[C@H](O)[C@H]2O)[C@H](O)[C@H]1OC1O[C@H](CO)[C@@H](O)[C@H](N)[C@H]1O,NCC[C@H](O)C(=O)N[C@@H]1C[C@H](N)[C@@H](OC2O[C@H](CN)[C@@H](O)[C@H](O)[C@H]2O)[C@H](O)[C@H]1OC1O[C@H](CO)[C@@H](O)[C@H](N)[C@H]1O
3961,0,NC[C@@H]1CC[C@@H](N)[C@@H](O[C@@H]2[C@@H](N)C[C@@H](N)[C@H](O[C@H]3O[C@H](CO)[C@@H](O)[C@H](N)[C@H]3O)[C@H]2O)O1,NC[C@@H]1CC[C@@H](N)[C@@H](O[C@H]2[C@H](O)[C@@H](O[C@H]3O[C@H](CO)[C@@H](O)[C@H](N)[C@H]3O)[C@H](N)C[C@@H]2N)O1
3962,0,NC[C@@H]1O[C@H](O[C@H]2[C@H](CO)O[C@H](O[C@@H]3[C@@H](O)[C@H](N)C[C@H](N)[C@H]3O[C@H]3O[C@H](CN)[C@@H](O)[C@H](O)[C@H]3N)[C@H]2O)[C@H](N)[C@@H](O)[C@@H]1O,NC[C@@H]1O[C@H](O[C@@H]2[C@H](O)[C@@H](O[C@@H]3[C@@H](O)[C@H](N)C[C@H](N)[C@H]3O[C@H]3O[C@H](CN)[C@@H](O)[C@H](O)[C@H]3N)O[C@H]2CO)[C@H](N)[C@@H](O)[C@@H]1O
3963,0,NC[C@H]1O[C@H](O[C@@H]2[C@@H](N)C[C@@H](N)[C@H](OC3O[C@H](CO)[C@@H](O)[C@H](N)[C@H]3O)[C@H]2O)[C@H](O)[C@@H](O)[C@@H]1O,NC[C@H]1O[C@H](O[C@H]2[C@H](O)[C@@H](OC3O[C@H](CO)[C@@H](O)[C@H](N)[C@H]3O)[C@H](N)C[C@@H]2N)[C@H](O)[C@@H](O)[C@@H]1O
3964,0,NC[C@H]1O[C@H](O[C@@H]2[C@@H](N)C[C@@H](NC(CO)CO)[C@H](O[C@H]3O[C@H](CO)[C@@H](O)[C@H](N)[C@H]3O)[C@H]2O)[C@H](N)[C@@H](O)[C@@H]1O,NC[C@H]1O[C@H](O[C@H]2[C@H](O)[C@@H](O[C@H]3O[C@H](CO)[C@@H](O)[C@H](N)[C@H]3O)[C@H](NC(CO)CO)C[C@@H]2N)[C@H](N)[C@@H](O)[C@@H]1O
3965,0,N[C@@H](C(=O)N[C@@H]1C(=O)N2C(C(=O)O)=C(CSc3cn[nH]n3)CS[C@H]12)c1ccc(O)cc1,N[C@@H](C(=O)N[C@@H]1C(=O)N2C(C(=O)O)=C(CSc3cn[nH]n3)CS[C@H]12)c1ccc(O)cc1
3966,0,N[C@@H](C(=O)N[C@@H]1C(=O)N2C(C(=O)O)=C(Cl)CC[C@H]12)c1ccccc1,N[C@@H](C(=O)N[C@@H]1C(=O)N2C(C(=O)O)=C(Cl)CC[C@H]12)c1ccccc1
3967,0,Nc1ncc(/C(=N\OC2CCNC2=O)C(=O)N[C@@H]2C(=O)N3C(C(=O)O)=C(C[n+]4ccccc4)CS[C@H]23)s1,Nc1ncc(/C(=N\OC2CCNC2=O)C(=O)N[C@@H]2C(=O)N3C(C(=O)O)=C(C[n+]4ccccc4)CS[C@H]23)s1
3968,1,O=C(CN1CC[C@]23CCCC[C@H]2[C@H]1Cc1ccc(O)cc13)c1ccccc1,O=C(CN1CC[C@]23CCCC[C@H]2[C@H]1Cc1ccc(O)cc13)c1ccccc1
3969,0,O=C(Cc1cccs1)N[C@@H]1C(=O)N2C(C(=O)O)=C(C[n+]3ccccc3)CS[C@H]12,O=C(Cc1cccs1)N[C@@H]1C(=O)N2C(C(=O)O)=C(C[n+]3ccccc3)CS[C@H]12
3970,0,O=C(O)C1=C(CSc2nnnn2CS(=O)(=O)O)CS[C@@H]2[C@H](NC(=O)[C@H](O)c3ccccc3)C(=O)N12,O=C(O)C1=C(CSc2nnnn2CS(=O)(=O)O)CS[C@@H]2[C@H](NC(=O)[C@H](O)c3ccccc3)C(=O)N12
3971,0,O=C(O)C1=C(C[n+]2ccc(CCS(=O)(=O)O)cc2)CS[C@@H]2[C@H](NC(=O)[C@H](NC(=O)c3nc[nH]c3C(=O)O)c3ccccc3)C(=O)N12,O=C(O)C1=C(C[n+]2ccc(CCS(=O)(=O)O)cc2)CS[C@@H]2[C@H](NC(=O)[C@H](NC(=O)c3nc[nH]c3C(=O)O)c3ccccc3)C(=O)N12
3972,1,O=C(O)CCCC[C@@H]1SC[C@@H]2NC(=O)N[C@H]12,O=C(O)CCCC[C@@H]1SC[C@@H]2NC(=O)N[C@@H]21
3973,1,O=C1CC=C2CCC(=O)N12,O=C1CC=C2CCC(=O)N12
3974,1,O=C1CCNC1C(=O)N[C@H]1CC1c1ccccc1,O=C1CCNC1C(=O)N[C@H]1CC1c1ccccc1
3975,1,O=C1[C@H]2[C@H]3CC[C@H](C3)[C@H]2C(=O)N1CCCCN1CCN(c2ncccn2)CC1,O=C1[C@@H]2[C@@H]3CC[C@@H](C3)[C@@H]2C(=O)N1CCCCN1CCN(c2ncccn2)CC1
3976,1,OC(OCCOCCOC[C@@H]1C[C@H](OC(O)C(Cl)(Cl)Cl)[C@@H](O)[C@H](O[C@@H]2[C@@H](COCCOC(O)C(Cl)(Cl)Cl)O[C@@H](O)[C@H](O)[C@H]2OCCOCCOC(O)C(Cl)(Cl)Cl)O1)C(Cl)(Cl)Cl,OC(OCCOCCOC[C@@H]1C[C@H](OC(O)C(Cl)(Cl)Cl)[C@@H](O)[C@H](O[C@H]2[C@H](OCCOCCOC(O)C(Cl)(Cl)Cl)[C@@H](O)[C@H](O)O[C@@H]2COCCOC(O)C(Cl)(Cl)Cl)O1)C(Cl)(Cl)Cl
3977,1,OCC(O)[C@H]1O[C@@H]2O[C@H](C(Cl)(Cl)Cl)O[C@@H]2[C@H]1O,OCC(O)[C@H]1O[C@@H]2O[C@H](C(Cl)(Cl)Cl)O[C@@H]2[C@H]1O
3978,1,OCCC1CCC(CC/C=C2\c3ccccc3Sc3ccc(Cl)cc32)CC1,OCCC1CCC(CC/C=C2\c3ccccc3Sc3ccc(Cl)cc32)CC1
3979,1,Oc1ccc2c(c1)[C@@]13CCCC[C@H]1[C@@H](C2)N(CCc1ccccc1)CC3,Oc1ccc2c(c1)[C@@]13CCCC[C@H]1[C@@H](C2)N(CCc1ccccc1)CC3
3980,1,Oc1ccc2c(c1)[C@@]13CCCC[C@H]1[C@@H](C2)NCC3,Oc1ccc2c(c1)[C@@]13CCCC[C@H]1[C@@H](C2)NCC3
3981,1,Oc1ccc2c(c1)[C@]13CCN(CC4CC4)[C@H](C2)[C@@H]1CCOC3,Oc1ccc2c(c1)[C@]13CCN(CC4CC4)[C@H](C2)[C@@H]1CCOC3
3982,1,Oc1ccc2c3c1O[C@H]1[C@@H](O)CC[C@@]4(O)[C@@H](C2)N(CC2CCC2)CC[C@]314,Oc1ccc2c3c1O[C@H]1[C@@H](O)CC[C@@]4(O)[C@@H](C2)N(CC2CCC2)CC[C@]314
3983,1,[N-]=[N+]=NCC(=O)NC(CO)C(O)c1ccc([N+](=O)[O-])cc1,[N-]=[N+]=NCC(=O)NC(CO)C(O)c1ccc([N+](=O)[O-])cc1
3984,1,C=CCN1CC[C@@]23c4c5ccc(O)c4O[C@@H]2[C@@H](O)C=C[C@@H]3[C@@H]1C5,C=CCN1CC[C@@]23c4c5ccc(O)c4O[C@@H]2[C@@H](O)C=C[C@@H]3[C@@H]1C5
3985,1,C=CCN1CC[C@]23CCCC[C@@H]2[C@H]1Cc1ccc(O)cc13,C=CCN1CC[C@]23CCCC[C@@H]2[C@H]1Cc1ccc(O)cc13
3986,0,CC(C)C[C@H]1C(=O)N2CCCC2[C@]2(O)O[C@](NC(=O)[C@@H]3C=C4c5cccc6[nH]c(Br)c(c56)C[C@H]4N(C)C3)(C(C)C)C(=O)N12,CC(C)C[C@H]1C(=O)N2CCCC2[C@]2(O)O[C@](NC(=O)[C@@H]3C=C4c5cccc6[nH]c(Br)c(c56)C[C@H]4N(C)C3)(C(C)C)C(=O)N12
3987,0,CC(C)NC[C@@H](O)COc1ccc(CC(N)=O)cc1,CC(C)NC[C@@H](O)COc1ccc(CC(N)=O)cc1
3988,1,CC(C)NC[C@@H](O)COc1cccc2[nH]ccc12,CC(C)NC[C@@H](O)COc1cccc2[nH]ccc12
3989,1,CC(C)[C@H](CN1CCCC1)N(C)C(=O)Cc1ccc(Cl)c(Cl)c1,CC(C)[C@H](CN1CCCC1)N(C)C(=O)Cc1ccc(Cl)c(Cl)c1
3990,0,CC(C)[N+]1(C)[C@H]2CC[C@@H]1CC(OC(=O)[C@@H](CO)c1ccccc1)C2,CC(C)[N+]1(C)[C@@H]2CC[C@H]1CC(OC(=O)[C@@H](CO)c1ccccc1)C2
3991,1,CC1(C)S[C@@H]2[C@@H](NC(=O)[C@H](C(=O)O)c3ccsc3)C(=O)N2C1C(=O)O,CC1(C)S[C@@H]2[C@@H](NC(=O)[C@H](C(=O)O)c3ccsc3)C(=O)N2C1C(=O)O
3992,1,CCC[C@@H](C)C1(CC)C(=O)NC(=S)NC1=O,CCC[C@@H](C)C1(CC)C(=O)NC(=S)NC1=O
3993,0,CC[C@@H](C)n1ncn(-c2ccc(N3CCN(c4ccc(OC[C@@H]5CO[C@@](Cn6cncn6)(c6ccc(Cl)cc6Cl)O5)cc4)CC3)cc2)c1=O,CC[C@@H](C)n1ncn(-c2ccc(N3CCN(c4ccc(OC[C@@H]5CO[C@@](Cn6cncn6)(c6ccc(Cl)cc6Cl)O5)cc4)CC3)cc2)c1=O
3994,0,CC[C@H](C)C(=O)O[C@H]1C[C@@H](O)C=C2C=C[C@H](C)[C@H](CC[C@@H](O)C[C@@H](O)CC(=O)O)[C@H]21,CC[C@H](C)C(=O)O[C@H]1C[C@@H](O)C=C2C=C[C@H](C)[C@H](CC[C@@H](O)C[C@@H](O)CC(=O)O)[C@H]21
3995,0,CC[C@H](CO)NCCN[C@H](CC)CO,CC[C@H](CO)NCCN[C@H](CC)CO
3996,0,CC[C@H]1OC(=O)[C@@H](C)[C@H](O[C@@H]2C[C@@](C)(OC)[C@@H](O)[C@H](C)O2)[C@@H](C)[C@H](O[C@@H]2O[C@H](C)C[C@H](N(C)C)[C@H]2O)[C@](C)(O)C[C@@H](C)CN(C)[C@H](C)C(O)[C@@]1(C)O,CC[C@H]1OC(=O)[C@@H](C)[C@H](O[C@@H]2C[C@@](C)(OC)[C@@H](O)[C@H](C)O2)[C@@H](C)[C@H](O[C@@H]2O[C@H](C)C[C@H](N(C)C)[C@H]2O)[C@](C)(O)C[C@@H](C)CN(C)[C@H](C)C(O)[C@@]1(C)O
3997,1,CC[C@]1(C)CC(=O)NC1=O,CC[C@]1(C)CC(=O)NC1=O
3998,0,CCn1cc(C(=O)O)c(=O)c2cc(F)c(N3CCN[C@H](C)C3)c(F)c21,CCn1cc(C(=O)O)c(=O)c2cc(F)c(N3CCN[C@H](C)C3)c(F)c21
3999,1,CN(C(=O)Cc1ccc(Cl)c(Cl)c1)[C@H]1CCCC[C@H]1N1CCCC1,CN(C(=O)Cc1ccc(Cl)c(Cl)c1)[C@H]1CCCC[C@H]1N1CCCC1
4000,0,CN(N=O)C(=O)N[C@H]1[C@H](O)O[C@H](CO)[C@@H](O)[C@@H]1O,CN(N=O)C(=O)N[C@@H]1[C@@H](O)[C@H](O)[C@@H](CO)O[C@H]1O
4001,1,CN1C(=O)NC(=O)[C@@](C)(C2=CCCCC2)C1=O,CN1C(=O)NC(=O)[C@@](C)(C2=CCCCC2)C1=O
4002,1,CN1CCCC[C@H]1CCN1c2ccccc2Sc2ccc([S@@+](C)[O-])cc21,CN1CCCC[C@H]1CCN1c2ccccc2Sc2ccc([S@@+](C)[O-])cc21
4003,1,CN1CCN2c3ccccc3Cc3ccccc3[C@@H]2C1,CN1CCN2c3ccccc3Cc3ccccc3[C@@H]2C1
4004,1,CN1CCN2c3ncccc3Cc3ccccc3[C@@H]2C1,CN1CCN2c3ncccc3Cc3ccccc3[C@@H]2C1
4005,1,CN1[C@H]2CC[C@@H]1CC(OC(=O)[C@@H](CO)c1ccccc1)C2,CN1[C@@H]2CC[C@H]1CC(OC(=O)[C@@H](CO)c1ccccc1)C2
4006,1,COCCc1ccc(OC[C@H](O)CNC(C)C)cc1,COCCc1ccc(OC[C@H](O)CNC(C)C)cc1
4007,1,CO[C@H](C(=O)[C@@H](O)[C@@H](C)O)[C@@H]1Cc2cc3cc(O[C@H]4C[C@@H](O[C@H]5C[C@@H](O)[C@H](O)[C@@H](C)O5)[C@@H](O)[C@@H](C)O4)c(C)c(O)c3c(O)c2C(=O)[C@H]1OC1C[C@@H](O[C@H]2C[C@@H](O[C@H]3C[C@](C)(O)[C@H](O)[C@@H](C)O3)[C@H](O)[C@@H](C)O2)[C@H](O)[C@@H](C)O1,CO[C@H](C(=O)[C@@H](O)[C@@H](C)O)[C@@H]1Cc2cc3cc(O[C@H]4C[C@@H](O[C@H]5C[C@@H](O)[C@H](O)[C@@H](C)O5)[C@@H](O)[C@@H](C)O4)c(C)c(O)c3c(O)c2C(=O)[C@H]1OC1C[C@@H](O[C@H]2C[C@@H](O[C@H]3C[C@](C)(O)[C@H](O)[C@@H](C)O3)[C@H](O)[C@@H](C)O2)[C@H](O)[C@@H](C)O1
4008,1,COc1cc([C@H]2c3cc4c(cc3[C@H](O[C@H]3O[C@H]5CO[C@H](c6cccs6)O[C@@H]5[C@@H](O)[C@@H]3O)[C@H]3COC(=O)[C@H]23)OCO4)cc(O)c1O,COc1cc([C@H]2c3cc4c(cc3[C@H](O[C@H]3O[C@H]5CO[C@H](c6cccs6)O[C@@H]5[C@@H](O)[C@@H]3O)[C@H]3COC(=O)[C@H]23)OCO4)cc(O)c1O
4009,0,C[C@@H](C[N+](C)(C)C)OC(N)=O,C[C@@H](C[N+](C)(C)C)OC(N)=O
4010,1,C[C@@H]1COc2c(N3CCN(C)CC3)c(F)c(C(=O)O)c3c(=O)ccn1c23,C[C@@H]1COc2c(N3CCN(C)CC3)c(F)c(C(=O)O)c3c(=O)ccn1c23
4011,0,C[C@@H]1O[C@H](O[C@H]2C=CC=CC=CC=CC=CC=CC=C[C@H](C)[C@@H](O)[C@@H](C)[C@@H](C)OC(=O)C[C@H](O)C[C@@H](O)CC[C@@H](O)[C@@H](O)C[C@@H](O)C[C@@]3(O)C[C@@H](O)[C@H](C(=O)O)[C@@H](C2)O3)[C@@H](O)[C@H](N)[C@H]1O,C[C@@H]1[C@H](O)[C@@H](C)C=CC=CC=CC=CC=CC=CC=C[C@H](O[C@H]2O[C@@H](C)[C@H](O)[C@@H](N)[C@@H]2O)C[C@H]2O[C@@](O)(C[C@H](O)C[C@H](O)[C@H](O)CC[C@H](O)C[C@@H](O)CC(=O)O[C@@H]1C)C[C@@H](O)[C@@H]2C(=O)O
4012,0,C[N+]1(C)CCC[C@H](OC(=O)[C+](O)(c2ccccc2)c2ccccc2)C1,C[N+]1(C)CCC[C@H](OC(=O)[C+](O)(c2ccccc2)c2ccccc2)C1
4013,1,Cc1ccc(C(=O)NC[C@H]2CN=C(c3ccc(F)cc3)c3ccc(C)cc3N2C)cc1,Cc1ccc(C(=O)NC[C@H]2CN=C(c3ccc(F)cc3)c3ccc(C)cc3N2C)cc1
4014,1,NC(=O)c1cnn([C@@H]2O[C@H](CO)[C@@H](O)[C@H]2O)n1,NC(=O)c1cnn([C@@H]2O[C@H](CO)[C@@H](O)[C@H]2O)n1
4015,0,NC[C@H]1O[C@H](O[C@H]2C(O)[C@@H](O[C@H]3O[C@H](CO)[C@@H](O)[C@H](N)[C@H]3O)[C@H](N)C[C@@H]2N)[C@H](O)[C@@H](O)[C@@H]1O,NC[C@H]1O[C@H](O[C@H]2C(O)[C@@H](O[C@H]3O[C@H](CO)[C@@H](O)[C@H](N)[C@H]3O)[C@H](N)C[C@@H]2N)[C@H](O)[C@@H](O)[C@@H]1O
4016,1,N[C@@H]1CONC1=O,N[C@@H]1CONC1=O
4017,1,Nc1ccn([C@@H]2O[C@H](CO)[C@@H](O)[C@H]2O)c(=O)n1,Nc1ccn([C@@H]2O[C@H](CO)[C@@H](O)[C@H]2O)c(=O)n1
4018,1,Nc1nc(Cl)nc2c1ncn2[C@H]1CC(O)[C@@H](CO)O1,Nc1nc(Cl)nc2c1ncn2[C@H]1CC(O)[C@@H](CO)O1
4019,1,Nc1nc2c(c(=O)[nH]1)N(C=O)[C@H](CNc1ccc(C(=O)N[C@@H](CCC(=O)O)C(=O)O)cc1)CN2,Nc1nc2c(c(=O)[nH]1)N(C=O)[C@H](CNc1ccc(C(=O)N[C@@H](CCC(=O)O)C(=O)O)cc1)CN2
4020,0,O=C(c1ccccc1)c1ccc2n1CC[C@H]2C(=O)O,O=C(c1ccccc1)c1ccc2n1CC[C@H]2C(=O)O
4021,1,O=C1CC[C@]2(O)[C@@H]3Cc4ccc(O)c5c4[C@]2(CCN3CC2CC2)[C@@H]1O5,O=C1CC[C@]2(O)[C@@H]3Cc4ccc(O)c5c4[C@]2(CCN3CC2CC2)[C@@H]1O5
4022,1,O=C1Nc2ccc(Cl)cc2C(c2ccccc2)=N[C@@H]1O,O=C1Nc2ccc(Cl)cc2C(c2ccccc2)=N[C@@H]1O
4023,1,OCCN1CCN(CC/C=C2\c3ccccc3Sc3ccc(C(F)(F)F)cc32)CC1,OCCN1CCN(CC/C=C2\c3ccccc3Sc3ccc(C(F)(F)F)cc32)CC1
4024,0,CCOCC1(N)C(c2ccc(OC)cc2)C1S(=O)(=O)c1ccccc1,CCOCC1(N)C(c2ccc(OC)cc2)C1S(=O)(=O)c1ccccc1
4025,0,COc1cc2c(cc1OC)CN(C(=O)C[C@@H]1NC(=O)N(c3ccc(C(C)C)cc3)C1=O)CC2,COc1cc2c(cc1OC)CN(C(=O)C[C@@H]1NC(=O)N(c3ccc(C(C)C)cc3)C1=O)CC2
4026,1,COc1ccc(C2C(S(=O)(=O)c3ccc(Cl)cc3)C2(CN)CN)cc1,COc1ccc(C2C(S(=O)(=O)c3ccc(Cl)cc3)C2(CN)CN)cc1
4027,0,C#CC1(O)CCC2C3CCC4=CC(=O)CCC4C3CCC21C,C#CC1(O)CCC2C3CCC4=CC(=O)CCC4C3CCC21C
4028,0,C#CC1(O)CCC2C3CCC4=CC(=O)CCC4C3CCC21CC,C#CC1(O)CCC2C3CCC4=CC(=O)CCC4C3CCC21CC
4029,0,C#CC1(O)CCC2C3CCC4=Cc5oncc5CC4(C)C3CCC21C,C#CC1(O)CCC2C3CCC4=Cc5oncc5CC4(C)C3CCC21C
4030,0,C#CC1(O)CCC2C3CCc4cc(O)ccc4C3CCC21C,C#CC1(O)CCC2C3CCc4cc(O)ccc4C3CCC21C
4031,0,C#CC1(O)CCC2C3CCc4cc(OC5CCCC5)ccc4C3CCC21C,C#CC1(O)CCC2C3CCc4cc(OC5CCCC5)ccc4C3CCC21C
4032,1,C(=C/c1ccccc1)\CN1CCN(C(c2ccccc2)c2ccccc2)CC1,C(=C/c1ccccc1)\CN1CCN(C(c2ccccc2)c2ccccc2)CC1
4033,0,C1CNCCN1,C1CNCCN1
4034,0,C1COC(NC(C2CC2)C2CC2)=N1,C1COC(NC(C2CC2)C2CC2)=N1
4035,0,C=C(c1ccc(C(=O)O)cc1)c1cc2c(cc1C)C(C)(C)CCC2(C)C,C=C(c1ccc(C(=O)O)cc1)c1cc2c(cc1C)C(C)(C)CCC2(C)C
4036,0,C=C1C(=CC=C2CCCC3(C)C2CCC3C(C)CCCC(C)(C)O)CC(O)CC1O,C=C1C(=CC=C2CCCC3(C)C2CCC3C(C)CCCC(C)(C)O)CC(O)CC1O
4037,0,C=C1C(=CC=C2CCCC3(C)C2CCC3C(C)CCCC(C)C)CC(O)CC1O,C=C1C(=CC=C2CCCC3(C)C2CCC3C(C)CCCC(C)C)CC(O)CC1O
4038,0,C=C1CCC(O)CC1=CC=C1CCCC2(C)C1CCC2C(C)C=CC(C)C(C)C,C=C1CCC(O)CC1=CC=C1CCCC2(C)C1CCC2C(C)C=CC(C)C(C)C
4039,0,C=C1CCC(O)CC1=CC=C1CCCC2(C)C1CCC2C(C)CCCC(C)C,C=C1CCC(O)CC1=CC=C1CCCC2(C)C1CCC2C(C)CCCC(C)C
4040,1,C=CCN1CCc2nc(N)sc2CC1,C=CCN1CCc2nc(N)sc2CC1
4041,0,CC(=CCC1=C(C)C(=O)c2ccccc2C1=O)CCCC(C)CCCC(C)CCCC(C)C,CC(=CCC1=C(C)C(=O)c2ccccc2C1=O)CCCC(C)CCCC(C)CCCC(C)C
4042,0,CC(=Cc1ccccc1)C=C1SC(=S)N(CC(=O)O)C1=O,CC(=Cc1ccccc1)C=C1SC(=S)N(CC(=O)O)C1=O
4043,0,CC(=O)C1(O)CCC2C3C=C(C)C4=CC(=O)CCC4(C)C3CCC21C,CC(=O)C1(O)CCC2C3C=C(C)C4=CC(=O)CCC4(C)C3CCC21C
4044,0,CC(=O)C1CCC2C3C=CC4=CC(=O)CCC4(C)C3CCC12C,CC(=O)C1CCC2C3C=CC4=CC(=O)CCC4(C)C3CCC12C
4045,0,CC(=O)N(CC(C)C(=O)O)c1c(I)cc(I)c(N)c1I,CC(=O)N(CC(C)C(=O)O)c1c(I)cc(I)c(N)c1I
4046,0,CC(=O)N(CC(O)CO)c1c(I)c(C(=O)NCC(O)CO)c(I)c(C(=O)NCC(O)CO)c1I,CC(=O)N(CC(O)CO)c1c(I)c(C(=O)NCC(O)CO)c(I)c(C(=O)NCC(O)CO)c1I
4047,0,CC(=O)N(c1onc(C)c1C)S(=O)(=O)c1ccc(N)cc1,CC(=O)N(c1onc(C)c1C)S(=O)(=O)c1ccc(N)cc1
4048,0,CC(=O)N=c1sc(S(N)(=O)=O)nn1C,CC(=O)N=c1sc(S(N)(=O)=O)nn1C
4049,0,CC(=O)NC(CS)C(=O)O,CC(=O)NC(CS)C(=O)O
4050,0,CC(=O)NO,CC(=O)NO
4051,0,CC(=O)Nc1ccc(C=NNC(N)=S)cc1,CC(=O)Nc1ccc(C=NNC(N)=S)cc1
4052,0,CC(=O)OCC(=O)C1(O)C(O)CC2C3CCC4=CC(=O)C=CC4(C)C3(F)C(O)CC21C,CC(=O)OCC(=O)C1(O)C(O)CC2C3CCC4=CC(=O)C=CC4(C)C3(F)C(O)CC21C
4053,0,CC(=O)O[C@H]1C[C@H](O[C@H]2[C@@H](O)C[C@H](O[C@H]3[C@@H](O)C[C@H](O[C@H]4CC[C@]5(C)[C@H]6CC[C@]7(C)[C@@H](C8=CC(=O)OC8)CC[C@]7(O)[C@@H]6CC[C@@H]5C4)O[C@@H]3C)O[C@@H]2C)O[C@H](C)[C@H]1O,CC(=O)O[C@H]1C[C@H](O[C@H]2[C@@H](O)C[C@H](O[C@H]3[C@@H](O)C[C@H](O[C@H]4CC[C@@]5(C)[C@H](CC[C@@H]6[C@@H]5CC[C@]5(C)[C@@H](C7=CC(=O)OC7)CC[C@]65O)C4)O[C@@H]3C)O[C@@H]2C)O[C@H](C)[C@H]1O
4054,0,CC(=O)Oc1cc(C)c(OC(C)=O)c2ccccc12,CC(=O)Oc1cc(C)c(OC(C)=O)c2ccccc12
4055,0,CC(=O)Oc1ccc(C(=C2CCCCC2)c2ccc(OC(C)=O)cc2)cc1,CC(=O)Oc1ccc(C(=C2CCCCC2)c2ccc(OC(C)=O)cc2)cc1
4056,0,CC(=O)Oc1cccc2c1C(=O)c1c(OC(C)=O)cc(C(=O)O)cc1C2=O,CC(=O)Oc1cccc2c1C(=O)c1c(OC(C)=O)cc(C(=O)O)cc1C2=O
4057,0,CC(=O)Oc1ccccc1C(=O)Nc1ncc([N+](=O)[O-])s1,CC(=O)Oc1ccccc1C(=O)Nc1ncc([N+](=O)[O-])s1
4058,0,CC(=O)c1cc2cccc(OCC(O)CNC(C)C)c2o1,CC(=O)c1cc2cccc(OCC(O)CNC(C)C)c2o1
4059,0,CC(C(=O)O)c1ccc(C(=O)c2ccccc2)s1,CC(C(=O)O)c1ccc(C(=O)c2ccccc2)s1
4060,0,CC(C)(C)C(=O)OCOP(=O)(COCCn1cnc2c(N)ncnc21)OCOC(=O)C(C)(C)C,CC(C)(C)C(=O)OCOP(=O)(COCCn1cnc2c(N)ncnc21)OCOC(=O)C(C)(C)C
4061,0,CC(C)(C)NCC(O)COc1ccc(NC(=O)NC2CCCCC2)cc1,CC(C)(C)NCC(O)COc1ccc(NC(=O)NC2CCCCC2)cc1
4062,0,CC(C)(C)NCC(O)COc1nsnc1N1CCOCC1,CC(C)(C)NCC(O)COc1nsnc1N1CCOCC1
4063,0,CC(C)(C)NCC(O)c1cc(Br)no1,CC(C)(C)NCC(O)c1cc(Br)no1
4064,0,CC(C)(CO)C(O)C(=O)NCCC(=O)O,CC(C)(CO)C(O)C(=O)NCCC(=O)O
4065,0,CC(C)(CO)C(O)C(=O)NCCCO,CC(C)(CO)C(O)C(=O)NCCCO
4066,0,CC(C)(S)C(N)C(=O)O,CC(C)(S)C(N)C(=O)O
4067,0,CC(C)(Sc1cc(C(C)(C)C)c(O)c(C(C)(C)C)c1)Sc1cc(C(C)(C)C)c(O)c(C(C)(C)C)c1,CC(C)(Sc1cc(C(C)(C)C)c(O)c(C(C)(C)C)c1)Sc1cc(C(C)(C)C)c(O)c(C(C)(C)C)c1
4068,0,CC(C)C1CCC(C(=O)NC(Cc2ccccc2)C(=O)O)CC1,CC(C)C1CCC(C(=O)NC(Cc2ccccc2)C(=O)O)CC1
4069,0,CC(C)CC1Nc2cc(Cl)c(S(N)(=O)=O)cc2S(=O)(=O)N1,CC(C)CC1Nc2cc(Cl)c(S(N)(=O)=O)cc2S(=O)(=O)N1
4070,0,CC(C)CN(CC(OP(=O)(O)O)C(Cc1ccccc1)NC(=O)OC1CCOC1)S(=O)(=O)c1ccc(N)cc1,CC(C)CN(CC(OP(=O)(O)O)C(Cc1ccccc1)NC(=O)OC1CCOC1)S(=O)(=O)c1ccc(N)cc1
4071,0,CC(C)N(CCC(C(N)=O)(c1ccccc1)c1ccccn1)C(C)C,CC(C)N(CCC(C(N)=O)(c1ccccc1)c1ccccn1)C(C)C
4072,0,CC(C)NCC(O)c1cc(O)cc(O)c1,CC(C)NCC(O)c1cc(O)cc(O)c1
4073,0,CC(C)NCCCC1(C(N)=O)c2ccccc2-c2ccccc21,CC(C)NCCCC1(C(N)=O)c2ccccc2-c2ccccc21
4074,0,CC(C)Oc1ccc2c(=O)c(-c3ccccc3)coc2c1,CC(C)Oc1ccc2c(=O)c(-c3ccccc3)coc2c1
4075,0,CC(C)c1nc(N(C)S(C)(=O)=O)nc(-c2ccc(F)cc2)c1C=CC(O)CC(O)CC(=O)O,CC(C)c1nc(N(C)S(C)(=O)=O)nc(-c2ccc(F)cc2)c1C=CC(O)CC(O)CC(=O)O
4076,0,CC(C=CC=C(C)C=CC1=C(C)CCCC1(C)C)=CC=CC=C(C)C=CC=C(C)C=CC1=C(C)CCCC1(C)C,CC(C=CC=C(C)C=CC1=C(C)CCCC1(C)C)=CC=CC=C(C)C=CC=C(C)C=CC1=C(C)CCCC1(C)C
4077,0,CC(CCC(=O)O)C1CCC2C3C(=O)CC4CC(=O)CCC4(C)C3CC(=O)C12C,CC(CCC(=O)O)C1CCC2C3C(=O)CC4CC(=O)CCC4(C)C3CC(=O)C12C
4078,0,CC(CN(C)C)C(C)(O)Cc1ccc(Cl)cc1,CC(CN(C)C)C(C)(O)Cc1ccc(Cl)cc1
4079,0,CC(COc1ccccc1)NC(C)C(O)c1ccc(O)cc1,CC(COc1ccccc1)NC(C)C(O)c1ccc(O)cc1
4080,0,CC(Cc1cccc(C(F)(F)F)c1)NCCOC(=O)c1ccccc1,CC(Cc1cccc(C(F)(F)F)c1)NCCOC(=O)c1ccccc1
4081,0,CC(Cn1cnc2c(N)ncnc21)OCP(=O)(O)O,CC(Cn1cnc2c(N)ncnc21)OCP(=O)(O)O
4082,0,CC(N=C(NC#N)Nc1ccncc1)C(C)(C)C,CC(N=C(NC#N)Nc1ccncc1)C(C)(C)C
4083,0,CC(NCCc1ccc(O)cc1)C(O)c1ccc(O)cc1,CC(NCCc1ccc(O)cc1)C(O)c1ccc(O)cc1
4084,0,CC(O)(CS(=O)(=O)c1ccc(F)cc1)C(=O)Nc1ccc(C#N)c(C(F)(F)F)c1,CC(O)(CS(=O)(=O)c1ccc(F)cc1)C(=O)Nc1ccc(C#N)c(C(F)(F)F)c1
4085,0,CC(O)C(O)C1CNc2nc(N)[nH]c(=O)c2N1,CC(O)C(O)C1CNc2nc(N)[nH]c(=O)c2N1
4086,0,CC(S)C(=O)NCC(=O)O,CC(S)C(=O)NCC(=O)O
4087,0,CC(c1ccccc1)C1Nc2cc(Cl)c(S(N)(=O)=O)cc2S(=O)(=O)N1,CC(c1ccccc1)C1Nc2cc(Cl)c(S(N)(=O)=O)cc2S(=O)(=O)N1
4088,0,CC(c1ncncc1F)C(O)(Cn1cncn1)c1ccc(F)cc1F,CC(c1ncncc1F)C(O)(Cn1cncn1)c1ccc(F)cc1F
4089,0,CC1(C)[C@@H](OC(=O)CCC(=O)O)CC[C@@]2(C)[C@H]1CC[C@]1(C)[C@@H]2C(=O)C=C2[C@@H]3C[C@@](C)(C(=O)O)CC[C@]3(C)CC[C@]21C,CC1(C)[C@@H](OC(=O)CCC(=O)O)CC[C@]2(C)[C@H]3C(=O)C=C4[C@@H]5C[C@@](C)(C(=O)O)CC[C@]5(C)CC[C@@]4(C)[C@]3(C)CC[C@@H]12
4090,0,CC12C=CC(=O)NC1CCC1C2CCC2(C)C(C(=O)Nc3cc(C(F)(F)F)ccc3C(F)(F)F)CCC12,CC12C=CC(=O)NC1CCC1C2CCC2(C)C(C(=O)Nc3cc(C(F)(F)F)ccc3C(F)(F)F)CCC12
4091,0,CC12CCC(=O)C=C1C1CC1C1C2CCC2(C)C1C1CC1C21CCC(=O)O1,CC12CCC(=O)C=C1C1CC1C1C2CCC2(C)C1C1CC1C21CCC(=O)O1
4092,0,CC12CCC(=O)C=C1CCC1C2CCC2(C)C1CCC2(C)O,CC12CCC(=O)C=C1CCC1C2CCC2(C)C1CCC2(C)O
4093,0,CC12CCC3C(CCC45OC4C(O)=C(C#N)CC35C)C1CCC2O,CC12CCC3C(CCC45OC4C(O)=C(C#N)CC35C)C1CCC2O
4094,0,CC12CCC3C(CCC4=C(O)C(=O)CCC43C)C1CCC2=O,CC12CCC3C(CCC4=C(O)C(=O)CCC43C)C1CCC2=O
4095,0,CC12CCC3c4ccc(OC(=O)N(CCCl)CCCl)cc4CCC3C1CCC2O,CC12CCC3c4ccc(OC(=O)N(CCCl)CCCl)cc4CCC3C1CCC2O
4096,0,CC12CCC3c4ccc(OS(=O)(=O)O)cc4CCC3C1CCC2=O,CC12CCC3c4ccc(OS(=O)(=O)O)cc4CCC3C1CCC2=O
4097,0,CC1=C(C(=O)O)N2C(=O)C(NC(=O)C(N)c3ccccc3)C2SC1,CC1=C(C(=O)O)N2C(=O)C(NC(=O)C(N)c3ccccc3)C2SC1
4098,0,CC1=C(CC(=O)O)c2cc(F)ccc2C1=Cc1ccc([S+](C)[O-])cc1,CC1=C(CC(=O)O)c2cc(F)ccc2C1=Cc1ccc([S+](C)[O-])cc1
4099,0,CC1C=CC=CCCC=CC=CC=CC=CC(OC2OC(C)C(O)C(N)C2O)CC(O)C(C(=O)O)C(O)CC(=O)CC(O)C(O)CCC(O)CC(O)CC(O)CC(=O)OC(C)C(C)C1O,CC1C=CC=CCCC=CC=CC=CC=CC(OC2OC(C)C(O)C(N)C2O)CC(O)C(C(=O)O)C(O)CC(=O)CC(O)C(O)CCC(O)CC(O)CC(O)CC(=O)OC(C)C(C)C1O
4100,0,CC1CC(OC(=O)C(O)c2ccccc2)CC(C)(C)C1,CC1CC(OC(=O)C(O)c2ccccc2)CC(C)(C)C1
4101,0,CC1CC2=CC(=O)CCC2(C)C2CCC3(C)C(CCC3(C)O)C12,CC1CC2=CC(=O)CCC2(C)C2CCC3(C)C(CCC3(C)O)C12
4102,1,CC1CC2C3CCC4=CC(=O)C=CC4(C)C3(F)C(O)CC2(C)C1(O)C(=O)CO,CC1CC2C3CCC4=CC(=O)C=CC4(C)C3(F)C(O)CC2(C)C1(O)C(=O)CO
4103,0,CC1CCCC(C)N1CCCC(O)(c1ccccc1)c1ccccn1,CC1CCCC(C)N1CCCC(O)(c1ccccc1)c1ccccn1
4104,0,CC1CCc2cc(F)cc3c(=O)c(C(=O)O)cn1c23,CC1CCc2cc(F)cc3c(=O)c(C(=O)O)cn1c23
4105,0,CC1CS(=O)(=O)CCN1N=Cc1ccc([N+](=O)[O-])o1,CC1CS(=O)(=O)CCN1N=Cc1ccc([N+](=O)[O-])o1
4106,0,CC1Cc2ccccc2N1NC(=O)c1ccc(Cl)c(S(N)(=O)=O)c1,CC1Cc2ccccc2N1NC(=O)c1ccc(Cl)c(S(N)(=O)=O)c1
4107,1,CCC(=O)C(CC(C)N1CCCCC1)(c1ccccc1)c1ccccc1,CCC(=O)C(CC(C)N1CCCCC1)(c1ccccc1)c1ccccc1
4108,0,CCC(=O)OC(OP(=O)(CCCCc1ccccc1)CC(=O)N1CC(C2CCCCC2)CC1C(=O)O)C(C)C,CCC(=O)OC(OP(=O)(CCCCc1ccccc1)CC(=O)N1CC(C2CCCCC2)CC1C(=O)O)C(C)C
4109,0,CCC(C)C(=O)OC1CC(C)C=C2C=CC(C)C(CCC3CC(O)CC(=O)O3)C21,CCC(C)C(=O)OC1CC(C)C=C2C=CC(C)C(CCC3CC(O)CC(=O)O3)C21
4110,0,CCC(C)CCCC(=O)NC(CCN)C(=O)NC(C(=O)NC(CCN)C(=O)NC1CCNC(=O)C(C(C)O)NC(=O)C(CCN)NC(=O)C(CCN)NC(=O)C(CC(C)C)NC(=O)C(CC(C)C)NC(=O)C(CCN)NC1=O)C(C)O,CCC(C)CCCC(=O)NC(CCN)C(=O)NC(C(=O)NC(CCN)C(=O)NC1CCNC(=O)C(C(C)O)NC(=O)C(CCN)NC(=O)C(CCN)NC(=O)C(CC(C)C)NC(=O)C(CC(C)C)NC(=O)C(CCN)NC1=O)C(C)O
4111,0,CCC(CO)NC(=O)C1C=C2c3cccc4[nH]cc(c34)CC2N(C)C1,CCC(CO)NC(=O)C1C=C2c3cccc4[nH]cc(c34)CC2N(C)C1
4112,1,CCC(CO)NC(=O)C1C=C2c3cccc4c3c(cn4C)CC2N(C)C1,CCC(CO)NC(=O)C1C=C2c3cccc4c3c(cn4C)CC2N(C)C1
4113,0,CCC(Cc1c(I)cc(I)c(N)c1I)C(=O)O,CCC(Cc1c(I)cc(I)c(N)c1I)C(=O)O
4114,0,CCC(c1ccccc1)c1c(O)c2ccccc2oc1=O,CCC(c1ccccc1)c1c(O)c2ccccc2oc1=O
4115,0,CCC1(O)C(=O)OCc2c1cc1n(c2=O)Cc2cc3ccccc3nc2-1,CCC1(O)C(=O)OCc2c1cc1n(c2=O)Cc2cc3ccccc3nc2-1
4116,0,CCC1(O)CCC2C3CCC4=CCCCC4C3CCC21C,CCC1(O)CCC2C3CCC4=CCCCC4C3CCC21C
4117,0,CCC1NC(=O)c2cc(S(N)(=O)=O)c(Cl)cc2N1,CCC1NC(=O)c2cc(S(N)(=O)=O)c(Cl)cc2N1
4118,0,CCC1OC(=O)CC(O)C(C)C(OC2OC(C)CC(N(C)C)C2O)C(CC=O)CC(C)C(=O)C=CC2(C)OC2C1C,CCC1OC(=O)CC(O)C(C)C(OC2OC(C)CC(N(C)C)C2O)C(CC=O)CC(C)C(=O)C=CC2(C)OC2C1C
4119,0,CCCC(=O)N1CCCN(c2nc(N)c3cc(OC)c(OC)cc3n2)CC1,CCCC(=O)N1CCCN(c2nc(N)c3cc(OC)c(OC)cc3n2)CC1
4120,0,CCCC(CCC)C(=O)OC1CC2CCC(C1)[N+]2(C)C,CCCC(CCC)C(=O)OC1CC2CCC(C1)[N+]2(C)C
4121,0,CCCC(NC(C)C(=O)N1C(C(=O)O)CC2CCCCC21)C(=O)O,CCCC(NC(C)C(=O)N1C(C(=O)O)CC2CCCCC21)C(=O)O
4122,0,CCCC(NC(C)C(=O)N1C(C(=O)O)CC2CCCCC21)C(=O)OCC,CCCC(NC(C)C(=O)N1C(C(=O)O)CC2CCCCC21)C(=O)OCC
4123,0,CCCC1(CCc2ccccc2)CC(O)=C(C(CC)c2cccc(NS(=O)(=O)c3ccc(C(F)(F)F)cn3)c2)C(=O)O1,CCCC1(CCc2ccccc2)CC(O)=C(C(CC)c2cccc(NS(=O)(=O)c3ccc(C(F)(F)F)cn3)c2)C(=O)O1
4124,0,CCCCC(=O)N(Cc1ccc(-c2ccccc2-c2nn[nH]n2)cc1)C(C(=O)O)C(C)C,CCCCC(=O)N(Cc1ccc(-c2ccccc2-c2nn[nH]n2)cc1)C(C(=O)O)C(C)C
4125,0,CCCCC1C(=O)N(c2ccccc2)N(c2ccc(O)cc2)C1=O,CCCCC1C(=O)N(c2ccccc2)N(c2ccc(O)cc2)C1=O
4126,0,CCCCCCCCCCCC(CC1OC(=O)C1CCCCCC)OC(=O)C(CC(C)C)NC=O,CCCCCCCCCCCC(CC1OC(=O)C1CCCCCC)OC(=O)C(CC(C)C)NC=O
4127,0,CCCCCCCCCCCCCCCC(=O)OCC(NC(=O)C(Cl)Cl)C(O)c1ccc([N+](=O)[O-])cc1,CCCCCCCCCCCCCCCC(=O)OCC(NC(=O)C(Cl)Cl)C(O)c1ccc([N+](=O)[O-])cc1
4128,0,CCCCCCCCCCCCCCCC(=O)OCC=C(C)C=CC=C(C)C=CC1=C(C)CCCC1(C)C,CCCCCCCCCCCCCCCC(=O)OCC=C(C)C=CC=C(C)C=CC1=C(C)CCCC1(C)C
4129,0,CCCCCCCCOc1ccccc1C(=O)Nc1ccc(C(=O)OCC[N+](C)(CC)CC)cc1,CCCCCCCCOc1ccccc1C(=O)Nc1ccc(C(=O)OCC[N+](C)(CC)CC)cc1
4130,0,CCCCCN(C)CCC(O)(P(=O)(O)O)P(=O)(O)O,CCCCCN(C)CCC(O)(P(=O)(O)O)P(=O)(O)O
4131,0,CCCCCOC(=O)Nc1nc(=O)n(C2OC(C)C(O)C2O)cc1F,CCCCCOC(=O)Nc1nc(=O)n(C2OC(C)C(O)C2O)cc1F
4132,0,CCCCN(CCCC)CCC(O)c1cc2c(Cl)cc(Cl)cc2c2cc(C(F)(F)F)ccc12,CCCCN(CCCC)CCC(O)c1cc2c(Cl)cc(Cl)cc2c2cc(C(F)(F)F)ccc12
4133,0,CCCCNc1ccc(C(=O)OCCOCCOCCOCCOCCOCCOCCOCCOCCOC)cc1,CCCCNc1ccc(C(=O)OCCOCCOCCOCCOCCOCCOCCOCCOCCOC)cc1
4134,0,CCCCc1ncc(C=C(Cc2cccs2)C(=O)O)n1Cc1ccc(C(=O)O)cc1,CCCCc1ncc(C=C(Cc2cccs2)C(=O)O)n1Cc1ccc(C(=O)O)cc1
4135,0,CCCN(CCC)C(=O)C(CCC(=O)O)NC(=O)c1ccccc1,CCCN(CCC)C(=O)C(CCC(=O)O)NC(=O)c1ccccc1
4136,0,CCCN(CCC)C(=O)C(CCC(=O)OCCCN1CCN(CCOC(=O)Cc2c(C)n(C(=O)c3ccc(Cl)cc3)c3ccc(OC)cc23)CC1)NC(=O)c1ccccc1,CCCN(CCC)C(=O)C(CCC(=O)OCCCN1CCN(CCOC(=O)Cc2c(C)n(C(=O)c3ccc(Cl)cc3)c3ccc(OC)cc23)CC1)NC(=O)c1ccccc1
4137,1,CCCN1CCCCC1C(=O)Nc1c(C)cccc1C,CCCN1CCCCC1C(=O)Nc1c(C)cccc1C
4138,1,CCCNC1CCc2nc(N)sc2C1,CCCNC1CCc2nc(N)sc2C1
4139,0,CCCn1c(=O)[nH]c(=O)c2[nH]cnc21,CCCn1c(=O)[nH]c(=O)c2[nH]cnc21
4140,1,CCN(CC)C(=O)/C(C#N)=C/c1cc(O)c(O)c([N+](=O)[O-])c1,CCN(CC)C(=O)/C(C#N)=C/c1cc(O)c(O)c([N+](=O)[O-])c1
4141,0,CCN(CC)C(=O)N1CCN(C)CC1,CCN(CC)C(=O)N1CCN(C)CC1
4142,0,CCN(CC)CCOCCOC(=O)C1(c2ccccc2)CCCC1,CCN(CC)CCOCCOC(=O)C1(c2ccccc2)CCCC1
4143,0,CCN(CC)Cc1cc(Nc2ccnc3cc(Cl)ccc23)ccc1O,CCN(CC)Cc1cc(Nc2ccnc3cc(Cl)ccc23)ccc1O
4144,1,CCN(CC)Cc1nccn1-c1ccc([N+](=O)[O-])cc1C(=O)c1ccccc1Cl,CCN(CC)Cc1nccn1-c1ccc([N+](=O)[O-])cc1C(=O)c1ccccc1Cl
4145,0,CCN(CCCCOC(=O)c1ccc(OC)c(OC)c1)C(C)Cc1ccc(OC)cc1,CCN(CCCCOC(=O)c1ccc(OC)c(OC)c1)C(C)Cc1ccc(OC)cc1
4146,1,CCNC(C)Cc1cccc(C(F)(F)F)c1,CCNC(C)Cc1cccc(C(F)(F)F)c1
4147,0,CCOC(=O)C(CCc1ccccc1)NC(C)C(=O)N1C(C(=O)O)CC2CCCCC21,CCOC(=O)C(CCc1ccccc1)NC(C)C(=O)N1C(C(=O)O)CC2CCCCC21
4148,0,CCOC(=O)C(CCc1ccccc1)NC(C)C(=O)N1CC2(CC1C(=O)O)SCCS2,CCOC(=O)C(CCc1ccccc1)NC(C)C(=O)N1CC2(CC1C(=O)O)SCCS2
4149,0,CCOC(=O)C(CCc1ccccc1)NC(C)C(=O)N1Cc2ccccc2CC1C(=O)O,CCOC(=O)C(CCc1ccccc1)NC(C)C(=O)N1Cc2ccccc2CC1C(=O)O
4150,0,CCOC(=O)C(CCc1ccccc1)NC1CCc2ccccc2N(CC(=O)O)C1=O,CCOC(=O)C(CCc1ccccc1)NC1CCc2ccccc2N(CC(=O)O)C1=O
4151,1,CCOC(=O)C1(c2ccccc2)CCN(CCC(O)c2ccccc2)CC1,CCOC(=O)C1(c2ccccc2)CCN(CCC(O)c2ccccc2)CC1
4152,0,CCOC(=O)C1=C(C)NC(C)=C(C(=O)OCC)C1c1ccccc1C=CC(=O)OC(C)(C)C,CCOC(=O)C1=C(C)NC(C)=C(C(=O)OCC)C1c1ccccc1C=CC(=O)OC(C)(C)C
4153,0,CCOC(=O)C1=C(COCCN)NC(C)=C(C(=O)OC)C1c1ccccc1Cl,CCOC(=O)C1=C(COCCN)NC(C)=C(C(=O)OC)C1c1ccccc1Cl
4154,0,CCOC(=O)C1=CC(OC(CC)CC)C(NC(C)=O)C(N)C1,CCOC(=O)C1=CC(OC(CC)CC)C(NC(C)=O)C(N)C1
4155,0,CCOC(=O)C=C(C)C=CC=C(C)C=Cc1c(C)cc(OC)c(C)c1C,CCOC(=O)C=C(C)C=CC=C(C)C=Cc1c(C)cc(OC)c(C)c1C
4156,0,CCOC(=O)C=C1SC(N2CCCCC2)C(=O)N1C,CCOC(=O)C=C1SC(N2CCCCC2)C(=O)N1C
4157,1,CCOC(=O)Nc1ccc(NCc2ccc(F)cc2)nc1N,CCOC(=O)Nc1ccc(NCc2ccc(F)cc2)nc1N
4158,0,CCOC(=O)OC(C)OC(=O)C1N2C(=O)C(NC(=O)C(N)c3ccccc3)C2SC1(C)C,CCOC(=O)OC(C)OC(=O)C1N2C(=O)C(NC(=O)C(N)c3ccccc3)C2SC1(C)C
4159,0,CCOC(=O)c1c(CSc2ccccc2)n(C)c2cc(Br)c(O)c(CN(C)C)c12,CCOC(=O)c1c(CSc2ccccc2)n(C)c2cc(Br)c(O)c(CN(C)C)c12
4160,0,CCOc1cc(CC(=O)NC(CC(C)C)c2ccccc2N2CCCCC2)ccc1C(=O)O,CCOc1cc(CC(=O)NC(CC(C)C)c2ccccc2N2CCCCC2)ccc1C(=O)O
4161,0,CCOc1ccc2ccccc2c1NC(=O)C1C(=O)N2C1SC(C)(C)C2C(=O)O,CCOc1ccc2ccccc2c1NC(=O)C1C(=O)N2C1SC(C)(C)C2C(=O)O
4162,0,CC[C@H]1OC(=O)[C@H](C)C(=O)[C@H](C)[C@@H](O[C@@H]2O[C@H](C)C[C@H](N(C)C)[C@H]2O)[C@](C)(OC)C[C@@H](C)C(=O)[C@H](C)[C@H]2N(CCCCn3cnc(-c4cccnc4)c3)C(=O)O[C@]12C,CC[C@H]1OC(=O)[C@H](C)C(=O)[C@H](C)[C@@H](O[C@@H]2O[C@H](C)C[C@H](N(C)C)[C@H]2O)[C@](C)(OC)C[C@@H](C)C(=O)[C@H](C)[C@H]2N(CCCCn3cnc(-c4cccnc4)c3)C(=O)O[C@]12C
4163,0,CC[N+](C)(CC)CCOC(=O)C(O)(c1ccccc1)C1CCCCC1,CC[N+](C)(CC)CCOC(=O)C(O)(c1ccccc1)C1CCCCC1
4164,0,CC[N+](CC)(CC)CCC(O)(c1ccccc1)C1CCCCC1,CC[N+](CC)(CC)CCC(O)(c1ccccc1)C1CCCCC1
4165,0,CC[N+]1(CC)CCC(=C(c2ccccc2)c2ccccc2)C1C,CC[N+]1(CC)CCC(=C(c2ccccc2)c2ccccc2)C1C
4166,0,CCn1cc(C(=O)O)c(=O)c2ccc(-c3ccncc3)cc21,CCn1cc(C(=O)O)c(=O)c2ccc(-c3ccncc3)cc21
4167,0,CCn1cc(C(=O)O)c(=O)c2cnc(N3CCNCC3)nc21,CCn1cc(C(=O)O)c(=O)c2cnc(N3CCNCC3)nc21
4168,0,CCn1ccc(NS(=O)(=O)c2ccc(N)cc2)nc1=O,CCn1ccc(NS(=O)(=O)c2ccc(N)cc2)nc1=O
4169,0,CN(C)C=Nc1c(I)cc(I)c(CCC(=O)O)c1I,CN(C)C=Nc1c(I)cc(I)c(CCC(=O)O)c1I
4170,1,CN(C)CC/C=C1\c2ccccc2CSc2ccccc21,CN(C)CC/C=C1\c2ccccc2CSc2ccccc21
4171,1,CN(C)CCC(c1ccc(Br)cc1)c1ccccn1,CN(C)CCC(c1ccc(Br)cc1)c1ccccn1
4172,1,CN(C)CCOC1=Cc2cc(Cl)ccc2Sc2ccccc21,CN(C)CCOC1=Cc2cc(Cl)ccc2Sc2ccccc21
4173,1,CN(C)CCc1c[nH]c2ccc(CS(=O)(=O)N3CCCC3)cc12,CN(C)CCc1c[nH]c2ccc(CS(=O)(=O)N3CCCC3)cc12
4174,1,CN(C)CCc1c[nH]c2ccc(Cn3cncn3)cc12,CN(C)CCc1c[nH]c2ccc(Cn3cncn3)cc12
4175,0,CN(CCCCCCN(C)C(=O)Oc1ccc[n+](C)c1)C(=O)Oc1ccc[n+](C)c1,CN(CCCCCCN(C)C(=O)Oc1ccc[n+](C)c1)C(=O)Oc1ccc[n+](C)c1
4176,0,CN(CCOc1ccc(CC2SC(=O)NC2=O)cc1)c1ccccn1,CN(CCOc1ccc(CC2SC(=O)NC2=O)cc1)c1ccccn1
4177,1,CN1C(=O)CC(C(=O)NC(Cc2cnc[nH]2)C(=O)N2CCCC2C(N)=O)NC1=O,CN1C(=O)CC(C(=O)NC(Cc2cnc[nH]2)C(=O)N2CCCC2C(N)=O)NC1=O
4178,1,CN1C(=O)CNC(C2=CCCCC2)c2cc(Cl)ccc21,CN1C(=O)CNC(C2=CCCCC2)c2cc(Cl)ccc21
4179,1,CN1C2CCC1CC(OC(=O)c1c[nH]c3ccccc13)C2,CN1C2CCC1CC(OC(=O)c1c[nH]c3ccccc13)C2
4180,0,CN1CC(O)c2cc(N=NC(N)=O)c(O)cc21,CN1CC(O)c2cc(N=NC(N)=O)c(O)cc21
4181,1,CN1CCC(=C2c3ccccc3C=Cc3ccccc32)CC1,CN1CCC(=C2c3ccccc3C=Cc3ccccc32)CC1
4182,1,CN1CCC(CN2c3ccccc3Sc3ccccc32)C1,CN1CCC(CN2c3ccccc3Sc3ccccc32)C1
4183,1,CN1CCC(OC(c2ccccc2)c2ccccc2)CC1,CN1CCC(OC(c2ccccc2)c2ccccc2)CC1
4184,1,CN1CCCC(CC2c3ccccc3Sc3ccccc32)C1,CN1CCCC(CC2c3ccccc3Sc3ccccc32)C1
4185,0,CN1CCCN=C1C=Cc1cccs1,CN1CCCN=C1C=Cc1cccs1
4186,0,CN1CCCN=C1COC(=O)C(O)(c1ccccc1)C1CCCCC1,CN1CCCN=C1COC(=O)C(O)(c1ccccc1)C1CCCCC1
4187,1,CN1CCN(C(c2ccccc2)c2ccccc2)CC1,CN1CCN(C(c2ccccc2)c2ccccc2)CC1
4188,0,CN=C(NC)NCc1ccccc1,CN=C(NC)NCc1ccccc1
4189,0,CNC(=C[N+](=O)[O-])NCCSCc1csc(CN(C)C)n1,CNC(=C[N+](=O)[O-])NCCSCc1csc(CN(C)C)n1
4190,0,CNC(=O)C(NC(=O)C(CC(C)C)C(O)C(=O)NO)C(C)(C)C,CNC(=O)C(NC(=O)C(CC(C)C)C(O)C(=O)NO)C(C)(C)C
4191,1,CNC(C)C(O)c1ccccc1,CNC(C)C(O)c1ccccc1
4192,0,CNc1ccc(C(=O)CC(O)CCC(C)C2OC(=O)CC(O)CC(=O)CC(O)CC(O)CC(O)CC(O)CC3(O)CC(O)C(C(=O)OC)C(O3)C(OC3O[C@H](C)[C@@H](O)[C@H](N)[C@@H]3O)C/C=C/C=C/C=C/C=C\C=C/C=C/C=C/C2C)cc1,CNc1ccc(C(=O)CC(O)CCC(C)C2OC(=O)CC(O)CC(=O)CC(O)CC(O)CC(O)CC(O)CC3(O)CC(O)C(C(=O)OC)C(O3)C(OC3O[C@H](C)[C@@H](O)[C@H](N)[C@@H]3O)C/C=C/C=C/C=C/C=C\C=C/C=C/C=C/C2C)cc1
4193,0,COC(=O)C(Cc1ccccc1)NC(=O)C(N)CC(=O)O,COC(=O)C(Cc1ccccc1)NC(=O)C(N)CC(=O)O
4194,0,COC(=O)C(c1ccccc1Cl)N1CCc2sccc2C1,COC(=O)C(c1ccccc1Cl)N1CCc2sccc2C1
4195,1,COC(=O)C1C(c2ccc(I)cc2)CC2CCC1N2CCCF,COC(=O)C1C(c2ccc(I)cc2)CC2CCC1N2CCCF
4196,0,COC(=O)C1C2CC3c4[nH]c5cc(OC)ccc5c4CCN3CC2CC(OC(=O)C=Cc2cc(OC)c(OC)c(OC)c2)C1OC,COC(=O)C1C2CC3c4[nH]c5cc(OC)ccc5c4CCN3CC2CC(OC(=O)C=Cc2cc(OC)c(OC)c(OC)c2)C1OC
4197,0,COC(=O)C1CC2=CC(=O)CCC2(C)C23OC2CC2(C)C(CCC24CCC(=O)O4)C13,COC(=O)C1CC2=CC(=O)CCC2(C)C23OC2CC2(C)C(CCC24CCC(=O)O4)C13
4198,0,COC(=O)N[C@H](C(=O)N[C@@H](Cc1ccccc1)[C@@H](O)CN(Cc1ccc(-c2ccccn2)cc1)NC(=O)[C@@H](NC(=O)OC)C(C)(C)C)C(C)(C)C,COC(=O)N[C@H](C(=O)N[C@@H](Cc1ccccc1)[C@@H](O)CN(Cc1ccc(-c2ccccn2)cc1)NC(=O)[C@@H](NC(=O)OC)C(C)(C)C)C(C)(C)C
4199,1,COC12CC(COC(=O)c3cncc(Br)c3)CN(C)C1Cc1cn(C)c3cccc2c13,COC12CC(COC(=O)c3cncc(Br)c3)CN(C)C1Cc1cn(C)c3cccc2c13
4200,0,COC1C(OC(C)=O)CC(=O)OC(C)CC=CC=CC(O)C(C)CC(CC=O)C1OC1OC(C)C(OC2CC(C)(OC(=O)CC(C)C)C(O)C(C)O2)C(N(C)C)C1O,COC1C(OC(C)=O)CC(=O)OC(C)CC=CC=CC(O)C(C)CC(CC=O)C1OC1OC(C)C(OC2CC(C)(OC(=O)CC(C)C)C(O)C(C)O2)C(N(C)C)C1O
4201,0,COC1CC2CCC(C)C(O)(O2)C(=O)C(=O)N2CCCCC2C(=O)OC(C(C)CC2CCC(O)C(OC)C2)CC(=O)C(C)C=C(C)C(O)C(OC)C(=O)C(C)CC(C)C=CC=CC=C1C,COC1CC2CCC(C)C(O)(O2)C(=O)C(=O)N2CCCCC2C(=O)OC(C(C)CC2CCC(O)C(OC)C2)CC(=O)C(C)C=C(C)C(O)C(OC)C(=O)C(C)CC(C)C=CC=CC=C1C
4202,0,CON=C(C(=O)NC1C(=O)N2C(C(=O)OCOC(=O)C(C)(C)C)=C(C=Cc3scnc3C)CSC12)c1csc(N)n1,CON=C(C(=O)NC1C(=O)N2C(C(=O)OCOC(=O)C(C)(C)C)=C(C=Cc3scnc3C)CSC12)c1csc(N)n1
4203,0,CO[C@H]1/C=C/O[C@@]2(C)Oc3c(C)c(O)c4c(O)c(c5c(c4c3C2=O)=NC2(CCN(CC(C)C)CC2)N=5)NC(=O)/C(C)=C\C=C\[C@H](C)[C@H](O)[C@@H](C)[C@@H](O)[C@@H](C)[C@H](OC(C)=O)[C@@H]1C,CO[C@H]1/C=C/O[C@@]2(C)Oc3c(C)c(O)c4c(O)c(c5c(c4c3C2=O)=NC2(CCN(CC(C)C)CC2)N=5)NC(=O)/C(C)=C\C=C\[C@H](C)[C@H](O)[C@@H](C)[C@@H](O)[C@@H](C)[C@H](OC(C)=O)[C@@H]1C
4204,0,COc1c(C)c2c(c(O)c1CC=C(C)CCC(=O)O)C(=O)OC2,COc1c(C)c2c(c(O)c1CC=C(C)CCC(=O)O)C(=O)OC2
4205,0,COc1c(C)c2c(c(O)c1CC=C(C)CCC(=O)OCCN1CCOCC1)C(=O)OC2,COc1c(C)c2c(c(O)c1CC=C(C)CCC(=O)OCCN1CCOCC1)C(=O)OC2
4206,0,COc1c(N2CCNC(C)C2)c(F)cc2c(=O)c(C(=O)O)cn(C3CC3)c12,COc1c(N2CCNC(C)C2)c(F)cc2c(=O)c(C(=O)O)cn(C3CC3)c12
4207,0,COc1c2occc2cc2ccc(=O)oc12,COc1c2occc2cc2ccc(=O)oc12
4208,0,COc1cc(Br)c(C[N+]2(CCOCCC3CCC4CC3C4(C)C)CCOCC2)cc1OC,COc1cc(Br)c(C[N+]2(CCOCCC3CCC4CC3C4(C)C)CCOCC2)cc1OC
4209,0,COc1cc(C(=O)NS(=O)(=O)c2ccccc2C)ccc1Cc1cn(C)c2ccc(NC(=O)OC3CCCC3)cc12,COc1cc(C(=O)NS(=O)(=O)c2ccccc2C)ccc1Cc1cn(C)c2ccc(NC(=O)OC3CCCC3)cc12
4210,0,COc1cc(C)c(C=CC(C)=CC=CC(C)=CC(=O)O)c(C)c1C,COc1cc(C)c(C=CC(C)=CC=CC(C)=CC(=O)O)c(C)c1C
4211,0,COc1cc2nc(N3CCN(C(=O)C4CCCO4)CC3)nc(N)c2cc1OC,COc1cc2nc(N3CCN(C(=O)C4CCCO4)CC3)nc(N)c2cc1OC
4212,0,COc1ccc(C(=O)Nc2ccccc2C(C)CN2CCCCC2)cc1,COc1ccc(C(=O)Nc2ccccc2C(C)CN2CCCCC2)cc1
4213,0,COc1ccc(C(Cl)=C(c2ccc(OC)cc2)c2ccc(OC)cc2)cc1,COc1ccc(C(Cl)=C(c2ccc(OC)cc2)c2ccc(OC)cc2)cc1
4214,0,COc1ccc(CC(C)NCC(O)c2ccc(O)c(NC=O)c2)cc1,COc1ccc(CC(C)NCC(O)c2ccc(O)c(NC=O)c2)cc1
4215,0,COc1ccc(OC)c(C(O)CNC(=O)CN)c1,COc1ccc(OC)c(C(O)CNC(=O)CN)c1
4216,0,COc1ccc(OC)c(Cc2cnc3nc(N)nc(N)c3c2C)c1,COc1ccc(OC)c(Cc2cnc3nc(N)nc(N)c3c2C)c1
4217,0,COc1ccc2c(c1)c(CC(=O)OCC=C(C)CCC=C(C)CCC=C(C)C)c(C)n2C(=O)c1ccc(Cl)cc1,COc1ccc2c(c1)c(CC(=O)OCC=C(C)CCC=C(C)CCC=C(C)C)c(C)n2C(=O)c1ccc(Cl)cc1
4218,0,COc1ccccc1OCCNCC(O)COc1cccc2[nH]c3ccccc3c12,COc1ccccc1OCCNCC(O)COc1cccc2[nH]c3ccccc3c12
4219,0,COc1ccccc1Oc1c(NS(=O)(=O)c2ccc(C(C)(C)C)cc2)nc(-c2ncccn2)nc1OCCO,COc1ccccc1Oc1c(NS(=O)(=O)c2ccc(C(C)(C)C)cc2)nc(-c2ncccn2)nc1OCCO
4220,0,COc1cnc(NS(=O)(=O)c2ccc(N)cc2)nc1,COc1cnc(NS(=O)(=O)c2ccc(N)cc2)nc1
4221,0,CS(=O)(=O)Nc1ccc([N+](=O)[O-])cc1Oc1ccccc1,CS(=O)(=O)Nc1ccc([N+](=O)[O-])cc1Oc1ccccc1
4222,0,C[C@@H]1OC(=O)C[C@H](O)C[C@H](O)CC[C@@H](O)[C@H](O)C[C@H](O)C[C@]2(O)C[C@H](O)[C@@H](C(=O)O)[C@H](C[C@@H](O[C@@H]3O[C@H](C)[C@@H](O)[C@H](N)[C@@H]3O)/C=C/C=C/C=C/C=C/C=C/C=C/C=C/[C@H](C)[C@@H](O)[C@H]1C)O2,C[C@@H]1[C@H](O)[C@@H](C)/C=C/C=C/C=C/C=C/C=C/C=C/C=C/[C@H](O[C@@H]2O[C@H](C)[C@@H](O)[C@H](N)[C@@H]2O)C[C@@H]2O[C@](O)(C[C@@H](O)C[C@@H](O)[C@H](O)CC[C@@H](O)C[C@@H](O)CC(=O)O[C@H]1C)C[C@H](O)[C@H]2C(=O)O
4223,0,C[N+](C)(C)CC(O)CC(=O)O,C[N+](C)(C)CC(O)CC(=O)O
4224,0,C[N+]1(C)C2CCC1CC(OC(=O)C(O)c1ccccc1)C2,C[N+]1(C)C2CCC1CC(OC(=O)C(O)c1ccccc1)C2
4225,0,C[N+]1(C)CCC(=C(c2ccccc2)c2ccccc2)CC1,C[N+]1(C)CCC(=C(c2ccccc2)c2ccccc2)CC1
4226,0,C[N+]1(C)CCN(CC(O)(c2ccccc2)C2CCCCC2)CC1,C[N+]1(C)CCN(CC(O)(c2ccccc2)C2CCCCC2)CC1
4227,0,Cc1c(-c2ccc(-c3ccccc3F)cc2)nc2ccc(F)cc2c1C(=O)O,Cc1c(-c2ccc(-c3ccccc3F)cc2)nc2ccc(F)cc2c1C(=O)O
4228,0,Cc1c(-c2ccccc2)oc2c(C(=O)OCCN3CCCCC3)cccc2c1=O,Cc1c(-c2ccccc2)oc2c(C(=O)OCCN3CCCCC3)cccc2c1=O
4229,0,Cc1c(C(C)C)c(=O)n(-c2ccccc2)n1C,Cc1c(C(C)C)c(=O)n(-c2ccccc2)n1C
4230,0,Cc1c(Cl)cccc1Nc1ncccc1C(=O)O,Cc1c(Cl)cccc1Nc1ncccc1C(=O)O
4231,0,Cc1c(OCC(F)(F)F)ccnc1C[S+]([O-])c1nc2ccccc2[nH]1,Cc1c(OCC(F)(F)F)ccnc1C[S+]([O-])c1nc2ccccc2[nH]1
4232,0,Cc1cc(C(=O)NCCc2ccc(S(=O)(=O)NC(=O)NC3CCCCC3)cc2)no1,Cc1cc(C(=O)NCCc2ccc(S(=O)(=O)NC(=O)NC3CCCCC3)cc2)no1
4233,0,Cc1cc(C(=O)NCCc2ccc(S(=O)(=O)NC(=O)NN3CCCCCC3)cc2)no1,Cc1cc(C(=O)NCCc2ccc(S(=O)(=O)NC(=O)NN3CCCCCC3)cc2)no1
4234,0,Cc1cc(C=Cc2ccc3cc(N(C)C)ccc3[n+]2C)c(C)n1-c1ccccc1,Cc1cc(C=Cc2ccc3cc(N(C)C)ccc3[n+]2C)c(C)n1-c1ccccc1
4235,0,Cc1cc2cc3c(C)cc(=O)oc3c(C)c2o1,Cc1cc2cc3c(C)cc(=O)oc3c(C)c2o1
4236,0,Cc1cc2nc3c(=O)[nH]c(=O)nc-3n(CC(O)C(O)C(O)CO)c2cc1C,Cc1cc2nc3c(=O)[nH]c(=O)nc-3n(CC(O)C(O)C(O)CO)c2cc1C
4237,0,Cc1ccc(-c2ncc(Cl)cc2-c2ccc(S(C)(=O)=O)cc2)cn1,Cc1ccc(-c2ncc(Cl)cc2-c2ccc(S(C)(=O)=O)cc2)cn1
4238,0,Cc1ccc2c(-c3ccccc3)nc(=O)n(C(C)C)c2c1,Cc1ccc2c(-c3ccccc3)nc(=O)n(C(C)C)c2c1
4239,1,Cc1cccc(C(C)c2cnc[nH]2)c1C,Cc1cccc(C(C)c2cnc[nH]2)c1C
4240,0,Cc1cccc(C)c1NC(=O)CN1CCN(CCCC(c2ccc(F)cc2)c2ccc(F)cc2)CC1,Cc1cccc(C)c1NC(=O)CN1CCN(CCCC(c2ccc(F)cc2)c2ccc(F)cc2)CC1
4241,1,Cc1cccc(CN2CCN(C(c3ccccc3)c3ccc(Cl)cc3)CC2)c1,Cc1cccc(CN2CCN(C(c3ccccc3)c3ccc(Cl)cc3)CC2)c1
4242,0,Cc1ccccc1N1C(=O)c2cc(S(N)(=O)=O)c(Cl)cc2NC1C,Cc1ccccc1N1C(=O)c2cc(S(N)(=O)=O)c(Cl)cc2NC1C
4243,0,Cc1oncc1C(=O)Nc1ccc(C(F)(F)F)cc1,Cc1oncc1C(=O)Nc1ccc(C(F)(F)F)cc1
4244,1,ClCCc1cncs1,ClCCc1cncs1
4245,0,Clc1ccc(C(c2ccccc2Cl)C(Cl)Cl)cc1,Clc1ccc(C(c2ccccc2Cl)C(Cl)Cl)cc1
4246,0,Cn1c(=O)c2c(ncn2CC(O)CO)n(C)c1=O,Cn1c(=O)c2c(ncn2CC(O)CO)n(C)c1=O
4247,0,Cn1c(=O)c2c(ncn2CC2OCCO2)n(C)c1=O,Cn1c(=O)c2c(ncn2CC2OCCO2)n(C)c1=O
4248,0,Cn1c([N+](=O)[O-])cnc1C=Cc1ccnc(N)n1,Cn1c([N+](=O)[O-])cnc1C=Cc1ccnc(N)n1
4249,0,FC(F)(F)C(F)(F)C(F)(F)C(F)(F)C(F)(F)C(F)(F)C(F)(F)C(F)(F)Br,FC(F)(F)C(F)(F)C(F)(F)C(F)(F)C(F)(F)C(F)(F)C(F)(F)C(F)(F)Br
4250,1,Fc1ccc(C(c2ccc(F)cc2)N2CCN(C/C=C/c3ccccc3)CC2)cc1,Fc1ccc(C(c2ccc(F)cc2)N2CCN(C/C=C/c3ccccc3)CC2)cc1
4251,0,NC(=O)CCC1NC(=O)C(Cc2ccccc2)NC(=O)C(Cc2ccc(O)cc2)NC(=O)CCSSCC(C(=O)N2CCCC2C(=O)NC(CCCN=C(N)N)C(=O)NCC(N)=O)NC(=O)C(CC(N)=O)NC1=O,NC(=O)CCC1NC(=O)C(Cc2ccccc2)NC(=O)C(Cc2ccc(O)cc2)NC(=O)CCSSCC(C(=O)N2CCCC2C(=O)NC(CCCN=C(N)N)C(=O)NCC(N)=O)NC(=O)C(CC(N)=O)NC1=O
4252,0,NC(=O)c1ncn(C2OC(CO)C(O)C2O)c1O,NC(=O)c1ncn(C2OC(CO)C(O)C2O)c1O
4253,1,NC(C(=O)O)C(O)c1ccc(O)c(O)c1,NC(C(=O)O)C(O)c1ccc(O)c(O)c1
4254,0,NC(CCC(=O)O)C(=O)O,NC(CCC(=O)O)C(=O)O
4255,0,NC(CSCC(=O)O)C(=O)O,NC(CSCC(=O)O)C(=O)O
4256,0,NC(N)=NC(N)=NCCc1ccccc1,NC(N)=NC(N)=NCCc1ccccc1
4257,0,NC1C(O)OC(CO)C(O)C1O,NC1C(O)OC(CO)C(O)C1O
4258,0,NCCC(O)(P(=O)(O)O)P(=O)(O)O,NCCC(O)(P(=O)(O)O)P(=O)(O)O
4259,0,NCCCC(O)(P(=O)(O)O)P(=O)(O)O,NCCCC(O)(P(=O)(O)O)P(=O)(O)O
4260,0,NCCCCCC(=O)O,NCCCCCC(=O)O
4261,0,NCCNCCNCCN,NCCNCCNCCN
4262,0,NCCS,NCCS
4263,0,NC[C@@H]1O[C@H](O[C@@H]2[C@@H](CO)O[C@@H](O[C@@H]3[C@@H](O)[C@H](N)C[C@H](N)[C@H]3O[C@H]3O[C@H](CN)[C@@H](O)[C@H](O)[C@H]3N)[C@@H]2O)[C@H](N)[C@@H](O)[C@@H]1O,NC[C@@H]1O[C@H](O[C@H]2[C@@H](O)[C@H](O[C@@H]3[C@@H](O)[C@H](N)C[C@H](N)[C@H]3O[C@H]3O[C@H](CN)[C@@H](O)[C@H](O)[C@H]3N)O[C@@H]2CO)[C@H](N)[C@@H](O)[C@@H]1O
4264,0,NS(=O)(=O)c1cc(Cl)c(Cl)c(S(N)(=O)=O)c1,NS(=O)(=O)c1cc(Cl)c(Cl)c(S(N)(=O)=O)c1
4265,0,NS(=O)(=O)c1cc2c(cc1Cl)NC(C1CC3C=CC1C3)NS2(=O)=O,NS(=O)(=O)c1cc2c(cc1Cl)NC(C1CC3C=CC1C3)NS2(=O)=O
4266,0,NS(=O)(=O)c1cc2c(cc1Cl)NC(CSCc1ccccc1)=NS2(=O)=O,NS(=O)(=O)c1cc2c(cc1Cl)NC(CSCc1ccccc1)=NS2(=O)=O
4267,0,NS(=O)(=O)c1cc2c(cc1Cl)NC(c1ccccc1)NC2=O,NS(=O)(=O)c1cc2c(cc1Cl)NC(c1ccccc1)NC2=O
4268,0,Nc1c(CC(=O)O)cccc1C(=O)c1ccc(Br)cc1,Nc1c(CC(=O)O)cccc1C(=O)c1ccc(Br)cc1
4269,0,Nc1ccc(C(=O)Oc2ccccc2)c(O)c1,Nc1ccc(C(=O)Oc2ccccc2)c(O)c1
4270,0,Nc1ccc(S(=O)(=O)Nc2ccccn2)cc1,Nc1ccc(S(=O)(=O)Nc2ccccn2)cc1
4271,0,Nc1ccc(S(=O)(=O)Nc2ccnn2-c2ccccc2)cc1,Nc1ccc(S(=O)(=O)Nc2ccnn2-c2ccccc2)cc1
4272,0,Nc1n[n+]([O-])c2ccccc2[n+]1[O-],Nc1n[n+]([O-])c2ccccc2[n+]1[O-]
4273,0,Nc1ncn(C2OC(CO)C(O)C2O)c(=O)n1,Nc1ncn(C2OC(CO)C(O)C2O)c(=O)n1
4274,0,Nc1ncnc2c1ncn2CCOCP(=O)(O)O,Nc1ncnc2c1ncn2CCOCP(=O)(O)O
4275,0,O=C(CCBr)N1CCN(C(=O)CCBr)CC1,O=C(CCBr)N1CCN(C(=O)CCBr)CC1
4276,0,O=C(CO)C(O)C(OC1OC(CO)C(O)C(O)C1O)C(O)CO,O=C(CO)C(O)C(OC1OC(CO)C(O)C(O)C1O)C(O)CO
4277,0,O=C(Cn1ccnc1[N+](=O)[O-])NCc1ccccc1,O=C(Cn1ccnc1[N+](=O)[O-])NCc1ccccc1
4278,0,O=C(NC(Cc1cc(=O)[nH]c2ccccc12)C(=O)O)c1ccc(Cl)cc1,O=C(NC(Cc1cc(=O)[nH]c2ccccc12)C(=O)O)c1ccc(Cl)cc1
4279,0,O=C(NCC1CCCCN1)c1cc(OCC(F)(F)F)ccc1OCC(F)(F)F,O=C(NCC1CCCCN1)c1cc(OCC(F)(F)F)ccc1OCC(F)(F)F
4280,0,O=C(O)C(S)C(S)C(=O)O,O=C(O)C(S)C(S)C(=O)O
4281,1,O=C(O)C1N=C(c2ccccc2)c2cc(Cl)ccc2NC1=O,O=C(O)C1N=C(c2ccccc2)c2cc(Cl)ccc2NC1=O
4282,0,O=C(O)CCCN1CCC(OC(c2ccc(Cl)cc2)c2ccccn2)CC1,O=C(O)CCCN1CCC(OC(c2ccc(Cl)cc2)c2ccccn2)CC1
4283,0,O=C(O)CCNC(=O)c1ccc(N=Nc2ccc(O)c(C(=O)O)c2)cc1,O=C(O)CCNC(=O)c1ccc(N=Nc2ccc(O)c(C(=O)O)c2)cc1
4284,0,O=C(O)COC(=O)Cc1ccccc1Nc1c(Cl)cccc1Cl,O=C(O)COC(=O)Cc1ccccc1Nc1c(Cl)cccc1Cl
4285,0,O=C(O)COc1ccc(C(=O)c2cccs2)c(Cl)c1Cl,O=C(O)COc1ccc(C(=O)c2cccs2)c(Cl)c1Cl
4286,0,O=C(O)Cc1ccc(-c2ccccc2)cc1,O=C(O)Cc1ccc(-c2ccccc2)cc1
4287,0,O=C(O)Cc1nn(-c2ccc(F)cc2)cc1-c1ccc(Cl)cc1,O=C(O)Cc1nn(-c2ccc(F)cc2)cc1-c1ccc(Cl)cc1
4288,0,O=C(O)c1ccc(NC(=O)C(Cc2ccc(O)cc2)NC(=O)c2ccccc2)cc1,O=C(O)c1ccc(NC(=O)C(Cc2ccc(O)cc2)NC(=O)c2ccccc2)cc1
4289,0,O=C(O)c1cccnc1Nc1cccc(C(F)(F)F)c1,O=C(O)c1cccnc1Nc1cccc(C(F)(F)F)c1
4290,0,O=C(OCC(O)CO)c1ccccc1Nc1ccnc2c(C(F)(F)F)cccc12,O=C(OCC(O)CO)c1ccccc1Nc1ccnc2c(C(F)(F)F)cccc12
4291,0,O=C(OCCN1CCOCC1)c1cccnc1Nc1cccc(C(F)(F)F)c1,O=C(OCCN1CCOCC1)c1cccnc1Nc1cccc(C(F)(F)F)c1
4292,0,O=C1C(c2[nH]c3ccc(S(=O)(=O)O)cc3c2O)=Nc2ccc(S(=O)(=O)O)cc21,O=C1C(c2[nH]c3ccc(S(=O)(=O)O)cc3c2O)=Nc2ccc(S(=O)(=O)O)cc21
4293,0,O=C1CCCC(=O)C1C(=O)c1ccc(C(F)(F)F)cc1[N+](=O)[O-],O=C1CCCC(=O)C1C(=O)c1ccc(C(F)(F)F)cc1[N+](=O)[O-]
4294,0,O=C1NC(=O)C2(CCOc3ccc(F)cc32)N1,O=C1NC(=O)C2(CCOc3ccc(F)cc32)N1
4295,0,O=C1OCCN1N=Cc1ccc([N+](=O)[O-])o1,O=C1OCCN1N=Cc1ccc([N+](=O)[O-])o1
4296,1,O=C1c2cccc3c2C(CCC3)CN1C1CN2CCC1CC2,O=C1c2cccc3c2C(CCC3)CN1C1CN2CCC1CC2
4297,0,O=CC(O)C(O)C(O)CO,O=CC(O)C(O)C(O)CO
4298,0,O=Cc1cc(=O)c2c(OCC(O)COc3cccc4oc(C(=O)O)cc(=O)c34)cccc2o1,O=Cc1cc(=O)c2c(OCC(O)COc3cccc4oc(C(=O)O)cc(=O)c34)cccc2o1
4299,0,O=P(O)(O)C(Sc1ccc(Cl)cc1)P(=O)(O)O,O=P(O)(O)C(Sc1ccc(Cl)cc1)P(=O)(O)O
4300,0,O=P1(N(CCCl)CCCl)OCCCN1CCCl,O=P1(N(CCCl)CCCl)OCCCN1CCCl
4301,0,O=S(=O)(O)OCC1OC(OC2(COS(=O)(=O)O)OC(OS(=O)(=O)O)C(OS(=O)(=O)O)C2OS(=O)(=O)O)C(OS(=O)(=O)O)C(OS(=O)(=O)O)C1OS(=O)(=O)O,O=S(=O)(O)OCC1OC(OC2(COS(=O)(=O)O)OC(OS(=O)(=O)O)C(OS(=O)(=O)O)C2OS(=O)(=O)O)C(OS(=O)(=O)O)C(OS(=O)(=O)O)C1OS(=O)(=O)O
4302,0,O=S(O)CNc1ccc(S(=O)(=O)c2ccc(NCS(=O)O)cc2)cc1,O=S(O)CNc1ccc(S(=O)(=O)c2ccc(NCS(=O)O)cc2)cc1
4303,0,O=[N+]([O-])OCC(CO[N+](=O)[O-])(CO[N+](=O)[O-])CO[N+](=O)[O-],O=[N+]([O-])OCC(CO[N+](=O)[O-])(CO[N+](=O)[O-])CO[N+](=O)[O-]
4304,0,O=[N+]([O-])OCC(CO[N+](=O)[O-])O[N+](=O)[O-],O=[N+]([O-])OCC(CO[N+](=O)[O-])O[N+](=O)[O-]
4305,0,O=[N+]([O-])OCC(O[N+](=O)[O-])C(CO[N+](=O)[O-])O[N+](=O)[O-],O=[N+]([O-])OCC(O[N+](=O)[O-])C(CO[N+](=O)[O-])O[N+](=O)[O-]
4306,0,O=c1[nH]c(=O)n(C2CC(O)C(CO)O2)cc1C=CBr,O=c1[nH]c(=O)n(C2CC(O)C(CO)O2)cc1C=CBr
4307,0,O=c1[nH]c(=O)n(C2CCCO2)cc1F,O=c1[nH]c(=O)n(C2CCCO2)cc1F
4308,0,O=c1[nH]c(=O)n(C2OC(CO)C(O)C2O)cc1C=CBr,O=c1[nH]c(=O)n(C2OC(CO)C(O)C2O)cc1C=CBr
4309,0,O=c1[nH]cc(N(CCCl)CCCl)c(=O)[nH]1,O=c1[nH]cc(N(CCCl)CCCl)c(=O)[nH]1
4310,0,OC(CBr)C(O)C(O)C(O)CBr,OC(CBr)C(O)C(O)C(O)CBr
4311,0,OCC(O)C(O)C(OC1OC(CO)C(O)C(O)C1O)C(O)CO,OCC(O)C(O)C(OC1OC(CO)C(O)C(O)C1O)C(O)CO
4312,0,OCC(O)CN1CCN(c2ccccc2)CC1,OCC(O)CN1CCN(c2ccccc2)CC1
4313,1,OCCN1CCN(CC/C=C2\c3ccccc3Sc3ccc(Cl)cc32)CC1,OCCN1CCN(CC/C=C2\c3ccccc3Sc3ccc(Cl)cc32)CC1
4314,0,Oc1c(Cl)cc(Cl)cc1Sc1cc(Cl)cc(Cl)c1O,Oc1c(Cl)cc(Cl)cc1Sc1cc(Cl)cc(Cl)c1O
4315,0,Oc1c(I)cc(I)c2cccnc12,Oc1c(I)cc(I)c2cccnc12
4316,0,Oc1ccc(C(O)CNCCCCCCNCC(O)c2ccc(O)c(O)c2)cc1O,Oc1ccc(C(O)CNCCCCCCNCC(O)c2ccc(O)c(O)c2)cc1O
4317,1,Brc1c(NC2=NCCN2)ccc2nccnc12,Brc1c(NC2=NCCN2)ccc2nccnc12
4318,0,C=C1/C(=C\C=C2/CCC[C@@]3(C)[C@H]2CC[C@@H]3[C@H](C)CCCC(C)(C)O)C[C@@H](O)C[C@@H]1O,C=C1/C(=C\C=C2/CCC[C@]3(C)[C@@H]([C@H](C)CCCC(C)(C)O)CC[C@@H]23)C[C@@H](O)C[C@@H]1O
4319,0,C=C1CC[C@H](O)C/C1=C/C=C1\CCC[C@@]2(C)[C@H]1CC[C@@H]2[C@H](C)CCCC(C)C,C=C1CC[C@H](O)C/C1=C/C=C1\CCC[C@]2(C)[C@@H]([C@H](C)CCCC(C)C)CC[C@@H]12
4320,0,CC(=O)NS(=O)(=O)c1ccc(N)cc1,CC(=O)NS(=O)(=O)c1ccc(N)cc1
4321,0,CC(=O)N[C@@H](CS)C(=O)O,CC(=O)N[C@@H](CS)C(=O)O
4322,0,CC(=O)N[C@@H]1[C@@H](N=C(N)N)C=C(C(=O)O)O[C@H]1[C@H](O)[C@H](O)CO,CC(=O)N[C@H]1[C@H]([C@H](O)[C@H](O)CO)OC(C(=O)O)=C[C@@H]1N=C(N)N
4323,0,CC(=O)O[C@H]1C[C@@H]2CC[C@@H]3[C@H](CC[C@@]4(C)[C@H]3C[C@H]([N+]3(C)CCCCC3)[C@@H]4OC(C)=O)[C@@]2(C)C[C@@H]1N1CCCCC1,CC(=O)O[C@H]1C[C@@H]2CC[C@@H]3[C@H](CC[C@@]4(C)[C@H]3C[C@H]([N+]3(C)CCCCC3)[C@@H]4OC(C)=O)[C@@]2(C)C[C@@H]1N1CCCCC1
4324,0,CC(=O)O[C@]1(C(C)=O)CC[C@H]2[C@@H]3C=C(C)C4=CC(=O)CC[C@]4(C)[C@H]3CC[C@@]21C,CC(=O)O[C@]1(C(C)=O)CC[C@H]2[C@@H]3C=C(C)C4=CC(=O)CC[C@]4(C)[C@H]3CC[C@@]21C
4325,0,CC(=O)[C@@]1(O)CC[C@H]2[C@@H]3C[C@H](C)C4=CC(=O)CC[C@]4(C)[C@H]3CC[C@@]21C,CC(=O)[C@@]1(O)CC[C@H]2[C@@H]3C[C@H](C)C4=CC(=O)CC[C@]4(C)[C@H]3CC[C@@]21C
4326,1,CC(C)(C)NC[C@H](O)COc1cccc2c1CCCC2=O,CC(C)(C)NC[C@H](O)COc1cccc2c1CCCC2=O
4327,0,CC(C)(O/N=C(\C(=O)N[C@@H]1C(=O)N2C(C(=O)O)=C(C[n+]3ccccc3)CS[C@H]12)c1csc(N)n1)C(=O)O,CC(C)(O/N=C(\C(=O)N[C@@H]1C(=O)N2C(C(=O)O)=C(C[n+]3ccccc3)CS[C@H]12)c1csc(N)n1)C(=O)O
4328,0,CC(C)C[C@H](NC(=O)CNC(=O)[C@H](Cc1ccc(O)cc1)NC(=O)[C@H](CO)NC(=O)[C@H](Cc1c[nH]c2ccccc12)NC(=O)[C@H](Cc1cnc[nH]1)NC(=O)[C@@H]1CCC(=O)N1)C(=O)N[C@@H](CCCN=C(N)N)C(=O)N1CCC[C@H]1C(=O)NCC(N)=O,CC(C)C[C@H](NC(=O)CNC(=O)[C@H](Cc1ccc(O)cc1)NC(=O)[C@H](CO)NC(=O)[C@H](Cc1c[nH]c2ccccc12)NC(=O)[C@H](Cc1cnc[nH]1)NC(=O)[C@@H]1CCC(=O)N1)C(=O)N[C@@H](CCCN=C(N)N)C(=O)N1CCC[C@H]1C(=O)NCC(N)=O
4329,0,CC(C)C[C@H](NC(=O)[C@@H](COC(C)(C)C)NC(=O)[C@H](Cc1ccc(O)cc1)NC(=O)[C@H](CO)NC(=O)[C@H](Cc1c[nH]c2ccccc12)NC(=O)[C@H](Cc1cnc[nH]1)NC(=O)[C@@H]1CCC(=O)N1)C(=O)N[C@@H](CCCN=C(N)N)C(=O)N1CCC[C@H]1C(=O)NNC(N)=O,CC(C)C[C@H](NC(=O)[C@@H](COC(C)(C)C)NC(=O)[C@H](Cc1ccc(O)cc1)NC(=O)[C@H](CO)NC(=O)[C@H](Cc1c[nH]c2ccccc12)NC(=O)[C@H](Cc1cnc[nH]1)NC(=O)[C@@H]1CCC(=O)N1)C(=O)N[C@@H](CCCN=C(N)N)C(=O)N1CCC[C@H]1C(=O)NNC(N)=O
4330,0,CC(C)Cn1cnc2c(N)nc3ccccc3c21,CC(C)Cn1cnc2c(N)nc3ccccc3c21
4331,0,CC(c1cc2ccccc2s1)N(O)C(N)=O,CC(c1cc2ccccc2s1)N(O)C(N)=O
4332,0,CC1(C)C(C=C(Cl)Cl)C1C(=O)OCc1cccc(Oc2ccccc2)c1,CC1(C)C(C=C(Cl)Cl)C1C(=O)OCc1cccc(Oc2ccccc2)c1
4333,0,CC1(C)O[C@@H]2C[C@H]3[C@@H]4C[C@H](F)C5=CC(=O)C=C[C@]5(C)[C@H]4[C@@H](O)C[C@]3(C)[C@]2(C(=O)CO)O1,CC1(C)O[C@@H]2C[C@H]3[C@@H]4C[C@H](F)C5=CC(=O)C=C[C@]5(C)[C@H]4[C@@H](O)C[C@]3(C)[C@]2(C(=O)CO)O1
4334,0,CC1CNc2c(cccc2S(=O)(=O)N[C@@H](CCCN=C(N)N)C(=O)N2CC[C@@H](C)C[C@@H]2C(=O)O)C1,CC1CNc2c(cccc2S(=O)(=O)N[C@@H](CCCN=C(N)N)C(=O)N2CC[C@@H](C)C[C@@H]2C(=O)O)C1
4335,0,CCC(NC(C)C)C(O)c1ccc(O)c(O)c1,CCC(NC(C)C)C(O)c1ccc(O)c(O)c1
4336,0,CCCCCCCN(CC)CCCC(O)c1ccc(NS(C)(=O)=O)cc1,CCCCCCCN(CC)CCCC(O)c1ccc(NS(C)(=O)=O)cc1
4337,0,CCCCC[C@H](O)/C=C/[C@H]1[C@H](O)CC(=O)[C@@H]1C/C=C\CCCC(=O)O,CCCCC[C@H](O)/C=C/[C@H]1[C@H](O)CC(=O)[C@@H]1C/C=C\CCCC(=O)O
4338,0,CCCCN1CCCCC1C(=O)Nc1c(C)cccc1C,CCCCN1CCCCC1C(=O)Nc1c(C)cccc1C
4339,1,CCCN[C@H]1CCc2nc(N)sc2C1,CCCN[C@H]1CCc2nc(N)sc2C1
4340,0,CCC[C@@H]1C[C@@H](C(=O)N[C@H]([C@H](C)Cl)[C@H]2O[C@H](SC)[C@H](O)[C@@H](O)[C@H]2O)N(C)C1,CCC[C@@H]1C[C@@H](C(=O)N[C@@H]([C@H]2O[C@H](SC)[C@H](O)[C@@H](O)[C@H]2O)[C@H](C)Cl)N(C)C1
4341,0,CCC[C@H](N[C@@H](C)C(=O)N1[C@H](C(=O)O)C[C@@H]2CCCC[C@@H]21)C(=O)OCC,CCC[C@H](N[C@@H](C)C(=O)N1[C@H](C(=O)O)C[C@@H]2CCCC[C@@H]21)C(=O)OCC
4342,0,CCCc1c2oc(C(=O)O)cc(=O)c2cc2c(=O)cc(C(=O)O)n(CC)c12,CCCc1c2oc(C(=O)O)cc(=O)c2cc2c(=O)cc(C(=O)O)n(CC)c12
4343,0,CCN[C@H]1CN(CCCOC)S(=O)(=O)c2sc(S(N)(=O)=O)cc21,CCN[C@H]1CN(CCCOC)S(=O)(=O)c2sc(S(N)(=O)=O)cc21
4344,0,CCN[C@H]1C[C@H](C)S(=O)(=O)c2sc(S(N)(=O)=O)cc21,CCN[C@H]1C[C@H](C)S(=O)(=O)c2sc(S(N)(=O)=O)cc21
4345,0,CCOC(=O)C1=C[C@@H](OC(CC)CC)[C@H](NC(C)=O)[C@@H](N)C1,CCOC(=O)C1=C[C@@H](OC(CC)CC)[C@H](NC(C)=O)[C@@H](N)C1
4346,0,CCOC(=O)[C@H](CCc1ccccc1)N[C@@H](C)C(=O)N1Cc2cc(OC)c(OC)cc2C[C@H]1C(=O)O,CCOC(=O)[C@H](CCc1ccccc1)N[C@@H](C)C(=O)N1Cc2cc(OC)c(OC)cc2C[C@H]1C(=O)O
4347,0,CCOC(=O)[C@H](CCc1ccccc1)N[C@@H](C)C(=O)N1Cc2ccccc2C[C@H]1C(=O)O,CCOC(=O)[C@H](CCc1ccccc1)N[C@@H](C)C(=O)N1Cc2ccccc2C[C@H]1C(=O)O
4348,0,CCOC(=O)[C@H](CCc1ccccc1)N[C@@H](C)C(=O)N1[C@H](C(=O)O)C[C@@H]2CCC[C@@H]21,CCOC(=O)[C@H](CCc1ccccc1)N[C@@H](C)C(=O)N1[C@H](C(=O)O)C[C@@H]2CCC[C@@H]21
4349,0,CCOC(=O)[C@H](CCc1ccccc1)N[C@@H](C)C(=O)N1[C@H](C(=O)O)C[C@H]2CCCC[C@@H]21,CCOC(=O)[C@H](CCc1ccccc1)N[C@@H](C)C(=O)N1[C@H](C(=O)O)C[C@H]2CCCC[C@@H]21
4350,0,CCOC(=O)[C@H](CCc1ccccc1)N[C@H]1CCc2ccccc2N(CC(=O)O)C1=O,CCOC(=O)[C@H](CCc1ccccc1)N[C@H]1CCc2ccccc2N(CC(=O)O)C1=O
4351,0,CCOC(=O)c1ccc(C#Cc2ccc3c(c2)C(C)(C)CCS3)nc1,CCOC(=O)c1ccc(C#Cc2ccc3c(c2)C(C)(C)CCS3)nc1
4352,0,CCOc1cc(CC(=O)N[C@@H](CC(C)C)c2ccccc2N2CCCCC2)ccc1C(=O)O,CCOc1cc(CC(=O)N[C@@H](CC(C)C)c2ccccc2N2CCCCC2)ccc1C(=O)O
4353,0,CCOc1ccccc1OCCN[C@H](C)Cc1ccc(OC)c(S(N)(=O)=O)c1,CCOc1ccccc1OCCN[C@H](C)Cc1ccc(OC)c(S(N)(=O)=O)c1
4354,0,CCOc1nc2cccc(C(=O)O)c2n1Cc1ccc(-c2ccccc2-c2nn[nH]n2)cc1,CCOc1nc2cccc(C(=O)O)c2n1Cc1ccc(-c2ccccc2-c2nn[nH]n2)cc1
4355,0,CC[C@@H](CO)NC(=O)[C@@H]1C=C2c3cccc4[nH]cc(c34)C[C@H]2N(C)C1,CC[C@@H](CO)NC(=O)[C@@H]1C=C2c3cccc4[nH]cc(c34)C[C@H]2N(C)C1
4356,0,CC[C@H](C)[C@@H]1NC(=O)[C@H](Cc2ccc(O)cc2)NC(=O)[C@@H](N)CSSC[C@@H](C(=O)N2CCC[C@H]2C(=O)N[C@@H](CC(C)C)C(=O)NCC(N)=O)NC(=O)[C@H](CC(N)=O)NC(=O)[C@H](CCC(N)=O)NC1=O,CC[C@H](C)[C@@H]1NC(=O)[C@H](Cc2ccc(O)cc2)NC(=O)[C@@H](N)CSSC[C@@H](C(=O)N2CCC[C@H]2C(=O)N[C@@H](CC(C)C)C(=O)NCC(N)=O)NC(=O)[C@H](CC(N)=O)NC(=O)[C@H](CCC(N)=O)NC1=O
4357,0,CC[N+](C)(C)c1cccc(O)c1,CC[N+](C)(C)c1cccc(O)c1
4358,0,CCc1c2c(nc3ccc(OC(=O)N4CCC(N5CCCCC5)CC4)cc13)-c1cc3c(c(=O)n1C2)COC(=O)[C@]3(O)CC,CCc1c2c(nc3ccc(OC(=O)N4CCC(N5CCCCC5)CC4)cc13)-c1cc3c(c(=O)n1C2)COC(=O)[C@]3(O)CC
4359,0,CCc1ccc(C(C)CCc2ccc([N+](C)(C)C)cc2)cc1,CCc1ccc(C(C)CCc2ccc([N+](C)(C)C)cc2)cc1
4360,0,CN(C)CC/C=C1/c2ccccc2COc2ccc(CC(=O)O)cc21,CN(C)CC/C=C1/c2ccccc2COc2ccc(CC(=O)O)cc21
4361,0,CN(CCCl)CCCl,CN(CCCl)CCCl
4362,1,CN1CCC[C@@H]1CCO[C@](C)(c1ccccc1)c1ccc(Cl)cc1,CN1CCC[C@@H]1CCO[C@](C)(c1ccccc1)c1ccc(Cl)cc1
4363,0,CO/N=C(\C(=O)N[C@@H]1C(=O)N2C(C(=O)O)=C(/C=C\c3scnc3C)CS[C@H]12)c1csc(N)n1,CO/N=C(\C(=O)N[C@@H]1C(=O)N2C(C(=O)O)=C(/C=C\c3scnc3C)CS[C@H]12)c1csc(N)n1
4364,0,CO/N=C(\C(=O)N[C@@H]1C(=O)N2C(C(=O)O)=C(COC(C)=O)CS[C@H]12)c1csc(N)n1,CO/N=C(\C(=O)N[C@@H]1C(=O)N2C(C(=O)O)=C(COC(C)=O)CS[C@H]12)c1csc(N)n1
4365,0,COC(=O)C1=C(C)NC(C)=C(C(=O)OCC(C)C)C1c1ccccc1[N+](=O)[O-],COC(=O)C1=C(C)NC(C)=C(C(=O)OCC(C)C)C1c1ccccc1[N+](=O)[O-]
4366,0,COC(=O)[C@H](c1ccccc1Cl)N1CCc2sccc2C1,COC(=O)[C@H](c1ccccc1Cl)N1CCc2sccc2C1
4367,0,COCC1=C(C(=O)O)N2C(=O)[C@@H](NC(=O)/C(=N\OC)c3csc(N)n3)[C@H]2SC1,COCC1=C(C(=O)O)N2C(=O)[C@@H](NC(=O)/C(=N\OC)c3csc(N)n3)[C@H]2SC1
4368,0,CO[C@H](C(=O)[C@@H](O)[C@@H](C)O)[C@@H]1Cc2cc3cc(O[C@H]4C[C@@H](O[C@H]5C[C@@H](O)[C@H](O)[C@@H](C)O5)[C@H](O)[C@@H](C)O4)c(C)c(O)c3c(O)c2C(=O)[C@H]1O[C@H]1C[C@@H](O[C@H]2C[C@@H](O[C@H]3C[C@](C)(O)[C@H](O)[C@@H](C)O3)[C@@H](O)[C@@H](C)O2)[C@H](O)[C@@H](C)O1,CO[C@H](C(=O)[C@@H](O)[C@@H](C)O)[C@@H]1Cc2cc3cc(O[C@H]4C[C@@H](O[C@H]5C[C@@H](O)[C@H](O)[C@@H](C)O5)[C@H](O)[C@@H](C)O4)c(C)c(O)c3c(O)c2C(=O)[C@H]1O[C@H]1C[C@@H](O[C@H]2C[C@@H](O[C@H]3C[C@](C)(O)[C@H](O)[C@@H](C)O3)[C@@H](O)[C@@H](C)O2)[C@H](O)[C@@H](C)O1
4369,0,CO[C@H]1/C=C/O[C@@]2(C)Oc3c(C)c(O)c4c(O)c(c(/C=N/N5CCN(C)CC5)c(O)c4c3C2=O)NC(=O)/C(C)=C\C=C\[C@H](C)[C@H](O)[C@@H](C)[C@@H](O)[C@@H](C)[C@H](OC(C)=O)[C@@H]1C,CO[C@H]1/C=C/O[C@@]2(C)Oc3c(C)c(O)c4c(O)c(c(/C=N/N5CCN(C)CC5)c(O)c4c3C2=O)NC(=O)/C(C)=C\C=C\[C@H](C)[C@H](O)[C@@H](C)[C@@H](O)[C@@H](C)[C@H](OC(C)=O)[C@@H]1C
4370,0,CO[C@H]1/C=C/O[C@@]2(C)Oc3c(C)c(O)c4c(O)c(c(/C=N/N5CCN(C6CCCC6)CC5)c(O)c4c3C2=O)NC(=O)/C(C)=C\C=C\[C@H](C)[C@H](O)[C@@H](C)[C@@H](O)[C@@H](C)[C@H](OC(C)=O)[C@@H]1C,CO[C@H]1/C=C/O[C@@]2(C)Oc3c(C)c(O)c4c(O)c(c(/C=N/N5CCN(C6CCCC6)CC5)c(O)c4c3C2=O)NC(=O)/C(C)=C\C=C\[C@H](C)[C@H](O)[C@@H](C)[C@@H](O)[C@@H](C)[C@H](OC(C)=O)[C@@H]1C
4371,0,COc1c(N2C[C@@H]3CCCN[C@@H]3C2)c(F)cc2c(=O)c(C(=O)O)cn(C3CC3)c12,COc1c(N2C[C@@H]3CCCN[C@@H]3C2)c(F)cc2c(=O)c(C(=O)O)cn(C3CC3)c12
4372,0,COc1cc(CNC(=O)CCCC/C=C/C(C)C)ccc1O,COc1cc(CNC(=O)CCCC/C=C/C(C)C)ccc1O
4373,1,COc1ccc(C[C@@H](C)NC[C@H](O)c2ccc(O)c(NC=O)c2)cc1,COc1ccc(C[C@@H](C)NC[C@H](O)c2ccc(O)c(NC=O)c2)cc1
4374,0,C[C@@H](c1ncncc1F)[C@](O)(Cn1cncn1)c1ccc(F)cc1F,C[C@@H](c1ncncc1F)[C@](O)(Cn1cncn1)c1ccc(F)cc1F
4375,1,C[C@@H]1CN(C2CCC(C#N)(c3ccc(F)cc3)CC2)CC[C@]1(C(=O)O)c1ccccc1,C[C@@H]1CN(C2CCC(C#N)(c3ccc(F)cc3)CC2)CC[C@]1(C(=O)O)c1ccccc1
4376,1,C[C@@]12CCCCC[C@@H](Cc3ccc(O)cc31)[C@@H]2N,C[C@@]12CCCCC[C@@H](Cc3ccc(O)cc31)[C@@H]2N
4377,0,C[C@H](CS)C(=O)N1CCC[C@H]1C(=O)O,C[C@H](CS)C(=O)N1CCC[C@H]1C(=O)O
4378,0,C[C@H]1[C@H](NC(=O)/C(=N\OC(C)(C)C(=O)O)c2csc(N)n2)C(=O)N1S(=O)(=O)O,C[C@H]1[C@H](NC(=O)/C(=N\OC(C)(C)C(=O)O)c2csc(N)n2)C(=O)N1S(=O)(=O)O
4379,0,C[C@]1(O)CC[C@H]2[C@@H]3CCC4=CC(=O)CC[C@]4(C)[C@@]3(F)[C@@H](O)C[C@@]21C,C[C@]1(O)CC[C@H]2[C@@H]3CCC4=CC(=O)CC[C@]4(C)[C@@]3(F)[C@@H](O)C[C@@]21C
4380,0,C[N+](C)(C)CCOC(=O)CCC(=O)OCC[N+](C)(C)C,C[N+](C)(C)CCOC(=O)CCC(=O)OCC[N+](C)(C)C
4381,0,Cc1cc(Br)cnc1NC(=O)C(C)(C)C,Cc1cc(Br)cnc1NC(=O)C(C)(C)C
4382,0,Cc1cc(C2CCCCC2)n(O)c(=O)c1,Cc1cc(C2CCCCC2)n(O)c(=O)c1
4383,0,Cc1ccc(O)c([C@H](CCN(C(C)C)C(C)C)c2ccccc2)c1,Cc1ccc(O)c([C@H](CCN(C(C)C)C(C)C)c2ccccc2)c1
4384,0,Cc1cccc(C)c1OCC(=O)N[C@@H](Cc1ccccc1)[C@@H](O)C[C@H](Cc1ccccc1)NC(=O)[C@H](C(C)C)N1CCCNC1=O,Cc1cccc(C)c1OCC(=O)N[C@@H](Cc1ccccc1)[C@@H](O)C[C@H](Cc1ccccc1)NC(=O)[C@H](C(C)C)N1CCCNC1=O
4385,1,Cc1cccc(C2(C(=O)N3CCCC3)CCN(CCCC(=O)c3ccc(F)cc3)CC2)c1,Cc1cccc(C2(C(=O)N3CCCC3)CCN(CCCC(=O)c3ccc(F)cc3)CC2)c1
4386,0,Cc1cccc(N(C)C(=S)Oc2ccc3ccccc3c2)c1,Cc1cccc(N(C)C(=S)Oc2ccc3ccccc3c2)c1
4387,0,Cc1cccn2c(=O)c(-c3nn[nH]n3)cnc12,Cc1cccn2c(=O)c(-c3nn[nH]n3)cnc12
4388,0,Cc1ncc(C[n+]2csc(CCO)c2C)c(N)n1,Cc1ncc(C[n+]2csc(CCO)c2C)c(N)n1
4389,0,ClC1C(Cl)C(Cl)C(Cl)C(Cl)C1Cl,ClC1C(Cl)C(Cl)C(Cl)C(Cl)C1Cl
4390,0,Clc1ccc(CO/N=C(\Cn2ccnc2)c2ccc(Cl)cc2Cl)c(Cl)c1,Clc1ccc(CO/N=C(\Cn2ccnc2)c2ccc(Cl)cc2Cl)c(Cl)c1
4391,0,N#Cc1cc(NC(=O)C(=O)O)c(Cl)c(NC(=O)C(=O)O)c1,N#Cc1cc(NC(=O)C(=O)O)c(Cl)c(NC(=O)C(=O)O)c1
4392,0,N=C(N)c1ccc(OCCCCCOc2ccc(C(=N)N)cc2)cc1,N=C(N)c1ccc(OCCCCCOc2ccc(C(=N)N)cc2)cc1
4393,0,NC(=O)CC[C@@H]1NC(=O)[C@H](Cc2ccccc2)NC(=O)[C@H](Cc2ccc(O)cc2)NC(=O)CCSSC[C@@H](C(=O)N2CCC[C@H]2C(=O)N[C@H](CCCN=C(N)N)C(=O)NCC(N)=O)NC(=O)[C@H](CC(N)=O)NC1=O,NC(=O)CC[C@@H]1NC(=O)[C@H](Cc2ccccc2)NC(=O)[C@H](Cc2ccc(O)cc2)NC(=O)CCSSC[C@@H](C(=O)N2CCC[C@H]2C(=O)N[C@H](CCCN=C(N)N)C(=O)NCC(N)=O)NC(=O)[C@H](CC(N)=O)NC1=O
4394,0,NC(=O)CC[C@@H]1NC(=O)[C@H](Cc2ccccc2)NC(=O)[C@H](Cc2ccc(O)cc2)NC(=O)[C@@H](N)CSSC[C@@H](C(=O)N2CCC[C@H]2C(=O)N[C@@H](CCCN=C(N)N)C(=O)NCC(N)=O)NC(=O)[C@H](CC(N)=O)NC1=O,NC(=O)CC[C@@H]1NC(=O)[C@H](Cc2ccccc2)NC(=O)[C@H](Cc2ccc(O)cc2)NC(=O)[C@@H](N)CSSC[C@@H](C(=O)N2CCC[C@H]2C(=O)N[C@@H](CCCN=C(N)N)C(=O)NCC(N)=O)NC(=O)[C@H](CC(N)=O)NC1=O
4395,0,NCCCC[C@H](N[C@@H](CCc1ccccc1)C(=O)O)C(=O)N1CCC[C@H]1C(=O)O,NCCCC[C@H](N[C@@H](CCc1ccccc1)C(=O)O)C(=O)N1CCC[C@H]1C(=O)O
4396,0,N[C@@H](Cc1cc(I)c(Oc2ccc(O)c(I)c2)c(I)c1)C(=O)O,N[C@@H](Cc1cc(I)c(Oc2ccc(O)c(I)c2)c(I)c1)C(=O)O
4397,0,Nc1cc(Br)c([N+](=O)[O-])c(C(=O)O)c1,Nc1cc(Br)c([N+](=O)[O-])c(C(=O)O)c1
4398,0,Nc1ccn(C[C@@H](CO)OCP(=O)(O)O)c(=O)n1,Nc1ccn(C[C@@H](CO)OCP(=O)(O)O)c(=O)n1
4399,0,Nc1ccn([C@@H]2CS[C@H](CO)O2)c(=O)n1,Nc1ccn([C@@H]2CS[C@H](CO)O2)c(=O)n1
4400,0,Nc1ccn([C@@H]2O[C@H](CO)[C@@H](O)C2(F)F)c(=O)n1,Nc1ccn([C@@H]2O[C@H](CO)[C@@H](O)C2(F)F)c(=O)n1
4401,1,O=C(OC1C[C@@H]2CC3C[C@H](C1)N2CC3=O)c1c[nH]c2ccccc12,O=C(OC1C[C@@H]2CC3C[C@H](C1)N2CC3=O)c1c[nH]c2ccccc12
4402,0,O=C1CN(/N=C/c2ccc(-c3ccc([N+](=O)[O-])cc3)o2)C(=O)N1,O=C1CN(/N=C/c2ccc(-c3ccc([N+](=O)[O-])cc3)o2)C(=O)N1
4403,0,O=C1c2c(O)cccc2Cc2cccc(O)c21,O=C1c2c(O)cccc2Cc2cccc(O)c21
4404,0,O=P1(NCCCl)OCCCN1CCCl,O=P1(NCCCl)OCCCN1CCCl
4405,0,O=[N+]([O-])O[C@@H]1CO[C@@H]2[C@@H](O)CO[C@H]12,O=[N+]([O-])O[C@@H]1CO[C@H]2[C@@H]1OC[C@@H]2O
4406,0,O=[N+]([O-])O[C@H]1CO[C@H]2[C@@H]1OC[C@H]2O[N+](=O)[O-],O=[N+]([O-])O[C@H]1CO[C@H]2[C@@H]1OC[C@H]2O[N+](=O)[O-]
4407,0,OCc1cc(C(O)CNCCCCCCOCCCCc2ccccc2)ccc1O,OCc1cc(C(O)CNCCCCCCOCCCCc2ccccc2)ccc1O
4408,0,Oc1ccc(C2CNCCc3c2cc(O)c(O)c3Cl)cc1,Oc1ccc(C2CNCCc3c2cc(O)c(O)c3Cl)cc1
4409,0,S=c1[nH]c(-c2ccc(Br)cc2)cs1,S=c1[nH]c(-c2ccc(Br)cc2)cs1
4410,1,c1ccc(CC2=NCCN2)cc1,c1ccc(CC2=NCCN2)cc1
4411,0,c1ccc2c(CC3=NCCN3)cccc2c1,c1ccc2c(CC3=NCCN3)cccc2c1
4412,0,C#CC1(O)C=CC2C3CCC4=CC(=O)CCC4C3CCC21CC,C#CC1(O)C=CC2C3CCC4=CC(=O)CCC4C3CCC21CC
4413,0,C#CC1(O)CCC2C3CCC4=C/C(=N\O)CCC4C3CCC21CC,C#CC1(O)CCC2C3CCC4=C/C(=N\O)CCC4C3CCC21CC
4414,0,C#CC1(O)CCC2C3CCC4=CC(=O)CCC4C3C(=C)CC21CC,C#CC1(O)CCC2C3CCC4=CC(=O)CCC4C3C(=C)CC21CC
4415,0,C#CC1(O)CCC2C3CCC4=CCCCC4C3C(=C)CC21CC,C#CC1(O)CCC2C3CCC4=CCCCC4C3C(=C)CC21CC
4416,0,C#CC1(O)CCC2C3CCc4cc(OC)ccc4C3CCC21C,C#CC1(O)CCC2C3CCc4cc(OC)ccc4C3CCC21C
4417,0,C#CC1(OC(C)=O)CCC2C3CCC4=C/C(=N\O)CCC4C3CCC21CC,C#CC1(OC(C)=O)CCC2C3CCC4=C/C(=N\O)CCC4C3CCC21CC
4418,0,C#CC1(OC(C)=O)CCC2C3CCC4=CC(OC(C)=O)CCC4C3CCC21C,C#CC1(OC(C)=O)CCC2C3CCC4=CC(OC(C)=O)CCC4C3CCC21C
4419,0,C#CCC(Cc1cnc2nc(N)nc(N)c2n1)c1ccc(C(=O)NC(CCC(=O)O)C(=O)O)cc1,C#CCC(Cc1cnc2nc(N)nc(N)c2n1)c1ccc(C(=O)NC(CCC(=O)O)C(=O)O)cc1
4420,1,C#CCNC1CCc2ccccc21,C#CCNC1CCc2ccccc21
4421,0,C(=N\NC1=NCCN1)\c1c2ccccc2c(/C=N\NC2=NCCN2)c2ccccc12,C(=N\NC1=NCCN1)\c1c2ccccc2c(/C=N\NC2=NCCN2)c2ccccc12
4422,0,C/C(=C\C(=O)OCCCCCCCCC(=O)O)CC1OCC(CC2OC2C(C)C(C)O)C(O)C1O,C/C(=C\C(=O)OCCCCCCCCC(=O)O)CC1OCC(CC2OC2C(C)C(C)O)C(O)C1O
4423,0,C/C(=C\c1csc(C)n1)C1CC2OC2(C)CCCC(C)C(O)C(C)C(=O)C(C)(C)C(O)CC(=O)N1,C/C(=C\c1csc(C)n1)C1CC2OC2(C)CCCC(C)C(O)C(C)C(=O)C(C)(C)C(O)CC(=O)N1
4424,0,C/C=C(\C)C(=O)OC1C(C)=CC23C(=O)C(C=C(CO)C(O)C12O)C1C(CC3C)C1(C)C,C/C=C(\C)C(=O)OC1C(C)=CC23C(=O)C(C=C(CO)C(O)C12O)C1C(CC3C)C1(C)C
4425,0,C/C=C/C/C=C/CCC(=O)C1OC1C(N)=O,C/C=C/C/C=C/CCC(=O)C1OC1C(N)=O
4426,0,C1CCC(C(CC2CCCCN2)C2CCCCC2)CC1,C1CCC(C(CC2CCCCN2)C2CCCCC2)CC1
4427,0,C=C1/C(=C/C=C2\CCCC3(C)C2CCC3C(C)/C=C/C(C)C(C)C)CC(O)CC1O,C=C1/C(=C/C=C2\CCCC3(C)C2CCC3C(C)/C=C/C(C)C(C)C)CC(O)CC1O
4428,0,C=C1/C(=C/C=C2\CCCC3(C)C2CCC3C(C)CCCC(C)(C)O)CC(O)C(OCCCO)C1O,C=C1/C(=C/C=C2\CCCC3(C)C2CCC3C(C)CCCC(C)(C)O)CC(O)C(OCCCO)C1O
4429,0,C=C1/C(=C/C=C2\CCCC3(C)C2CCC3C(C)CCCC(C)(C)O)CC(O)CC1O,C=C1/C(=C/C=C2\CCCC3(C)C2CCC3C(C)CCCC(C)(C)O)CC(O)CC1O
4430,0,C=C1/C(=C/C=C2\CCCC3(C)C2CCC3C(C)CCCC(C)C)CC(O)CC1O,C=C1/C(=C/C=C2\CCCC3(C)C2CCC3C(C)CCCC(C)C)CC(O)CC1O
4431,0,C=C1C(=O)OC2C1CCC1(C)OC13CC=C(C)C23,C=C1C(=O)OC2C1CCC1(C)OC13CC=C(C)C23
4432,0,C=C1C(CO)C(O)CC1n1cnc2c(=O)[nH]c(N)nc21,C=C1C(CO)C(O)CC1n1cnc2c(=O)[nH]c(N)nc21
4433,0,C=C1CC2C(CCC3(C)C(=O)CCC23)C2(C)C=CC(=O)C=C12,C=C1CC2C(CCC3(C)C(=O)CCC23)C2(C)C=CC(=O)C=C12
4434,0,C=C1CCC(O)C/C1=C\C=C1/CCCC2(C)C1CCC2C(C)/C=C/C(C)C(C)C,C=C1CCC(O)C/C1=C\C=C1/CCCC2(C)C1CCC2C(C)/C=C/C(C)C(C)C
4435,0,C=C1CCC(O)C/C1=C\C=C1/CCCC2(C)C1CCC2C(C)CCCC(C)(C)O,C=C1CCC(O)C/C1=C\C=C1/CCCC2(C)C1CCC2C(C)CCCC(C)(C)O
4436,0,C=C1CCC(O)C/C1=C\C=C1/CCCC2(C)C1CCC2C(C)CCCC(C)C,C=C1CCC(O)C/C1=C\C=C1/CCCC2(C)C1CCC2C(C)CCCC(C)C
4437,0,C=C1C[C@@H]2CC[C@@]34C[C@H]5O[C@H]6[C@@H](O3)[C@H]3OC(CC[C@@H]3O[C@H]6[C@H]5O4)CC(=O)C[C@H]3[C@H](C[C@H]4O[C@@H](CC[C@@H]1O2)C[C@@H](C)C4=C)O[C@H](C[C@H](O)CN)[C@@H]3OC,C=C1C[C@@H]2CC[C@@]34C[C@H]5O[C@H]6[C@@H](O3)[C@H]3OC(CC[C@@H]3O[C@H]6[C@H]5O4)CC(=O)C[C@@H]3[C@@H](OC)[C@@H](C[C@H](O)CN)O[C@H]3C[C@H]3O[C@@H](CC[C@@H]1O2)C[C@@H](C)C3=C
4438,0,C=CC1(C)CC(OC(=O)CSC2CC3CCC(C2)N3C)C2(C)C(C)CCC3(CCC(=O)C32)C(C)C1O,C=CC1(C)CC(OC(=O)CSC2CC3CCC(C2)N3C)C2(C)C(C)CCC3(CCC(=O)C32)C(C)C1O
4439,0,C=CC1=C(C(=O)O)N2C(=O)C(NC(=O)/C(=N/O)c3csc(N)n3)C2SC1,C=CC1=C(C(=O)O)N2C(=O)C(NC(=O)/C(=N/O)c3csc(N)n3)C2SC1
4440,0,C=CC1=C(C(=O)O)N2C(=O)C(NC(=O)/C(=N/OCC(=O)O)c3csc(N)n3)C2SC1,C=CC1=C(C(=O)O)N2C(=O)C(NC(=O)/C(=N/OCC(=O)O)c3csc(N)n3)C2SC1
4441,0,C=CC[N+]1(C2CC3C4CCC5CC(O)C(N6CCOCC6)CC5(C)C4CCC3(C)C2OC(C)=O)CCCC1,C=CC[N+]1(C2CC3C4CCC5CC(O)C(N6CCOCC6)CC5(C)C4CCC3(C)C2OC(C)=O)CCCC1
4442,0,C=Cc1c2[nH]c(c1C)C=C1N=C(C=c3[nH]c(c(CCC(=O)O)c3C)=Cc3[nH]c(c(C)c3CCC(=O)OC)C2)C2(C)C1=CC=C(C(=O)OC)C2C(=O)OC,C=Cc1c2[nH]c(c1C)C=C1N=C(C=c3[nH]c(c(CCC(=O)O)c3C)=Cc3[nH]c(c(C)c3CCC(=O)OC)C2)C2(C)C1=CC=C(C(=O)OC)C2C(=O)OC
4443,0,CC#CCC(C)C(O)/C=C/C1C(O)CC2C/C(=C/CCCC(=O)OCC(=O)c3ccccc3)CC21,CC#CCC(C)C(O)/C=C/C1C(O)CC2C/C(=C/CCCC(=O)OCC(=O)c3ccccc3)CC21
4444,0,CC(/C=C/C(C)C(C)(C)O)C1CCC2/C(=C/C=C3CC(O)CC(O)C3)CCCC21C,CC(/C=C/C(C)C(C)(C)O)C1CCC2/C(=C/C=C3CC(O)CC(O)C3)CCCC21C
4445,0,CC(/C=C1\SC(=S)N(CC(=O)O)C1=O)=C\c1ccccc1,CC(/C=C1\SC(=S)N(CC(=O)O)C1=O)=C\c1ccccc1
4446,0,CC(=O)N(O)CCCCCNC(=O)CCC(=O)N(O)CCCCCNC(=O)CCC(=O)N(O)CCCCCN,CC(=O)N(O)CCCCCNC(=O)CCC(=O)N(O)CCCCCNC(=O)CCC(=O)N(O)CCCCCN
4447,0,CC(=O)NC(C=O)C(O)C(O)C(O)CO,CC(=O)NC(C=O)C(O)C(O)C(O)CO
4448,0,CC(=O)NC1C(N=C(N)N)C=C(C(=O)O)OC1C(O)C(O)CO,CC(=O)NC1C(N=C(N)N)C=C(C(=O)O)OC1C(O)C(O)CO
4449,0,CC(=O)Nc1c(I)c(C(=O)NC2C(O)OC(CO)C(O)C2O)c(I)c(N(C)C(C)=O)c1I,CC(=O)Nc1c(I)c(C(=O)NC2C(O)OC(CO)C(O)C2O)c(I)c(N(C)C(C)=O)c1I
4450,0,CC(=O)Nc1cc(C(=O)O)c(I)c(NC(C)=O)c1I,CC(=O)Nc1cc(C(=O)O)c(I)c(NC(C)=O)c1I
4451,0,CC(=O)OC(C)C[N+](C)(C)C,CC(=O)OC(C)C[N+](C)(C)C
4452,0,CC(=O)OC1(C(C)=O)CCC2C3C=C(Cl)C4=CC(=O)C5CC5C4(C)C3CCC21C,CC(=O)OC1(C(C)=O)CCC2C3C=C(Cl)C4=CC(=O)C5CC5C4(C)C3CCC21C
4453,0,CC(=O)OC1(C(C)=O)CCC2C3C=CC4=CC(=O)CCC4(C)C3CCC21C,CC(=O)OC1(C(C)=O)CCC2C3C=CC4=CC(=O)CCC4(C)C3CCC21C
4454,0,CC(=O)OC1(C(C)=O)CCC2C3CC(C)C4=CC(=O)CCC4(C)C3CCC21C,CC(=O)OC1(C(C)=O)CCC2C3CC(C)C4=CC(=O)CCC4(C)C3CCC21C
4455,0,CC(=O)OC1CC2(C)C(CC(O)C3C4(C)CCC(O)C(C)C4CCC32C)/C1=C(/CCC=C(C)C)C(=O)O,CC(=O)OC1CC2(C)C(CC(O)C3C4(C)CCC(O)C(C)C4CCC32C)/C1=C(/CCC=C(C)C)C(=O)O
4456,0,CC(=O)OC1CC2CCC3C(CCC4(C)C3CC(N3CC[N+](C)(C)CC3)C4OC(C)=O)C2(C)CC1N1CC[N+](C)(C)CC1,CC(=O)OC1CC2CCC3C(CCC4(C)C3CC(N3CC[N+](C)(C)CC3)C4OC(C)=O)C2(C)CC1N1CC[N+](C)(C)CC1
4457,0,CC(=O)OC1CC2CCC3C(CCC4(C)C3CC([N+]3(C)CCCCC3)C4OC(C)=O)C2(C)CC1N1CCCCC1,CC(=O)OC1CC2CCC3C(CCC4(C)C3CC([N+]3(C)CCCCC3)C4OC(C)=O)C2(C)CC1N1CCCCC1
4458,0,CC(=O)OC1CC2CCC3C(CCC4(C)C3CC([N+]3(C)CCCCC3)C4OC(C)=O)C2(C)CC1[N+]1(C)CCCCC1,CC(=O)OC1CC2CCC3C(CCC4(C)C3CC([N+]3(C)CCCCC3)C4OC(C)=O)C2(C)CC1[N+]1(C)CCCCC1
4459,0,CC(=O)Oc1cc2c(s1)CCN(C(C(=O)C1CC1)c1ccccc1F)C2,CC(=O)Oc1cc2c(s1)CCN(C(C(=O)C1CC1)c1ccccc1F)C2
4460,0,CC(C)(C)NC(=O)NC(C(=O)N1CC2C(C1C(=O)NC(CC1CCC1)C(=O)C(N)=O)C2(C)C)C(C)(C)C,CC(C)(C)NC(=O)NC(C(=O)N1CC2C(C1C(=O)NC(CC1CCC1)C(=O)C(N)=O)C2(C)C)C(C)(C)C
4461,0,CC(C)(C)S(=O)(=O)CC(Cc1ccccc1)C(=O)NC(Cc1cnc[nH]1)C(=O)NC(CC1CCCCC1)C(O)C(O)C1CC1,CC(C)(C)S(=O)(=O)CC(Cc1ccccc1)C(=O)NC(Cc1cnc[nH]1)C(=O)NC(CC1CCCCC1)C(O)C(O)C1CC1
4462,0,CC(C)(C)c1cc(C(C)(C)C)c(NC(=O)c2c[nH]c3ccccc3c2=O)cc1O,CC(C)(C)c1cc(C(C)(C)C)c(NC(=O)c2c[nH]c3ccccc3c2=O)cc1O
4463,0,CC(C)(O/N=C(/C(=O)NC1C(=O)N2C(C(=O)O)=C(C[n+]3ccccc3)CSC12)c1csc(N)n1)C(=O)O,CC(C)(O/N=C(/C(=O)NC1C(=O)N2C(C(=O)O)=C(C[n+]3ccccc3)CSC12)c1csc(N)n1)C(=O)O
4464,1,CC(C)C(=O)Oc1ccc(CO)cc1C(CCN(C(C)C)C(C)C)c1ccccc1,CC(C)C(=O)Oc1ccc(CO)cc1C(CCN(C(C)C)C(C)C)c1ccccc1
4465,0,CC(C)C(=O)c1c(C(C)C)nn2ccccc12,CC(C)C(=O)c1c(C(C)C)nn2ccccc12
4466,0,CC(C)CC(NC(=O)C(CCc1ccccc1)NC(=O)CN1CCOCC1)C(=O)NC(Cc1ccccc1)C(=O)NC(CC(C)C)C(=O)C1(C)CO1,CC(C)CC(NC(=O)C(CCc1ccccc1)NC(=O)CN1CCOCC1)C(=O)NC(Cc1ccccc1)C(=O)NC(CC(C)C)C(=O)C1(C)CO1
4467,0,CC(C)CN(CC(O)C(Cc1ccccc1)NC(=O)OC1COC2OCCC12)S(=O)(=O)c1ccc(N)cc1,CC(C)CN(CC(O)C(Cc1ccccc1)NC(=O)OC1COC2OCCC12)S(=O)(=O)c1ccc(N)cc1
4468,0,CC(C)COC(=O)OCN1C(=O)CN(CCN2CC(=O)N(COC(=O)OCC(C)C)C(=O)C2)CC1=O,CC(C)COC(=O)OCN1C(=O)CN(CCN2CC(=O)N(COC(=O)OCC(C)C)C(=O)C2)CC1=O
4469,0,CC(C)N(CCCCOCC(=O)NS(C)(=O)=O)c1cnc(-c2ccccc2)c(-c2ccccc2)n1,CC(C)N(CCCCOCC(=O)NS(C)(=O)=O)c1cnc(-c2ccccc2)c(-c2ccccc2)n1
4470,0,CC(C)N1CCN(c2ccc(OCC3COC(Cn4cncn4)(c4ccc(Cl)cc4Cl)O3)cc2)CC1,CC(C)N1CCN(c2ccc(OCC3COC(Cn4cncn4)(c4ccc(Cl)cc4Cl)O3)cc2)CC1
4471,0,CC(C)OC(=O)C(C)NP(=O)(OCC1OC(n2ccc(=O)[nH]c2=O)C(C)(F)C1O)Oc1ccccc1,CC(C)OC(=O)C(C)NP(=O)(OCC1OC(n2ccc(=O)[nH]c2=O)C(C)(F)C1O)Oc1ccccc1
4472,0,CC(C)OC(=O)CCC/C=C/CC1C(O)CC(O)C1/C=C/C(F)(F)COc1ccccc1,CC(C)OC(=O)CCC/C=C/CC1C(O)CC(O)C1/C=C/C(F)(F)COc1ccccc1
4473,0,CC(C)OC(=O)CCC/C=C/CC1C(O)CC(O)C1CCC(O)CCc1ccccc1,CC(C)OC(=O)CCC/C=C/CC1C(O)CC(O)C1CCC(O)CCc1ccccc1
4474,0,CC(C)c1c(C(=O)Nc2ccccc2)c(-c2ccccc2)c(-c2ccc(F)cc2)n1CCC(O)CC(O)CC(=O)O,CC(C)c1c(C(=O)Nc2ccccc2)c(-c2ccccc2)c(-c2ccc(F)cc2)n1CCC(O)CC(O)CC(=O)O
4475,0,CC(C)c1cc2c(cc1S(=O)(=O)O)C1(C)CCCC(C)(C(=O)O)C1CC2,CC(C)c1cc2c(cc1S(=O)(=O)O)C1(C)CCCC(C)(C(=O)O)C1CC2
4476,0,CC(C)c1ccc2oc3nc(N)c(C(=O)O)cc3c(=O)c2c1,CC(C)c1ccc2oc3nc(N)c(C(=O)O)cc3c(=O)c2c1
4477,0,CC(C)c1cn(C2CC(O)C(CO)O2)c(=O)[nH]c1=O,CC(C)c1cn(C2CC(O)C(CO)O2)c(=O)[nH]c1=O
4478,0,CC(C)c1nc(CN(C)C(=O)NC(CCN2CCOCC2)C(=O)NC(CCC(Cc2ccccc2)NC(=O)OCc2cncs2)Cc2ccccc2)cs1,CC(C)c1nc(CN(C)C(=O)NC(CCN2CCOCC2)C(=O)NC(CCC(Cc2ccccc2)NC(=O)OCc2cncs2)Cc2ccccc2)cs1
4479,0,CC(C)n1c(/C=C/C(O)CC(O)CC(=O)O)c(-c2ccc(F)cc2)c2ccccc21,CC(C)n1c(/C=C/C(O)CC(O)CC(=O)O)c(-c2ccc(F)cc2)c2ccccc21
4480,1,CC(Cc1ccccc1)NC(=O)C(N)CCCCN,CC(Cc1ccccc1)NC(=O)C(N)CCCCN
4481,0,CC(O)C1C(=O)N2C(C(=O)OCOC(=O)C(C)(C)C)=C(SC3CN(C4=NCCS4)C3)C(C)C12,CC(O)C1C(=O)N2C(C(=O)OCOC(=O)C(C)(C)C)=C(SC3CN(C4=NCCS4)C3)C(C)C12
4482,1,CC(OC1OCCN(Cc2n[nH]c(=O)[nH]2)C1c1ccc(F)cc1)c1cc(C(F)(F)F)cc(C(F)(F)F)c1,CC(OC1OCCN(Cc2n[nH]c(=O)[nH]2)C1c1ccc(F)cc1)c1cc(C(F)(F)F)cc(C(F)(F)F)c1
4483,0,CC(Oc1cc(-c2cnn(C3CCNCC3)c2)cnc1N)c1c(Cl)ccc(F)c1Cl,CC(Oc1cc(-c2cnn(C3CCNCC3)c2)cnc1N)c1c(Cl)ccc(F)c1Cl
4484,0,CC(SC(=O)c1cccs1)C(=O)NCC(=O)O,CC(SC(=O)c1cccs1)C(=O)NCC(=O)O
4485,0,CC/C=C/C/C=C/C/C=C/C/C=C/C/C=C/CCCC(=O)OCC,CC/C=C/C/C=C/C/C=C/C/C=C/C/C=C/CCCC(=O)OCC
4486,0,CC1(C)CCC(C)(C)c2cc(NC(=O)c3ccc(C(=O)O)cc3)ccc21,CC1(C)CCC(C)(C)c2cc(NC(=O)c3ccc(C(=O)O)cc3)ccc21
4487,0,CC1(C)N=C(N)N=C(N)N1c1ccc(Cl)cc1,CC1(C)N=C(N)N=C(N)N1c1ccc(Cl)cc1
4488,0,CC12CCC3=C4CCC(=O)C=C4CCC3C1CCC2(O)CC#N,CC12CCC3=C4CCC(=O)C=C4CCC3C1CCC2(O)CC#N
4489,0,CC12CCC3C4C=CC(=O)NC4CCC3C1CCC2C(=O)Nc1cc(C(F)(F)F)ccc1C(F)(F)F,CC12CCC3C4C=CC(=O)NC4CCC3C1CCC2C(=O)Nc1cc(C(F)(F)F)ccc1C(F)(F)F
4490,0,CC12CCC3C4CCC(=O)C=C4CCC3C1CCC2OC(=O)CCc1ccccc1,CC12CCC3C4CCC(=O)C=C4CCC3C1CCC2OC(=O)CCc1ccccc1
4491,0,CC12CCC3c4ccc(O)cc4CC(CCCCCCCCC[S+]([O-])CCCC(F)(F)C(F)(F)F)C3C1CCC2O,CC12CCC3c4ccc(O)cc4CC(CCCCCCCCC[S+]([O-])CCCC(F)(F)C(F)(F)F)C3C1CCC2O
4492,0,CC12CCC3c4ccc(O)cc4CCC3C1CC(O)C2O,CC12CCC3c4ccc(O)cc4CCC3C1CC(O)C2O
4493,1,CC1=C(CC(=O)O)c2cc(F)ccc2/C1=C/c1ccc([S+](C)[O-])cc1,CC1=C(CC(=O)O)c2cc(F)ccc2/C1=C/c1ccc([S+](C)[O-])cc1
4494,0,CC1=CC(O)CC(C)(C)C1/C=C/C(C)=C/C=C/C(C)=C/C=C/C=C(C)/C=C/C=C(C)/C=C/C1=C(C)CC(O)CC1(C)C,CC1=CC(O)CC(C)(C)C1/C=C/C(C)=C/C=C/C(C)=C/C=C/C=C(C)/C=C/C=C(C)/C=C/C1=C(C)CC(O)CC1(C)C
4495,0,CC1CC(=O)NN=C1c1ccc(NN=C(C#N)C#N)cc1,CC1CC(=O)NN=C1c1ccc(NN=C(C#N)C#N)cc1
4496,0,CC1CC(OC(=O)C(OC(=O)c2cccnc2)c2ccccc2)CC(C)(C)C1,CC1CC(OC(=O)C(OC(=O)c2cccnc2)c2ccccc2)CC(C)(C)C1
4497,0,CC1CC2(C)C(CCC3C4CCC(O)C4(C)CCC32)CC1=O,CC1CC2(C)C(CCC3C4CCC(O)C4(C)CCC32)CC1=O
4498,0,CC1CCC(O)C/C1=C\C=C1/CCCC2(C)C1CCC2C(C)/C=C/C(C)C(C)C,CC1CCC(O)C/C1=C\C=C1/CCCC2(C)C1CCC2C(C)/C=C/C(C)C(C)C
4499,0,CC1CCc2c(N3CCC(O)CC3)c(F)cc3c(=O)c(C(=O)O)cn1c23,CC1CCc2c(N3CCC(O)CC3)c(F)cc3c(=O)c(C(=O)O)cn1c23
4500,0,CC1CNc2c(cccc2S(=O)(=O)NC(CCCN=C(N)N)C(=O)N2CCC(C)CC2C(=O)O)C1,CC1CNc2c(cccc2S(=O)(=O)NC(CCCN=C(N)N)C(=O)N2CCC(C)CC2C(=O)O)C1
4501,0,CC1OC2(CS1)CN1CCC2CC1,CC1OC2(CS1)CN1CCC2CC1
4502,0,CCC(C)(Oc1ccc(C2(c3ccc(OC(C)(CC)C(=O)O)cc3)CCCCC2)cc1)C(=O)O,CCC(C)(Oc1ccc(C2(c3ccc(OC(C)(CC)C(=O)O)cc3)CCCCC2)cc1)C(=O)O
4503,0,CCC12C=CCN3CCC4(c5cc(C6(C(=O)OC)CC7C=C(C)CN(C7)c7c6[nH]c6ccccc76)c(OC)cc5N(C)C4C(O)(C(=O)OC)C1OC(C)=O)C32,CCC12C=CCN3CCC4(c5cc(C6(C(=O)OC)CC7C=C(C)CN(C7)c7c6[nH]c6ccccc76)c(OC)cc5N(C)C4C(O)(C(=O)OC)C1OC(C)=O)C32
4504,0,CCC1C(=O)OCC1Cc1cncn1C,CCC1C(=O)OCC1Cc1cncn1C
4505,1,CCCC(C)(COC(N)=O)COC(=O)NC(C)C,CCCC(C)(COC(N)=O)COC(=O)NC(C)C
4506,0,CCCC(NC(=O)C1C2CCCC2CN1C(=O)C(NC(=O)C(NC(=O)c1cnccn1)C1CCCCC1)C(C)(C)C)C(=O)C(=O)NC1CC1,CCCC(NC(=O)C1C2CCCC2CN1C(=O)C(NC(=O)C(NC(=O)c1cnccn1)C1CCCCC1)C(C)(C)C)C(=O)C(=O)NC1CC1
4507,0,CCCC1C(=O)N(c2ccccc2)N(c2ccccc2)C1=O,CCCC1C(=O)N(c2ccccc2)N(c2ccccc2)C1=O
4508,0,CCCCC(=O)OCC(=O)C1(O)Cc2c(O)c3c(c(O)c2C(OC2CC(NC(=O)C(F)(F)F)C(O)C(C)O2)C1)C(=O)c1c(OC)cccc1C3=O,CCCCC(=O)OCC(=O)C1(O)Cc2c(O)c3c(c(O)c2C(OC2CC(NC(=O)C(F)(F)F)C(O)C(C)O2)C1)C(=O)c1c(OC)cccc1C3=O
4509,1,CCCCC(C)(O)C/C=C/C1C(O)CC(=O)C1CCCCCCC(=O)OC,CCCCC(C)(O)C/C=C/C1C(O)CC(=O)C1CCCCCCC(=O)OC
4510,0,CCCCC(CC)COC(=O)C(C#N)=C(c1ccccc1)c1ccccc1,CCCCC(CC)COC(=O)C(C#N)=C(c1ccccc1)c1ccccc1
4511,0,CCCCC(F)(F)C1(O)CCC2C(CC(=O)C2CCCCCCC(=O)O)O1,CCCCC(F)(F)C1(O)CCC2C(CC(=O)C2CCCCCCC(=O)O)O1
4512,0,CCCCCC(O)CCC1C(O)CC2Cc3c(cccc3OCC(=O)O)CC21,CCCCCC(O)CCC1C(O)CC2Cc3c(cccc3OCC(=O)O)CC21
4513,0,CCCCCCCC(=O)OC(O)C(O)CO,CCCCCCCC(=O)OC(O)C(O)CO
4514,0,CCCCCCCC/C=C/CCCCCCC(N)(C=O)CO,CCCCCCCC/C=C/CCCCCCC(N)(C=O)CO
4515,0,CCCCCCCCCC(=O)OC1CCC2C3CCC4=CC(=O)CCC4C3CCC12C,CCCCCCCCCC(=O)OC1CCC2C3CCC4=CC(=O)CCC4C3CCC12C
4516,0,CCCCCCCCCCCCCCCC(=O)O[C@@H]1[C@@H](O)[C@@H](O)[C@@H]([C@H](NC(=O)[C@@H]2C[C@@H](CCC)CN2C)[C@H](C)Cl)O[C@@H]1SC,CCCCCCCCCCCCCCCC(=O)O[C@@H]1[C@@H](O)[C@@H](O)[C@@H]([C@H](NC(=O)[C@@H]2C[C@@H](CCC)CN2C)[C@H](C)Cl)O[C@@H]1SC
4517,0,CCCCCCCCCCCCCCOS(=O)(=O)O,CCCCCCCCCCCCCCOS(=O)(=O)O
4518,0,CCCCCN(C)CCC(O)([P+](=O)O)P(=O)(O)O,CCCCCN(C)CCC(O)([P+](=O)O)P(=O)(O)O
4519,0,CCCCCN=C(N)N/N=C\c1c[nH]c2ccc(OC)cc12,CCCCCN=C(N)N/N=C\c1c[nH]c2ccc(OC)cc12
4520,0,CCCCCON=O,CCCCCON=O
4521,0,CCCCCOc1ccccc1/C(=C\SC)n1ccnc1,CCCCCOc1ccccc1/C(=C\SC)n1ccnc1
4522,1,CCCCN1CC(O)C(O)C(O)C1CO,CCCCN1CC(O)C(O)C(O)C1CO
4523,0,CCCCOc1cc(C(=O)OCCN(CC)CC)ccc1N,CCCCOc1cc(C(=O)OCCN(CC)CC)ccc1N
4524,0,CCCCS(=O)(=O)NC(Cc1ccc(OCCCCC2CCNCC2)cc1)C(=O)O,CCCCS(=O)(=O)NC(Cc1ccc(OCCCCC2CCNCC2)cc1)C(=O)O
4525,0,CCCC[C@H](NC(C)=O)C(=O)N[C@H]1CC(=O)NCCCC[C@@H](C(=O)O)NC(=O)[C@H](CC2=CNC3C=CC=CC23)NC(=O)[C@H](CCCN=C(N)N)NC(=O)[C@@H](Cc2ccccc2)NC(=O)[C@H](Cc2c[nH]cn2)NC1=O,CCCC[C@H](NC(C)=O)C(=O)N[C@H]1CC(=O)NCCCC[C@@H](C(=O)O)NC(=O)[C@H](CC2=CNC3C=CC=CC23)NC(=O)[C@H](CCCN=C(N)N)NC(=O)[C@@H](Cc2ccccc2)NC(=O)[C@H](Cc2c[nH]cn2)NC1=O
4526,0,CCCCc1nc(C)c(CC(=S)N(C)C)c(=O)n1Cc1ccc(-c2ccccc2-c2nn[nH]n2)cc1,CCCCc1nc(C)c(CC(=S)N(C)C)c(=O)n1Cc1ccc(-c2ccccc2-c2nn[nH]n2)cc1
4527,0,CCCCc1nc(CCCC)n(Cc2ccc(-c3ccccc3-c3nn[nH]n3)nc2)n1,CCCCc1nc(CCCC)n(Cc2ccc(-c3ccccc3-c3nn[nH]n3)nc2)n1
4528,0,CCCCc1ncc(/C=C(/Cc2cccs2)C(=O)O)n1Cc1ccc(C(=O)O)cc1,CCCCc1ncc(/C=C(/Cc2cccs2)C(=O)O)n1Cc1ccc(C(=O)O)cc1
4529,0,CCCCc1oc2ccc(NS(C)(=O)=O)cc2c1C(=O)c1ccc(OCCCN(CCCC)CCCC)cc1,CCCCc1oc2ccc(NS(C)(=O)=O)cc2c1C(=O)c1ccc(OCCCN(CCCC)CCCC)cc1
4530,1,CCCN(CCc1cccs1)C1CCc2c(O)cccc2C1,CCCN(CCc1cccs1)C1CCc2c(O)cccc2C1
4531,0,CCCOC(=O)Cn1cc(I)c(=O)c(I)c1,CCCOC(=O)Cn1cc(I)c(=O)c(I)c1
4532,0,CCCOc1ccc(S(=O)(=O)NCCC2CCCN2C)cc1-c1nc2c(CCC)nn(C)c2c(=O)[nH]1,CCCOc1ccc(S(=O)(=O)NCCC2CCCN2C)cc1-c1nc2c(CCC)nn(C)c2c(=O)[nH]1
4533,0,CCCS(=O)(=O)Nc1ccc(F)c(C(=O)c2c[nH]c3ncc(-c4ccc(Cl)cc4)cc23)c1F,CCCS(=O)(=O)Nc1ccc(F)c(C(=O)c2c[nH]c3ncc(-c4ccc(Cl)cc4)cc23)c1F
4534,0,CCCSc1nc(NC2CC2c2ccc(F)c(F)c2)c2nnn(C3CC(OCCO)C(O)C3O)c2n1,CCCSc1nc(NC2CC2c2ccc(F)c(F)c2)c2nnn(C3CC(OCCO)C(O)C3O)c2n1
4535,0,CCN(CC)CCNc1ccc(C)c2sc3ccccc3c(=O)c12,CCN(CC)CCNc1ccc(C)c2sc3ccccc3c(=O)c12
4536,0,CCN(CC)CCOc1ccc(/C(=C(/Cl)c2ccccc2)c2ccccc2)cc1,CCN(CC)CCOc1ccc(/C(=C(/Cl)c2ccccc2)c2ccccc2)cc1
4537,0,CCN(CC)CCS(=O)(=O)C1CCN2C(=O)c3coc(n3)CC(=O)CC(O)/C=C(C)\C=C/CNC(=O)/C=C\C(C)C(C(C)C)OC(=O)C12,CCN(CC)CCS(=O)(=O)C1CCN2C(=O)c3coc(n3)CC(=O)CC(O)/C=C(C)\C=C/CNC(=O)/C=C\C(C)C(C(C)C)OC(=O)C12
4538,0,CCN(CC)c1ccc(C(=C2C=CC(=[N+](CC)CC)C=C2)c2cc(S(=O)(=O)O)ccc2S(=O)(=O)O)cc1,CCN(CC)c1ccc(C(=C2C=CC(=[N+](CC)CC)C=C2)c2cc(S(=O)(=O)O)ccc2S(=O)(=O)O)cc1
4539,1,CCN(CCC(c1ccccc1)c1cc(C)ccc1O)C(C)C,CCN(CCC(c1ccccc1)c1cc(C)ccc1O)C(C)C
4540,0,CCN(CCO)CCCC(C)Nc1ccnc2cc(Cl)ccc12,CCN(CCO)CCCC(C)Nc1ccnc2cc(Cl)ccc12
4541,0,CCNC1CC(C)S(=O)(=O)c2sc(S(N)(=O)=O)cc21,CCNC1CC(C)S(=O)(=O)c2sc(S(N)(=O)=O)cc21
4542,0,CCNC1CC(N)C(OC2OC(CN)=CCC2N)C(O)C1OC1OCC(O)C(NC)C1(C)O,CCNC1CC(N)C(OC2OC(CN)=CCC2N)C(O)C1OC1OCC(O)C(NC)C1(C)O
4543,0,CCNC1CN(CCCOC)S(=O)(=O)c2sc(S(N)(=O)=O)cc21,CCNC1CN(CCCOC)S(=O)(=O)c2sc(S(N)(=O)=O)cc21
4544,0,CCOC(=O)/C=C(C)/C=C/C=C(C)/C=C/c1c(C)cc(OC)c(C)c1C,CCOC(=O)/C=C(C)/C=C/C=C(C)/C=C/c1c(C)cc(OC)c(C)c1C
4545,0,CCOC(=O)/C=C1\SC(N2CCCCC2)C(=O)N1C,CCOC(=O)/C=C1\SC(N2CCCCC2)C(=O)N1C
4546,0,CCOC(=O)C(CCc1ccccc1)NC(C)C(=O)N(CC(=O)O)C1Cc2ccccc2C1,CCOC(=O)C(CCc1ccccc1)NC(C)C(=O)N(CC(=O)O)C1Cc2ccccc2C1
4547,0,CCOC(=O)C(CCc1ccccc1)NC(C)C(=O)N1C(=O)N(C)CC1C(=O)O,CCOC(=O)C(CCc1ccccc1)NC(C)C(=O)N1C(=O)N(C)CC1C(=O)O
4548,0,CCOC(=O)C(CCc1ccccc1)NC1CSC(c2cccs2)CN(CC(=O)O)C1=O,CCOC(=O)C(CCc1ccccc1)NC1CSC(c2cccs2)CN(CC(=O)O)C1=O
4549,0,CCOC(=O)CC(SP(=S)(OC)OC)C(=O)OCC,CCOC(=O)CC(SP(=S)(OC)OC)C(=O)OCC
4550,0,CCOC(=O)CCCCCCCCC(C)c1ccccc1I,CCOC(=O)CCCCCCCCC(C)c1ccccc1I
4551,0,CCOC(=O)NNc1ccc(N(CC)CC(C)O)nn1,CCOC(=O)NNc1ccc(N(CC)CC(C)O)nn1
4552,0,CCOCC(O)COc1ccc(NC(=O)CC[S+](C)C)cc1,CCOCC(O)COc1ccc(NC(=O)CC[S+](C)C)cc1
4553,0,CCOCCn1c(C2CCN(CCc3ccc(C(C)(C)C(=O)O)cc3)CC2)nc2ccccc21,CCOCCn1c(C2CCN(CCc3ccc(C(C)(C)C(=O)O)cc3)CC2)nc2ccccc21
4554,0,CCOP(=O)(OCC)SCC[N+](C)(C)C,CCOP(=O)(OCC)SCC[N+](C)(C)C
4555,0,CCOc1ccc(Cc2cc(C3OC(CO)C(O)C(O)C3O)ccc2Cl)cc1,CCOc1ccc(Cc2cc(C3OC(CO)C(O)C(O)C3O)ccc2Cl)cc1
4556,0,CCOc1ccc(Cc2cc([C@]34OC[C@](CO)(O3)[C@@H](O)[C@H](O)[C@H]4O)ccc2Cl)cc1,CCOc1ccc(Cc2cc([C@]34OC[C@](CO)(O3)[C@@H](O)[C@H](O)[C@H]4O)ccc2Cl)cc1
4557,0,CN(C)C(=O)Oc1cc(OC(=O)N(C)C)cc(C(O)CNC(C)(C)C)c1,CN(C)C(=O)Oc1cc(OC(=O)N(C)C)cc(C(O)CNC(C)(C)C)c1
4558,1,CN(C)CC(c1ccc(O)cc1)C1(O)CCCCC1,CN(C)CC(c1ccc(O)cc1)C1(O)CCCCC1
4559,0,CN(C)c1cc(CNCC(C)(C)C)c(O)c2c1C[C@H]1C[C@H]3[C@H](N(C)C)C(=O)C(C(N)=O)=C(O)[C@@]3(O)C(=O)C1=C2O,CN(C)c1cc(CNCC(C)(C)C)c(O)c2c1C[C@H]1C[C@H]3[C@H](N(C)C)C(=O)C(C(N)=O)=C(O)[C@@]3(O)C(=O)C1=C2O
4560,0,CN(C)c1cc(NC(=O)CNC(C)(C)C)c(O)c2c1CC1CC3C(N(C)C)C(=O)C(C(N)=O)=C(O)C3(O)C(=O)C1=C2O,CN(C)c1cc(NC(=O)CNC(C)(C)C)c(O)c2c1CC1CC3C(N(C)C)C(=O)C(C(N)=O)=C(O)C3(O)C(=O)C1=C2O
4561,0,CN(C)c1ccc(C(=C2C=CC(=[N+](C)C)C=C2)c2ccc(N(C)C)cc2)cc1,CN(C)c1ccc(C(=C2C=CC(=[N+](C)C)C=C2)c2ccc(N(C)C)cc2)cc1
4562,0,CN(CC(=O)N1CCOCC1)Cc1c(Cl)cccc1NC(=O)c1ccccc1,CN(CC(=O)N1CCOCC1)Cc1c(Cl)cccc1NC(=O)c1ccccc1
4563,0,CN(c1nccc(=O)[nH]1)C1CCN(c2nc3ccccc3n2Cc2ccc(F)cc2)CC1,CN(c1nccc(=O)[nH]1)C1CCN(c2nc3ccccc3n2Cc2ccc(F)cc2)CC1
4564,1,CN1CC(C(=O)NC2(C)OC3(O)C4CCCN4C(=O)C(Cc4ccccc4)N3C2=O)C=C2c3cccc4[nH]cc(c34)CC21,CN1CC(C(=O)NC2(C)OC3(O)C4CCCN4C(=O)C(Cc4ccccc4)N3C2=O)C=C2c3cccc4[nH]cc(c34)CC21
4565,0,CN1CCC2(C)c3cc(OC(N)=O)ccc3N(C)C12,CN1CCC2(C)c3cc(OC(N)=O)ccc3N(C)C12
4566,1,CN1CCCC1Cc1c[nH]c2ccc(CCS(=O)(=O)c3ccccc3)cc12,CN1CCCC1Cc1c[nH]c2ccc(CCS(=O)(=O)c3ccccc3)cc12
4567,0,CN=C(N)NC(=O)Nc1c(C)cccc1C,CN=C(N)NC(=O)Nc1c(C)cccc1C
4568,0,CNC(=O)CN(CCN(CCN(CC(=O)O)CC(=O)NC)CC(=O)O)CC(=O)O,CNC(=O)CN(CCN(CCN(CC(=O)O)CC(=O)NC)CC(=O)O)CC(=O)O
4569,0,CNC(=O)c1cc(Oc2ccc(NC(=O)Nc3ccc(Cl)c(C(F)(F)F)c3)c(F)c2)ccn1,CNC(=O)c1cc(Oc2ccc(NC(=O)Nc3ccc(Cl)c(C(F)(F)F)c3)c(F)c2)ccn1
4570,0,CNC(=O)c1ccccc1Sc1ccc2c(/C=C/c3ccccn3)n[nH]c2c1,CNC(=O)c1ccccc1Sc1ccc2c(/C=C/c3ccccn3)n[nH]c2c1
4571,0,CNC(=O)c1cnn(-c2nc(N)c3ncn(C4OC(CO)C(O)C4O)c3n2)c1,CNC(=O)c1cnn(-c2nc(N)c3ncn(C4OC(CO)C(O)C4O)c3n2)c1
4572,1,CNC(C)CCC=C(C)C,CNC(C)CCC=C(C)C
4573,0,CNC1(C)C2CCC(C2)C1(C)C,CNC1(C)C2CCC(C2)C1(C)C
4574,0,CO/N=C(/C(=O)NC1C(=O)N2C(C(=O)O)=C(/C=C/c3scnc3C)CSC12)c1csc(N)n1,CO/N=C(/C(=O)NC1C(=O)N2C(C(=O)O)=C(/C=C/c3scnc3C)CSC12)c1csc(N)n1
4575,0,CO/N=C(/C(=O)NC1C(=O)N2C(C(=O)O)=C(COC(C)=O)CSC12)c1csc(N)n1,CO/N=C(/C(=O)NC1C(=O)N2C(C(=O)O)=C(COC(C)=O)CSC12)c1csc(N)n1
4576,0,CO/N=C(/C(=O)NC1C(=O)N2C(C(=O)O)=C(CSc3nnnn3C)CSC12)c1csc(N)n1,CO/N=C(/C(=O)NC1C(=O)N2C(C(=O)O)=C(CSc3nnnn3C)CSC12)c1csc(N)n1
4577,0,CO/N=C(/C(=O)NC1C(=O)N2C(C(=O)O)=CCSC12)c1csc(N)n1,CO/N=C(/C(=O)NC1C(=O)N2C(C(=O)O)=CCSC12)c1csc(N)n1
4578,0,CO/N=C(/C(=O)NC1C(=O)N2C(C(=O)OC(C)OC(C)=O)=C(COC(N)=O)CSC12)c1ccco1,CO/N=C(/C(=O)NC1C(=O)N2C(C(=O)OC(C)OC(C)=O)=C(COC(N)=O)CSC12)c1ccco1
4579,0,CO/N=C(/C(=O)NC1C(=O)N2C(C(=O)OCOC(=O)C(C)(C)C)=C(/C=C/c3scnc3C)CSC12)c1csc(N)n1,CO/N=C(/C(=O)NC1C(=O)N2C(C(=O)OCOC(=O)C(C)(C)C)=C(/C=C/c3scnc3C)CSC12)c1csc(N)n1
4580,0,CO/N=C(\C(=O)NC1C(=O)N2C(C(=O)O)=C(CSc3[nH]c(=O)c(=O)[nH][n+]3C)CSC12)c1csc(N)n1,CO/N=C(\C(=O)NC1C(=O)N2C(C(=O)O)=C(CSc3[nH]c(=O)c(=O)[nH][n+]3C)CSC12)c1csc(N)n1
4581,0,CO/N=C1/CN(c2nc3c(cc2F)c(=O)c(C(=O)O)cn3C2CC2)CC1CN,CO/N=C1/CN(c2nc3c(cc2F)c(=O)c(C(=O)O)cn3C2CC2)CC1CN
4582,1,COC(=O)C1=COC(C)C2CN3CCc4c([nH]c5ccccc45)C3CC12,COC(=O)C1=COC(C)C2CN3CCc4c([nH]c5ccccc45)C3CC12
4583,0,COC(=O)C1C2CC3c4[nH]c5cc(OC)ccc5c4CCN3CC2CC(OC(=O)/C=C/c2cc(OC)c(OC)c(OC)c2)C1OC,COC(=O)C1C2CC3c4[nH]c5cc(OC)ccc5c4CCN3CC2CC(OC(=O)/C=C/c2cc(OC)c(OC)c(OC)c2)C1OC
4584,0,COC(=O)CCC(=O)CN,COC(=O)CCC(=O)CN
4585,0,COC(=O)N[C@H](C(=O)N1CCC[C@H]1c1nc2cc(F)c([C@H]3CC[C@H](c4cc5[nH]c([C@@H]6CCCN6C(=O)[C@@H](NC(=O)OC)[C@@H](C)OC)nc5cc4F)N3c3cc(F)c(N4CCC(c5ccc(F)cc5)CC4)c(F)c3)cc2[nH]1)[C@@H](C)OC,COC(=O)N[C@H](C(=O)N1CCC[C@H]1c1nc2cc(F)c([C@H]3CC[C@H](c4cc5[nH]c([C@@H]6CCCN6C(=O)[C@@H](NC(=O)OC)[C@@H](C)OC)nc5cc4F)N3c3cc(F)c(N4CCC(c5ccc(F)cc5)CC4)c(F)c3)cc2[nH]1)[C@@H](C)OC
4586,0,COC1/C=C\OC2(C)Oc3c(C)c(O)c4c(O)c(c5c(nc6cc(C)ccn65)c4c3C2=O)NC(=O)/C(C)=C\C=C/C(C)C(O)C(C)C(O)C(C)C(OC(C)=O)C1C,COC1/C=C\OC2(C)Oc3c(C)c(O)c4c(O)c(c5c(nc6cc(C)ccn65)c4c3C2=O)NC(=O)/C(C)=C\C=C/C(C)C(O)C(C)C(O)C(C)C(OC(C)=O)C1C
4587,0,COC1=CC(=O)CC(C)C12Oc1c(Cl)c(OC)cc(OC)c1C2=O,COC1=CC(=O)CC(C)C12Oc1c(Cl)c(OC)cc(OC)c1C2=O
4588,0,COC1OC2OC3(C)CCC4C(C)CCC(C1C)C24OO3,COC1OC2OC3(C)CCC4C(C)CCC(C1C)C24OO3
4589,0,COCCCOc1cc(CC(CC(N)C(O)CC(C(=O)NCC(C)(C)C(N)=O)C(C)C)C(C)C)ccc1OC,COCCCOc1cc(CC(CC(N)C(O)CC(C(=O)NCC(C)(C)C(N)=O)C(C)C)C(C)C)ccc1OC
4590,0,CON(C)Cc1ccc(O)c2c1C[C@H]1C[C@H]3[C@H](N(C)C)C(=O)C(C(N)=O)=C(O)[C@@]3(O)C(=O)C1=C2O,CON(C)Cc1ccc(O)c2c1C[C@H]1C[C@H]3[C@H](N(C)C)C(=O)C(C(N)=O)=C(O)[C@@]3(O)C(=O)C1=C2O
4591,0,COc1c(C)c2c(c(O)c1C/C=C(\C)CCC(=O)OCCN1CCOCC1)C(=O)OC2,COc1c(C)c2c(c(O)c1C/C=C(\C)CCC(=O)OCCN1CCOCC1)C(=O)OC2
4592,0,COc1cc(C(=O)NC2CCCNC2)cc(OC)c1OC,COc1cc(C(=O)NC2CCCNC2)cc(OC)c1OC
4593,0,COc1cc(C)c(/C=C/C(C)=C/C=C/C(C)=C/C(=O)O)c(C)c1C,COc1cc(C)c(/C=C/C(C)=C/C=C/C(C)=C/C(=O)O)c(C)c1C
4594,0,COc1cc(C2c3cc4c(cc3C(O)C3COC(=O)C23)OCO4)cc(OC)c1OC,COc1cc(C2c3cc4c(cc3C(O)C3COC(=O)C23)OCO4)cc(OC)c1OC
4595,0,COc1cc(NS(=O)(=O)c2ccc(N)cc2)nc(OC)n1,COc1cc(NS(=O)(=O)c2ccc(N)cc2)nc(OC)n1
4596,0,COc1cc(Nc2c(C#N)cnc3cc(OCCCN4CCN(C)CC4)c(OC)cc23)c(Cl)cc1Cl,COc1cc(Nc2c(C#N)cnc3cc(OCCCN4CCN(C)CC4)c(OC)cc23)c(Cl)cc1Cl
4597,0,COc1cc(Nc2ncc(F)c(Nc3ccc4c(n3)N(COP(=O)(O)O)C(=O)C(C)(C)O4)n2)cc(OC)c1OC,COc1cc(Nc2ncc(F)c(Nc3ccc4c(n3)N(COP(=O)(O)O)C(=O)C(C)(C)O4)n2)cc(OC)c1OC
4598,0,COc1cc(OC)cc(N(CCNC(C)C)c2ccc3ncc(-c4cnn(C)c4)nc3c2)c1,COc1cc(OC)cc(N(CCNC(C)C)c2ccc3ncc(-c4cnn(C)c4)nc3c2)c1
4599,0,COc1cc2nc(N(C)CCCNC(=O)C3CCCO3)nc(N)c2cc1OC,COc1cc2nc(N(C)CCCNC(=O)C3CCCO3)nc(N)c2cc1OC
4600,0,COc1ccc(-c2ccc3cc(C(=O)O)ccc3c2)cc1C12CC3CC(CC(C3)C1)C2,COc1ccc(-c2ccc3cc(C(=O)O)ccc3c2)cc1C12CC3CC(CC(C3)C1)C2
4601,0,COc1ccc(-n2nc(C(N)=O)c3c2C(=O)N(c2ccc(N4CCCCC4=O)cc2)CC3)cc1,COc1ccc(-n2nc(C(N)=O)c3c2C(=O)N(c2ccc(N4CCCCC4=O)cc2)CC3)cc1
4602,0,COc1ccc(C(=O)N2CCN(c3ccc4c(c3)CCC(=O)N4)CC2)cc1OC,COc1ccc(C(=O)N2CCN(c3ccc4c(c3)CCC(=O)N4)CC2)cc1OC
4603,0,COc1ccc(C2CC(=O)c3c(O)cc(O)cc3O2)cc1O,COc1ccc(C2CC(=O)c3c(O)cc(O)cc3O2)cc1O
4604,0,COc1ccc(CCNC[C@@H](O)c2ccc(O)cc2)cc1OC,COc1ccc(CCNC[C@@H](O)c2ccc(O)cc2)cc1OC
4605,0,COc1ccc(CCOC2CCCCC2N2CCC(O)C2)cc1OC,COc1ccc(CCOC2CCCCC2N2CCC(O)C2)cc1OC
4606,0,COc1ccc(CNc2nc(N3CCCC3CO)ncc2C(=O)NCc2ncccn2)cc1Cl,COc1ccc(CNc2nc(N3CCCC3CO)ncc2C(=O)NCc2ncccn2)cc1Cl
4607,0,COc1ccc(O)cc1,COc1ccc(O)cc1
4608,0,COc1ccc2cc1Oc1cc3c(cc1OC)CC[N+](C)(C)C3Cc1ccc(cc1)Oc1c(OC)c(OC)cc3c1C(C2)[N+](C)(C)CC3,COc1ccc2cc1Oc1cc3c(cc1OC)CC[N+](C)(C)C3Cc1ccc(cc1)Oc1c(OC)c(OC)cc3c1C(C2)[N+](C)(C)CC3
4609,0,COc1cccc(N2CCN(C3=Nc4c(F)cccc4[C@H](CC(=O)O)N3c3cc(C(F)(F)F)ccc3OC)CC2)c1,COc1cccc(N2CCN(C3=Nc4c(F)cccc4[C@H](CC(=O)O)N3c3cc(C(F)(F)F)ccc3OC)CC2)c1
4610,0,COc1cccc(OC)c1C(=O)NC1C(=O)N2C1SC(C)(C)C2C(=O)O,COc1cccc(OC)c1C(=O)NC1C(=O)N2C1SC(C)(C)C2C(=O)O
4611,0,COc1ccnc(C[S+]([O-])c2nc3ccc(-n4cccc4)cc3[nH]2)c1C,COc1ccnc(C[S+]([O-])c2nc3ccc(-n4cccc4)cc3[nH]2)c1C
4612,0,COc1nc(N)nc2c1ncn2[C@@H]1O[C@H](CO)[C@@H](O)[C@@H]1O,COc1nc(N)nc2c1ncn2[C@@H]1O[C@H](CO)[C@@H](O)[C@@H]1O
4613,0,COc1nccnc1NS(=O)(=O)c1ccc(N)cc1,COc1nccnc1NS(=O)(=O)c1ccc(N)cc1
4614,0,CS(=O)(=O)Nc1cc2occ(NC=O)c(=O)c2cc1Oc1ccccc1,CS(=O)(=O)Nc1cc2occ(NC=O)c(=O)c2cc1Oc1ccccc1
4615,0,CSCCC(NC(=O)C(Cc1c[nH]c2ccccc12)NC(=O)CCNC(=O)OC(C)(C)C)C(=O)NC(CC(=O)O)C(=O)NC(Cc1ccccc1)C(N)=O,CSCCC(NC(=O)C(Cc1c[nH]c2ccccc12)NC(=O)CCNC(=O)OC(C)(C)C)C(=O)NC(CC(=O)O)C(=O)NC(Cc1ccccc1)C(N)=O
4616,0,CSc1nc2cc(Oc3cccc(Cl)c3Cl)c(Cl)cc2[nH]1,CSc1nc2cc(Oc3cccc(Cl)c3Cl)c(Cl)cc2[nH]1
4617,0,C[C@H](N[C@@H](CCc1ccccc1)C(=O)O)C(=O)N1CCC[C@H]1C(=O)O,C[C@H](N[C@@H](CCc1ccccc1)C(=O)O)C(=O)N1CCC[C@H]1C(=O)O
4618,0,C[C@]12CC[C@H]3C(=CCc4cc(O)ccc43)[C@@H]1CCC2=O,C[C@]12CC[C@H]3C(=CCc4cc(O)ccc43)[C@@H]1CCC2=O
4619,0,C[N+](C)(C)CCCCCCCCCC[N+](C)(C)C,C[N+](C)(C)CCCCCCCCCC[N+](C)(C)C
4620,0,C[N+]1(CCCCC[N+]2(C)CCCC2)CCCC1,C[N+]1(CCCCC[N+]2(C)CCCC2)CCCC1
4621,0,Cc1c(-c2ccc(O)cc2)n(Cc2ccc(OCCN3CCCCCC3)cc2)c2ccc(O)cc12,Cc1c(-c2ccc(O)cc2)n(Cc2ccc(OCCN3CCCCCC3)cc2)c2ccc(O)cc12
4622,0,Cc1c2cc[n+](C)cc2c(C)c2c1[nH]c1ccc(O)cc12,Cc1c2cc[n+](C)cc2c(C)c2c1[nH]c1ccc(O)cc12
4623,0,Cc1cc(C#N)cc(C)c1Oc1nc(Nc2ccc(C#N)cc2)nc(N)c1Br,Cc1cc(C#N)cc(C)c1Oc1nc(Nc2ccc(C#N)cc2)nc(N)c1Br
4624,0,Cc1cc(C(C)(C)C)c(O)c(C)c1CC1=NCCN1,Cc1cc(C(C)(C)C)c(O)c(C)c1CC1=NCCN1
4625,0,Cc1cc(C(C)(C)C)cc(C)c1CC1=NCCN1,Cc1cc(C(C)(C)C)cc(C)c1CC1=NCCN1
4626,0,Cc1cc(O)[n+]([O-])c(C2CCCCC2)c1,Cc1cc(O)[n+]([O-])c(C2CCCCC2)c1
4627,0,Cc1cc2c(OCC(CNC(C)(C)C)OC(=O)c3ccccc3)cccc2[nH]1,Cc1cc2c(OCC(CNC(C)(C)C)OC(=O)c3ccccc3)cccc2[nH]1
4628,0,Cc1ccc(=O)n(-c2ccccc2)c1,Cc1ccc(=O)n(-c2ccccc2)c1
4629,0,Cc1ccc(C(=O)Nc2ccc(CN3CCN(C)CC3)c(C(F)(F)F)c2)cc1C#Cc1cnc2cccnn12,Cc1ccc(C(=O)Nc2ccc(CN3CCN(C)CC3)c(C(F)(F)F)c2)cc1C#Cc1cnc2cccnn12
4630,0,Cc1ccc(N(CC2=NCCN2)c2cccc(O)c2)cc1,Cc1ccc(N(CC2=NCCN2)c2cccc(O)c2)cc1
4631,0,Cc1ccccc1N1CCN(CCc2nnc3n2CCCC3)CC1,Cc1ccccc1N1CCN(CCc2nnc3n2CCCC3)CC1
4632,0,Cc1ccn(-c2cc(Cl)ccc2[C@@H](Oc2cc(-c3ccc(C[C@H](N)C(=O)O)cc3)nc(N)n2)C(F)(F)F)n1,Cc1ccn(-c2cc(Cl)ccc2[C@@H](Oc2cc(-c3ccc(C[C@H](N)C(=O)O)cc3)nc(N)n2)C(F)(F)F)n1
4633,0,Cc1cn(-c2cc(NC(=O)c3ccc(C)c(Nc4nccc(-c5cccnc5)n4)c3)cc(C(F)(F)F)c2)cn1,Cc1cn(-c2cc(NC(=O)c3ccc(C)c(Nc4nccc(-c5cccnc5)n4)c3)cc(C(F)(F)F)c2)cn1
4634,0,Cc1cn(C2CC(O)C(CO)O2)c(=O)[nH]c1=O,Cc1cn(C2CC(O)C(CO)O2)c(=O)[nH]c1=O
4635,0,Cc1cn(C2OC(CO)C(O)C2F)c(=O)[nH]c1=O,Cc1cn(C2OC(CO)C(O)C2F)c(=O)[nH]c1=O
4636,0,Cc1cn[nH]c1,Cc1cn[nH]c1
4637,0,Cc1nc(-c2ccc(OCC(C)C)c(C#N)c2)sc1C(=O)O,Cc1nc(-c2ccc(OCC(C)C)c(C#N)c2)sc1C(=O)O
4638,0,Cc1nc(NC(=O)N2CCC[C@H]2C(N)=O)sc1-c1ccnc(C(C)(C)C(F)(F)F)c1,Cc1nc(NC(=O)N2CCC[C@H]2C(N)=O)sc1-c1ccnc(C(C)(C)C(F)(F)F)c1
4639,0,Cc1nc(NS(=O)(=O)c2ccc(N)cc2)oc1C,Cc1nc(NS(=O)(=O)c2ccc(N)cc2)oc1C
4640,0,Cc1nc(Nc2ncc(C(=O)Nc3c(C)cccc3Cl)s2)cc(N2CCN(CCO)CC2)n1,Cc1nc(Nc2ncc(C(=O)Nc3c(C)cccc3Cl)s2)cc(N2CCN(CCO)CC2)n1
4641,0,Cc1nc2c([nH]1)CCN(C(=O)c1ccc(NC(=O)c3ccccc3-c3ccccc3)cc1)c1ccccc1-2,Cc1nc2c([nH]1)CCN(C(=O)c1ccc(NC(=O)c3ccccc3-c3ccccc3)cc1)c1ccccc1-2
4642,0,Cc1nc2ccc(CN(C)c3ccc(C(=O)NC(CCC(=O)O)C(=O)O)s3)cc2c(=O)[nH]1,Cc1nc2ccc(CN(C)c3ccc(C(=O)NC(CCC(=O)O)C(=O)O)s3)cc2c(=O)[nH]1
4643,0,Cc1nccn1CCC(C(N)=O)(c1ccccc1)c1ccccc1,Cc1nccn1CCC(C(N)=O)(c1ccccc1)c1ccccc1
4644,0,Cc1nnc(C(C)C)n1C1CC2CCC(C1)N2CCC(NC(=O)C1CCC(F)(F)CC1)c1ccccc1,Cc1nnc(C(C)C)n1C1CC2CCC(C1)N2CCC(NC(=O)C1CCC(F)(F)CC1)c1ccccc1
4645,0,Cc1oc(=O)oc1CN1CCN(c2cc3c(cc2F)c(=O)c(C(=O)O)c2n3C(C)S2)CC1,Cc1oc(=O)oc1CN1CCN(c2cc3c(cc2F)c(=O)c(C(=O)O)c2n3C(C)S2)CC1
4646,0,Clc1cc(Cl)c(OCC#CI)cc1Cl,Clc1cc(Cl)c(OCC#CI)cc1Cl
4647,0,Clc1cc(Cl)c2c(c1)CCc1ccccc1C2n1ccnc1,Clc1cc(Cl)c2c(c1)CCc1ccccc1C2n1ccnc1
4648,0,Clc1ccc(C(Cn2ccnc2)OCc2ccc(Sc3ccccc3)cc2)c(Cl)c1,Clc1ccc(C(Cn2ccnc2)OCc2ccc(Sc3ccccc3)cc2)c(Cl)c1
4649,0,Clc1ccc(C(Cn2ccnc2)OCc2csc3c(Cl)cccc23)c(Cl)c1,Clc1ccc(C(Cn2ccnc2)OCc2csc3c(Cl)cccc23)c(Cl)c1
4650,0,Clc1ccc(CCC(Cn2ccnc2)Sc2c(Cl)cccc2Cl)cc1,Clc1ccc(CCC(Cn2ccnc2)Sc2c(Cl)cccc2Cl)cc1
4651,0,Clc1ccc(CSC(Cn2ccnc2)c2ccc(Cl)cc2Cl)cc1,Clc1ccc(CSC(Cn2ccnc2)c2ccc(Cl)cc2Cl)cc1
4652,1,Clc1ccc2nsnc2c1NC1=NCCN1,Clc1ccc2nsnc2c1NC1=NCCN1
4653,0,Cn1c(=O)cc(N2CCCC(N)C2)n(Cc2ccccc2C#N)c1=O,Cn1c(=O)cc(N2CCCC(N)C2)n(Cc2ccccc2C#N)c1=O
4654,0,Fc1ccc(C(c2ccccc2)(c2ccccc2F)n2ccnc2)cc1,Fc1ccc(C(c2ccccc2)(c2ccccc2F)n2ccnc2)cc1
4655,0,N#CC(CCN1CCC(C(=O)O)(c2ccccc2)CC1)(c1ccccc1)c1ccccc1,N#CC(CCN1CCC(C(=O)O)(c2ccccc2)CC1)(c1ccccc1)c1ccccc1
4656,0,N#CC1CC2CC2N1C(=O)C(N)C12CC3CC(CC(O)(C3)C1)C2,N#CC1CC2CC2N1C(=O)C(N)C12CC3CC(CC(O)(C3)C1)C2
4657,0,N#CC1CCCN1C(=O)CNC12CC3CC(CC(O)(C3)C1)C2,N#CC1CCCN1C(=O)CNC12CC3CC(CC(O)(C3)C1)C2
4658,1,N#Cc1ccc2[nH]cc(CCCCN3CCN(c4ccc5oc(C(N)=O)cc5c4)CC3)c2c1,N#Cc1ccc2[nH]cc(CCCCN3CCN(c4ccc5oc(C(N)=O)cc5c4)CC3)c2c1
4659,0,N=C(N)N1CCc2ccccc2C1,N=C(N)N1CCc2ccccc2C1
4660,0,NC(=NCCCCCCN=C(N)N=C(N)Nc1ccc(Cl)cc1)N=C(N)Nc1ccc(Cl)cc1,NC(=NCCCCCCN=C(N)N=C(N)Nc1ccc(Cl)cc1)N=C(N)Nc1ccc(Cl)cc1
4661,0,NC(=O)N/N=C\c1ccc([N+](=O)[O-])o1,NC(=O)N/N=C\c1ccc([N+](=O)[O-])o1
4662,0,NC(CCC(=O)NC(CS)C(=O)NCC(=O)O)C(=O)O,NC(CCC(=O)NC(CS)C(=O)NCC(=O)O)C(=O)O
4663,0,NC(CSSCC(N)C(=O)O)C(=O)O,NC(CSSCC(N)C(=O)O)C(=O)O
4664,0,NC(Cn1ccc(=O)c(O)c1)C(=O)O,NC(Cn1ccc(=O)c(O)c1)C(=O)O
4665,0,NC1CCCCN(c2c(F)cc3c(=O)c(C(=O)O)cn(C4CC4)c3c2Cl)C1,NC1CCCCN(c2c(F)cc3c(=O)c(C(=O)O)cn(C4CC4)c3c2Cl)C1
4666,0,NC1CCN(c2nc3c(cc2F)c(=O)c(C(=O)O)cn3-c2ccc(F)cc2F)C1,NC1CCN(c2nc3c(cc2F)c(=O)c(C(=O)O)cn3-c2ccc(F)cc2F)C1
4667,0,NCCCNCCCCNCCCN,NCCCNCCCCNCCCN
4668,0,NCCNCCNCCNCCN,NCCNCCNCCNCCN
4669,0,NCCc1ccn[nH]1,NCCc1ccn[nH]1
4670,0,NCCc1cnc[nH]1,NCCc1cnc[nH]1
4671,0,NCc1ccc(S(N)(=O)=O)cc1,NCc1ccc(S(N)(=O)=O)cc1
4672,0,Nc1ccc(S(=O)(=O)Nc2nccs2)cc1,Nc1ccc(S(=O)(=O)Nc2nccs2)cc1
4673,0,Nc1ccc(S(N)(=O)=O)cc1,Nc1ccc(S(N)(=O)=O)cc1
4674,0,Nc1ccc2cc3ccc(N)cc3nc2c1,Nc1ccc2cc3ccc(N)cc3nc2c1
4675,0,Nc1ccn(C2OC(CO)C(O)C2(F)F)c(=O)n1,Nc1ccn(C2OC(CO)C(O)C2(F)F)c(=O)n1
4676,1,Nc1ccncc1,Nc1ccncc1
4677,1,Nc1nc(CC(=O)Nc2ccc(CCNCC(O)c3ccccc3)cc2)cs1,Nc1nc(CC(=O)Nc2ccc(CCNCC(O)c3ccccc3)cc2)cs1
4678,0,Nc1nc(Cl)nc2c1ncn2C1OC(CO)C(O)C1F,Nc1nc(Cl)nc2c1ncn2C1OC(CO)C(O)C1F
4679,0,Nc1nc(F)nc2c1ncn2C1OC(COP(=O)(O)O)C(O)C1O,Nc1nc(F)nc2c1ncn2C1OC(COP(=O)(O)O)C(O)C1O
4680,0,Nc1nc2c(c(=O)[nH]1)NC(CNc1ccc(C(=O)NC(CCC(=O)O)C(=O)O)cc1)CN2,Nc1nc2c(c(=O)[nH]1)NC(CNc1ccc(C(=O)NC(CCC(=O)O)C(=O)O)cc1)CN2
4681,0,Nc1ncn(C2CC(O)C(CO)O2)c(=O)n1,Nc1ncn(C2CC(O)C(CO)O2)c(=O)n1
4682,0,Nc1ncnc2c1ncn2C1OC(COP(=O)(O)OP(=O)(O)OP(=O)(O)O)C(O)C1O,Nc1ncnc2c1ncn2C1OC(COP(=O)(O)OP(=O)(O)OP(=O)(O)O)C(O)C1O
4683,0,Nc1ncnc2nc[nH]c12,Nc1ncnc2nc[nH]c12
4684,0,O=C(/C=C\n1cnc(-c2cc(C(F)(F)F)cc(C(F)(F)F)c2)n1)NNc1cnccn1,O=C(/C=C\n1cnc(-c2cc(C(F)(F)F)cc(C(F)(F)F)c2)n1)NNc1cnccn1
4685,0,O=C(CCCc1ccccc1)OCC(COC(=O)CCCc1ccccc1)OC(=O)CCCc1ccccc1,O=C(CCCc1ccccc1)OCC(COC(=O)CCCc1ccccc1)OC(=O)CCCc1ccccc1
4686,0,O=C(NCC(O)CO)c1c(I)c(C(=O)NCC(O)CO)c(I)c(N(CCO)C(=O)CO)c1I,O=C(NCC(O)CO)c1c(I)c(C(=O)NCC(O)CO)c(I)c(N(CCO)C(=O)CO)c1I
4687,0,O=C(NCC1CN(c2ccc(N3CCOCC3=O)cc2)C(=O)O1)c1ccc(Cl)s1,O=C(NCC1CN(c2ccc(N3CCOCC3=O)cc2)C(=O)O1)c1ccc(Cl)s1
4688,0,O=C(NCCS(=O)(=O)O)c1cccs1,O=C(NCCS(=O)(=O)O)c1cccs1
4689,0,O=C(Nc1ccc2c(=O)cc(-c3nn[nH]n3)oc2c1)c1ccc(OCCCCc2ccccc2)cc1,O=C(Nc1ccc2c(=O)cc(-c3nn[nH]n3)oc2c1)c1ccc(OCCCCc2ccccc2)cc1
4690,0,O=C(O)/C=C/c1ccc(Cn2ccnc2)cc1,O=C(O)/C=C/c1ccc(Cn2ccnc2)cc1
4691,0,O=C(O)C(CC(=O)N1CC2CCCCC2C1)Cc1ccccc1,O=C(O)C(CC(=O)N1CC2CCCCC2C1)Cc1ccccc1
4692,1,O=C(O)CCCO,O=C(O)CCCO
4693,0,O=C(O)CN(CCN(CC(=O)O)CC(=O)O)CCN(CC(=O)O)C(COCc1ccccc1)C(=O)O,O=C(O)CN(CCN(CC(=O)O)CC(=O)O)CCN(CC(=O)O)C(COCc1ccccc1)C(=O)O
4694,0,O=C(O)CN(CCN(CC(=O)O)CC(=O)O)CCN(CC(=O)O)CC(=O)O,O=C(O)CN(CCN(CC(=O)O)CC(=O)O)CCN(CC(=O)O)CC(=O)O
4695,0,O=C(O)c1ccc(-n2nc(-c3ccccc3O)nc2-c2ccccc2O)cc1,O=C(O)c1ccc(-n2nc(-c3ccccc3O)nc2-c2ccccc2O)cc1
4696,0,O=C(O)c1ccc2nc(-c3cc(Cl)cc(Cl)c3)oc2c1,O=C(O)c1ccc2nc(-c3cc(Cl)cc(Cl)c3)oc2c1
4697,0,O=C(OC1C[N+]2(CCCOc3ccccc3)CCC1CC2)C(O)(c1cccs1)c1cccs1,O=C(OC1C[N+]2(CCCOc3ccccc3)CCC1CC2)C(O)(c1cccs1)c1cccs1
4698,0,O=C(OCc1ccccc1)c1ccccc1,O=C(OCc1ccccc1)c1ccccc1
4699,0,O=C(OOC(=O)c1ccccc1)c1ccccc1,O=C(OOC(=O)c1ccccc1)c1ccccc1
4700,1,O=C1CC=NN1c1ccccc1,O=C1CC=NN1c1ccccc1
4701,0,O=C1OC(CO)C(O)C(O)C1O,O=C1OC(CO)C(O)C(O)C1O
4702,0,O=C1c2c(O)ccc(O)c2C(=O)c2c(NCCNCCO)ccc(NCCNCCO)c21,O=C1c2c(O)ccc(O)c2C(=O)c2c(NCCNCCO)ccc(NCCNCCO)c21
4703,0,O=P(O)(O)C(Cl)(Cl)P(=O)(O)O,O=P(O)(O)C(Cl)(Cl)P(=O)(O)O
4704,0,O=S(=O)(O)OC1C(O)COC(OC2COC(O)C(OS(=O)(=O)O)C2OS(=O)(=O)O)C1OS(=O)(=O)O,O=S(=O)(O)OC1C(O)COC(OC2COC(O)C(OS(=O)(=O)O)C2OS(=O)(=O)O)C1OS(=O)(=O)O
4705,0,O=S1(=O)CCN(CN2CCS(=O)(=O)NC2)CN1,O=S1(=O)CCN(CN2CCS(=O)(=O)NC2)CN1
4706,0,O=[N+]([O-])OC1COC2C(O[N+](=O)[O-])COC12,O=[N+]([O-])OC1COC2C(O[N+](=O)[O-])COC12
4707,0,O=c1[nH]c(=O)n(C2CC(O)C(CO)O2)cc1C(F)(F)F,O=c1[nH]c(=O)n(C2CC(O)C(CO)O2)cc1C(F)(F)F
4708,0,O=c1[nH]c(=O)n(C2CC(O)C(CO)O2)cc1I,O=c1[nH]c(=O)n(C2CC(O)C(CO)O2)cc1I
4709,0,OC1COC(O)C(O)C1O,OC1COC(O)C(O)C1O
4710,0,OC1COC2C(O)COC12,OC1COC2C(O)COC12
4711,0,OCC(S)CS,OCC(S)CS
4712,0,Oc1c(Cl)cc(Cl)cc1Cc1c(O)c(Cl)cc(Cl)c1Cl,Oc1c(Cl)cc(Cl)cc1Cc1c(O)c(Cl)cc(Cl)c1Cl
4713,0,Oc1cccc(-c2c3nc(c(-c4cccc(O)c4)c4ccc([nH]4)c(-c4cccc(O)c4)c4nc(c(-c5cccc(O)c5)c5ccc2[nH]5)CC4)C=C3)c1,Oc1cccc(-c2c3nc(c(-c4cccc(O)c4)c4ccc([nH]4)c(-c4cccc(O)c4)c4nc(c(-c5cccc(O)c5)c5ccc2[nH]5)CC4)C=C3)c1
4714,0,Oc1ccccc1,Oc1ccccc1
4715,0,On1ccccc1=S,On1ccccc1=S
4716,0,c1cc(CN2CCCNCCNCCCNCC2)ccc1CN1CCCNCCNCCCNCC1,c1cc(CN2CCCNCCNCCCNCC2)ccc1CN1CCCNCCNCCCNCC1
4717,1,C#CC1(OC[C@H](O)CN2CCN(c3ccc(F)cc3)CC2)CCCCC1,C#CC1(OC[C@H](O)CN2CCN(c3ccc(F)cc3)CC2)CCCCC1
4718,1,C#C[C@@H](OC(N)=O)c1ccccc1,C#C[C@@H](OC(N)=O)c1ccccc1
4719,1,C#C[C@@](C)(O)CC,C#C[C@@](C)(O)CC
4720,1,C#C[C@@]1(O)CC[C@@H]2[C@H]3CCC4=Cc5c(cnn5-c5ccc(F)cc5)C[C@@]4(C)[C@@H]3CC[C@@]21C,C#C[C@@]1(O)CC[C@@H]2[C@H]3CCC4=Cc5c(cnn5-c5ccc(F)cc5)C[C@@]4(C)[C@@H]3CC[C@@]21C
4721,1,C#C[C@](O)(/C=C/Cl)CC,C#C[C@](O)(/C=C/Cl)CC
4722,1,C#C[C@]1(O)CC[C@H]2[C@@H]3[C@H](C)CC4=C(CCC(=O)C4)[C@@H]3CC[C@@]21C,C#C[C@]1(O)CC[C@H]2[C@@H]3[C@H](C)CC4=C(CCC(=O)C4)[C@@H]3CC[C@@]21C
4723,1,C#[S@]1(C[C@H]2O[C@H](n3cnc4c3NC=N[C@@H]4N)[C@@H](O)[C@@H]2O)CC[C@H](N)C(=O)O1,C#[S@]1(C[C@H]2O[C@H](n3cnc4c3NC=N[C@@H]4N)[C@@H](O)[C@@H]2O)CC[C@H](N)C(=O)O1
4724,1,C/C=C/C(=O)N(CCC)[C@H](CC)C(=O)N(C)C,C/C=C/C(=O)N(CCC)[C@H](CC)C(=O)N(C)C
4725,0,C/C=C/C=C/[C@H]1O[C@@](O)([C@@H](CC)C(=O)NC/C=C/C=C(\C)[C@@H](OC)[C@@H](C)[C@H]2O[C@@H](/C=C/C=C/C=C(\C)C(=O)c3c(O)ccn(C)c3=O)[C@@H](O)[C@@H]2O)[C@H](O)[C@@H](O[C@H]2O[C@H](C)[C@H](O[C@H]3O[C@@H](C)[C@H](OC)[C@@H](O)[C@@H]3OC)[C@@H](OC)[C@@H]2O)C1(C)C,C/C=C/C=C/[C@H]1O[C@@](O)([C@@H](CC)C(=O)NC/C=C/C=C(\C)[C@@H](OC)[C@@H](C)[C@H]2O[C@@H](/C=C/C=C/C=C(\C)C(=O)c3c(O)ccn(C)c3=O)[C@@H](O)[C@@H]2O)[C@H](O)[C@@H](O[C@H]2O[C@H](C)[C@H](O[C@H]3O[C@@H](C)[C@H](OC)[C@@H](O)[C@@H]3OC)[C@@H](OC)[C@@H]2O)C1(C)C
4726,0,C/C=C/C[C@H](C)[C@@H](O)[C@@H]1C(=O)N[C@@H](CC)C(=O)N(C)CC(=O)N(C)[C@H](CC(C)C)C(=O)N[C@@H](C(C)C)C(=O)N(C)[C@H](CC(C)C)C(=O)N[C@@H](C)C(=O)N[C@H](C)C(=O)N(C)[C@H](CC(C)C)C(=O)N(C)[C@H](CC(C)C)C(=O)N(C)[C@@H](C(C)C)C(=O)N1C,C/C=C/C[C@H](C)[C@@H](O)[C@@H]1C(=O)N[C@@H](CC)C(=O)N(C)CC(=O)N(C)[C@H](CC(C)C)C(=O)N[C@@H](C(C)C)C(=O)N(C)[C@H](CC(C)C)C(=O)N[C@@H](C)C(=O)N[C@H](C)C(=O)N(C)[C@H](CC(C)C)C(=O)N(C)[C@H](CC(C)C)C(=O)N(C)[C@@H](C(C)C)C(=O)N1C
4727,1,C1=CCc2c([nH]c3c2[C@@H](Cc2ccccc2)NCC3)C1,C1=CCc2c([nH]c3c2[C@@H](Cc2ccccc2)NCC3)C1
4728,1,C=C(C(=O)COC(=O)c1ccncc1)[C@]1(C)C[C@@H](O)[C@H]2[C@@H](CCC3=CC(=O)CC[C@@]32C)[C@]12CO[C@H](/C=C/C)O2,C=C(C(=O)COC(=O)c1ccncc1)[C@]1(C)C[C@@H](O)[C@H]2[C@@H](CCC3=CC(=O)CC[C@@]32C)[C@]12CO[C@H](/C=C/C)O2
4729,1,C=C1CC[C@@]2(O)[C@@H]3Cc4ccc(O)c5c4[C@]2(CCN3CC2CC2)[C@@H]1O5,C=C1CC[C@@]2(O)[C@@H]3Cc4ccc(O)c5c4[C@]2(CCN3CC2CC2)[C@@H]1O5
4730,1,C=C1C[C@@H](C)[C@@H]2[C@H]3Cc4ccc(O)cc4[C@@]2(CCN3CC2CCC2)C1,C=C1C[C@@H](C)[C@@H]2[C@H]3Cc4ccc(O)cc4[C@@]2(CCN3CC2CCC2)C1
4731,1,C=C1C[C@@H]2[C@H]3C=CC4=CC(=O)CC[C@@]4(C)[C@H]3[C@@H](O)C[C@@]2(C)[C@]1(O)C(=O)CO,C=C1C[C@@H]2[C@H]3C=CC4=CC(=O)CC[C@@]4(C)[C@H]3[C@@H](O)C[C@@]2(C)[C@]1(O)C(=O)CO
4732,1,C=C1C[C@@H]2[C@H]3CCC4=CC(=O)C=C[C@@]4(C)[C@]3(F)[C@@H](O)C[C@@]2(C)[C@]1(O)C(=O)CO,C=C1C[C@@H]2[C@H]3CCC4=CC(=O)C=C[C@@]4(C)[C@]3(F)[C@@H](O)C[C@@]2(C)[C@]1(O)C(=O)CO
4733,1,C=C1C[C@H]2[C@@H]3CCC4=CC(=O)C=C[C@]4(C)[C@H]3[C@@H](O)C[C@@]2(C)[C@]1(O)C(=O)CO,C=C1C[C@H]2[C@@H]3CCC4=CC(=O)C=C[C@]4(C)[C@H]3[C@@H](O)C[C@@]2(C)[C@]1(O)C(=O)CO
4734,0,C=C1c2c(Cl)ccc(O)c2C(=O)C2=C(O)[C@@]3(O)C(=O)C(C(N)=O)=C(O)[C@H](N(C)C)[C@@H]3[C@H](O)[C@H]12,C=C1c2c(Cl)ccc(O)c2C(=O)C2=C(O)[C@@]3(O)C(=O)C(C(N)=O)=C(O)[C@H](N(C)C)[C@@H]3[C@H](O)[C@H]12
4735,0,C=C1c2cccc(O)c2C(=O)C2=C(O)[C@@]3(O)C(=O)C(C(N)=O)=C(O)[C@H](N(C)C)[C@@H]3[C@H](O)[C@H]12,C=C1c2cccc(O)c2C(=O)C2=C(O)[C@@]3(O)C(=O)C(C(N)=O)=C(O)[C@H](N(C)C)[C@@H]3[C@H](O)[C@H]12
4736,0,C=CC1=C(C(=O)O)N2C(=O)[C@@H](NC(=O)/C(=N\O)c3csc(N)n3)[C@@H]2SC1,C=CC1=C(C(=O)O)N2C(=O)[C@@H](NC(=O)/C(=N\O)c3csc(N)n3)[C@@H]2SC1
4737,0,C=CC1=C(C(=O)O)N2C(=O)[C@H](NC(=O)/C(=N\OCC(=O)O)c3csc(N)n3)[C@H]2SC1,C=CC1=C(C(=O)O)N2C(=O)[C@H](NC(=O)/C(=N\OCC(=O)O)c3csc(N)n3)[C@H]2SC1
4738,1,C=CCC1([C@H](C)CC)C(=O)NC(=O)NC1=O,C=CCC1([C@H](C)CC)C(=O)NC(=O)NC1=O
4739,1,C=CCC1([C@H](C)CCC)C(=O)NC(=S)NC1=O,C=CCC1([C@H](C)CCC)C(=O)NC(=S)NC1=O
4740,1,C=CCC1([C@H]2C=CCCC2)C(=O)NC(=S)NC1=O,C=CCC1([C@H]2C=CCCC2)C(=O)NC(=S)NC1=O
4741,1,C=CCN1C(=O)O[C@H](C)C1=O,C=CCN1C(=O)O[C@H](C)C1=O
4742,1,C=CCN1CCC[C@@H]1CNC(=O)c1cc(S(N)(=O)=O)cc(OC)c1OC,C=CCN1CCC[C@@H]1CNC(=O)c1cc(S(N)(=O)=O)cc(OC)c1OC
4743,1,C=CCN1CC[C@@]23CCCC[C@H]2[C@@H]1Cc1ccc(O)cc13,C=CCN1CC[C@@]23CCCC[C@H]2[C@@H]1Cc1ccc(O)cc13
4744,1,C=CCN1CC[C@@]23c4c5ccc(O)c4[C@](O)(CCC)[C@H]4C[C@@]2(C=C[C@@]4(OC)[C@@H]3OC)[C@H]1C5,C=CCN1CC[C@@]23c4c5ccc(O)c4[C@](O)(CCC)[C@H]4C[C@@]2(C=C[C@@]4(OC)[C@@H]3OC)[C@H]1C5
4745,1,C=CCN1CC[C@@]23c4c5ccc(OC(C)=O)c4O[C@@H]2[C@@H](OC(C)=O)C=C[C@@H]3[C@@H]1C5,C=CCN1CC[C@@]23c4c5ccc(OC(C)=O)c4O[C@@H]2[C@@H](OC(C)=O)C=C[C@@H]3[C@@H]1C5
4746,1,C=CCN1CC[C@]23c4c5ccc(O)c4O[C@H]2C(=O)CC[C@]3(O)[C@H]1C5,C=CCN1CC[C@]23c4c5ccc(O)c4O[C@H]2C(=O)CC[C@]3(O)[C@H]1C5
4747,0,C=CCSCC(=O)N[C@@H]1C(=O)N2[C@H]1SC(C)(C)[C@H]2C(=O)O,C=CCSCC(=O)N[C@@H]1C(=O)N2[C@H]1SC(C)(C)[C@H]2C(=O)O
4748,1,C=CC[C@@H](N)Cc1ccccc1,C=CC[C@@H](N)Cc1ccccc1
4749,0,C=CC[C@@H]1/C=C(/C)C[C@@H](C)C[C@H](OC)[C@@H]2O[C@](O)(C(=O)C(=O)N3CCCC[C@@H]3C(=O)O[C@H](/C(C)=C/[C@H]3CC[C@H](O)[C@@H](OC)C3)[C@@H](C)[C@H](O)CC1=O)[C@H](C)C[C@@H]2OC,C=CC[C@@H]1/C=C(/C)C[C@@H](C)C[C@H](OC)[C@@H]2O[C@](O)(C(=O)C(=O)N3CCCC[C@@H]3C(=O)O[C@H](/C(C)=C/[C@H]3CC[C@H](O)[C@@H](OC)C3)[C@@H](C)[C@H](O)CC1=O)[C@H](C)C[C@@H]2OC
4750,1,C=CC[C@]1([C@H](C)C#CCC)C(=O)NC(=O)N(C)C1=O,C=CC[C@]1([C@H](C)C#CCC)C(=O)NC(=O)N(C)C1=O
4751,1,C=CC[C@]1([C@H](C)C#CCC)C(=O)N[C@H](O)N(C)[C@H]1O,C=CC[C@]1([C@H](C)C#CCC)C(=O)N[C@H](O)N(C)[C@H]1O
4752,1,C=C[C@H]1O[C@H]2C[C@H]3[C@@H]4CCC5=CC(=O)C=C[C@@]5(C)[C@]4(F)[C@@H](O)C[C@]3(C)[C@@]2(C(=O)CO)O1,C=C[C@H]1O[C@H]2C[C@H]3[C@@H]4CCC5=CC(=O)C=C[C@@]5(C)[C@]4(F)[C@@H](O)C[C@]3(C)[C@@]2(C(=O)CO)O1
4753,1,C=C[C@](C)(O)C(C)(C)C.COC12CC3(C1)[C@H]1Cc4ccc(O)c5c4[C@@]3(CCN1CC1CC1)[C@H]2O5,C=C[C@](C)(O)C(C)(C)C.COC12CC3(C1)[C@H]1Cc4ccc(O)c5c4[C@@]3(CCN1CC1CC1)[C@H]2O5
4754,0,C=N[C@@H](C(=O)N[C@H]1C(=O)N2[C@@H]1SC(C)(C)[C@H]2C(=O)O)c1ccccc1,C=N[C@@H](C(=O)N[C@H]1C(=O)N2[C@@H]1SC(C)(C)[C@H]2C(=O)O)c1ccccc1
4755,0,CC(=O)C1=C(O)[C@]2(O)C(=O)c3c(c(C)c4ccc(C)c(O)c4c3O)C[C@H]2[C@H](N)C1=O,CC(=O)C1=C(O)[C@]2(O)C(=O)c3c(c(C)c4ccc(C)c(O)c4c3O)C[C@H]2[C@H](N)C1=O
4756,0,CC(=O)N1CCN(C(=O)Cc2ccc([S@+](C)[O-])cc2)[C@@H](CN2CC[C@H](O)C2)C1,CC(=O)N1CCN(C(=O)Cc2ccc([S@+](C)[O-])cc2)[C@@H](CN2CC[C@H](O)C2)C1
4757,1,CC(=O)N[C@H](CCC(N)=O)C(=O)O,CC(=O)N[C@H](CCC(N)=O)C(=O)O
4758,1,CC(=O)OCC(=O)[C@@]1(O)CC[C@@H]2[C@H]3CCC4=CC(=O)CC[C@@]4(C)[C@@H]3C(=O)C[C@@]21C,CC(=O)OCC(=O)[C@@]1(O)CC[C@@H]2[C@H]3CCC4=CC(=O)CC[C@@]4(C)[C@@H]3C(=O)C[C@@]21C
4759,1,CC(=O)OCC(=O)[C@@]1(O)CC[C@@H]2[C@H]3C[C@@H](C)C4=CC(=O)C=C[C@@]4(C)[C@@H]3[C@H](O)C[C@@]21C,CC(=O)OCC(=O)[C@@]1(O)CC[C@@H]2[C@H]3C[C@@H](C)C4=CC(=O)C=C[C@@]4(C)[C@@H]3[C@H](O)C[C@@]21C
4760,1,CC(=O)OCC(=O)[C@@]1(O)CC[C@H]2[C@@H]3CCC4=CC(=O)C=C[C@]4(C)[C@@]3(F)[C@H](O)C[C@@]21C,CC(=O)OCC(=O)[C@@]1(O)CC[C@H]2[C@@H]3CCC4=CC(=O)C=C[C@]4(C)[C@@]3(F)[C@H](O)C[C@@]21C
4761,1,CC(=O)OCC(=O)[C@@]1(O)CC[C@H]2[C@@H]3CCC4=CC(=O)CC[C@]4(C)[C@@]3(F)[C@H](O)C[C@@]21C,CC(=O)OCC(=O)[C@@]1(O)CC[C@H]2[C@@H]3CCC4=CC(=O)CC[C@]4(C)[C@@]3(F)[C@H](O)C[C@@]21C
4762,1,CC(=O)OCC(=O)[C@@]1(O)[C@@H](OC(C)=O)C[C@H]2[C@@H]3CCC4=CC(=O)C=C[C@]4(C)[C@@]3(F)[C@H](O)C[C@@]21C,CC(=O)OCC(=O)[C@@]1(O)[C@@H](OC(C)=O)C[C@H]2[C@@H]3CCC4=CC(=O)C=C[C@]4(C)[C@@]3(F)[C@H](O)C[C@@]21C
4763,1,CC(=O)OCC(=O)[C@@]1(OC(C)=O)[C@@H](C)C[C@H]2[C@@H]3C[C@H](F)C4=CC(=O)C=C[C@]4(C)[C@@]3(F)[C@H](O)C[C@@]21C,CC(=O)OCC(=O)[C@@]1(OC(C)=O)[C@@H](C)C[C@H]2[C@@H]3C[C@H](F)C4=CC(=O)C=C[C@]4(C)[C@@]3(F)[C@H](O)C[C@@]21C
4764,1,CC(=O)OCC(=O)[C@@]12N=C(C)O[C@H]1C[C@H]1[C@@H]3CCC4=CC(=O)C=C[C@]4(C)[C@@]3(F)[C@H](O)C[C@@]12C,CC(=O)OCC(=O)[C@@]12N=C(C)O[C@H]1C[C@H]1[C@@H]3CCC4=CC(=O)C=C[C@]4(C)[C@@]3(F)[C@H](O)C[C@@]12C
4765,1,CC(=O)OCC(=O)[C@@]12OC(C)(C)O[C@@H]1C[C@H]1[C@@H]3C[C@H](F)C4=CC(=O)C=C[C@]4(C)[C@H]3[C@@H](O)C[C@]12C,CC(=O)OCC(=O)[C@@]12OC(C)(C)O[C@@H]1C[C@H]1[C@@H]3C[C@H](F)C4=CC(=O)C=C[C@]4(C)[C@H]3[C@@H](O)C[C@]12C
4766,1,CC(=O)OCC(=O)[C@H]1[C@@H](C)C[C@@H]2[C@H]3C[C@H](F)C4=CC(=O)C=C[C@@]4(C)[C@]3(Cl)[C@@H](O)C[C@]12C,CC(=O)OCC(=O)[C@H]1[C@@H](C)C[C@@H]2[C@H]3C[C@H](F)C4=CC(=O)C=C[C@@]4(C)[C@]3(Cl)[C@@H](O)C[C@@]21C
4767,1,CC(=O)OCC(=O)[C@]1(O)CC[C@H]2[C@@H]3CCC4=CC(=O)CC[C@]4(C)[C@H]3[C@H](O)C[C@]21C,CC(=O)OCC(=O)[C@]1(O)CC[C@H]2[C@@H]3CCC4=CC(=O)CC[C@]4(C)[C@H]3[C@H](O)C[C@]21C
4768,1,CC(=O)OCC(=O)[C@]1(O)CC[C@H]2[C@@H]3C[C@H](Cl)C4=CC(=O)C=C[C@@]4(C)[C@H]3C(=O)C[C@]21C,CC(=O)OCC(=O)[C@]1(O)CC[C@H]2[C@@H]3C[C@H](Cl)C4=CC(=O)C=C[C@@]4(C)[C@H]3C(=O)C[C@]21C
4769,1,CC(=O)OCC(=O)[C@]1(O)[C@H](C)C[C@@H]2[C@H]3CCC4=CC(=O)C=C[C@@]4(C)[C@]3(F)[C@@H](O)C[C@]21C,CC(=O)OCC(=O)[C@]1(O)[C@H](C)C[C@@H]2[C@H]3CCC4=CC(=O)C=C[C@@]4(C)[C@]3(F)[C@@H](O)C[C@]21C
4770,1,CC(=O)OCC(=O)[C@]1(O)[C@H](C)C[C@H]2[C@@H]3CC(F)(F)C4=CC(=O)C=C[C@]4(C)[C@@]3(F)[C@H](O)C[C@]21C,CC(=O)OCC(=O)[C@]1(O)[C@H](C)C[C@H]2[C@@H]3CC(F)(F)C4=CC(=O)C=C[C@]4(C)[C@@]3(F)[C@H](O)C[C@]21C
4771,1,CC(=O)OCC(=O)[C@]1(O)[C@H](C)C[C@H]2[C@@H]3C[C@H](F)C4=CC(=O)C=C[C@]4(C)[C@H]3[C@@H](O)C[C@]21C,CC(=O)OCC(=O)[C@]1(O)[C@H](C)C[C@H]2[C@@H]3C[C@H](F)C4=CC(=O)C=C[C@]4(C)[C@H]3[C@@H](O)C[C@]21C
4772,1,CC(=O)OCC(=O)[C@]1(OC(=O)C(C)C)[C@H](C)C[C@H]2[C@@H]3CCC4=CC(=O)C=C[C@]4(C)[C@@]3(F)[C@H](O)C[C@]21C,CC(=O)OCC(=O)[C@]1(OC(=O)C(C)C)[C@H](C)C[C@H]2[C@@H]3CCC4=CC(=O)C=C[C@]4(C)[C@@]3(F)[C@H](O)C[C@]21C
4773,1,CC(=O)OCC(=O)[C@]12N=C(C)O[C@H]1C[C@H]1[C@@H]3CCC4=CC(=O)C=C[C@]4(C)[C@H]3[C@@H](O)C[C@]12C,CC(=O)OCC(=O)[C@]12N=C(C)O[C@H]1C[C@H]1[C@@H]3CCC4=CC(=O)C=C[C@]4(C)[C@H]3[C@@H](O)C[C@]12C
4774,1,CC(=O)OCC(=O)[C@]12OC(C)(C)O[C@H]1C[C@@H]1[C@H]3CC(C=O)=C4C=C(OCCCl)CC[C@]4(C)[C@]3(F)[C@@H](O)C[C@@]12C,CC(=O)OCC(=O)[C@]12OC(C)(C)O[C@H]1C[C@@H]1[C@H]3CC(C=O)=C4C=C(OCCCl)CC[C@]4(C)[C@]3(F)[C@@H](O)C[C@@]12C
4775,1,CC(=O)OCC(=O)[C@]12OC3(CCCC3)O[C@@H]1C[C@H]1[C@@H]3CCC4=CC(=O)C=C[C@@]4(C)[C@]3(F)[C@@H](O)C[C@]12C,CC(=O)OCC(=O)[C@]12OC3(CCCC3)O[C@@H]1C[C@H]1[C@@H]3CCC4=CC(=O)C=C[C@@]4(C)[C@]3(F)[C@@H](O)C[C@]12C
4776,1,CC(=O)OCC(CCn1cnc2c1NC(N)=NC2)COC(C)=O,CC(=O)OCC(CCn1cnc2c1NC(N)=NC2)COC(C)=O
4777,0,CC(=O)OCC1=C(C(=O)O)N2C(=O)[C@H](NC(=O)Cc3ccccc3)[C@H]2SC1,CC(=O)OCC1=C(C(=O)O)N2C(=O)[C@H](NC(=O)Cc3ccccc3)[C@H]2SC1
4778,0,CC(=O)OCC1=C(C(=O)O)N2C(=O)[C@H](NC(=O)Cc3cccs3)[C@H]2SC1,CC(=O)OCC1=C(C(=O)O)N2C(=O)[C@H](NC(=O)Cc3cccs3)[C@H]2SC1
4779,0,CC(=O)OCC1=C(C(=O)O)N2C(=O)[C@H](NC(=O)[C@@H](N)c3ccccc3)[C@H]2SC1,CC(=O)OCC1=C(C(=O)O)N2C(=O)[C@H](NC(=O)[C@@H](N)c3ccccc3)[C@H]2SC1
4780,0,CC(=O)OCC1=C(C(=O)O)N2C(=O)[C@H](NC(=O)c3c(-c4ccccc4Cl)noc3C)[C@H]2SC1,CC(=O)OCC1=C(C(=O)O)N2C(=O)[C@H](NC(=O)c3c(-c4ccccc4Cl)noc3C)[C@H]2SC1
4781,1,CC(=O)OCC1=CO[C@H](OC(=O)CC(C)(C)OC(C)=O)[C@H]2C1=C[C@H](OC(=O)CC(C)C)[C@@]21CO1,CC(=O)OCC1=CO[C@H](OC(=O)CC(C)(C)OC(C)=O)[C@H]2C1=C[C@H](OC(=O)CC(C)C)[C@@]21CO1
4782,1,CC(=O)OCC1=CO[C@H](OC(=O)CC(C)C)[C@@H]2C1=C[C@@H](OC(=O)CC(C)C)[C@]21CO1,CC(=O)OCC1=CO[C@H](OC(=O)CC(C)C)[C@@H]2C1=C[C@@H](OC(=O)CC(C)C)[C@]21CO1
4783,0,CC(=O)OCOC(=O)[C@H]1N2C(=O)[C@@H](NC(=O)Cc3ccccc3)[C@@H]2SC1(C)C,CC(=O)OCOC(=O)[C@H]1N2C(=O)[C@@H](NC(=O)Cc3ccccc3)[C@@H]2SC1(C)C
4784,0,CC(=O)O[C@@H]1/C=C\C(C)=C/C[C@H](O)/C=C/C(C)=C\[C@@H](NC(=O)C(C)=O)[C@]2(C)C(=O)O[C@H](C1)[C@@H](C)C2=O,CC(=O)O[C@@H]1/C=C\C(C)=C/C[C@H](O)/C=C/C(C)=C\[C@@H](NC(=O)C(C)=O)[C@]2(C)C(=O)O[C@H](C1)[C@@H](C)C2=O
4785,0,CC(=O)O[C@H]1C(=O)[C@]2(C)[C@H](O)C[C@H]3OC[C@]3(OC(C)=O)[C@H]2[C@H](OC(=O)c2ccccc2)[C@@]2(O)C[C@@H](OC(=O)[C@@H](O)[C@@H](NC(=O)c3ccccc3)c3ccccc3)[C@@H](C)[C@@H]1C2(C)C,CC(=O)O[C@H]1C(=O)[C@]2(C)[C@H](O)C[C@H]3OC[C@]3(OC(C)=O)[C@H]2[C@H](OC(=O)c2ccccc2)[C@@]2(O)C[C@@H](OC(=O)[C@@H](O)[C@@H](NC(=O)c3ccccc3)c3ccccc3)[C@@H](C)[C@@H]1C2(C)C
4786,1,CC(=O)O[C@H]1CC[C@]2(C)[C@@H]3CC[C@@]4(C)[C@H]([C@@H](C)CCCC(C)C)CC[C@H]4[C@@H]3C[C@H](Br)[C@@]2(Br)C1,CC(=O)O[C@H]1CC[C@]2(C)[C@@H]3CC[C@]4(C)[C@@H](CC[C@H]4[C@@H](C)CCCC(C)C)[C@@H]3C[C@H](Br)[C@@]2(Br)C1
4787,0,CC(=O)O[C@H]1C[C@@]2(C)[C@H](C[C@H](O)[C@H]3[C@]2(C)CC[C@H]2[C@H](C)[C@@H](O)CC[C@]23C)/C1=C(\CCC=C(C)C)C(=O)O,CC(=O)O[C@H]1C[C@@]2(C)[C@H](C[C@H](O)[C@@H]3[C@]4(C)CC[C@H](O)[C@@H](C)[C@@H]4CC[C@@]32C)/C1=C(\CCC=C(C)C)C(=O)O
4788,0,CC(=O)O[C@]12CO[C@H]1C[C@H](O)[C@]1(C)C(=O)[C@H](O)[C@H]3[C@@H](C)[C@@H](OC(=O)[C@H](O)[C@H](NC(=O)OC(C)(C)C)c4ccccc4)C[C@@](O)([C@@H](OC(=O)c4ccccc4)[C@H]21)C3(C)C,CC(=O)O[C@]12CO[C@H]1C[C@H](O)[C@]1(C)C(=O)[C@H](O)[C@H]3[C@@H](C)[C@@H](OC(=O)[C@H](O)[C@H](NC(=O)OC(C)(C)C)c4ccccc4)C[C@@](O)([C@@H](OC(=O)c4ccccc4)[C@H]21)C3(C)C
4789,1,CC(=O)Oc1ccc2c3c1O[C@H]1[C@H](OC(C)=O)C=C[C@H]4[C@@H](C2)N(C)CC[C@@]341,CC(=O)Oc1ccc2c3c1O[C@H]1[C@H](OC(C)=O)C=C[C@H]4[C@@H](C2)N(C)CC[C@@]341
4790,1,CC(=O)[C@@H]1CC[C@@H]2[C@H]3CC[C@@H]4C[C@H](O)CC[C@@]4(C)[C@@H]3C(=O)C[C@@]12C,CC(=O)[C@@H]1CC[C@@H]2[C@H]3CC[C@@H]4C[C@H](O)CC[C@@]4(C)[C@@H]3C(=O)C[C@]21C
4791,1,CC(=O)[C@@H]1CC[C@H]2[C@@H]3CC[C@H]4C[C@@H](O)CC[C@]4(C)[C@@H]3CC[C@]21C,CC(=O)[C@@H]1CC[C@H]2[C@@H]3CC[C@H]4C[C@@H](O)CC[C@]4(C)[C@@H]3CC[C@@]12C
4792,1,CC(=O)[C@@H]1CC[C@H]2[C@@H]3C[C@H](C)C4=CC(=O)C=C[C@@]4(C)[C@H]3[C@@H](O)C[C@]21C,CC(=O)[C@@H]1CC[C@H]2[C@@H]3C[C@H](C)C4=CC(=O)C=C[C@@]4(C)[C@H]3[C@@H](O)C[C@@]12C
4793,1,CC(=O)[C@@]1(O)CC[C@@H]2[C@H]3CCC4=CC(=O)C=C[C@@]4(C)[C@@H]3[C@H](O)C[C@@]21C,CC(=O)[C@@]1(O)CC[C@@H]2[C@H]3CCC4=CC(=O)C=C[C@@]4(C)[C@@H]3[C@H](O)C[C@@]21C
4794,1,CC(=O)[C@@]1(O)CC[C@H]2[C@@H]3C[C@H](C)C4=CC(=O)C=C[C@]4(C)[C@@]3(F)[C@H](O)C[C@@]21C,CC(=O)[C@@]1(O)CC[C@H]2[C@@H]3C[C@H](C)C4=CC(=O)C=C[C@]4(C)[C@@]3(F)[C@H](O)C[C@@]21C
4795,1,CC(=O)[C@H]1CC[C@@H]2[C@H]3CC[C@@H]4C[C@@](C)(O)CC[C@@]4(C)[C@H]3CC[C@]12C,CC(=O)[C@H]1CC[C@@H]2[C@H]3CC[C@@H]4C[C@@](C)(O)CC[C@@]4(C)[C@H]3CC[C@]12C
4796,1,CC(=O)[C@H]1CC[C@H]2[C@@H]3C[C@H](O)[C@]45C[C@H]4CC[C@]5(C)[C@H]3CC[C@]12C,CC(=O)[C@H]1CC[C@H]2[C@@H]3C[C@H](O)[C@]45C[C@H]4CC[C@]5(C)[C@H]3CC[C@]12C
4797,0,CC(=O)[C@]1(N)Cc2c(O)c3c(c(O)c2[C@H](O[C@H]2C[C@@H](O)[C@@H](O)CO2)C1)C(=O)c1ccccc1C3=O,CC(=O)[C@]1(N)Cc2c(O)c3c(c(O)c2[C@H](O[C@H]2C[C@@H](O)[C@@H](O)CO2)C1)C(=O)c1ccccc1C3=O
4798,0,CC(=O)[C@]1(O)Cc2c(O)c3c(c(O)c2[C@@H](O[C@H]2C[C@H](N)[C@@H](O)[C@H](C)O2)C1)C(=O)c1c(O)cccc1C3=O,CC(=O)[C@]1(O)Cc2c(O)c3c(c(O)c2[C@@H](O[C@H]2C[C@H](N)[C@@H](O)[C@H](C)O2)C1)C(=O)c1c(O)cccc1C3=O
4799,0,CC(=O)[C@]1(O)Cc2c(O)c3c(c(O)c2[C@@H](O[C@H]2C[C@H](N)[C@@H](O)[C@H](C)O2)C1)C(=O)c1ccccc1C3=O,CC(=O)[C@]1(O)Cc2c(O)c3c(c(O)c2[C@@H](O[C@H]2C[C@H](N)[C@@H](O)[C@H](C)O2)C1)C(=O)c1ccccc1C3=O
4800,1,CC(=O)[C@]1(O)[C@H](C)C[C@H]2[C@@H]3CCC4=CC(=O)C=C[C@]4(C)[C@@]3(F)[C@H](O)C[C@]21C,CC(=O)[C@]1(O)[C@H](C)C[C@H]2[C@@H]3CCC4=CC(=O)C=C[C@]4(C)[C@@]3(F)[C@H](O)C[C@]21C
4801,1,CC(=O)[C@]1(O)[C@H](O)C[C@H]2[C@@H]3CCC4=CC(=O)CC[C@@]4(C)[C@H]3CC[C@]21C,CC(=O)[C@]1(O)[C@H](O)C[C@H]2[C@@H]3CCC4=CC(=O)CC[C@@]4(C)[C@H]3CC[C@]21C
4802,1,CC(=O)[C@]12OC(C)(C)O[C@H]1C[C@H]1[C@@H]3CCC4=CC(=O)C=C[C@]4(C)[C@@]3(F)[C@H](O)C[C@@]12C,CC(=O)[C@]12OC(C)(C)O[C@H]1C[C@H]1[C@@H]3CCC4=CC(=O)C=C[C@]4(C)[C@@]3(F)[C@H](O)C[C@@]12C
4803,1,CC(=O)c1ccc([C@@H](O)[C@H](CO)NC(=O)C(Cl)Cl)cc1,CC(=O)c1ccc([C@@H](O)[C@H](CO)NC(=O)C(Cl)Cl)cc1
4804,0,CC(C)(C)C(=O)OCOC(=O)[C@@H]1N2C(=O)[C@H](NC(=O)[C@H](N)c3ccccc3)[C@@H]2SC1(C)C,CC(C)(C)C(=O)OCOC(=O)[C@@H]1N2C(=O)[C@H](NC(=O)[C@H](N)c3ccccc3)[C@@H]2SC1(C)C
4805,1,CC(C)(C)C(=O)SCC(=O)[C@]1(O)CC[C@H]2[C@@H]3CCC4=CC(=O)CC[C@@]4(C)[C@H]3[C@@H](O)C[C@]21C,CC(C)(C)C(=O)SCC(=O)[C@]1(O)CC[C@H]2[C@@H]3CCC4=CC(=O)CC[C@@]4(C)[C@H]3[C@@H](O)C[C@]21C
4806,1,CC(C)(C)CC(=O)OCC(=O)[C@@]1(O)CC[C@@H]2[C@H]3CCC4=CC(=O)C=C[C@@]4(C)[C@@H]3[C@H](O)C[C@@]21C,CC(C)(C)CC(=O)OCC(=O)[C@@]1(O)CC[C@@H]2[C@H]3CCC4=CC(=O)C=C[C@@]4(C)[C@@H]3[C@H](O)C[C@@]21C
4807,1,CC(C)(C)CC(=O)OCC(=O)[C@]12OC(C)(C)O[C@H]1C[C@@H]1[C@H]3CC4=CC(=O)C=C[C@@]4(C)[C@]3(F)[C@@H](O)C[C@@]12C,CC(C)(C)CC(=O)OCC(=O)[C@]12OC(C)(C)O[C@H]1C[C@@H]1[C@H]3CC4=CC(=O)C=C[C@@]4(C)[C@]3(F)[C@@H](O)C[C@@]12C
4808,0,CC(C)(C)NC(=O)[C@H]1CN(Cc2cccnc2)CCN1C[C@@H](O)C[C@@H](Cc1ccccc1)C(=O)N[C@H]1c2ccccc2C[C@@H]1O,CC(C)(C)NC(=O)[C@H]1CN(Cc2cccnc2)CCN1C[C@@H](O)C[C@@H](Cc1ccccc1)C(=O)N[C@H]1c2ccccc2C[C@@H]1O
4809,0,CC(C)(C)NC(=O)[C@H]1C[C@@H]2CCCC[C@H]2CN1C[C@H](O)[C@@H](Cc1ccccc1)NC(=O)[C@H](CC(N)=O)NC(=O)c1ccc2ccccc2n1,CC(C)(C)NC(=O)[C@H]1C[C@@H]2CCCC[C@H]2CN1C[C@H](O)[C@@H](Cc1ccccc1)NC(=O)[C@H](CC(N)=O)NC(=O)c1ccc2ccccc2n1
4810,1,CC(C)(C)NC[C@H](O)c1ccccc1F,CC(C)(C)NC[C@H](O)c1ccccc1F
4811,1,CC(C)(C)[C@@]1(O)CCN2C[C@@H]3c4ccccc4CCc4cccc(c43)[C@H]2C1,CC(C)(C)[C@@]1(O)CCN2C[C@@H]3c4ccccc4CCc4cccc(c43)[C@H]2C1
4812,1,CC(C)(C)c1ccc(CN2CCN([C@H](c3ccccc3)c3ccc(Cl)cc3)CC2)cc1,CC(C)(C)c1ccc(CN2CCN([C@H](c3ccccc3)c3ccc(Cl)cc3)CC2)cc1
4813,1,CC(C)(O)[C@@](C)(O)c1ccc(Cl)cc1,CC(C)(O)[C@@](C)(O)c1ccc(Cl)cc1
4814,1,CC(C)(O)[C@@](C)(O)c1cccc(Cl)c1,CC(C)(O)[C@@](C)(O)c1cccc(Cl)c1
4815,0,CC(C)(O/N=C(/C(=O)N[C@H]1C(=O)N2C(C(=O)O)=C(CN3C=CCC=C3)CS[C@H]12)c1csc(N)n1)C(=O)O,CC(C)(O/N=C(/C(=O)N[C@H]1C(=O)N2C(C(=O)O)=C(CN3C=CCC=C3)CS[C@H]12)c1csc(N)n1)C(=O)O
4816,0,CC(C)(Oc1ccc(Cl)cc1)C(=O)N[C@H](C(=O)N[C@@H]1C(=O)N2[C@@H]1SC(C)(C)[C@H]2C(=O)O)c1ccccc1,CC(C)(Oc1ccc(Cl)cc1)C(=O)N[C@H](C(=O)N[C@@H]1C(=O)N2[C@@H]1SC(C)(C)[C@H]2C(=O)O)c1ccccc1
4817,0,CC(C)/N=C1\C=C2C(=C[C@@H]1Nc1ccc(Cl)cc1)Nc1ccccc1N2c1ccc(Cl)cc1,CC(C)/N=C1\C=C2C(=C[C@@H]1Nc1ccc(Cl)cc1)Nc1ccccc1N2c1ccc(Cl)cc1
4818,1,CC(C)=CCN1CC[C@]23c4c5ccc(O)c4O[C@H]2C(=O)CC[C@]3(O)[C@H]1C5,CC(C)=CCN1CC[C@]23c4c5ccc(O)c4O[C@H]2C(=O)CC[C@]3(O)[C@H]1C5
4819,0,CC(C)C(=O)OCc1cccc(OC(=O)[C@@H]2N3C(=O)[C@H](NC(=O)Cc4ccccc4)[C@@H]3SC2(C)C)c1,CC(C)C(=O)OCc1cccc(OC(=O)[C@@H]2N3C(=O)[C@H](NC(=O)Cc4ccccc4)[C@@H]3SC2(C)C)c1
4820,1,CC(C)C1(C(C)C)OC[C@@H](CO)O1,CC(C)C1(C(C)C)OC[C@@H](CO)O1
4821,1,CC(C)CCNC[C@@H]1COc2ccccc2O1,CC(C)CCNC[C@@H]1COc2ccccc2O1
4822,1,CC(C)CCO[C@@H](CN1CCCC1)c1ccccc1,CC(C)CCO[C@@H](CN1CCCC1)c1ccccc1
4823,0,CC(C)C[C@@H](N)C(=O)N[C@H](CCCN)C(=O)N[C@@H](C(=O)N[C@H](CCCN)C(=O)N1CCC[C@H]1C(=O)N[C@@H](C=O)Cc1ccccc1)C(C)C,CC(C)C[C@@H](N)C(=O)N[C@H](CCCN)C(=O)N[C@@H](C(=O)N[C@H](CCCN)C(=O)N1CCC[C@H]1C(=O)N[C@@H](C=O)Cc1ccccc1)C(C)C
4824,0,CC(C)C[C@@H]1NC(=O)[C@H](CCCN)NC(=O)[C@H](C(C)C)NC(=O)[C@H]2CCCN2C(=O)[C@H](Cc2ccccc2)NC(=O)[C@@H](CC(C)C)NC(=O)[C@@H](CCCN)NC(=O)[C@H](C(C)C)NC(=O)[C@@H]2CCCN2C(=O)[C@H](Cc2ccccc2)NC1=O,CC(C)C[C@@H]1NC(=O)[C@H](CCCN)NC(=O)[C@H](C(C)C)NC(=O)[C@H]2CCCN2C(=O)[C@H](Cc2ccccc2)NC(=O)[C@@H](CC(C)C)NC(=O)[C@@H](CCCN)NC(=O)[C@H](C(C)C)NC(=O)[C@@H]2CCCN2C(=O)[C@H](Cc2ccccc2)NC1=O
4825,0,CC(C)C[C@H](OC(=O)c1ccco1)C(=O)N[C@@H]1C(=O)N2[C@@H]1SC(C)(C)[C@H]2C(=O)O,CC(C)C[C@H](OC(=O)c1ccco1)C(=O)N[C@@H]1C(=O)N2[C@@H]1SC(C)(C)[C@H]2C(=O)O
4826,0,CC(C)C[C@H]1C(=O)N2CCC[C@@H]2[C@]2(O)O[C@](NC(=O)[C@@H]3C=C4c5cccc6[nH]c(Br)c(c56)C[C@H]4N(C)C3)(C(C)C)C(=O)N12,CC(C)C[C@H]1C(=O)N2CCC[C@@H]2[C@]2(O)O[C@](NC(=O)[C@@H]3C=C4c5cccc6[nH]c(Br)c(c56)C[C@H]4N(C)C3)(C(C)C)C(=O)N12
4827,1,CC(C)N1CCO[C@H](c2cccc(C(F)(F)F)c2)C1,CC(C)N1CCO[C@H](c2cccc(C(F)(F)F)c2)C1
4828,1,CC(C)N[C@H]1C2CCC(CC2)[C@@]1(O)c1ccc(Cl)c(Cl)c1,CC(C)N[C@H]1C2CCC(CC2)[C@@]1(O)c1ccc(Cl)c(Cl)c1
4829,1,CC(C)OCC(COC(C)C)OCn1cnc2c1NC(N)=NC2,CC(C)OCC(COC(C)C)OCn1cnc2c1NC(N)=NC2
4830,0,CC(C)[C@@H]1NC(=O)[C@@H](C(C)C)OC(=O)[C@@H](C(C)C)NC(=O)[C@@H](C)OC(=O)[C@@H](C(C)C)NC(=O)[C@@H](C)COC(=O)[C@@H](C(C)C)NC(=O)[C@@H](C)OC(=O)[C@H](C(C)C)NC(=O)[C@@H](C)COC(=O)[C@@H](C(C)C)NC(=O)[C@H](C)OC1=O,CC(C)[C@@H]1NC(=O)[C@@H](C(C)C)OC(=O)[C@@H](C(C)C)NC(=O)[C@@H](C)OC(=O)[C@@H](C(C)C)NC(=O)[C@@H](C)COC(=O)[C@@H](C(C)C)NC(=O)[C@@H](C)OC(=O)[C@H](C(C)C)NC(=O)[C@@H](C)COC(=O)[C@@H](C(C)C)NC(=O)[C@H](C)OC1=O
4831,1,CC(C)[C@H](N)C(=O)OC[C@@H](CO)OCn1cnc2c(=O)[nH]c(N)nc21,CC(C)[C@H](N)C(=O)OC[C@@H](CO)OCn1cnc2c(=O)[nH]c(N)nc21
4832,0,CC(C)c1nc(CN(C)C(=O)N[C@@H](C(=O)N[C@H](Cc2ccccc2)C[C@H](O)[C@@H](Cc2ccccc2)NC(=O)OCc2cncs2)C(C)C)cs1,CC(C)c1nc(CN(C)C(=O)N[C@@H](C(=O)N[C@H](Cc2ccccc2)C[C@H](O)[C@@H](Cc2ccccc2)NC(=O)OCc2cncs2)C(C)C)cs1
4833,1,CC1(C)O[C@H]2CO[C@@]3(COS(N)(=O)=O)OC(C)(C)O[C@@H]3[C@H]2O1,CC1(C)O[C@H]2[C@H](CO[C@@]3(COS(N)(=O)=O)OC(C)(C)O[C@H]23)O1
4834,1,CC1(C)O[C@H]2C[C@@H]3[C@H]4CC5=CC(=O)C=C[C@@]5(C)[C@]4(F)[C@H](O)C[C@]3(C)[C@@]2(C(=O)COC(=O)c2cc3ccccc3o2)O1,CC1(C)O[C@H]2C[C@@H]3[C@H]4CC5=CC(=O)C=C[C@@]5(C)[C@]4(F)[C@H](O)C[C@]3(C)[C@@]2(C(=O)COC(=O)c2cc3ccccc3o2)O1
4835,1,CC1(C)O[C@H]2C[C@@H]3[C@H]4CCC5=CC(=O)C=C[C@@]5(C)[C@]4(F)[C@@H](O)C[C@@]3(C)[C@@]2(C(=O)CO)O1,CC1(C)O[C@H]2C[C@@H]3[C@H]4CCC5=CC(=O)C=C[C@@]5(C)[C@]4(F)[C@@H](O)C[C@@]3(C)[C@@]2(C(=O)CO)O1
4836,1,CC1(C)O[C@H]2C[C@@H]3[C@H]4CCC5=CC(=O)C=C[C@]5(C)[C@@H]4[C@H](O)C[C@]3(C)[C@@]2(C(=O)CO)O1,CC1(C)O[C@H]2C[C@@H]3[C@H]4CCC5=CC(=O)C=C[C@]5(C)[C@@H]4[C@H](O)C[C@]3(C)[C@@]2(C(=O)CO)O1
4837,1,CC1(C)O[C@H]2C[C@@H]3[C@H]4CCC5=CC(=O)CC[C@@]5(C)[C@]4(F)[C@@H](O)C[C@]3(C)[C@@]2(C(=O)CCl)O1,CC1(C)O[C@H]2C[C@@H]3[C@H]4CCC5=CC(=O)CC[C@@]5(C)[C@]4(F)[C@@H](O)C[C@]3(C)[C@@]2(C(=O)CCl)O1
4838,1,CC1(C)O[C@H]2C[C@@H]3[C@H]4CC[C@@H]5CC(=O)CC[C@@]5(C)[C@]4(F)[C@@H](O)C[C@]3(C)[C@@]2(C(=O)CO)O1,CC1(C)O[C@H]2C[C@@H]3[C@H]4CC[C@@H]5CC(=O)CC[C@@]5(C)[C@]4(F)[C@@H](O)C[C@]3(C)[C@@]2(C(=O)CO)O1
4839,1,CC1(C)O[C@H]2C[C@@H]3[C@H]4C[C@@H](F)C5=CC(=O)C=C[C@]5(C)[C@@]4(F)[C@H](O)C[C@@]3(C)[C@@]2(C(=O)CO)O1,CC1(C)O[C@H]2C[C@@H]3[C@H]4C[C@@H](F)C5=CC(=O)C=C[C@]5(C)[C@@]4(F)[C@H](O)C[C@@]3(C)[C@@]2(C(=O)CO)O1
4840,1,CC1(C)O[C@H]2C[C@@H]3[C@H]4C[C@@H](F)C5=CC(=O)CC[C@]5(C)[C@@H]4[C@H](O)C[C@]3(C)[C@@]2(C(=O)CO)O1,CC1(C)O[C@H]2C[C@@H]3[C@H]4C[C@@H](F)C5=CC(=O)CC[C@]5(C)[C@@H]4[C@H](O)C[C@]3(C)[C@@]2(C(=O)CO)O1
4841,1,CC1(C)O[C@H]2C[C@@H]3[C@H]4C[C@H](F)C5=CC(=O)C=C[C@@]5(C)[C@]4(Cl)[C@@H](Cl)C[C@@]3(C)[C@@]2(C(=O)CCl)O1,CC1(C)O[C@H]2C[C@@H]3[C@H]4C[C@H](F)C5=CC(=O)C=C[C@@]5(C)[C@]4(Cl)[C@@H](Cl)C[C@@]3(C)[C@@]2(C(=O)CCl)O1
4842,1,CC1(C)O[C@H]2C[C@@H]3[C@H]4C[C@H](F)C5=CC(=O)C=C[C@@]5(C)[C@]4(Cl)[C@@H](Cl)C[C@@]3(C)[C@@]2(C(=O)CF)O1,CC1(C)O[C@H]2C[C@@H]3[C@H]4C[C@H](F)C5=CC(=O)C=C[C@@]5(C)[C@]4(Cl)[C@@H](Cl)C[C@@]3(C)[C@@]2(C(=O)CF)O1
4843,1,CC1(C)O[C@H]2C[C@@H]3[C@H]4C[C@H](F)C5=CC(=O)C=C[C@@]5(C)[C@]4(Cl)[C@@H](Cl)C[C@@]3(C)[C@@]2(C(=O)CO)O1,CC1(C)O[C@H]2C[C@@H]3[C@H]4C[C@H](F)C5=CC(=O)C=C[C@@]5(C)[C@]4(Cl)[C@@H](Cl)C[C@@]3(C)[C@@]2(C(=O)CO)O1
4844,0,CC1(C)S[C@@H]2[C@@H](N=CN3CCCCCC3)C(=O)N2[C@H]1C(=O)O,CC1(C)S[C@@H]2[C@@H](N=CN3CCCCCC3)C(=O)N2[C@H]1C(=O)O
4845,0,CC1(C)S[C@@H]2[C@@H](NC(=O)C3(N)CCCCC3)C(=O)N2[C@@H]1C(=O)O,CC1(C)S[C@@H]2[C@@H](NC(=O)C3(N)CCCCC3)C(=O)N2[C@@H]1C(=O)O
4846,0,CC1(C)S[C@@H]2[C@@H](NC(=O)CCC[C@@H](N)C(=O)O)C(=O)N2[C@@H]1C(=O)O,CC1(C)S[C@@H]2[C@@H](NC(=O)CCC[C@@H](N)C(=O)O)C(=O)N2[C@@H]1C(=O)O
4847,0,CC1(C)S[C@@H]2[C@@H](NC(=O)COc3ccccc3)C(=O)N2[C@H]1C(=O)O,CC1(C)S[C@@H]2[C@@H](NC(=O)COc3ccccc3)C(=O)N2[C@H]1C(=O)O
4848,0,CC1(C)S[C@@H]2[C@@H](NC(=O)CSc3ccccc3)C(=O)N2[C@@H]1C(=O)O,CC1(C)S[C@@H]2[C@@H](NC(=O)CSc3ccccc3)C(=O)N2[C@@H]1C(=O)O
4849,0,CC1(C)S[C@@H]2[C@@H](NC(=O)Cc3ccccc3)C(=O)N2[C@H]1C(=O)O,CC1(C)S[C@@H]2[C@@H](NC(=O)Cc3ccccc3)C(=O)N2[C@H]1C(=O)O
4850,0,CC1(C)S[C@@H]2[C@@H](NC(=O)[C@@H](/N=C/c3ccco3)c3ccc(O)cc3)C(=O)N2[C@@H]1C(=O)O,CC1(C)S[C@@H]2[C@@H](NC(=O)[C@@H](/N=C/c3ccco3)c3ccc(O)cc3)C(=O)N2[C@@H]1C(=O)O
4851,1,CC1(C)S[C@@H]2[C@@H](NC(=O)[C@@H](C(=O)O)c3ccsc3)C(=O)N2[C@H]1C(=O)O,CC1(C)S[C@@H]2[C@@H](NC(=O)[C@@H](C(=O)O)c3ccsc3)C(=O)N2[C@H]1C(=O)O
4852,0,CC1(C)S[C@@H]2[C@@H](NC(=O)[C@@H](C(=O)Oc3ccccc3)c3ccccc3)C(=O)N2[C@H]1C(=O)O,CC1(C)S[C@@H]2[C@@H](NC(=O)[C@@H](C(=O)Oc3ccccc3)c3ccccc3)C(=O)N2[C@H]1C(=O)O
4853,0,CC1(C)S[C@@H]2[C@@H](NC(=O)[C@H](C(=O)O)c3ccsc3)C(=O)N2[C@@H]1C(=O)O,CC1(C)S[C@@H]2[C@@H](NC(=O)[C@H](C(=O)O)c3ccsc3)C(=O)N2[C@@H]1C(=O)O
4854,0,CC1(C)S[C@@H]2[C@@H](NC(=O)[C@H](N)c3ccccc3)C(=O)N2[C@@H]1C(=O)O[C@@H]1OC(=O)c2ccccc21,CC1(C)S[C@@H]2[C@@H](NC(=O)[C@H](N)c3ccccc3)C(=O)N2[C@@H]1C(=O)O[C@@H]1OC(=O)c2ccccc21
4855,0,CC1(C)S[C@@H]2[C@@H](NC(=O)[C@H](N)c3ccccc3)C(=O)N2[C@H]1C(=O)O,CC1(C)S[C@@H]2[C@@H](NC(=O)[C@H](N)c3ccccc3)C(=O)N2[C@H]1C(=O)O
4856,0,CC1(C)S[C@@H]2[C@@H](NC(=O)[C@H](NC(=O)c3ccc(-c4ccc(S(=O)(=O)N(CCO)CCO)cc4)[nH]c3=O)c3ccc(O)cc3)C(=O)N2[C@H]1C(=O)O,CC1(C)S[C@@H]2[C@@H](NC(=O)[C@H](NC(=O)c3ccc(-c4ccc(S(=O)(=O)N(CCO)CCO)cc4)[nH]c3=O)c3ccc(O)cc3)C(=O)N2[C@H]1C(=O)O
4857,0,CC1(C)S[C@@H]2[C@H](NC(=O)[C@@H](NC(=O)c3cnc4cccnc4c3O)c3ccccc3)C(=O)N2[C@@H]1C(=O)O,CC1(C)S[C@@H]2[C@H](NC(=O)[C@@H](NC(=O)c3cnc4cccnc4c3O)c3ccccc3)C(=O)N2[C@@H]1C(=O)O
4858,0,CC1(C)S[C@@H]2[C@H](NC(=O)[C@@H](c3ccccc3)S(=O)(=O)O)C(=O)N2[C@@H]1C(=O)O,CC1(C)S[C@@H]2[C@H](NC(=O)[C@@H](c3ccccc3)S(=O)(=O)O)C(=O)N2[C@@H]1C(=O)O
4859,0,CC1(C)S[C@@H]2[C@H](NC(=O)[C@H](NC(=O)CNC(=N)c3ccncc3)c3ccccc3)C(=O)N2[C@@H]1C(=O)O,CC1(C)S[C@@H]2[C@H](NC(=O)[C@H](NC(=O)CNC(=N)c3ccncc3)c3ccccc3)C(=O)N2[C@@H]1C(=O)O
4860,0,CC1(C)S[C@@H]2[C@H](NC(=O)c3nc4ccccc4nc3C(=O)O)C(=O)N2[C@@H]1C(=O)O,CC1(C)S[C@@H]2[C@H](NC(=O)c3nc4ccccc4nc3C(=O)O)C(=O)N2[C@@H]1C(=O)O
4861,0,CC1(C)S[C@H]2[C@@H](N3C(=O)[C@@H](c4ccc(O)cc4)NC3(C)C)C(=O)N2[C@H]1C(=O)O,CC1(C)S[C@H]2[C@@H](N3C(=O)[C@@H](c4ccc(O)cc4)NC3(C)C)C(=O)N2[C@H]1C(=O)O
4862,0,CC1(C)S[C@H]2[C@@H](N3C(=O)[C@H](c4ccccc4)NC3(C)C)C(=O)N2[C@H]1C(=O)O,CC1(C)S[C@H]2[C@@H](N3C(=O)[C@H](c4ccccc4)NC3(C)C)C(=O)N2[C@H]1C(=O)O
4863,0,CC1(C)S[C@H]2[C@@H](NC(=O)[C@H](N)c3ccccc3)C(=O)N2[C@H]1C(=O)OCOC(=O)[C@@H]1N2C(=O)C[C@@H]2S(=O)(=O)C1(C)C,CC1(C)S[C@H]2[C@@H](NC(=O)[C@H](N)c3ccccc3)C(=O)N2[C@H]1C(=O)OCOC(=O)[C@@H]1N2C(=O)C[C@@H]2S(=O)(=O)C1(C)C
4864,0,CC1(C)S[C@H]2[C@@H](NC(=O)[C@H](NS(=O)(=O)O)c3ccccc3)C(=O)N2[C@H]1C(=O)O,CC1(C)S[C@H]2[C@@H](NC(=O)[C@H](NS(=O)(=O)O)c3ccccc3)C(=O)N2[C@H]1C(=O)O
4865,0,CC1(C)S[C@H]2[C@H](C(=O)[C@H]2NC(=O)[C@@H](Oc2ccccc2)c2ccccc2)[C@H]1C(=O)O,CC1(C)S[C@H]2[C@H](C(=O)[C@H]2NC(=O)[C@@H](Oc2ccccc2)c2ccccc2)[C@H]1C(=O)O
4866,0,CC1(C)S[C@H]2[C@H](NC(=O)[C@@H](C(=O)Oc3ccc4c(c3)CCC4)c3ccccc3)C(=O)N2[C@@H]1C(=O)O,CC1(C)S[C@H]2[C@H](NC(=O)[C@@H](C(=O)Oc3ccc4c(c3)CCC4)c3ccccc3)C(=O)N2[C@@H]1C(=O)O
4867,0,CC1(C)S[C@H]2[C@H](NC(=O)[C@@H](N)C3=CCC=CC3)C(=O)N2[C@@H]1C(=O)O,CC1(C)S[C@H]2[C@H](NC(=O)[C@@H](N)C3=CCC=CC3)C(=O)N2[C@@H]1C(=O)O
4868,0,CC1(C)S[C@H]2[C@H](NC(=O)[C@@H](NC(=O)Cc3ccc(C4=NCCCN4)cc3)c3ccccc3)C(=O)N2[C@@H]1C(=O)O,CC1(C)S[C@H]2[C@H](NC(=O)[C@@H](NC(=O)Cc3ccc(C4=NCCCN4)cc3)c3ccccc3)C(=O)N2[C@@H]1C(=O)O
4869,0,CC1(C)[C@H](NC/C(=N\OCC(=O)O)c2csc(N)n2)C(=O)N1OS(=O)(=O)O,CC1(C)[C@H](NC/C(=N\OCC(=O)O)c2csc(N)n2)C(=O)N1OS(=O)(=O)O
4870,1,CC1(C)[C@H]2CC[C@]1(C)C(=O)C2,CC1(C)[C@H]2CC[C@]1(C)C(=O)C2
4871,0,CC1=C(C(=O)O)N2C(=O)[C@@H](NC(=O)[C@H](N)C3=CCC=CC3)[C@@H]2SC1,CC1=C(C(=O)O)N2C(=O)[C@@H](NC(=O)[C@H](N)C3=CCC=CC3)[C@@H]2SC1
4872,0,CC1=C(C(=O)O)N2C(=O)[C@@H](NC(=O)[C@H](N)c3ccc(O)c(Cl)c3)[C@@H]2SC1,CC1=C(C(=O)O)N2C(=O)[C@@H](NC(=O)[C@H](N)c3ccc(O)c(Cl)c3)[C@@H]2SC1
4873,0,CC1=C(C(=O)O)N2C(=O)[C@@H](NC(=O)[C@H](N)c3cccc(NS(C)(=O)=O)c3)[C@@H]2SC1,CC1=C(C(=O)O)N2C(=O)[C@@H](NC(=O)[C@H](N)c3cccc(NS(C)(=O)=O)c3)[C@@H]2SC1
4874,0,CC1=C(C(=O)O)N2C(=O)[C@H](NC(=O)[C@@H](N)c3ccc(O)cc3)[C@H]2SC1,CC1=C(C(=O)O)N2C(=O)[C@H](NC(=O)[C@@H](N)c3ccc(O)cc3)[C@H]2SC1
4875,0,CC1=C(C(=O)OCC(=O)OC(C)(C)C)N2C(=O)[C@@H](NC(=O)[C@@H](N)c3ccccc3)[C@H]2SC1,CC1=C(C(=O)OCC(=O)OC(C)(C)C)N2C(=O)[C@@H](NC(=O)[C@@H](N)c3ccccc3)[C@H]2SC1
4876,0,CC1=C/[C@@H](O)CC(=O)Cc2nc(co2)C(=O)N2CCC=C2C(=O)O[C@@H](C(C)C)[C@H](C)/C=C/C(=O)NC\C=C\1,CC1=C/[C@@H](O)CC(=O)Cc2nc(co2)C(=O)N2CCC=C2C(=O)O[C@@H](C(C)C)[C@H](C)/C=C/C(=O)NC\C=C\1
4877,1,CC1=CC(=O)N2CC(=O)N(C)c3ccc(Cl)cc3[C@]2(c2ccccc2)O1,CC1=CC(=O)N2CC(=O)N(C)c3ccc(Cl)cc3[C@]2(c2ccccc2)O1
4878,1,CC1=CC=CN2C(=O)C(CCN3CCC(c4noc5cc(F)ccc45)CC3)=C(C)N[C@@H]12,CC1=CC=CN2C(=O)C(CCN3CCC(c4noc5cc(F)ccc45)CC3)=C(C)N[C@@H]12
4879,1,CC1=CC[C@@H]2N(C)[C@@H]3Cc4ccc(O)c5c4[C@]2(C3)[C@@H]1O5,CC1=CC[C@@H]2N(C)[C@@H]3Cc4ccc(O)c5c4[C@]2(C3)[C@@H]1O5
4880,1,CC1=CN2C(CC(=O)N(C)C)=C(c3ccc(C)cc3)N[C@@H]2C=C1,CC1=CN2C(CC(=O)N(C)C)=C(c3ccc(C)cc3)N[C@@H]2C=C1
4881,1,CC1=C[C@H]2[C@@H]3C[C@@H](C)[C@@](O)(C(=O)COC(=O)c4cccc(S(=O)(=O)O)c4)[C@]3(C)C[C@H](O)[C@H]2[C@]2(C)Cc3cnn(-c4ccccc4)c3C=C12,CC1=C[C@@H]2[C@@H]([C@@H](O)C[C@]3(C)[C@H]2C[C@@H](C)[C@@]3(O)C(=O)COC(=O)c2cccc(S(=O)(=O)O)c2)[C@]2(C)Cc3cnn(-c4ccccc4)c3C=C12
4882,1,CC1=N[C@@H]2Cc3ccccc3N=C(N3CCN(C)CC3)N2N1,CC1=N[C@@H]2Cc3ccccc3N=C(N3CCN(C)CC3)N2N1
4883,1,CCC(=O)N1CCN(C(=O)O[C@H]2C3=C(SCCS3)C(=O)N2c2ccc3ccc(Cl)nc3n2)CC1,CCC(=O)N1CCN(C(=O)O[C@H]2C3=C(SCCS3)C(=O)N2c2ccc3ccc(Cl)nc3n2)CC1
4884,1,CCC(=O)OCC(=O)[C@@]1(OC(=O)CC)[C@@H](C)C[C@H]2[C@@H]3CCC4=CC(=O)C=C[C@]4(C)[C@@]3(Cl)[C@@H](O)C[C@]21C,CCC(=O)OCC(=O)[C@@]1(OC(=O)CC)[C@@H](C)C[C@H]2[C@@H]3CCC4=CC(=O)C=C[C@]4(C)[C@@]3(Cl)[C@@H](O)C[C@]21C
4885,1,CCC(=O)OCC(=O)[C@@]1(OC(=O)CC)[C@H](C)C[C@@H]2[C@H]3CCC4=CC(=O)C=C[C@@]4(C)[C@]3(F)[C@@H](O)C[C@@]21C,CCC(=O)OCC(=O)[C@@]1(OC(=O)CC)[C@H](C)C[C@@H]2[C@H]3CCC4=CC(=O)C=C[C@@]4(C)[C@]3(F)[C@@H](O)C[C@@]21C
4886,1,CCC(=O)OCC(=O)[C@@]12OC(C)(C)O[C@@H]1C[C@@H]1[C@H]3C[C@@H](F)C4=CC(=O)C=C[C@@]4(C)[C@]3(F)[C@@H](O)C[C@]12C,CCC(=O)OCC(=O)[C@@]12OC(C)(C)O[C@@H]1C[C@@H]1[C@H]3C[C@@H](F)C4=CC(=O)C=C[C@@]4(C)[C@]3(F)[C@@H](O)C[C@]12C
4887,0,CCC(=O)O[C@@H]1CC(=O)O[C@H](C)C/C=C/C=C\[C@@H](O)[C@@H](C)C[C@@H](CC=O)[C@H](O[C@H]2O[C@@H](C)[C@@H](O[C@@H]3C[C@@](C)(O)[C@H](OC(=O)CC)[C@@H](C)O3)[C@H](N(C)C)[C@H]2O)[C@H]1OC,CCC(=O)O[C@@H]1[C@@H](C)O[C@H](O[C@H]2[C@H](N(C)C)[C@@H](O)[C@@H](O[C@H]3[C@H](CC=O)C[C@H](C)[C@H](O)/C=C\C=C\C[C@@H](C)OC(=O)C[C@@H](OC(=O)CC)[C@@H]3OC)O[C@H]2C)C[C@@]1(C)O
4888,0,CCC(=O)O[C@@H]1[C@H](C)O[C@H](O[C@@H]2[C@H](C)C(=O)O[C@@H](C)[C@@H](C)[C@@H](OC(=O)CC)[C@H](C)C(=O)[C@]3(CO3)C[C@@H](C)[C@H](O[C@@H]3O[C@@H](C)C[C@H](N(C)C)[C@H]3O)[C@@H]2C)C[C@H]1OC,CCC(=O)O[C@@H]1[C@H](C)[C@H](C)OC(=O)[C@@H](C)[C@@H](O[C@@H]2C[C@@H](OC)[C@H](OC(=O)CC)[C@H](C)O2)[C@@H](C)[C@@H](O[C@@H]2O[C@@H](C)C[C@H](N(C)C)[C@H]2O)[C@H](C)C[C@@]2(CO2)C(=O)[C@H]1C
4889,1,CCC(=O)O[C@@]1(C(=O)CCl)[C@@H](C)C[C@@H]2[C@H]3CCC4=CC(=O)C=C[C@@]4(C)[C@]3(F)[C@@H](O)C[C@]21C,CCC(=O)O[C@@]1(C(=O)CCl)[C@@H](C)C[C@@H]2[C@H]3CCC4=CC(=O)C=C[C@@]4(C)[C@]3(F)[C@@H](O)C[C@]21C
4890,1,CCC(=O)O[C@@]1(C(=O)SCCl)[C@@H](C)C[C@@H]2[C@H]3C[C@@H](F)C4=CC(=O)C=C[C@@]4(C)[C@]3(F)[C@@H](O)C[C@]21C,CCC(=O)O[C@@]1(C(=O)SCCl)[C@@H](C)C[C@@H]2[C@H]3C[C@@H](F)C4=CC(=O)C=C[C@@]4(C)[C@]3(F)[C@@H](O)C[C@]21C
4891,1,CCC(=O)O[C@@]1(c2ccccc2)CCN(C)C[C@@H]1C,CCC(=O)O[C@@]1(c2ccccc2)CCN(C)C[C@@H]1C
4892,1,CCC(=O)O[C@](Cc1ccccc1)(c1ccccc1)[C@@H](C)CN(C)C,CCC(=O)O[C@](Cc1ccccc1)(c1ccccc1)[C@@H](C)CN(C)C
4893,1,CCC(=O)O[C@]1(C(=O)COC(C)=O)CC[C@H]2[C@@H]3CCC4=CC(=O)CC[C@]4(C)[C@@H]3[C@H](O)C[C@@]21C,CCC(=O)O[C@]1(C(=O)COC(C)=O)CC[C@H]2[C@@H]3CCC4=CC(=O)CC[C@]4(C)[C@@H]3[C@H](O)C[C@@]21C
4894,1,CCC(=O)O[C@]1(C(=O)COC)[C@H](C)C[C@@H]2[C@H]3CCC4=CC(=O)C=C[C@@]4(C)[C@]3(F)[C@@H](O)C[C@@]21C,CCC(=O)O[C@]1(C(=O)COC)[C@H](C)C[C@@H]2[C@H]3CCC4=CC(=O)C=C[C@@]4(C)[C@]3(F)[C@@H](O)C[C@@]21C
4895,1,CCC(=O)[C@]1(C)[C@H](C)C[C@H]2[C@@H]3CCC4=CC(=O)C=C[C@@]4(C)[C@H]3[C@@H](O)C[C@]21C,CCC(=O)[C@]1(C)[C@H](C)C[C@H]2[C@@H]3CCC4=CC(=O)C=C[C@@]4(C)[C@H]3[C@@H](O)C[C@]21C
4896,1,CCC(=O)c1ccc2c(c1)N(C[C@@H](C)N(C)C)c1ccccc1S2,CCC(=O)c1ccc2c(c1)N(C[C@@H](C)N(C)C)c1ccccc1S2
4897,1,CCC(C)(C)C(=O)O[C@@H]1C[C@H](C)C=C2C=C[C@@H](C)[C@H](CC[C@@H]3C[C@H](O)CC(=O)O3)[C@H]21,CCC(C)(C)C(=O)O[C@@H]1C[C@H](C)C=C2C=C[C@@H](C)[C@H](CC[C@@H]3C[C@H](O)CC(=O)O3)[C@H]21
4898,1,CCC1(CC)C(=O)NC[C@@H](C)C1=O,CCC1(CC)C(=O)NC[C@@H](C)C1=O
4899,1,CCC1(CC)O[C@H]2C[C@@H]3[C@H]4CCC5=CC(=O)C=C[C@@]5(C)[C@]4(F)[C@@H](O)C[C@]3(C)[C@@]2(C(=O)CO)O1,CCC1(CC)O[C@H]2C[C@@H]3[C@H]4CCC5=CC(=O)C=C[C@@]5(C)[C@]4(F)[C@@H](O)C[C@]3(C)[C@@]2(C(=O)CO)O1
4900,1,CCC1=C(C)N(N)C(c2ccc(OC)c(OC)c2)=C2C=C(OC)C(OC)=C[C@@H]21,CCC1=C(C)N(N)C(c2ccc(OC)c(OC)c2)=C2C=C(OC)C(OC)=C[C@@H]21
4901,1,CCCC(=O)OCC(=O)[C@]1(OC(=O)CCC)[C@@H](C)C[C@H]2[C@@H]3CCC4=CC(=O)C=C[C@]4(C)[C@@]3(Cl)[C@H](Cl)C[C@]21C,CCCC(=O)OCC(=O)[C@]1(OC(=O)CCC)[C@@H](C)C[C@H]2[C@@H]3CCC4=CC(=O)C=C[C@]4(C)[C@@]3(Cl)[C@H](Cl)C[C@]21C
4902,1,CCCC(=O)O[C@@]1(C(=O)COC(=O)CC)CC[C@@H]2[C@H]3CCC4=CC(=O)CC[C@]4(C)[C@@H]3[C@@H](O)C[C@]21C,CCCC(=O)O[C@@]1(C(=O)COC(=O)CC)CC[C@@H]2[C@H]3CCC4=CC(=O)CC[C@]4(C)[C@@H]3[C@@H](O)C[C@]21C
4903,1,CCCC(=O)O[C@@]1(C(=O)COC(C)=O)CC[C@@H]2[C@H]3C[C@@H](F)C4=CC(=O)C=C[C@@]4(C)[C@]3(F)[C@@H](O)C[C@]21C,CCCC(=O)O[C@@]1(C(=O)COC(C)=O)CC[C@@H]2[C@H]3C[C@@H](F)C4=CC(=O)C=C[C@@]4(C)[C@]3(F)[C@@H](O)C[C@]21C
4904,1,CCCC(=O)O[C@@]1(C(=O)COC(C)=O)[C@@H](C)C[C@H]2[C@@H]3CCC4=CC(=O)C=C[C@]4(C)[C@@]3(Cl)[C@H](O)C[C@]21C,CCCC(=O)O[C@@]1(C(=O)COC(C)=O)[C@@H](C)C[C@H]2[C@@H]3CCC4=CC(=O)C=C[C@]4(C)[C@@]3(Cl)[C@H](O)C[C@]21C
4905,1,CCCC(=O)O[C@@]1(C(C)=O)CCC[C@@H]2[C@H]3CCC4=CC(=O)C=C[C@@]4(C)[C@@H]3[C@@H](O)C[C@]21C,CCCC(=O)O[C@@]1(C(C)=O)CCC[C@@H]2[C@H]3CCC4=CC(=O)C=C[C@@]4(C)[C@@H]3[C@@H](O)C[C@]21C
4906,1,CCCCC(=O)O[C@@]1(C(=O)CO)CC[C@@H]2[C@H]3CCC4=CC(=O)CC[C@@]4(C)[C@@H]3[C@@H](O)C[C@]21C,CCCCC(=O)O[C@@]1(C(=O)CO)CC[C@@H]2[C@H]3CCC4=CC(=O)CC[C@@]4(C)[C@@H]3[C@@H](O)C[C@]21C
4907,1,CCCCC(=O)O[C@@]1(C(=O)CO)CC[C@H]2[C@@H]3C[C@H](F)C4=CC(=O)C=C[C@]4(C)[C@@H]3[C@H](O)C[C@]21C,CCCCC(=O)O[C@@]1(C(=O)CO)CC[C@H]2[C@@H]3C[C@H](F)C4=CC(=O)C=C[C@]4(C)[C@@H]3[C@H](O)C[C@]21C
4908,1,CCCCC(=O)O[C@]1(C(=O)CO)CC[C@H]2[C@@H]3CCC4=CC(=O)C=C[C@]4(C)[C@H]3[C@H](O)C[C@]21C,CCCCC(=O)O[C@]1(C(=O)CO)CC[C@H]2[C@@H]3CCC4=CC(=O)C=C[C@]4(C)[C@H]3[C@H](O)C[C@]21C
4909,1,CCCCC(=O)O[C@]1(C(=O)CO)[C@H](C)C[C@H]2[C@@H]3CCC4=CC(=O)C=C[C@]4(C)[C@@]3(F)[C@H](O)C[C@@]21C,CCCCC(=O)O[C@]1(C(=O)CO)[C@H](C)C[C@H]2[C@@H]3CCC4=CC(=O)C=C[C@]4(C)[C@@]3(F)[C@H](O)C[C@@]21C
4910,1,CCCCC/C(=N/OCCN)c1ccc(C)c(N)c1,CCCCC/C(=N/OCCN)c1ccc(C)c(N)c1
4911,1,CCCCCCCCCCCCCC(=O)O[C@@H]1C=C[C@@H]2[C@H]3Cc4ccc(OCc5ccccc5)c5c4[C@@]2(CCN3C)[C@H]1O5,CCCCCCCCCCCCCC(=O)O[C@@H]1C=C[C@@H]2[C@H]3Cc4ccc(OCc5ccccc5)c5c4[C@@]2(CCN3C)[C@H]1O5
4912,1,CCCCCCCCCCCCCCCCCC(=O)OCC(=O)OCC(=O)[C@]1(O)CC[C@H]2[C@@H]3CCC4=CC(=O)C=C[C@@]4(C)[C@H]3[C@@H](O)C[C@]21C,CCCCCCCCCCCCCCCCCC(=O)OCC(=O)OCC(=O)[C@]1(O)CC[C@H]2[C@@H]3CCC4=CC(=O)C=C[C@@]4(C)[C@H]3[C@@H](O)C[C@]21C
4913,1,CCCCCCCCCN[C@@H]1N=CNc2[nH]ccc21,CCCCCCCCCN[C@@H]1N=CNc2[nH]ccc21
4914,1,CCCCCCCCC[C@@]1(C)OC[C@H](COC(N)=O)O1,CCCCCCCCC[C@@]1(C)OC[C@H](COC(N)=O)O1
4915,1,CCCCCC[C@@H](C)NN,CCCCCC[C@@H](C)NN
4916,1,CCCCCN[C@]12C=CC(=O)[C@@H]3Oc4c(O)ccc5c4[C@@]31CCN(C)[C@@H]2C5,CCCCCN[C@]12C=CC(=O)[C@@H]3Oc4c(O)ccc5c4[C@@]31CCN(C)[C@@H]2C5
4917,1,CCCCC[C@@H](C)[C@@H](C)c1cc(OC(=O)CCCN2CCCCCC2)c2c(c1)OC(C)(C)C1=C2C[C@@H](C)CC1,CCCCC[C@@H](C)[C@@H](C)c1cc(OC(=O)CCCN2CCCCCC2)c2c(c1)OC(C)(C)C1=C2C[C@@H](C)CC1
4918,0,CCCCC[C@@H]1CN[C@@H](C(=O)N[C@H]([C@H](C)Cl)[C@@H]2O[C@H](SC)[C@@H](O)[C@H](O)[C@H]2O)C1,CCCCC[C@@H]1CN[C@@H](C(=O)N[C@@H]([C@@H]2O[C@H](SC)[C@@H](O)[C@H](O)[C@H]2O)[C@H](C)Cl)C1
4919,1,CCCCNC(=O)OC[C@](C)(CCC)COC(N)=O,CCCCNC(=O)OC[C@](C)(CCC)COC(N)=O
4920,1,CCCCNC[C@@H]1COc2cccc(OCC)c2O1,CCCCNC[C@@H]1COc2cccc(OCC)c2O1
4921,1,CCCCOC[C@@H](CN1C(=O)N(C[C@H](COCCCC)OC(N)=O)C(=O)C(CC)(c2ccccc2)C1=O)OC(N)=O,CCCCOC[C@@H](CN1C(=O)N(C[C@H](COCCCC)OC(N)=O)C(=O)C(CC)(c2ccccc2)C1=O)OC(N)=O
4922,1,CCCCOC[C@H](CN1C(=O)NC(=O)[C@](CC)(c2ccccc2)C1=O)OC(N)=O,CCCCOC[C@H](CN1C(=O)NC(=O)[C@](CC)(c2ccccc2)C1=O)OC(N)=O
4923,0,CCCC[C@@H]1CC(=O)[C@@]2(O)O[C@@H]3[C@@H](NC)[C@H](O)[C@@H](NC)[C@H](O)[C@H]3O[C@@H]2O1,CCCC[C@@H]1CC(=O)[C@@]2(O)O[C@@H]3[C@@H](NC)[C@H](O)[C@@H](NC)[C@H](O)[C@H]3O[C@@H]2O1
4924,1,CCCC[C@H](CC)CNC(=O)C[C@@H](C)O,CCCC[C@H](CC)CNC(=O)C[C@@H](C)O
4925,1,CCCN1C[C@H](NS(=O)(=O)N(CC)CC)C[C@@H]2Cc3c(O)cccc3C[C@@H]21,CCCN1C[C@H](NS(=O)(=O)N(CC)CC)C[C@@H]2Cc3c(O)cccc3C[C@@H]21
4926,1,CCC[C@@H](CC)C1(CC)C(=O)NC(=O)NC1=O,CCC[C@@H](CC)C1(CC)C(=O)NC(=O)NC1=O
4927,1,CCC[C@@H](CC)C1(CC)C(=O)NC(=S)NC1=O,CCC[C@@H](CC)C1(CC)C(=O)NC(=S)NC1=O
4928,1,CCC[C@@H]1O[C@@H]2C[C@@H]3[C@H]4C[C@@H](F)C5=CC(=O)C=C[C@]5(C)[C@@]4(F)[C@@H](O)C[C@@]3(C)[C@]2(C(=O)O[C@H](C)OC(=O)OCC)O1,CCC[C@@H]1O[C@@H]2C[C@@H]3[C@H]4C[C@@H](F)C5=CC(=O)C=C[C@]5(C)[C@@]4(F)[C@@H](O)C[C@@]3(C)[C@]2(C(=O)O[C@H](C)OC(=O)OCC)O1
4929,1,CCC[C@@](C)(O)[C@@H]1C[C@@]23C=C[C@]1(OC)[C@H]1Oc4c(O)ccc5c4[C@]12CCN(C)[C@H]3C5,CCC[C@@](C)(O)[C@@H]1C[C@@]23C=C[C@]1(OC)[C@H]1Oc4c(O)ccc5c4[C@]12CCN(C)[C@H]3C5
4930,1,CCC[C@H](C(=O)c1ccc(C)cc1)N1CCCC1,CCC[C@H](C(=O)c1ccc(C)cc1)N1CCCC1
4931,1,CCC[C@H](C)C1(CC)C(=O)NC(O)NC1=O,CCC[C@H](C)C1(CC)C(=O)NC(O)NC1=O
4932,0,CCC[C@H]1C[C@H](C(=O)N[C@H]([C@H](C)O)[C@@H]2O[C@@H](SC)[C@@H](O)[C@H](O)[C@H]2O)N(C)C1,CCC[C@H]1C[C@H](C(=O)N[C@@H]([C@@H]2O[C@@H](SC)[C@@H](O)[C@H](O)[C@H]2O)[C@H](C)O)N(C)C1
4933,1,CCC[C@H]1O[C@H]2C[C@@H]3[C@H]4CCC5=CC(=O)C=C[C@@]5(C)[C@@H]4[C@H](O)C[C@]3(C)[C@@]2(C(=O)CO)O1,CCC[C@H]1O[C@H]2C[C@@H]3[C@H]4CCC5=CC(=O)C=C[C@@]5(C)[C@@H]4[C@H](O)C[C@]3(C)[C@@]2(C(=O)CO)O1
4934,1,CCC[C@H]1O[C@H]2C[C@H]3[C@@H]4C[C@H](F)C5=CC(=O)CC[C@]5(C)[C@@]4(F)[C@H](O)C[C@]3(C)[C@@]2(C(=O)CO)O1,CCC[C@H]1O[C@H]2C[C@H]3[C@@H]4C[C@H](F)C5=CC(=O)CC[C@]5(C)[C@@]4(F)[C@H](O)C[C@]3(C)[C@@]2(C(=O)CO)O1
4935,1,CCC[C@]1(c2cccc(O)c2)CCN(C)C[C@H]1C,CCC[C@]1(c2cccc(O)c2)CCN(C)C[C@H]1C
4936,1,CCN(C(C)=O)c1cccc(C2=CC=NC3=C(C#N)CNN23)c1,CCN(C(C)=O)c1cccc(C2=CC=NC3=C(C#N)CNN23)c1
4937,0,CCN(CC)/C(C)=N/N=C/c1c2c(O)c3c(O)c(C)c4c(c3c1O)C(=O)[C@@](C)(O/C=C/[C@@H](OC)[C@@H](C)[C@@H](OC(C)=O)[C@@H](C)[C@@H](O)[C@H](C)[C@@H](O)[C@@H](C)/C=C/C=C(\C)C(=O)N2)O4,CCN(CC)/C(C)=N/N=C/c1c2c(O)c3c(O)c(C)c4c(c3c1O)C(=O)[C@@](C)(O/C=C/[C@@H](OC)[C@@H](C)[C@@H](OC(C)=O)[C@@H](C)[C@@H](O)[C@H](C)[C@@H](O)[C@@H](C)/C=C/C=C(\C)C(=O)N2)O4
4938,0,CCN(CC)C(=O)COc1cc2c(O)c3c(O)c(C)c4c(c13)C(=O)[C@](C)(O/C=C/[C@@H](OC)[C@H](C)[C@@H](OC(C)=O)[C@H](C)[C@@H](O)[C@H](C)[C@H](O)[C@@H](C)/C=C\C=C(\C)C(=O)N2)O4,CCN(CC)C(=O)COc1cc2c(O)c3c(O)c(C)c4c(c13)C(=O)[C@](C)(O/C=C/[C@@H](OC)[C@H](C)[C@@H](OC(C)=O)[C@H](C)[C@@H](O)[C@H](C)[C@H](O)[C@@H](C)/C=C\C=C(\C)C(=O)N2)O4
4939,1,CCN(CC)C(=O)[C@H]1[C@H]2C=C[C@H](C2)[C@H]1C(=O)N(CC)CC,CCN(CC)C(=O)[C@@H]1[C@H](C(=O)N(CC)CC)[C@@H]2C=C[C@H]1C2
4940,1,CCN(CC)CC(=O)OCC(=O)[C@]1(O)CC[C@H]2[C@@H]3CCC4=CC(=O)CC[C@@]4(C)[C@H]3[C@@H](O)C[C@]21C,CCN(CC)CC(=O)OCC(=O)[C@]1(O)CC[C@H]2[C@@H]3CCC4=CC(=O)CC[C@@]4(C)[C@H]3[C@@H](O)C[C@]21C
4941,1,CCN(CC)S(=O)(=O)N[C@@H]1C[C@@H]2c3cccc4[nH]cc(c34)C[C@@H]2N(C)C1,CCN(CC)S(=O)(=O)N[C@@H]1C[C@@H]2c3cccc4[nH]cc(c34)C[C@@H]2N(C)C1
4942,1,CCN(CC)[C@H](C)CN1c2ccccc2Sc2ccccc21,CCN(CC)[C@H](C)CN1c2ccccc2Sc2ccccc21
4943,1,CCN1CCC[C@@H]1CNC(=O)c1cc(C(C)=O)ccc1OC,CCN1CCC[C@@H]1CNC(=O)c1cc(C(C)=O)ccc1OC
4944,1,CCN1CCC[C@@H]1CNC(=O)c1cc(S(=O)(=O)CC)ccc1OC,CCN1CCC[C@@H]1CNC(=O)c1cc(S(=O)(=O)CC)ccc1OC
4945,0,CCN1CCN(C(=O)N[C@H](C(=O)N[C@H]2C(=O)N3C(C(=O)O)=C(CSc4nnnn4C)CS[C@H]23)c2ccc(O)cc2)C(=O)C1=O,CCN1CCN(C(=O)N[C@H](C(=O)N[C@H]2C(=O)N3C(C(=O)O)=C(CSc4nnnn4C)CS[C@H]23)c2ccc(O)cc2)C(=O)C1=O
4946,1,CCN=C1NC(=O)[C@@H](c2ccccc2)O1,CCN=C1NC(=O)[C@@H](c2ccccc2)O1
4947,1,CCN=C1Nc2ccc(Cl)cc2[C@@H](c2ccccc2)S1,CCN=C1Nc2ccc(Cl)cc2[C@@H](c2ccccc2)S1
4948,1,CCN=C1Nc2ccc(Cl)cc2[C@](C)(c2ccccc2)O1,CCN=C1Nc2ccc(Cl)cc2[C@](C)(c2ccccc2)O1
4949,0,CCNCNCCSCc1ncccc1Br.N#CN,CCNCNCCSCc1ncccc1Br.N#CN
4950,0,CCN[C@@H]1C[C@@H](N)[C@H](O[C@H]2OC(CN)=CC[C@H]2N)[C@H](O)[C@@H]1O[C@@H]1OC[C@@](C)(O)[C@@H](NC)[C@@H]1O,CCN[C@@H]1C[C@@H](N)[C@H](O[C@H]2OC(CN)=CC[C@H]2N)[C@H](O)[C@@H]1O[C@@H]1OC[C@@](C)(O)[C@@H](NC)[C@@H]1O
4951,1,CCN[C@@H]1[C@H]2CC[C@H](C2)[C@H]1c1ccccc1,CCN[C@@H]1[C@H]2CC[C@H](C2)[C@H]1c1ccccc1
4952,1,CCN[C@]1(c2cccs2)CCCCC1=O,CCN[C@]1(c2cccs2)CCCCC1=O
4953,0,CCOC(=O)CCC(=O)O[C@H]1[C@H](O[C@@H]2[C@H](C)[C@H](O[C@@H]3C[C@](C)(OC)[C@H](O)[C@@H](C)O3)[C@@H](C)C(=O)O[C@@H](CC)[C@](C)(O)[C@@H](O)[C@@H](C)C(=O)[C@H](C)C[C@@]2(C)O)O[C@H](C)C[C@@H]1N(C)C,CCOC(=O)CCC(=O)O[C@H]1[C@H](O[C@@H]2[C@H](C)[C@H](O[C@@H]3C[C@](C)(OC)[C@H](O)[C@@H](C)O3)[C@@H](C)C(=O)O[C@@H](CC)[C@](C)(O)[C@@H](O)[C@@H](C)C(=O)[C@H](C)C[C@@]2(C)O)O[C@H](C)C[C@@H]1N(C)C
4954,1,CCOC(=O)C[C@H](O)C[C@H](O)/C=C/C1=C(c2ccc(F)cc2)c2ccccc2OC12CCCC2,CCOC(=O)C[C@H](O)C[C@H](O)/C=C/C1=C(c2ccc(F)cc2)c2ccccc2OC12CCCC2
4955,1,CCOC(=O)NN[C@H](C)c1ccccc1,CCOC(=O)NN[C@H](C)c1ccccc1
4956,1,CCOC(=O)N[C@H](O)C(Cl)(Cl)Cl,CCOC(=O)N[C@H](O)C(Cl)(Cl)Cl
4957,1,CCOC(=O)O[C@@]1(C(=O)COC(=O)CC)CC[C@@H]2[C@H]3CCC4=CC(=O)C=C[C@]4(C)[C@@H]3[C@H](O)C[C@@]21C,CCOC(=O)O[C@@]1(C(=O)COC(=O)CC)CC[C@@H]2[C@H]3CCC4=CC(=O)C=C[C@]4(C)[C@@H]3[C@H](O)C[C@@]21C
4958,0,CCOC(=O)O[C@H](C)OC(=O)[C@H]1N2C(=O)[C@H](/N=C/N3CCCCCC3)[C@@H]2SC1(C)C,CCOC(=O)O[C@H](C)OC(=O)[C@H]1N2C(=O)[C@H](/N=C/N3CCCCCC3)[C@@H]2SC1(C)C
4959,1,CCOC(=O)[C@@H]1N=C(c2ccccc2F)c2cc(Cl)ccc2NC1=O,CCOC(=O)[C@@H]1N=C(c2ccccc2F)c2cc(Cl)ccc2NC1=O
4960,1,CCOC(=O)[C@@]1(c2ccccc2)CCC=C[C@H]1N(C)C,CCOC(=O)[C@@]1(c2ccccc2)CCC=C[C@H]1N(C)C
4961,1,CCOC(=O)c1cncn1[C@H](C)c1ccc(F)cc1,CCOC(=O)c1cncn1[C@H](C)c1ccc(F)cc1
4962,0,CCOC(OCC)C(=O)OCC(=O)[C@@]1(O)Cc2c(O)c3c(c(O)c2[C@@H](O[C@@H]2C[C@@H](N)[C@H](O)[C@@H](C)O2)C1)C(=O)c1c(OC)cccc1C3=O,CCOC(OCC)C(=O)OCC(=O)[C@@]1(O)Cc2c(O)c3c(c(O)c2[C@@H](O[C@@H]2C[C@@H](N)[C@H](O)[C@@H](C)O2)C1)C(=O)c1c(OC)cccc1C3=O
4963,1,CCO[C@@H]1CCN(C(=O)c2cc(-c3ccccc3)c(=O)n3c2-c2cc(Cl)ccc2CC3)C1,CCO[C@@H]1CCN(C(=O)c2cc(-c3ccccc3)c(=O)n3c2-c2cc(Cl)ccc2CC3)C1
4964,1,CCO[C@@H]1c2ccccc2C(=O)N(C)c2ccccc21,CCO[C@@H]1c2ccccc2C(=O)N(C)c2ccccc21
4965,1,CCO[C@H]1C[C@@]2(C)[C@@H]3[C@H](CC[C@@H]2C[C@@H]1O)[C@H]1CC[C@@H](C(C)=O)[C@]1(C)C[C@H]3N(C)C,CCO[C@H]1C[C@]2(C)[C@H](CC[C@H]3[C@@H]2[C@H](N(C)C)C[C@]2(C)[C@@H]3CC[C@H]2C(C)=O)C[C@@H]1O
4966,1,CCOc1cc(N)c([N+](=O)[O-])cc1C(=O)NC1CCN(C[C@H]2CC=CCC2)CC1,CCOc1cc(N)c([N+](=O)[O-])cc1C(=O)NC1CCN(C[C@H]2CC=CCC2)CC1
4967,0,CCOc1ccc2ccccc2c1C(=O)N[C@H]1C(=O)N2[C@@H](C(=O)O)C(C)(C)S[C@H]12,CCOc1ccc2ccccc2c1C(=O)N[C@H]1C(=O)N2[C@@H]1SC(C)(C)[C@@H]2C(=O)O
4968,1,CCOc1ccccc1O[C@@H](c1ccccc1)[C@H]1CNCCO1,CCOc1ccccc1O[C@@H](c1ccccc1)[C@H]1CNCCO1
4969,1,CCS[C@@]1(SC)CC[C@@H]2[C@H]3CCC4=CC(=O)C=C[C@@]4(C)[C@]3(F)[C@@H](O)C[C@]21C,CCS[C@@]1(SC)CC[C@@H]2[C@H]3CCC4=CC(=O)C=C[C@@]4(C)[C@]3(F)[C@@H](O)C[C@]21C
4970,1,CC[C@@H](C(=O)OCCN1CCO[C@@H](c2ccccc2)[C@@H]1C)c1ccccc1,CC[C@@H](C(=O)OCCN1CCO[C@@H](c2ccccc2)[C@@H]1C)c1ccccc1
4971,1,CC[C@@H](C)C(=O)O[C@H]1CCC=C2C=C[C@H](C)[C@@H](CC[C@@H]3C[C@H](O)CC(=O)O3)[C@@H]21,CC[C@@H](C)C(=O)O[C@H]1CCC=C2C=C[C@H](C)[C@@H](CC[C@@H]3C[C@H](O)CC(=O)O3)[C@@H]21
4972,1,CC[C@@H](C)C1(CC)C(=O)NC(=O)NC1=O,CC[C@@H](C)C1(CC)C(=O)NC(=O)NC1=O
4973,0,CC[C@@H](C)[C@@H](C(=O)OC1CC[N+](C)(C)CC1)c1ccccc1,CC[C@@H](C)[C@@H](C(=O)OC1CC[N+](C)(C)CC1)c1ccccc1
4974,1,CC[C@@H](C)[C@](C)(COC(N)=O)COC(=O)NC(C)C,CC[C@@H](C)[C@](C)(COC(N)=O)COC(=O)NC(C)C
4975,0,CC[C@@H](C)n1ncn(-c2ccc(N3CCN(c4ccc(OC[C@@H]5CO[C@@](CN6CN=CN6)(c6ccc(Cl)cc6Cl)O5)cc4)CC3)cc2)c1=O,CC[C@@H](C)n1ncn(-c2ccc(N3CCN(c4ccc(OC[C@@H]5CO[C@@](CN6CN=CN6)(c6ccc(Cl)cc6Cl)O5)cc4)CC3)cc2)c1=O
4976,1,CC[C@@H](N)Cc1c[nH]c2ccccc12,CC[C@@H](N)Cc1c[nH]c2ccccc12
4977,1,CC[C@@H]1C(=O)NC(=O)[C@]1(C)c1ccccc1,CC[C@@H]1C(=O)NC(=O)[C@]1(C)c1ccccc1
4978,1,CC[C@@H]1CC(=O)[C@H]2Oc3c(OC)ccc4c3[C@]23CCN(CC2CC2)[C@@H](C4)[C@@H]13,CC[C@@H]1CC(=O)[C@H]2Oc3c(OC)ccc4c3[C@]23CCN(CC2CC2)[C@@H](C4)[C@@H]13
4979,0,CC[C@@H]1NC(=O)[C@@H](NC(=O)c2ncccc2O)[C@H](C)OC(=O)[C@@H](c2ccccc2)NC(=O)[C@H]2CC(=O)CCN2C(=O)[C@H](Cc2ccccc2)N(C)C(=O)[C@H]2CCCN2C1=O,CC[C@@H]1NC(=O)[C@@H](NC(=O)c2ncccc2O)[C@H](C)OC(=O)[C@@H](c2ccccc2)NC(=O)[C@H]2CC(=O)CCN2C(=O)[C@H](Cc2ccccc2)N(C)C(=O)[C@H]2CCCN2C1=O
4980,0,CC[C@@H]1NC(=O)[C@H]2CCCN2C(=O)[C@@H](Cc2ccccc2)NC(=O)[C@H](CC(C)C)NC(=O)[C@@H](CCCN)NC(=O)[C@H](C(C)C)NC(=O)[C@@H]2CCCN2C(=O)[C@@H](Cc2ccccc2)NC(=O)[C@@H](CC(C)C)NC(=O)[C@H](CCCN)NC1=O,CC[C@@H]1NC(=O)[C@H]2CCCN2C(=O)[C@@H](Cc2ccccc2)NC(=O)[C@H](CC(C)C)NC(=O)[C@@H](CCCN)NC(=O)[C@H](C(C)C)NC(=O)[C@@H]2CCCN2C(=O)[C@@H](Cc2ccccc2)NC(=O)[C@@H](CC(C)C)NC(=O)[C@H](CCCN)NC1=O
4981,0,CC[C@@H]1OC(=O)[C@H](C)[C@H](O[C@H]2C[C@](C)(OC)[C@H](O)[C@@H](C)O2)[C@H](C)[C@H](O[C@H]2O[C@H](C)C[C@@H](N(C)C)[C@@H]2O)[C@](C)(O)C[C@H](C)C(=O)[C@@H](C)[C@H](O)[C@H]1C,CC[C@@H]1OC(=O)[C@H](C)[C@H](O[C@H]2C[C@](C)(OC)[C@H](O)[C@@H](C)O2)[C@H](C)[C@H](O[C@H]2O[C@H](C)C[C@@H](N(C)C)[C@@H]2O)[C@](C)(O)C[C@H](C)C(=O)[C@@H](C)[C@H](O)[C@H]1C
4982,1,CC[C@@](Br)(C(N)=O)C(C)C,CC[C@@](Br)(C(N)=O)C(C)C
4983,1,CC[C@@]1(C)OC(=O)N(C)C1=O,CC[C@@]1(C)OC(=O)N(C)C1=O
4984,0,CC[C@@]1(O)C[C@H](O[C@@H]2C[C@H](N(C)C)[C@@H](O[C@@H]3C[C@H](O)[C@H](O[C@@H]4CCC(=O)[C@H](C)O4)[C@H](C)O3)[C@@H](C)O2)c2c(cc3c(c2O)C(=O)c2c(O)cccc2C3=O)[C@H]1C(=O)OC,CC[C@@]1(O)C[C@H](O[C@@H]2C[C@H](N(C)C)[C@@H](O[C@@H]3C[C@H](O)[C@H](O[C@@H]4CCC(=O)[C@H](C)O4)[C@H](C)O3)[C@@H](C)O2)c2c(cc3c(c2O)C(=O)c2c(O)cccc2C3=O)[C@H]1C(=O)OC
4985,1,CC[C@@]1(c2ccccc2)C(=O)NC(=O)N(C(=O)c2ccccc2)C1=O,CC[C@@]1(c2ccccc2)C(=O)NC(=O)N(C(=O)c2ccccc2)C1=O
4986,1,CC[C@@]1(c2ccccc2)C(=O)NC(=O)N(C)C1=O,CC[C@@]1(c2ccccc2)C(=O)NC(=O)N(C)C1=O
4987,1,CC[C@@]1(c2ccccc2)C(=O)NC(=O)N1C,CC[C@@]1(c2ccccc2)C(=O)NC(=O)N1C
4988,1,CC[C@@]1(c2ccccc2)CCC(=O)NC1=O,CC[C@@]1(c2ccccc2)CCC(=O)NC1=O
4989,1,CC[C@@]1(c2ccccc2)NC(=O)N(C)C1=O,CC[C@@]1(c2ccccc2)NC(=O)N(C)C1=O
4990,0,CC[C@@]12C=CCN3CC[C@@]4(c5cc([C@]6(C(=O)OC)C[C@@H]7CN(CCc8c6[nH]c6ccccc86)C[C@@](O)(CC)C7)c(OC)cc5N(C)[C@H]4[C@](O)(C(=O)OC)[C@H]1OC(C)=O)[C@H]32,CC[C@@]1(O)C[C@H]2CN(CCc3c([nH]c4ccccc34)[C@](C(=O)OC)(c3cc4c(cc3OC)N(C)[C@H]3[C@](O)(C(=O)OC)[C@@H](OC(C)=O)[C@@]5(CC)C=CCN6CC[C@]43[C@H]65)C2)C1
4991,0,CC[C@@]12C=CCN3CC[C@@]4(c5cc([C@]6(C(=O)OC)C[C@@H]7CN(CCc8c6[nH]c6ccccc86)C[C@@](O)(CC)C7)c(OC)cc5N(C=O)[C@H]4[C@](O)(C(=O)OC)[C@H]1OC(C)=O)[C@H]32,CC[C@@]1(O)C[C@H]2CN(CCc3c([nH]c4ccccc34)[C@](C(=O)OC)(c3cc4c(cc3OC)N(C=O)[C@H]3[C@](O)(C(=O)OC)[C@@H](OC(C)=O)[C@@]5(CC)C=CCN6CC[C@]43[C@H]65)C2)C1
4992,1,CC[C@@]12CCN(CC3CC3)[C@H](Cc3ccc(O)cc31)C2(C)C,CC[C@@]12CCN(CC3CC3)[C@H](Cc3ccc(O)cc31)C2(C)C
4993,1,CC[C@@]12CCN(CC3CCC3)[C@H](Cc3ccc(O)cc31)C2(C)C,CC[C@@]12CCN(CC3CCC3)[C@H](Cc3ccc(O)cc31)C2(C)C
4994,1,CC[C@H](C(=O)NC(N)=O)[C@H](C)CC,CC[C@@H](C)[C@H](CC)C(=O)NC(N)=O
4995,1,CC[C@H](C(N)=O)N1CCCC1=O,CC[C@H](C(N)=O)N1CCCC1=O
4996,1,CC[C@H](C)[C@H](CC)C(N)=O,CC[C@H](C(N)=O)[C@@H](C)CC
4997,0,CC[C@H](C)[C@H](NC(=O)[C@@H](CCC(=O)O)NC(=O)[C@H](CC(C)C)NC(=O)[C@@H]1CS[C@H]([C@H](N)[C@H](C)CC)N1)C(=O)NCCCC[C@@H]1NC(=O)[C@H](CC(N)=O)NC(=O)[C@@H](CC(=O)O)NC(=O)[C@H](Cc2c[nH]cn2)NC(=O)[C@@H](Cc2ccccc2)NC(=O)[C@H]([C@@H](C)CC)NC(=O)[C@@H](CCCN)NC1=O,CC[C@@H](C)[C@@H](N)[C@@H]1N[C@H](C(=O)N[C@@H](CC(C)C)C(=O)N[C@H](CCC(=O)O)C(=O)N[C@H](C(=O)NCCCC[C@@H]2NC(=O)[C@H](CC(N)=O)NC(=O)[C@@H](CC(=O)O)NC(=O)[C@H](Cc3c[nH]cn3)NC(=O)[C@@H](Cc3ccccc3)NC(=O)[C@H]([C@@H](C)CC)NC(=O)[C@@H](CCCN)NC2=O)[C@@H](C)CC)CS1
4998,0,CC[C@H](NC(=O)[C@@H]1CCCN1C(=O)[C@@H](Cc1ccccc1)NC(=O)[C@@H](N)CC(C)C)C(=O)N[C@@H](CCCN)C(=O)N[C@H](CC(C)C)C(=O)N[C@@H](Cc1ccccc1)C(=O)N1CCC[C@@H]1C(=O)N[C@H](CC)C(=O)N[C@@H](C=O)CCCN,CC[C@H](NC(=O)[C@@H]1CCCN1C(=O)[C@@H](Cc1ccccc1)NC(=O)[C@@H](N)CC(C)C)C(=O)N[C@@H](CCCN)C(=O)N[C@H](CC(C)C)C(=O)N[C@@H](Cc1ccccc1)C(=O)N1CCC[C@@H]1C(=O)N[C@H](CC)C(=O)N[C@@H](C=O)CCCN
4999,0,CC[C@H]1CN2CCc3cc(OC)c(OC)cc3[C@@H]2C[C@@H]1C[C@@H]1NCCc2cc(OC)c(OC)cc21,CC[C@H]1CN2CCc3cc(OC)c(OC)cc3[C@@H]2C[C@@H]1C[C@@H]1NCCc2cc(OC)c(OC)cc21
5000,0,CC[C@H]1NC(=O)[C@H](NC(=O)c2ncccc2O)[C@@H](C)OC(=O)[C@H](c2ccccc2)NC(=O)[C@@H]2CC(=O)CCN2C(=O)[C@@H](Cc2ccc(N(C)C)cc2)N(C)C(=O)[C@@H]2CCCN2C1=O,CC[C@H]1NC(=O)[C@H](NC(=O)c2ncccc2O)[C@@H](C)OC(=O)[C@H](c2ccccc2)NC(=O)[C@@H]2CC(=O)CCN2C(=O)[C@@H](Cc2ccc(N(C)C)cc2)N(C)C(=O)[C@@H]2CCCN2C1=O
5001,0,CC[C@H]1OC(=O)[C@@H](C)[C@H](O[C@H]2C[C@@](C)(OC)[C@@H](O)[C@@H](C)O2)[C@@H](C)[C@@H](O[C@H]2O[C@@H](C)C[C@H](N(C)C)[C@H]2O)[C@](C)(O)C[C@@H](C)CN(C)[C@H](C)[C@@H](O)[C@@]1(C)O,CC[C@H]1OC(=O)[C@@H](C)[C@H](O[C@H]2C[C@@](C)(OC)[C@@H](O)[C@@H](C)O2)[C@@H](C)[C@@H](O[C@H]2O[C@@H](C)C[C@H](N(C)C)[C@H]2O)[C@](C)(O)C[C@@H](C)CN(C)[C@H](C)[C@@H](O)[C@@]1(C)O
5002,0,CC[C@H]1OC(=O)[C@@H](C)[C@H](O[C@H]2C[C@@](C)(OC)[C@@H](O)[C@H](C)O2)[C@@H](C)[C@H](O[C@H]2O[C@@H](C)C[C@@H](N(C)C)[C@@H]2O)[C@@](C)(O)C[C@H](C)C(=O)[C@H](C)[C@@H](O)[C@@]1(C)O,CC[C@H]1OC(=O)[C@@H](C)[C@H](O[C@H]2C[C@@](C)(OC)[C@@H](O)[C@H](C)O2)[C@@H](C)[C@H](O[C@H]2O[C@@H](C)C[C@@H](N(C)C)[C@@H]2O)[C@@](C)(O)C[C@H](C)C(=O)[C@H](C)[C@@H](O)[C@@]1(C)O
5003,1,CC[C@](C)(O)[C@@H]1[C@H]2[C@@H]3C[C@@]34[C@@H]3Cc5ccc(OC)c6c5[C@@]4(CCN3CC3CC3)[C@@H](O6)[C@@]12OC,CC[C@](C)(O)[C@@H]1[C@H]2[C@@H]3C[C@@]34[C@@H]3Cc5ccc(OC)c6c5[C@@]4(CCN3CC3CC3)[C@@H](O6)[C@]21OC
5004,1,CC[C@](O)(COC(N)=O)c1ccccc1,CC[C@](O)(COC(N)=O)c1ccccc1
5005,1,CC[C@]1(O)CCN2CCc3ccc(C)cc3[C@@H]2C1,CC[C@]1(O)CCN2CCc3ccc(C)cc3[C@@H]2C1
5006,0,CC[C@]1(O)C[C@H](O[C@@H]2C[C@H](N(C)C)[C@@H](O[C@H]3C[C@H]4O[C@H]5CC(=O)[C@@H](C)O[C@H]5O[C@@H]4[C@@H](C)O3)[C@H](C)O2)c2c(O)c3c(c(O)c2[C@H]1O[C@H]1C[C@H](N(C)C)[C@@H](O)[C@H](C)O1)C(=O)c1cccc(O)c1C3=O,CC[C@]1(O)C[C@H](O[C@@H]2C[C@H](N(C)C)[C@@H](O[C@H]3C[C@H]4O[C@H]5CC(=O)[C@@H](C)O[C@H]5O[C@@H]4[C@@H](C)O3)[C@H](C)O2)c2c(O)c3c(c(O)c2[C@H]1O[C@H]1C[C@H](N(C)C)[C@@H](O)[C@H](C)O1)C(=O)c1cccc(O)c1C3=O
5007,1,CC[C@]1(c2ccc(N)cc2)CCC(=O)NC1=O,CC[C@]1(c2ccc(N)cc2)CCC(=O)NC1=O
5008,1,CCc1c(C)[nH]c2c1C(=O)[C@@H](CN1CCOCC1)CC2,CCc1c(C)[nH]c2c1C(=O)[C@@H](CN1CCOCC1)CC2
5009,1,CCc1ccc2c(c1)N(C[C@H](C)CN(C)C)c1ccccc1S2,CCc1ccc2c(c1)N(C[C@H](C)CN(C)C)c1ccccc1S2
5010,1,CCc1cccc(NC(C)Nc2cccc(CC)c2)c1,CCc1cccc(NC(C)Nc2cccc(CC)c2)c1
5011,1,CN(C(=O)Cc1ccc(Cl)c(Cl)c1)[C@H]1CC[C@]2(CCCO2)C[C@@H]1N1CCCC1,CN(C(=O)Cc1ccc(Cl)c(Cl)c1)[C@H]1CC[C@]2(CCCO2)C[C@@H]1N1CCCC1
5012,0,CN(C(=O)Cc1ccccc1N)[C@@H](CN1CC[C@H](O)C1)c1ccccc1,CN(C(=O)Cc1ccccc1N)[C@@H](CN1CC[C@H](O)C1)c1ccccc1
5013,1,CN(C)C(=O)C1=N[C@@H](CNC(=O)CN)N(c2ccc(Cl)cc2C(=O)c2ccccc2Cl)N1,CN(C)C(=O)C1=N[C@@H](CNC(=O)CN)N(c2ccc(Cl)cc2C(=O)c2ccccc2Cl)N1
5014,1,CN(C)C(=O)O[C@H]1N=C(c2ccccc2)c2cc(Cl)ccc2N(C)C1=O,CN(C)C(=O)O[C@H]1N=C(c2ccccc2)c2cc(Cl)ccc2N(C)C1=O
5015,1,CN(C)C1=NC(=O)[C@@H](c2ccccc2)O1,CN(C)C1=NC(=O)[C@@H](c2ccccc2)O1
5016,1,CN(C)CC/C=C1\c2ccccc2CNc2cc(Cl)ccc21,CN(C)CC/C=C1\c2ccccc2CNc2cc(Cl)ccc21
5017,1,CN(C)CC/C=C1\c2ccccc2Sc2ccc(Cl)cc21,CN(C)CC/C=C1\c2ccccc2Sc2ccc(Cl)cc21
5018,1,CN(C)CCC[C@]1(c2ccc(F)cc2)OCc2cc(C#N)ccc21,CN(C)CCC[C@]1(c2ccc(F)cc2)OCc2cc(C#N)ccc21
5019,1,CN(C)CCO[C@@]1(Cc2ccccc2)C[C@H]2CC[C@]1(C)C2(C)C,CN(C)CCO[C@@]1(Cc2ccccc2)C[C@H]2CC[C@]1(C)C2(C)C
5020,1,CN(C)CCO[C@H](c1ccccc1)c1ccccc1C(C)(C)C,CN(C)CCO[C@H](c1ccccc1)c1ccccc1C(C)(C)C
5021,1,CN(C)CCO[C@](C)(c1ccccc1)c1ccc(Cl)cc1,CN(C)CCO[C@](C)(c1ccccc1)c1ccc(Cl)cc1
5022,1,CN(C)CC[C@@H](c1ccccc1)C1CCCCC1,CN(C)CC[C@@H](c1ccccc1)C1CCCCC1
5023,1,CN(C)CC[C@@]1(C)OCCC2=C1Cc1ccccc12,CN(C)CC[C@@]1(C)OCCC2=C1Cc1ccccc12
5024,1,CN(C)CC[C@@]1(c2ccccc2)C=Cc2ccccc21,CN(C)CC[C@@]1(c2ccccc2)C=Cc2ccccc21
5025,0,CN(C)CCn1nnnc1SCC1=C(C(=O)O)N2C(=O)[C@@H](NC(=O)Cc3csc(N)n3)[C@@H]2SC1,CN(C)CCn1nnnc1SCC1=C(C(=O)O)N2C(=O)[C@@H](NC(=O)Cc3csc(N)n3)[C@@H]2SC1
5026,1,CN(C)C[C@H](CN1c2ccccc2Sc2ccccc21)N(C)C,CN(C)C[C@H](CN1c2ccccc2Sc2ccccc21)N(C)C
5027,1,CN(C)C[C@H](O)[C@@H](c1ccccc1)c1cccc(Cl)c1,CN(C)C[C@H](O)[C@@H](c1ccccc1)c1cccc(Cl)c1
5028,0,CN(C)[C@@H]1C(=O)C(C(N)=O)=C(O)[C@@]2(O)C(=O)C3=C(O)c4c(O)ccc(Cl)c4[C@@](C)(O)[C@@H]3C[C@H]12,CN(C)[C@@H]1C(=O)C(C(N)=O)=C(O)[C@@]2(O)C(=O)C3=C(O)c4c(O)ccc(Cl)c4[C@@](C)(O)[C@@H]3C[C@H]12
5029,0,CN(C)[C@@H]1C(=O)C(C(N)=O)=C(O)[C@]2(O)C(=O)C3=C(O)c4c(O)ccc(Cl)c4[C@@H](O)[C@H]3C[C@@H]12,CN(C)[C@@H]1C(=O)C(C(N)=O)=C(O)[C@]2(O)C(=O)C3=C(O)c4c(O)ccc(Cl)c4[C@@H](O)[C@H]3C[C@@H]12
5030,0,CN(C)[C@@H]1C(=O)C(C(N)=O)=C(O)[C@]2(O)C(=O)C3=C(O)c4c(O)cccc4[C@](C)(O)[C@@H]3[C@H](O)[C@H]12,CN(C)[C@@H]1C(=O)C(C(N)=O)=C(O)[C@]2(O)C(=O)C3=C(O)c4c(O)cccc4[C@](C)(O)[C@@H]3[C@H](O)[C@H]12
5031,0,CN(C)[C@@H]1C(=O)C(C(N)=O)=C(O)[C@]2(O)C(=O)C3=C(O)c4c(ccc(N)c4O)C[C@H]3C[C@@H]12,CN(C)[C@@H]1C(=O)C(C(N)=O)=C(O)[C@]2(O)C(=O)C3=C(O)c4c(ccc(N)c4O)C[C@H]3C[C@@H]12
5032,0,CN(C)[C@@H]1C(O)=C(C(=O)NCN2CCC[C@H](C(=O)O)C2)C(=O)[C@@]2(O)C(O)=C3C(=O)c4c(O)cccc4[C@](C)(O)[C@H]3C[C@@H]12,CN(C)[C@@H]1C(O)=C(C(=O)NCN2CCC[C@H](C(=O)O)C2)C(=O)[C@@]2(O)C(O)=C3C(=O)c4c(O)cccc4[C@](C)(O)[C@H]3C[C@@H]12
5033,0,CN(C)[C@@H]1C(O)=C(C(=O)NCN2CCN(CCO)CC2)C(=O)[C@]2(O)C(O)=C3C(=O)c4c(O)cccc4[C@](C)(O)[C@@H]3C[C@H]12,CN(C)[C@@H]1C(O)=C(C(=O)NCN2CCN(CCO)CC2)C(=O)[C@]2(O)C(O)=C3C(=O)c4c(O)cccc4[C@](C)(O)[C@@H]3C[C@H]12
5034,0,CN(C)[C@@H]1C(O)=C(C(=O)NCNCCCC[C@H](N)C(=O)O)C(=O)[C@]2(O)C(O)=C3C(=O)c4c(O)cccc4[C@@](C)(O)[C@H]3C[C@@H]12,CN(C)[C@@H]1C(O)=C(C(=O)NCNCCCC[C@H](N)C(=O)O)C(=O)[C@]2(O)C(O)=C3C(=O)c4c(O)cccc4[C@@](C)(O)[C@H]3C[C@@H]12
5035,0,CN(C)[C@@H]1C(O)=C(C(=O)NCN[C@@H](C(=O)N[C@H]2C(=O)N3[C@H]2SC(C)(C)[C@@H]3C(=O)O)c2ccccc2)C(=O)[C@@]2(O)C(O)=C3C(=O)c4c(O)cccc4[C@@](C)(O)[C@@H]3C[C@H]12,CN(C)[C@@H]1C(O)=C(C(=O)NCN[C@@H](C(=O)N[C@H]2C(=O)N3[C@@H](C(=O)O)C(C)(C)S[C@@H]23)c2ccccc2)C(=O)[C@@]2(O)C(O)=C3C(=O)c4c(O)cccc4[C@@](C)(O)[C@@H]3C[C@H]12
5036,0,CN(C)[C@@H]1C(O)=C(C(=O)N[C@@H](C(=O)O)N2CCN(CCO)CC2)C(=O)[C@]2(O)C(O)=C3C(=O)c4c(O)cccc4[C@@](C)(O)[C@H]3C[C@@H]12,CN(C)[C@@H]1C(O)=C(C(=O)N[C@@H](C(=O)O)N2CCN(CCO)CC2)C(=O)[C@]2(O)C(O)=C3C(=O)c4c(O)cccc4[C@@](C)(O)[C@H]3C[C@@H]12
5037,1,CN(C)[C@@H]1CCc2[nH]c3c(F)cc(F)cc3c2C1,CN(C)[C@@H]1CCc2[nH]c3c(F)cc(F)cc3c2C1
5038,0,CN(C)[C@H]1C(=O)C(C(=O)NCN2CCCC2)=C(O)[C@]2(O)C(=O)C3=C(O)c4c(O)cccc4[C@](C)(O)[C@@H]3C[C@H]12,CN(C)[C@H]1C(=O)C(C(=O)NCN2CCCC2)=C(O)[C@]2(O)C(=O)C3=C(O)c4c(O)cccc4[C@](C)(O)[C@@H]3C[C@H]12
5039,0,CN(C)[C@H]1C(=O)C(C(N)=O)=C(O)[C@]2(O)C(=O)C3=C(O)c4c(O)cccc4[C@](C)(O)[C@@H]3C[C@H]12,CN(C)[C@H]1C(=O)C(C(N)=O)=C(O)[C@]2(O)C(=O)C3=C(O)c4c(O)cccc4[C@](C)(O)[C@@H]3C[C@H]12
5040,0,CN(C)[C@H]1C(O)=C(C(N)=O)C(=O)[C@@]2(O)C(O)=C3C(=O)c4c(O)cccc4[C@H](O)[C@@H]3C[C@H]12,CN(C)[C@H]1C(O)=C(C(N)=O)C(=O)[C@@]2(O)C(O)=C3C(=O)c4c(O)cccc4[C@H](O)[C@@H]3C[C@H]12
5041,0,CN(C)[C@H]1C(O)=C(C(N)=O)C(=O)[C@]2(O)C(O)=C3C(=O)c4c(O)ccc([N+](=O)[O-])c4C[C@H]3C[C@@H]12,CN(C)[C@H]1C(O)=C(C(N)=O)C(=O)[C@]2(O)C(O)=C3C(=O)c4c(O)ccc([N+](=O)[O-])c4C[C@H]3C[C@@H]12
5042,1,CN(C)[C@](C)(CO)Cc1ccc(Cl)c(Cl)c1,CN(C)[C@](C)(CO)Cc1ccc(Cl)c(Cl)c1
5043,0,CN(C)c1cc(C2=N[C@H](N)NN2)ccn1,CN(C)c1cc(C2=N[C@H](N)NN2)ccn1
5044,0,CN(C)c1ccc(O)c2c1C[C@H]1C[C@H]3[C@@H](N(C)C)C(=O)C(C(N)=O)=C(O)[C@]3(O)C(=O)C1=C2O,CN(C)c1ccc(O)c2c1C[C@H]1C[C@H]3[C@@H](N(C)C)C(=O)C(C(N)=O)=C(O)[C@]3(O)C(=O)C1=C2O
5045,0,CN(Cc1cnc2nc(N)nc(N)c2n1)c1ccc(C(=O)N[C@H](CCC(=O)O)C(=O)O)cc1,CN(Cc1cnc2nc(N)nc(N)c2n1)c1ccc(C(=O)N[C@H](CCC(=O)O)C(=O)O)cc1
5046,1,CN1C(=O)CCS(=O)(=O)[C@@H]1c1ccc(Cl)c(Cl)c1,CN1C(=O)CCS(=O)(=O)[C@@H]1c1ccc(Cl)c(Cl)c1
5047,1,CN1C(=O)CC[C@@H]1c1cccnc1,CN1C(=O)CC[C@@H]1c1cccnc1
5048,1,CN1C(=O)C[C@@](C)(c2ccccc2)C1=O,CN1C(=O)C[C@@](C)(c2ccccc2)C1=O
5049,1,CN1C(=O)C[C@H](c2ccccc2)C1=O,CN1C(=O)C[C@H](c2ccccc2)C1=O
5050,1,CN1C(=O)[C@@H](O)N=C(c2ccccc2F)c2cc(Cl)ccc21,CN1C(=O)[C@@H](O)N=C(c2ccccc2F)c2cc(Cl)ccc21
5051,1,CN1CCCC[C@@H]1CCN1c2ccccc2Sc2ccc([S@@+](C)[O-])cc21,CN1CCCC[C@@H]1CCN1c2ccccc2Sc2ccc([S@@+](C)[O-])cc21
5052,1,CN1CCCN([C@H](c2ccccc2)c2ccc(Cl)cc2)CC1,CN1CCCN([C@H](c2ccccc2)c2ccc(Cl)cc2)CC1
5053,1,CN1CCC[C@@H](CN2c3ccccc3Sc3ccccc32)C1,CN1CCC[C@@H](CN2c3ccccc3Sc3ccccc32)C1
5054,1,CN1CCN(C(=O)O[C@@H]2C3=C(SCCS3)C(=O)N2c2ccc3ccc(Cl)nc3n2)CC1,CN1CCN(C(=O)O[C@@H]2C3=C(SCCS3)C(=O)N2c2ccc3ccc(Cl)nc3n2)CC1
5055,1,CN1CCN(C2=Nc3cscc3C(CC#N)=C3CSC=C23)CC1,CN1CCN(C2=Nc3cscc3C(CC#N)=C3CSC=C23)CC1
5056,1,CN1CCN(CC(=O)[C@@]2(O)CC[C@H]3[C@@H]4CCC5=CC(=O)C=C[C@]5(C)[C@@H]4[C@H](O)C[C@@]32C)CC1,CN1CCN(CC(=O)[C@@]2(O)CC[C@H]3[C@@H]4CCC5=CC(=O)C=C[C@]5(C)[C@@H]4[C@H](O)C[C@@]32C)CC1
5057,1,CN1CCN2c3cc(F)ccc3C(c3cccs3)=NC[C@H]2C1,CN1CCN2c3cc(F)ccc3C(c3cccs3)=NC[C@H]2C1
5058,1,CN1CCN2c3ccccc3Cn3cccc3[C@H]2C1,CN1CCN2c3ccccc3Cn3cccc3[C@H]2C1
5059,1,CN1CC[C@@]23c4c5ccc(O)c4O[C@@H]2C(=O)CC[C@H]3[C@@H]1C5,CN1CC[C@@]23c4c5ccc(O)c4O[C@@H]2C(=O)CC[C@H]3[C@@H]1C5
5060,1,CN1CC[C@@]23c4c5ccc(O)c4O[C@@H]2CCC[C@@H]3[C@@H]1C5,CN1CC[C@@]23c4c5ccc(O)c4O[C@@H]2CCC[C@@H]3[C@@H]1C5
5061,1,CN1CC[C@]23c4c5ccc(O)c4O[C@H]2C(=O)CC[C@]3(O)[C@H]1C5,CN1CC[C@]23c4c5ccc(O)c4O[C@H]2C(=O)CC[C@]3(O)[C@H]1C5
5062,1,CN1CC[C@]23c4c5ccc(O)c4O[C@H]2[C@H](O)CC[C@]3(O)[C@H]1C5,CN1CC[C@]23c4c5ccc(O)c4O[C@H]2[C@H](O)CC[C@]3(O)[C@H]1C5
5063,1,CN1CCc2cc(Cl)c(O)cc2[C@H](c2cccc3c2OCC3)C1,CN1CCc2cc(Cl)c(O)cc2[C@H](c2cccc3c2OCC3)C1
5064,1,CN1C[C@@H]2Cc3ccc(Cl)cc3[C@H](c3ccccc3)[C@H]2C1,CN1C[C@@H]2Cc3ccc(Cl)cc3[C@H](c3ccccc3)[C@H]2C1
5065,1,CN1C[C@H](CC#N)C[C@@H]2c3cccc4[nH]cc(c34)C[C@H]21,CN1C[C@H](CC#N)C[C@@H]2c3cccc4[nH]cc(c34)C[C@H]21
5066,1,CN1C[C@]23C=CC(O)=C[C@@]24C[C@]42CCCC[C@@H]2[C@H]1C3,CN1C[C@]23C=CC(O)=C[C@@]24C[C@]42CCCC[C@@H]2[C@H]1C3
5067,1,CN1[C@H](C[C@@H](O)c2ccccc2)CCC[C@@H]1CC(=O)c1ccccc1,CN1[C@@H](CC(=O)c2ccccc2)CCC[C@H]1C[C@@H](O)c1ccccc1
5068,1,CN1[C@H]2CC[C@@H]1CC(OC(=O)[C@@H](O)c1ccccc1)C2,CN1[C@@H]2CC[C@H]1CC(OC(=O)[C@@H](O)c1ccccc1)C2
5069,1,CN1c2cc(F)ccc2C(c2ccccc2)=NC[C@H]1CNC(=O)c1ccoc1,CN1c2cc(F)ccc2C(c2ccccc2)=NC[C@H]1CNC(=O)c1ccoc1
5070,1,CN1c2ccc(Cl)cc2C(c2ccccc2Cl)=NC[C@@H]1CO,CN1c2ccc(Cl)cc2C(c2ccccc2Cl)=NC[C@@H]1CO
5071,1,CN=C1CN(O)[C@@H](c2ccccc2)c2cc(Cl)ccc2N1,CN=C1CN(O)[C@@H](c2ccccc2)c2cc(Cl)ccc2N1
5072,0,CNC(=O)C[C@H](N)C(=O)N[C@H](C(=O)N[C@H]1C(=O)N2[C@H]1SC(C)(C)[C@@H]2C(=O)O)c1ccc(O)cc1,CNC(=O)C[C@H](N)C(=O)N[C@H](C(=O)N[C@H]1C(=O)N2[C@@H](C(=O)O)C(C)(C)S[C@@H]12)c1ccc(O)cc1
5073,1,CNC(=O)N[C@H](O)C(Cl)(Cl)Cl,CNC(=O)N[C@H](O)C(Cl)(Cl)Cl
5074,1,CNC(=O)O[C@H]1OC(=O)[C@H]2[C@@H]3C=C[C@@H](C3)[C@H]21,CNC(=O)O[C@H]1OC(=O)[C@@H]2[C@H]1[C@H]1C=C[C@@H]2C1
5075,1,CNCCC=C1c2ccccc2[C@H]2C[C@H]2c2ccccc21,CNCCC=C1c2ccccc2[C@H]2C[C@H]2c2ccccc21
5076,1,CNCCC[C@@]1(C)C(=O)N(c2ccccc2)c2ccccc21,CNCCC[C@@]1(C)C(=O)N(c2ccccc2)c2ccccc21
5077,1,CNCCC[C@@]1(C)CN(c2ccccc2)c2ccccc21,CNCCC[C@@]1(C)CN(c2ccccc2)c2ccccc21
5078,1,CNCC[C@@H](Oc1ccc(C(F)(F)F)cc1)c1ccccc1,CNCC[C@@H](Oc1ccc(C(F)(F)F)cc1)c1ccccc1
5079,0,CNCC[C@H](O)[C@H]1C[C@@H](SC2=C(C(=O)O)N3C(=O)[C@@H]([C@@H](C)O)[C@H]3[C@@H]2C)CN1,CNCC[C@H](O)[C@H]1C[C@@H](SC2=C(C(=O)O)N3C(=O)[C@@H]([C@@H](C)O)[C@H]3[C@@H]2C)CN1
5080,0,CNCNc1cccc(-c2csc(N)n2)c1.N#CN.NCN,CNCNc1cccc(-c2csc(N)n2)c1.N#CN.NCN
5081,0,CNC[C@H](O)c1ccc(OC(=O)C(C)(C)C)c(OC(=O)C(C)(C)C)c1,CNC[C@H](O)c1ccc(OC(=O)C(C)(C)C)c(OC(=O)C(C)(C)C)c1
5082,0,CNC[C@H](O)c1cccc(OC(=O)C(C)(C)C)c1,CNC[C@H](O)c1cccc(OC(=O)C(C)(C)C)c1
5083,0,CN[C@@H](C[N+](=O)[O-])NCCSCc1ccc(CN(C)C)o1,CN[C@@H](C[N+](=O)[O-])NCCSCc1ccc(CN(C)C)o1
5084,1,CN[C@@H]1CC[C@@H](c2ccc(Cl)c(Cl)c2)c2ccccc21,CN[C@@H]1CC[C@@H](c2ccc(Cl)c(Cl)c2)c2ccccc21
5085,1,CN[C@@H]1C[C@H](c2ccc(Cl)c(Cl)c2)c2ccccc21,CN[C@@H]1C[C@H](c2ccc(Cl)c(Cl)c2)c2ccccc21
5086,1,CN[C@H](C)Cc1ccccc1,CN[C@H](C)Cc1ccccc1
5087,0,CN[C@H](C)[C@@H](O)c1ccc(O)cc1,CN[C@H](C)[C@@H](O)c1ccc(O)cc1
5088,0,CN[C@H]1[C@H](O)[C@@H](O[C@@H]2[C@@H](O)[C@@H](O[C@H]3O[C@@H](CN)[C@@H](O)[C@H](O)[C@H]3O)[C@H](N)C[C@H]2NC(=O)[C@@H](O)CN)OC[C@]1(C)O,CN[C@H]1[C@H](O)[C@@H](O[C@@H]2[C@@H](O)[C@@H](O[C@H]3O[C@@H](CN)[C@@H](O)[C@H](O)[C@H]3O)[C@H](N)C[C@H]2NC(=O)[C@@H](O)CN)OC[C@]1(C)O
5089,0,CN[C@H]1[C@H](O)[C@H](O[C@@H]2[C@@H](N)C[C@@H](N)[C@H](O[C@@H]3O[C@@H](CN)CC[C@@H]3N)[C@H]2O)OC[C@@]1(C)O,CN[C@H]1[C@H](O)[C@H](O[C@H]2[C@H](O)[C@@H](O[C@@H]3O[C@@H](CN)CC[C@@H]3N)[C@H](N)C[C@@H]2N)OC[C@@]1(C)O
5090,0,CN[C@H]1[C@H](O)[C@H](O[C@H]2[C@@H](O)[C@H](O[C@@H]3OC(CN)=CC[C@@H]3N)[C@H](N)C[C@H]2N)OC[C@@]1(C)O,CN[C@H]1[C@H](O)[C@H](O[C@H]2[C@@H](O)[C@H](O[C@@H]3OC(CN)=CC[C@@H]3N)[C@H](N)C[C@H]2N)OC[C@@]1(C)O
5091,1,CN[C@]1(c2ccccc2Cl)CCCCC1=O,CN[C@]1(c2ccccc2Cl)CCCCC1=O
5092,0,CO/N=C(/C(=O)N[C@@H]1C(=O)N2C(C(=O)O)=C(/C=C/Sc3n[nH]c(=O)c(=O)n3CC=O)CS[C@@H]12)c1csc(N)n1,CO/N=C(/C(=O)N[C@@H]1C(=O)N2C(C(=O)O)=C(/C=C/Sc3n[nH]c(=O)c(=O)n3CC=O)CS[C@@H]12)c1csc(N)n1
5093,0,CO/N=C(/C(=O)N[C@@H]1C(=O)N2C(C(=O)O)=C(CN3C=CCC4=C3CCC4)CS[C@H]12)c1csc(N)n1,CO/N=C(/C(=O)N[C@@H]1C(=O)N2C(C(=O)O)=C(CN3C=CCC4=C3CCC4)CS[C@H]12)c1csc(N)n1
5094,0,CO/N=C(/C(=O)N[C@@H]1C(=O)N2C(C(=O)O)=C(CN3NN=C(C)N3)CS[C@@H]12)c1csc(N)n1,CO/N=C(/C(=O)N[C@@H]1C(=O)N2C(C(=O)O)=C(CN3NN=C(C)N3)CS[C@@H]12)c1csc(N)n1
5095,0,CO/N=C(/C(=O)N[C@H]1C(=O)N2C(C(=O)O)=C(CN3CC=C(N)N3CCO)CS[C@@H]12)c1csc(N)n1,CO/N=C(/C(=O)N[C@H]1C(=O)N2C(C(=O)O)=C(CN3CC=C(N)N3CCO)CS[C@@H]12)c1csc(N)n1
5096,0,CO/N=C(/C(=O)N[C@H]1C(=O)N2C(C(=O)O)=C(COC(C)=O)C[S@@+]([O-])[C@H]12)c1csc(N)n1,CO/N=C(/C(=O)N[C@H]1C(=O)N2C(C(=O)O)=C(COC(C)=O)C[S@@+]([O-])[C@H]12)c1csc(N)n1
5097,0,CO/N=C(/C(=O)N[C@H]1C(=O)N2C(C(=O)OCOC(=O)C(C)(C)C)=CCS[C@H]12)c1csc(NC(=O)[C@@H](C)N)n1,CO/N=C(/C(=O)N[C@H]1C(=O)N2C(C(=O)OCOC(=O)C(C)(C)C)=CCS[C@H]12)c1csc(NC(=O)[C@@H](C)N)n1
5098,0,CO/N=C(\C(=O)N[C@@H]1C(=O)N(OCC(=O)OCC(=O)OC(C)(C)C)[C@@H]1C)c1csc(N)n1,CO/N=C(\C(=O)N[C@@H]1C(=O)N(OCC(=O)OCC(=O)OC(C)(C)C)[C@@H]1C)c1csc(N)n1
5099,0,CO/N=C(\C(=O)N[C@@H]1C(=O)N2C(C(=O)O)=C(C)CS[C@@H]12)c1csc(N)n1,CO/N=C(\C(=O)N[C@@H]1C(=O)N2C(C(=O)O)=C(C)CS[C@@H]12)c1csc(N)n1
5100,0,CO/N=C(\C(=O)N[C@@H]1C(=O)N2C(C(=O)O)=C(COC(C)=O)CS[C@@H]12)c1csc(N)n1,CO/N=C(\C(=O)N[C@@H]1C(=O)N2C(C(=O)O)=C(COC(C)=O)CS[C@@H]12)c1csc(N)n1
5101,0,CO/N=C(\C(=O)N[C@@H]1C(=O)N2C(C(=O)O[C@@H](C)OC(C)=O)=C(COC(N)=O)CS[C@@H]12)c1ccco1,CO/N=C(\C(=O)N[C@@H]1C(=O)N2C(C(=O)O[C@@H](C)OC(C)=O)=C(COC(N)=O)CS[C@@H]12)c1ccco1
5102,0,CO/N=C(\C(=O)N[C@H]1C(=O)N(OCC(=O)O)[C@H]1C)c1csc(N)n1,CO/N=C(\C(=O)N[C@H]1C(=O)N(OCC(=O)O)[C@H]1C)c1csc(N)n1
5103,0,CO/N=C(\C(=O)N[C@H]1C(=O)N2C(C(=O)O)=C(/C=C/c3scnc3C)CS[C@@H]12)c1csc(N)n1,CO/N=C(\C(=O)N[C@H]1C(=O)N2C(C(=O)O)=C(/C=C/c3scnc3C)CS[C@@H]12)c1csc(N)n1
5104,0,CO/N=C(\C(=O)N[C@H]1C(=O)N2C(C(=O)O)=C(COC(C)=O)CS[C@H]12)c1ccco1,CO/N=C(\C(=O)N[C@H]1C(=O)N2C(C(=O)O)=C(COC(C)=O)CS[C@H]12)c1ccco1
5105,0,CO/N=C(\C(=O)N[C@H]1C(=O)N2C(C(=O)O)=C(CSC(=O)c3ccco3)CS[C@H]12)c1csc(N)n1,CO/N=C(\C(=O)N[C@H]1C(=O)N2C(C(=O)O)=C(CSC(=O)c3ccco3)CS[C@H]12)c1csc(N)n1
5106,0,CO/N=C(\C(=O)N[C@H]1C(=O)N2C(C(=O)O)=C(CSc3cnns3)CS[C@@H]12)c1csc(N)n1,CO/N=C(\C(=O)N[C@H]1C(=O)N2C(C(=O)O)=C(CSc3cnns3)CS[C@@H]12)c1csc(N)n1
5107,0,CO/N=C(\C(=O)N[C@H]1C(=O)N2C(C(=O)O)=C(CSc3nc(=O)c(=O)[nH]n3C)CS[C@H]12)c1csc(N)n1,CO/N=C(\C(=O)N[C@H]1C(=O)N2C(C(=O)O)=C(CSc3nc(=O)c(=O)[nH]n3C)CS[C@H]12)c1csc(N)n1
5108,0,CO/N=C(\C(=O)N[C@H]1C(=O)N2C(C(=O)O)=C(CSc3nc(C)c(CC(=O)O)s3)CS[C@H]12)c1csc(N)n1,CO/N=C(\C(=O)N[C@H]1C(=O)N2C(C(=O)O)=C(CSc3nc(C)c(CC(=O)O)s3)CS[C@H]12)c1csc(N)n1
5109,0,CO/N=C(\C(=O)N[C@H]1C(=O)N2C(C(=O)O)=C(CSc3nnnn3C)CS[C@H]12)c1csc(N)n1,CO/N=C(\C(=O)N[C@H]1C(=O)N2C(C(=O)O)=C(CSc3nnnn3C)CS[C@H]12)c1csc(N)n1
5110,0,COC(=O)C1=C(C)NC(C)=C(C(=O)OCCN(C)Cc2ccccc2)[C@H]1c1cccc([N+](=O)[O-])c1,COC(=O)C1=C(C)NC(C)=C(C(=O)OCCN(C)Cc2ccccc2)[C@H]1c1cccc([N+](=O)[O-])c1
5111,1,COC(=O)[C@H]1[C@@H]2C[C@@H]3c4[nH]c5cc(OC)ccc5c4CCN3C[C@H]2C[C@@H](OC)[C@@H]1OC,COC(=O)[C@H]1[C@@H]2C[C@@H]3c4[nH]c5cc(OC)ccc5c4CCN3C[C@H]2C[C@@H](OC)[C@@H]1OC
5112,1,COC(=O)[C@H]1[C@H](OC)[C@@H](OC(=O)c2cc(OC)c(OC)c(OC)c2)C[C@H]2CN3CCc4c([nH]c5ccc(Cl)cc45)[C@H]3C[C@@H]21,COC(=O)[C@@H]1[C@H]2C[C@@H]3c4[nH]c5ccc(Cl)cc5c4CCN3C[C@@H]2C[C@H](OC(=O)c2cc(OC)c(OC)c(OC)c2)[C@H]1OC
5113,0,COC1=C(C(=O)O)N2C(=O)[C@H](NC(=O)[C@H](N)C3C=CCC=C3)[C@H]2SC1,COC1=C(C(=O)O)N2C(=O)[C@H](NC(=O)[C@H](N)C3C=CCC=C3)[C@H]2SC1
5114,1,COC1=C[C@@]23C[C@@]24CCCC[C@H]4[C@@H]2C[C@@]3(C=C1)CN2C,COC1=C[C@@]23C[C@@]24CCCC[C@H]4[C@@H]2C[C@@]3(C=C1)CN2C
5115,0,COCC(=O)O[C@@]1(CCN(C)CCCc2nc3ccccc3[nH]2)CCc2cc(F)ccc2[C@@H]1C(C)C,COCC(=O)O[C@@]1(CCN(C)CCCc2nc3ccccc3[nH]2)CCc2cc(F)ccc2[C@@H]1C(C)C
5116,0,COCC1=C(C(=O)O)N2C(=O)[C@@H](NC(=O)/C(=N\O)c3csc(N)n3)[C@@H]2SC1,COCC1=C(C(=O)O)N2C(=O)[C@@H](NC(=O)/C(=N\O)c3csc(N)n3)[C@@H]2SC1
5117,1,COCCN1CC[C@@]23c4c5ccc(O)c4O[C@H]2C(=O)CC[C@@]3(O)[C@@H]1C5,COCCN1CC[C@@]23c4c5ccc(O)c4O[C@H]2C(=O)CC[C@@]3(O)[C@@H]1C5
5118,1,COCc1c(C(C)C)nc(C(C)C)c(/C=C/[C@H](O)C[C@H](O)CC(=O)O)c1-c1ccc(F)cc1,COCc1c(C(C)C)nc(C(C)C)c(/C=C/[C@H](O)C[C@H](O)CC(=O)O)c1-c1ccc(F)cc1
5119,0,CO[C@@H]1/C=C/O[C@@]2(C)Oc3c(C)c(O)c4c(O)c(c(/C=N/N5CCN(C6CCCC6)CC5)c(O)c4c3C2=O)NC(=O)/C(C)=C\C=C/[C@@H](C)[C@H](O)[C@H](C)[C@@H](O)[C@H](C)[C@H](OC(C)=O)[C@@H]1C,CO[C@@H]1/C=C/O[C@@]2(C)Oc3c(C)c(O)c4c(O)c(c(/C=N/N5CCN(C6CCCC6)CC5)c(O)c4c3C2=O)NC(=O)/C(C)=C\C=C/[C@@H](C)[C@H](O)[C@H](C)[C@@H](O)[C@H](C)[C@H](OC(C)=O)[C@@H]1C
5120,0,CO[C@@H]1/C=C/O[C@]2(C)Oc3c(C)c(O)c4c(c3C2=O)C2=C(NC3(CCN(CC(C)C)CC3)N2)[C@@H](NC(=O)/C(C)=C/C=C/[C@@H](C)[C@@H](O)[C@@H](C)[C@@H](O)[C@H](C)[C@H](OC(C)=O)[C@@H]1C)C4=O,CO[C@@H]1/C=C/O[C@]2(C)Oc3c(C)c(O)c4c(c3C2=O)C2=C(NC3(CCN(CC(C)C)CC3)N2)[C@@H](NC(=O)/C(C)=C/C=C/[C@@H](C)[C@@H](O)[C@@H](C)[C@@H](O)[C@H](C)[C@H](OC(C)=O)[C@@H]1C)C4=O
5121,0,CO[C@@H]1/C=C\O[C@]2(C)Oc3c(C)c(O)c4c(O)c(c5c(nc6cc(C)ccn65)c4c3C2=O)NC(=O)/C(C)=C/C=C/[C@@H](C)[C@H](O)[C@@H](C)[C@@H](O)[C@H](C)[C@@H](OC(C)=O)[C@@H]1C,CO[C@@H]1/C=C\O[C@]2(C)Oc3c(C)c(O)c4c(O)c(c5c(nc6cc(C)ccn65)c4c3C2=O)NC(=O)/C(C)=C/C=C/[C@@H](C)[C@H](O)[C@@H](C)[C@@H](O)[C@H](C)[C@@H](OC(C)=O)[C@@H]1C
5122,0,CO[C@@H]1CCC[C@@H]2C1=C(C=O)N1C(=O)[C@@H]([C@@H](C)O)[C@@H]21,CO[C@@H]1CCC[C@@H]2C1=C(C=O)N1C(=O)[C@@H]([C@@H](C)O)[C@@H]21
5123,0,CO[C@@H]1C[C@H](O[C@@H]2[C@@H](C)[C@H](O[C@@H]3O[C@@H](C)C[C@H](N(C)C)[C@H]3OC(C)=O)[C@H](C)C[C@@]3(CO3)C(=O)[C@@H](C)[C@@H](OC(C)=O)[C@H](C)[C@@H](C)OC(=O)[C@@H]2C)O[C@H](C)[C@H]1OC(C)=O,CO[C@@H]1C[C@H](O[C@@H]2[C@@H](C)[C@H](O[C@@H]3O[C@@H](C)C[C@H](N(C)C)[C@H]3OC(C)=O)[C@H](C)C[C@@]3(CO3)C(=O)[C@@H](C)[C@@H](OC(C)=O)[C@H](C)[C@@H](C)OC(=O)[C@@H]2C)O[C@H](C)[C@H]1OC(C)=O
5124,0,CO[C@@H]1C[C@H](O[C@H]2[C@@H](C)C(=O)O[C@H](C)[C@@H](C)[C@H](O)[C@H](C)C(=O)[C@]3(CO3)C[C@H](C)[C@H](O[C@@H]3O[C@H](C)C[C@@H](N(C)C)[C@@H]3O)[C@H]2C)O[C@@H](C)[C@H]1O,CO[C@@H]1C[C@H](O[C@@H]2[C@H](C)[C@@H](O[C@@H]3O[C@H](C)C[C@@H](N(C)C)[C@@H]3O)[C@@H](C)C[C@@]3(CO3)C(=O)[C@@H](C)[C@@H](O)[C@H](C)[C@@H](C)OC(=O)[C@@H]2C)O[C@@H](C)[C@H]1O
5125,0,CO[C@@H]1[C@@H](O[C@@H]2O[C@@H](C)[C@H](O[C@H]3C[C@](C)(O)[C@H](O)[C@@H](C)O3)[C@H](N(C)C)[C@H]2O)[C@H](CC=O)C[C@@H](C)[C@H](O)/C=C/C=C\C[C@H](C)OC(=O)C[C@H]1O,CO[C@@H]1[C@@H](O[C@@H]2O[C@@H](C)[C@H](O[C@H]3C[C@](C)(O)[C@H](O)[C@@H](C)O3)[C@H](N(C)C)[C@H]2O)[C@H](CC=O)C[C@@H](C)[C@H](O)/C=C/C=C\C[C@H](C)OC(=O)C[C@H]1O
5126,0,CO[C@@]1(NC(=O)CSC(F)F)C(=O)N2C(C(=O)O)=C(CSc3nnnn3CCO)CO[C@H]21,CO[C@@]1(NC(=O)CSC(F)F)C(=O)N2C(C(=O)O)=C(CSc3nnnn3CCO)CO[C@H]21
5127,0,CO[C@@]1(NC(=O)CSCC#N)C(=O)N2C(C(=O)O)=C(CSc3nnnn3C)CS[C@H]21,CO[C@@]1(NC(=O)CSCC#N)C(=O)N2C(C(=O)O)=C(CSc3nnnn3C)CS[C@H]21
5128,0,CO[C@@]1(NC(=O)[C@@H](C(=O)O)c2ccc(O)cc2)C(=O)N2C(C(=O)O)=C(CSc3nnnn3C)CO[C@H]21,CO[C@@]1(NC(=O)[C@@H](C(=O)O)c2ccc(O)cc2)C(=O)N2C(C(=O)O)=C(CSc3nnnn3C)CO[C@H]21
5129,0,CO[C@@]1(NC(=O)[C@H]2SC3=S2OC(N)=C3C(=O)O)C(=O)N2C(C(=O)O)=C(CSc3nnnn3C)CS[C@@H]21,CO[C@@]1(NC(=O)[C@H]2SC3=S2OC(N)=C3C(=O)O)C(=O)N2C(C(=O)O)=C(CSc3nnnn3C)CS[C@@H]21
5130,1,CO[C@@]12C=C[C@]3(C[C@@H]1C(C)(C)O)[C@H]1Cc4ccc(O)c5c4[C@@]3(CCN1CC1CC1)[C@H]2O5,CO[C@@]12C=C[C@]3(C[C@@H]1C(C)(C)O)[C@H]1Cc4ccc(O)c5c4[C@@]3(CCN1CC1CC1)[C@H]2O5
5131,1,CO[C@@]12CC[C@]3(C[C@@H]1C(C)(C)O)[C@@H]1Cc4ccc(O)c5c4[C@]3(CCN1CC1CC1)[C@H]2O5,CO[C@@]12CC[C@]3(C[C@@H]1C(C)(C)O)[C@@H]1Cc4ccc(O)c5c4[C@]3(CCN1CC1CC1)[C@H]2O5
5132,0,CO[C@H](C(=O)N[C@H]1C(=O)N2[C@@H]1SC(C)(C)[C@H]2C(=O)O)c1ccc(Cl)c(Cl)c1,CO[C@H](C(=O)N[C@H]1C(=O)N2[C@@H]1SC(C)(C)[C@H]2C(=O)O)c1ccc(Cl)c(Cl)c1
5133,1,CO[C@H](C(=O)[C@@H](O)[C@@H](C)O)[C@@H]1Cc2cc3cc(O[C@H]4C[C@@H](O[C@H]5C[C@@H](O)[C@H](O)[C@@H](C)O5)[C@@H](O)[C@@H](C)O4)c(C)c(O)c3c(O)c2C(=O)[C@H]1O[C@H]1C[C@@H](O[C@H]2C[C@@H](O[C@H]3C[C@](C)(O)[C@H](O)[C@@H](C)O3)[C@H](O)[C@@H](C)O2)[C@H](O)[C@@H](C)O1,CO[C@H](C(=O)[C@@H](O)[C@@H](C)O)[C@@H]1Cc2cc3cc(O[C@H]4C[C@@H](O[C@H]5C[C@@H](O)[C@H](O)[C@@H](C)O5)[C@@H](O)[C@@H](C)O4)c(C)c(O)c3c(O)c2C(=O)[C@H]1O[C@H]1C[C@@H](O[C@H]2C[C@@H](O[C@H]3C[C@](C)(O)[C@H](O)[C@@H](C)O3)[C@H](O)[C@@H](C)O2)[C@H](O)[C@@H](C)O1
5134,0,CO[C@H]1/C=C/O[C@@]2(C)Oc3c(C)c(O)c4c(O)c(cc(O)c4c3C2=O)NC(=O)/C(C)=C\C=C/[C@H](C)[C@H](O)[C@@H](C)[C@H](O)[C@H](C)[C@H](OC(C)=O)[C@@H]1C,CO[C@H]1/C=C/O[C@@]2(C)Oc3c(C)c(O)c4c(O)c(cc(O)c4c3C2=O)NC(=O)/C(C)=C\C=C/[C@H](C)[C@H](O)[C@@H](C)[C@H](O)[C@H](C)[C@H](OC(C)=O)[C@@H]1C
5135,0,CO[C@H]1C[C@@H](O[C@@H]2[C@@H](C)O[C@@H](O[C@H]3/C(C)=C\C[C@@H]4C[C@@H](C[C@@]5(CC[C@H](C)[C@@H](C(C)C)O5)O4)OC(=O)[C@@H]4C=C(C)[C@@H](O)[C@@H]5OC/C(=C\C=C\[C@H]3C)[C@]54O)C[C@H]2OC)O[C@@H](C)[C@@H]1O,CO[C@H]1C[C@@H](O[C@@H]2[C@@H](C)O[C@@H](O[C@H]3/C(C)=C\C[C@@H]4C[C@@H](C[C@@]5(CC[C@H](C)[C@@H](C(C)C)O5)O4)OC(=O)[C@@H]4C=C(C)[C@@H](O)[C@@H]5OC/C(=C\C=C\[C@H]3C)[C@@]45O)C[C@H]2OC)O[C@@H](C)[C@@H]1O
5136,0,CO[C@H]1[C@@H](O)CC(=O)O[C@@H](C)C/C=C/C=C/[C@H](O[C@@H]2CC[C@@H](N(C)C)[C@H](C)O2)[C@H](C)C[C@@H](CC=O)[C@@H]1O[C@H]1O[C@@H](C)[C@@H](O[C@@H]2C[C@@](C)(O)[C@H](O)[C@@H](C)O2)[C@@H](N(C)C)[C@@H]1O,CO[C@@H]1[C@@H](O[C@H]2O[C@@H](C)[C@@H](O[C@@H]3C[C@@](C)(O)[C@H](O)[C@@H](C)O3)[C@@H](N(C)C)[C@@H]2O)[C@H](CC=O)C[C@@H](C)[C@@H](O[C@@H]2CC[C@@H](N(C)C)[C@H](C)O2)/C=C/C=C/C[C@H](C)OC(=O)C[C@@H]1O
5137,0,CO[C@H]1[C@H](OC(N)=O)[C@@H](O)[C@@H](Oc2ccc3c(O)c(NC(=O)c4ccc(O)c(CC=C(C)C)c4)c(=O)oc3c2C)OC1(C)C,CO[C@H]1[C@H](OC(N)=O)[C@@H](O)[C@@H](Oc2ccc3c(O)c(NC(=O)c4ccc(O)c(CC=C(C)C)c4)c(=O)oc3c2C)OC1(C)C
5138,1,CO[C@]1(F)C(F)(F)[C@]1(F)Cl,CO[C@]1(F)C(F)(F)[C@]1(F)Cl
5139,0,CO[C@]1(NC(=O)CSC[C@H](N)C(=O)O)C(=O)N2C(C(=O)O)=C(CSc3nnnn3C)CS[C@@H]21,CO[C@]1(NC(=O)CSC[C@H](N)C(=O)O)C(=O)N2C(C(=O)O)=C(CSc3nnnn3C)CS[C@@H]21
5140,0,CO[C@]1(NC(=O)Cc2cccs2)C(=O)N2C(C(=O)O)=C(COC(N)=O)CS[C@@H]21,CO[C@]1(NC(=O)Cc2cccs2)C(=O)N2C(C(=O)O)=C(COC(N)=O)CS[C@@H]21
5141,0,CO[C@]1(NC(=O)[C@@H](C(=O)O)c2ccsc2)C(=O)N2[C@H](C(=O)O)C(C)(C)S[C@@H]21,CO[C@]1(NC(=O)[C@@H](C(=O)O)c2ccsc2)C(=O)N2[C@H](C(=O)O)C(C)(C)S[C@@H]21
5142,0,COc1cc([C@@H]2c3cc4c(cc3[C@@H](O[C@H]3O[C@H]5CO[C@H](C)O[C@@H]5[C@H](O)[C@H]3O)[C@@H]3COC(=O)[C@H]32)OCO4)cc(OC)c1O,COc1cc([C@@H]2c3cc4c(cc3[C@@H](O[C@H]3O[C@H]5CO[C@H](C)O[C@@H]5[C@H](O)[C@H]3O)[C@@H]3COC(=O)[C@@H]23)OCO4)cc(OC)c1O
5143,0,COc1cc([C@H]2c3cc4c(cc3[C@H](O[C@H]3O[C@H]5CO[C@H](c6cccs6)O[C@H]5[C@H](O)[C@H]3O)[C@@H]3COC(=O)[C@@H]23)OCO4)cc(OC)c1OC,COc1cc([C@H]2c3cc4c(cc3[C@H](O[C@H]3O[C@H]5CO[C@H](c6cccs6)O[C@H]5[C@H](O)[C@H]3O)[C@@H]3COC(=O)[C@@H]23)OCO4)cc(OC)c1OC
5144,1,COc1cc2c(cc1OC)C(=O)[C@H](CC1CCN(Cc3ccccc3)CC1)C2,COc1cc2c(cc1OC)C(=O)[C@H](CC1CCN(Cc3ccccc3)CC1)C2
5145,1,COc1cc2c(cc1OC)S(=O)(=O)O[C@@H](C(=O)N[C@@H](C)CC(C)(C)N(C)C)C2,COc1cc2c(cc1OC)S(=O)(=O)O[C@@H](C(=O)N[C@@H](C)CC(C)(C)N(C)C)C2
5146,1,COc1cc2c(cc1OC)[C@@H]1CC(=O)[C@H](CC(C)C)CN1CC2,COc1cc2c(cc1OC)[C@@H]1CC(=O)[C@H](CC(C)C)CN1CC2
5147,1,COc1cc2c3c(c1O)C1(C=CC(=O)C=C1)C[C@H]3N(C)CC2,COc1cc2c3c(c1O)C1(C=CC(=O)C=C1)C[C@H]3N(C)CC2
5148,0,COc1ccc(-c2cc(=O)c3c(O)cc(O[C@@H]4O[C@@H](CO[C@@H]5O[C@H](C)[C@H](O)[C@@H](O)[C@H]5O)[C@H](O)[C@@H](O)[C@@H]4O)cc3o2)cc1O,COc1ccc(-c2cc(=O)c3c(O)cc(O[C@@H]4O[C@@H](CO[C@@H]5O[C@H](C)[C@H](O)[C@@H](O)[C@H]5O)[C@H](O)[C@@H](O)[C@@H]4O)cc3o2)cc1O
5149,1,COc1ccc(S(N)(=O)=O)cc1C(=O)NC[C@H]1CCCN1C,COc1ccc(S(N)(=O)=O)cc1C(=O)NC[C@H]1CCCN1C
5150,1,COc1ccc([C@@H](O)CN2CCN(c3cccccc3=O)CC2)cc1OC,COc1ccc([C@@H](O)CN2CCN(c3cccccc3=O)CC2)cc1OC
5151,1,COc1ccc([C@H](CN(C)C)C2(O)CCCCC2)cc1,COc1ccc([C@H](CN(C)C)C2(O)CCCCC2)cc1
5152,1,COc1ccc2c(c1)CN(C)C[C@@H]2c1ccc(Cl)c(Cl)c1,COc1ccc2c(c1)CN(C)C[C@@H]2c1ccc(Cl)c(Cl)c1
5153,1,COc1ccc2c(c1)N(C[C@H](C)CN1CCC(O)CC1)c1ccccc1S2,COc1ccc2c(c1)N(C[C@H](C)CN1CCC(O)CC1)c1ccccc1S2
5154,1,COc1ccc2c(c1)[C@@](O)(CCCN(C)C)c1ccccc1S2,COc1ccc2c(c1)[C@@](O)(CCCN(C)C)c1ccccc1S2
5155,1,COc1ccc2c(c1OC)[C@]13CCN(C)[C@H](C2)[C@]1(O)CC[C@H](O)C3,COc1ccc2c(c1OC)[C@]13CCN(C)[C@H](C2)[C@]1(O)CC[C@H](O)C3
5156,1,COc1ccc2c3c([nH]c2c1)[C@H]1C[C@@H]2[C@H](C[C@@H](OC(=O)c4cc(OC)c(OC)c(OC)c4)[C@H](OC)[C@H]2OC(C)=O)CN1CC3,COc1ccc2c3c([nH]c2c1)[C@H]1C[C@@H]2[C@H](C[C@@H](OC(=O)c4cc(OC)c(OC)c(OC)c4)[C@H](OC)[C@H]2OC(C)=O)CN1CC3
5157,1,COc1ccc2c3c1O[C@@H]1C(=O)CC[C@@H]4[C@H](C2)N(C)CC[C@@]314,COc1ccc2c3c1O[C@@H]1C(=O)CC[C@@H]4[C@H](C2)N(C)CC[C@@]314
5158,1,COc1ccc2c3c1O[C@@H]1C(OC(C)=O)=CC[C@H]4[C@H](C2)N(C)CC[C@@]314,COc1ccc2c3c1O[C@@H]1C(OC(C)=O)=CC[C@H]4[C@H](C2)N(C)CC[C@@]314
5159,1,COc1ccc2c3c1O[C@@H]1[C@@H](O)C=C[C@@H]4[C@H](C2)N(C)CC[C@]341,COc1ccc2c3c1O[C@@H]1[C@@H](O)C=C[C@@H]4[C@H](C2)N(C)CC[C@]341
5160,1,COc1ccc2c3c1O[C@@H]1[C@@H](O)CC[C@@H]4[C@H](C2)N(C)CC[C@]341,COc1ccc2c3c1O[C@@H]1[C@@H](O)CC[C@@H]4[C@H](C2)N(C)CC[C@]341
5161,1,COc1ccc2c3c1O[C@H]1C[C@H](O)C=C[C@@]31CCN(C)C2,COc1ccc2c3c1O[C@H]1C[C@H](O)C=C[C@@]31CCN(C)C2
5162,1,COc1ccc2c3c1O[C@H]1[C@H](O)C=C[C@@H]4[C@@H](C2)NCC[C@@]341,COc1ccc2c3c1O[C@H]1[C@H](O)C=C[C@@H]4[C@@H](C2)NCC[C@@]341
5163,1,COc1ccc2c3c1O[C@H]1[C@H](OC(=O)c4cccnc4)CC[C@@H]4[C@@H](C2)N(C)CC[C@@]341,COc1ccc2c3c1O[C@H]1[C@H](OC(=O)c4cccnc4)CC[C@@H]4[C@@H](C2)N(C)CC[C@@]341
5164,0,COc1cccc2c1C(=O)c1c(O)c3c(c(O)c1C2=O)C[C@@](O)(/C(C)=N/NC(=O)c1ccccc1)C[C@H]3O[C@H]1C[C@H](N)[C@@H](O)[C@@H](C)O1,COc1cccc2c1C(=O)c1c(O)c3c(c(O)c1C2=O)C[C@@](O)(/C(C)=N/NC(=O)c1ccccc1)C[C@H]3O[C@H]1C[C@H](N)[C@@H](O)[C@@H](C)O1
5165,0,COc1cccc2c1C(=O)c1c(O)c3c(c(O)c1C2=O)C[C@@](O)(C(=O)CO)C[C@@H]3O[C@@H]1C[C@@H](N)[C@H](O)[C@@H](C)O1,COc1cccc2c1C(=O)c1c(O)c3c(c(O)c1C2=O)C[C@@](O)(C(=O)CO)C[C@@H]3O[C@@H]1C[C@@H](N)[C@H](O)[C@@H](C)O1
5166,0,COc1cccc2c1C(=O)c1c(O)c3c(c(O)c1C2=O)C[C@](O)(C(=O)CO)C[C@@H]3O[C@@H]1C[C@@H](NC(=O)[C@@H](N)CC(C)C)[C@@H](O)[C@H](C)O1,COc1cccc2c1C(=O)c1c(O)c3c(c(O)c1C2=O)C[C@](O)(C(=O)CO)C[C@@H]3O[C@@H]1C[C@@H](NC(=O)[C@@H](N)CC(C)C)[C@@H](O)[C@H](C)O1
5167,0,COc1cccc2c1C(=O)c1c(O)c3c(c(O)c1C2=O)C[C@](O)(C(=O)CO)C[C@@H]3O[C@@H]1C[C@H](N)C[C@H](C)O1,COc1cccc2c1C(=O)c1c(O)c3c(c(O)c1C2=O)C[C@](O)(C(=O)CO)C[C@@H]3O[C@@H]1C[C@H](N)C[C@H](C)O1
5168,0,COc1cccc2c1C(=O)c1c(O)c3c(c(O)c1C2=O)C[C@](O)(C(=O)CO)C[C@@H]3O[C@@H]1C[C@H](N)[C@@H](O[C@@H]2CCCCO2)[C@@H](C)O1,COc1cccc2c1C(=O)c1c(O)c3c(c(O)c1C2=O)C[C@](O)(C(=O)CO)C[C@@H]3O[C@@H]1C[C@H](N)[C@@H](O[C@@H]2CCCCO2)[C@@H](C)O1
5169,0,COc1cccc2c1C(=O)c1c(O)c3c(c(O)c1C2=O)C[C@](O)(C(C)=O)C[C@@H]3O[C@@H]1C[C@@H](N)[C@H](O)[C@@H](C)O1,COc1cccc2c1C(=O)c1c(O)c3c(c(O)c1C2=O)C[C@](O)(C(C)=O)C[C@@H]3O[C@@H]1C[C@@H](N)[C@H](O)[C@@H](C)O1
5170,0,COc1cccc2c1C(=O)c1c(O)c3c(c(O)c1C2=O)C[C@](O)([C@@H](O)CO)C[C@H]3O,COc1cccc2c1C(=O)c1c(O)c3c(c(O)c1C2=O)C[C@](O)([C@@H](O)CO)C[C@H]3O
5171,1,COc1ccccc1N1CCN(CCCCN2C(=O)[C@@H]3C(=O)N(C(C)(C)C)C(=O)[C@@H](C2=O)C3(C)C)CC1,COc1ccccc1N1CCN(CCCCN2C(=O)[C@@H]3C(=O)N(C(C)(C)C)C(=O)[C@@H](C2=O)C3(C)C)CC1
5172,1,COc1ccccc1N1CCN(CCC[C@@H](O)c2ccc(F)cc2)CC1,COc1ccccc1N1CCN(CCC[C@@H](O)c2ccc(F)cc2)CC1
5173,1,COc1ccccc1N1CCN(C[C@@H](O)COc2cc(OC)c(OC)c(OC)c2)CC1,COc1ccccc1N1CCN(C[C@@H](O)COc2cc(OC)c(OC)c(OC)c2)CC1
5174,1,COc1ccccc1OC[C@H]1CNC(=O)O1,COc1ccccc1OC[C@H]1CNC(=O)O1
5175,0,COc1cccnc1CCCCNC1=NC(=O)[C@H](Cc2ccc(C)nc2)C=N1,COc1cccnc1CCCCNC1=NC(=O)[C@H](Cc2ccc(C)nc2)C=N1
5176,1,CS(=O)(=O)c1ccc([C@@H](O)[C@H](CF)NC(=O)C(Cl)Cl)cc1,CS(=O)(=O)c1ccc([C@@H](O)[C@H](CF)NC(=O)C(Cl)Cl)cc1
5177,1,CS(=O)(=O)c1ccc([C@@H](O)[C@H](CO)NC(=O)C(Cl)Cl)cc1,CS(=O)(=O)c1ccc([C@@H](O)[C@H](CO)NC(=O)C(Cl)Cl)cc1
5178,1,CSC(=O)[C@]1(OC(C)=O)[C@@H](C)C[C@@H]2[C@H]3CCC4=CC(=O)C=C[C@@]4(C)[C@]3(F)[C@@H](O)C[C@]21C,CSC(=O)[C@]1(OC(C)=O)[C@@H](C)C[C@@H]2[C@H]3CCC4=CC(=O)C=C[C@@]4(C)[C@]3(F)[C@@H](O)C[C@]21C
5179,1,CSCC[C@@H](NC(C)=O)C(=O)Oc1ccc(NC(C)=O)cc1,CSCC[C@@H](NC(C)=O)C(=O)Oc1ccc(NC(C)=O)cc1
5180,1,C[C@@H](C(=O)O)c1cccc(C(=O)c2ccccc2)c1,C[C@@H](C(=O)O)c1cccc(C(=O)c2ccccc2)c1
5181,1,C[C@@H](CC1c2ccccc2CCc2ccccc21)CN(C)C,C[C@@H](CC1c2ccccc2CCc2ccccc21)CN(C)C
5182,1,C[C@@H](CNC(=O)c1ccccc1)C(=O)OCC(=O)[C@@]12OC(C)(C)O[C@@H]1C[C@@H]1[C@H]3CCC4=CC(=O)C=C[C@]4(C)[C@@]3(F)[C@H](O)C[C@]12C,C[C@@H](CNC(=O)c1ccccc1)C(=O)OCC(=O)[C@@]12OC(C)(C)O[C@@H]1C[C@@H]1[C@H]3CCC4=CC(=O)C=C[C@]4(C)[C@@]3(F)[C@H](O)C[C@]12C
5183,1,C[C@@H](Cc1ccccc1)N[C@@H](C#N)c1ccccc1,C[C@@H](Cc1ccccc1)N[C@@H](C#N)c1ccccc1
5184,1,C[C@@H](N)C(=O)OC(C)(C)Cc1ccc(Cl)cc1,C[C@@H](N)C(=O)OC(C)(C)Cc1ccc(Cl)cc1
5185,1,C[C@@H](N)C(=O)c1ccccc1,C[C@@H](N)C(=O)c1ccccc1
5186,0,C[C@@H](N)Cc1ccc(O)cc1,C[C@@H](N)Cc1ccc(O)cc1
5187,0,C[C@@H](Oc1ccccc1)C(=O)N[C@@H]1C(=O)N2[C@H]1SC(C)(C)[C@H]2C(=O)O,C[C@@H](Oc1ccccc1)C(=O)N[C@@H]1C(=O)N2[C@H]1SC(C)(C)[C@H]2C(=O)O
5188,0,C[C@@H]1C(S[C@@H]2CN3C=NCN3C2)=C(C(=O)O)N2C(=O)[C@@H]([C@@H](C)O)[C@H]12,C[C@@H]1C(S[C@@H]2CN3C=NCN3C2)=C(C(=O)O)N2C(=O)[C@@H]([C@@H](C)O)[C@H]12
5189,0,C[C@@H]1C(S[C@@H]2CN[C@H](C(=O)N(C)C)C2)=C(C(=O)O)N2C(=O)[C@@H]([C@H](C)O)[C@@H]12,C[C@H](O)[C@@H]1C(=O)N2C(C(=O)O)=C(S[C@@H]3CN[C@H](C(=O)N(C)C)C3)[C@@H](C)[C@H]12
5190,1,C[C@@H]1CCCC[C@@]1(c1cccs1)N1CCCCC1,C[C@@H]1CCCC[C@@]1(c1cccs1)N1CCCCC1
5191,1,C[C@@H]1C[C@@H]2[C@H]3CCC4=CC(=O)C=C[C@@]4(C)[C@]3(F)[C@@H](O)C[C@@]2(C)[C@]1(C)C(=O)CO,C[C@@H]1C[C@@H]2[C@H]3CCC4=CC(=O)C=C[C@@]4(C)[C@]3(F)[C@@H](O)C[C@@]2(C)[C@]1(C)C(=O)CO
5192,1,C[C@@H]1C[C@@H]2[C@H]3C[C@@H](F)C4=CC(=O)C=C[C@@]4(C)[C@H]3[C@@H](O)C[C@@]2(C)[C@@H]1C(=O)CO,C[C@@H]1C[C@@H]2[C@H]3C[C@@H](F)C4=CC(=O)C=C[C@@]4(C)[C@H]3[C@@H](O)C[C@@]2(C)[C@@H]1C(=O)CO
5193,1,C[C@@H]1C[C@@H]2[C@H]3C[C@@H](F)C4=CC(=O)C=C[C@@]4(C)[C@]3(F)[C@@H](O)C[C@@]2(C)[C@@H]1C(=O)CO,C[C@@H]1C[C@@H]2[C@H]3C[C@@H](F)C4=CC(=O)C=C[C@@]4(C)[C@]3(F)[C@@H](O)C[C@@]2(C)[C@@H]1C(=O)CO
5194,1,C[C@@H]1C[C@@H]2[C@H]3C[C@@H](F)C4=CC(=O)C=C[C@@]4(C)[C@]3(F)[C@@H](O)C[C@@]2(C)[C@]1(O)C(=O)SCF,C[C@@H]1C[C@@H]2[C@H]3C[C@@H](F)C4=CC(=O)C=C[C@@]4(C)[C@]3(F)[C@@H](O)C[C@@]2(C)[C@]1(O)C(=O)SCF
5195,1,C[C@@H]1C[C@H]2[C@@H]([C@H](O)C[C@@]3(C)[C@@H]2CC[C@]3(O)C(=O)CO)[C@]2(C)C=CC(=O)C=C12,C[C@@H]1C[C@H]2[C@@H]([C@H](O)C[C@@]3(C)[C@@H]2CC[C@]3(O)C(=O)CO)[C@]2(C)C=CC(=O)C=C12
5196,1,C[C@@H]1C[C@H]2[C@@H]3CC(F)(F)C4=CC(=O)C=C[C@]4(C)[C@@]3(F)[C@H](O)C[C@]2(C)[C@@]1(O)C(=O)CO,C[C@@H]1C[C@H]2[C@@H]3CC(F)(F)C4=CC(=O)C=C[C@]4(C)[C@@]3(F)[C@H](O)C[C@]2(C)[C@@]1(O)C(=O)CO
5197,1,C[C@@H]1C[C@H]2[C@@H]3CCC4=CC(=O)C=C[C@]4(C)[C@@]3(Cl)[C@@H](O)C[C@@]2(C)[C@@]1(OC(=O)c1ccco1)C(=O)CCl,C[C@@H]1C[C@H]2[C@@H]3CCC4=CC(=O)C=C[C@]4(C)[C@@]3(Cl)[C@@H](O)C[C@@]2(C)[C@@]1(OC(=O)c1ccco1)C(=O)CCl
5198,1,C[C@@H]1C[C@H]2[C@@H]3CCC4=CC(=O)C=C[C@]4(C)[C@@]3(Cl)[C@H](O)C[C@@]2(C)[C@]1(O)C(=O)CO,C[C@@H]1C[C@H]2[C@@H]3CCC4=CC(=O)C=C[C@]4(C)[C@@]3(Cl)[C@H](O)C[C@@]2(C)[C@]1(O)C(=O)CO
5199,1,C[C@@H]1C[C@H]2[C@@H]3CCC4=CC(=O)C=C[C@]4(C)[C@@]3(F)[C@H](O)C[C@]2(C)[C@H]1C(=O)CO,C[C@@H]1C[C@H]2[C@@H]3CCC4=CC(=O)C=C[C@]4(C)[C@@]3(F)[C@H](O)C[C@]2(C)[C@H]1C(=O)CO
5200,1,C[C@@H]1C[C@H]2[C@@H]3C[C@@H](F)C4=CC(=O)C=C[C@]4(C)[C@@]3(Cl)[C@H](F)C[C@@]2(C)[C@@H]1C(=O)CO,C[C@@H]1C[C@H]2[C@@H]3C[C@@H](F)C4=CC(=O)C=C[C@]4(C)[C@@]3(Cl)[C@H](F)C[C@@]2(C)[C@@H]1C(=O)CO
5201,1,C[C@@H]1C[C@H]2[C@@H]3C[C@H](F)C4=CC(=O)C=C[C@]4(C)[C@H]3[C@@H](O)C[C@@]2(C)[C@]1(O)C(=O)CO,C[C@@H]1C[C@H]2[C@@H]3C[C@H](F)C4=CC(=O)C=C[C@]4(C)[C@H]3[C@@H](O)C[C@@]2(C)[C@]1(O)C(=O)CO
5202,1,C[C@@H]1C[C@H]2[C@@H]3[C@@H](Cl)CC4=CC(=O)C=C[C@]4(C)[C@H]3[C@@H](O)C[C@@]2(C)[C@]1(O)C(=O)CO,C[C@@H]1C[C@H]2[C@H]3[C@H]([C@@H](O)C[C@@]2(C)[C@]1(O)C(=O)CO)[C@@]1(C)C=CC(=O)C=C1C[C@@H]3Cl
5203,1,C[C@@H]1NCCO[C@@H]1c1ccccc1,C[C@@H]1NCCO[C@@H]1c1ccccc1
5204,0,C[C@@H]1O[C@@H](O[C@@H]2/C=C\C=C\C=C\C=C\C=C/C=C/C=C/[C@H](C)[C@@H](O)[C@H](C)[C@@H](C)OC(=O)C[C@@H](O)C[C@H](O)C[C@H](O)CC[C@H](O)[C@@H](O)C[C@@]3(O)C[C@H](O)[C@H](C(=O)O)[C@H](C2)O3)[C@H](O)[C@@H](N)[C@@H]1O,C[C@H]1[C@H](O)[C@@H](C)/C=C/C=C/C=C\C=C\C=C\C=C\C=C/[C@@H](O[C@@H]2O[C@@H](C)[C@@H](O)[C@H](N)[C@H]2O)C[C@@H]2O[C@](O)(C[C@H](O)[C@@H]2C(=O)O)C[C@H](O)[C@@H](O)CC[C@@H](O)C[C@@H](O)C[C@H](O)CC(=O)O[C@@H]1C
5205,0,C[C@@H]1O[C@@H](O[C@H]2CC[C@]3(C)[C@@H](CC[C@@H]4[C@@H]3C[C@H](O)[C@@]3(C)[C@@H](C5=CC(=O)OC5)CC[C@@]43O)C2)C[C@@H](O)[C@@H]1O[C@@H]1C[C@H](O)[C@@H](O[C@@H]2C[C@H](O)[C@@H](O)[C@H](C)O2)[C@H](C)O1,C[C@@H]1O[C@H](O[C@H]2[C@H](C)O[C@H](O[C@H]3[C@H](O)C[C@H](O[C@H]4CC[C@]5(C)[C@@H](CC[C@@H]6[C@@H]5C[C@H](O)[C@@]5(C)[C@@H](C7=CC(=O)OC7)CC[C@@]65O)C4)O[C@H]3C)C[C@@H]2O)C[C@H](O)[C@H]1O
5206,0,C[C@@H]1O[C@H](O[C@H]2/C=C/C=C/C=C\C=C\C=C\C=C\C=C\[C@H](C)[C@@H](O)[C@@H](C)[C@@H](C)OC(=O)C[C@H](O)C[C@@H](O)CC[C@@H](O)[C@@H](O)C[C@@H](O)C[C@@]3(O)C[C@@H](O)[C@H](C(=O)O)[C@@H](C2)O3)[C@@H](O)[C@H](N)[C@H]1O,C[C@@H]1[C@H](O)[C@@H](C)/C=C/C=C/C=C/C=C/C=C\C=C\C=C\[C@H](O[C@H]2O[C@@H](C)[C@H](O)[C@@H](N)[C@@H]2O)C[C@H]2O[C@@](O)(C[C@H](O)C[C@H](O)[C@H](O)CC[C@H](O)C[C@@H](O)CC(=O)O[C@@H]1C)C[C@@H](O)[C@@H]2C(=O)O
5207,1,C[C@@H]1[C@@H]2Cc3ccc(O)cc3[C@]1(C)CCN2C,C[C@@H]1[C@@H]2Cc3ccc(O)cc3[C@]1(C)CCN2C
5208,1,C[C@@H]1[C@@H]2Cc3ccc(O)cc3[C@]1(C)CCN2CC1CC1,C[C@@H]1[C@@H]2Cc3ccc(O)cc3[C@]1(C)CCN2CC1CC1
5209,0,C[C@@H]1[C@H](NC(=O)/C(=N/OC(C)(C)C(=O)O)c2csc(N)n2)C(=O)N1S(=O)(=O)O,C[C@@H]1[C@H](NC(=O)/C(=N/OC(C)(C)C(=O)O)c2csc(N)n2)C(=O)N1S(=O)(=O)O
5210,1,C[C@@H]1[C@H]2Cc3ccc(O)cc3[C@]1(C)CCN2CCc1ccccc1,C[C@@H]1[C@H]2Cc3ccc(O)cc3[C@]1(C)CCN2CCc1ccccc1
5211,1,C[C@@H]1c2ccccc2[C@H](CCCN(C)C)c2cc(C(F)(F)F)ccc21,C[C@@H]1c2ccccc2[C@H](CCCN(C)C)c2cc(C(F)(F)F)ccc21
5212,1,C[C@@](Cc1ccccc1)(NC(=O)CN)c1ccccc1,C[C@@](Cc1ccccc1)(NC(=O)CN)c1ccccc1
5213,1,C[C@@]1(c2ccccc2)CC(=O)N(CN2CCOCC2)C1=O,C[C@@]1(c2ccccc2)CC(=O)N(CN2CCOCC2)C1=O
5214,1,C[C@@]12C=CC(=O)C=C1CC[C@@H]1[C@H]3CC[C@@](O)(C(=O)CO)[C@]3(C)C[C@H](O)[C@]12F,C[C@@]12C=CC(=O)C=C1CC[C@@H]1[C@H]3CC[C@@](O)(C(=O)CO)[C@]3(C)C[C@H](O)[C@]12F
5215,1,C[C@@]12C=CC(=O)C=C1CC[C@H]1[C@@H]3C[C@@H]4Cc5ccccc5C[C@]4(C(=O)CO)[C@]3(C)C[C@H](O)[C@]12F,C[C@@]12C=CC(=O)C=C1CC[C@H]1[C@@H]3C[C@@H]4Cc5ccccc5C[C@]4(C(=O)CO)[C@]3(C)C[C@H](O)[C@]12F
5216,1,C[C@@]12C=CC(=O)C=C1CC[C@H]1[C@H]2[C@H](O)C[C@@]2(C)[C@@H]1CC[C@]2(O)C(=O)COC(=O)CCC(=O)O,C[C@]12C[C@@H](O)[C@@H]3[C@H](CCC4=CC(=O)C=C[C@]43C)[C@H]1CC[C@]2(O)C(=O)COC(=O)CCC(=O)O
5217,1,C[C@@]12C=CC(=O)C=C1[C@@H](Cl)C[C@@H]1[C@@H]2C(=O)C[C@]2(C)[C@H]1CC[C@@]2(O)C(=O)CO,C[C@@]12C=CC(=O)C=C1[C@@H](Cl)C[C@@H]1[C@@H]2C(=O)C[C@]2(C)[C@H]1CC[C@@]2(O)C(=O)CO
5218,1,C[C@@]12C=CC(=O)C=C1[C@H](F)C[C@H]1[C@H]2[C@@H](O)C[C@]2(C)[C@@H]1CC[C@@]2(O)C(=O)CO,C[C@@]12C=CC(=O)C=C1[C@H](F)C[C@H]1[C@H]2[C@@H](O)C[C@]2(C)[C@@H]1CC[C@@]2(O)C(=O)CO
5219,1,C[C@@]12C=CC(=O)[C@H]1C(=O)CC[C@@H]1[C@@H]3CC[C@](O)(C(=O)CO)[C@@]3(C)C[C@H](O)[C@H]12,C[C@@]12C=CC(=O)[C@H]1C(=O)CC[C@H]1[C@H]2[C@@H](O)C[C@@]2(C)[C@H]1CC[C@]2(O)C(=O)CO
5220,1,C[C@@]12CC(=O)[C@@H]3[C@H](CC[C@@H]4C[C@H](O)CC[C@]43C)[C@H]1CC[C@@H]2C(=O)CO,C[C@@]12CC(=O)[C@@H]3[C@H](CC[C@@H]4C[C@H](O)CC[C@]43C)[C@H]1CC[C@@H]2C(=O)CO
5221,1,C[C@@]12CC3CC(N)(C1)C[C@](C)(C3)C2,C[C@]12CC3CC(N)(C1)C[C@@](C)(C3)C2
5222,1,C[C@@]12CCC(=O)C=C1CC[C@@H]1[C@@H]2C(=O)C[C@]2(C)[C@H]1CC[C@@]2(O)C(=O)CO,C[C@@]12CCC(=O)C=C1CC[C@@H]1[C@@H]2C(=O)C[C@]2(C)[C@H]1CC[C@@]2(O)C(=O)CO
5223,1,C[C@@]12CCC(=O)C=C1CC[C@@H]1[C@@H]2CC[C@]2(C)[C@@H](O)CC[C@@H]12,C[C@]12CC[C@H]3[C@@H](CCC4=CC(=O)CC[C@]43C)[C@@H]1CC[C@@H]2O
5224,1,C[C@@]12CCC(=O)C=C1CC[C@@H]1[C@H]3CC[C@@](O)(C(=O)CO)[C@]3(C)C[C@H](O)[C@]12F,C[C@@]12CCC(=O)C=C1CC[C@@H]1[C@H]3CC[C@@](O)(C(=O)CO)[C@]3(C)C[C@H](O)[C@]12F
5225,1,C[C@@]12CCC(=O)C=C1CC[C@H]1[C@H]2[C@@H](O)C[C@@]2(C)[C@@H]1CC[C@]2(O)C(=O)COC(=O)CCC1CCCC1,C[C@]12C[C@H](O)[C@@H]3[C@H](CCC4=CC(=O)CC[C@]43C)[C@H]1CC[C@]2(O)C(=O)COC(=O)CCC1CCCC1
5226,0,C[C@@]12CCC(=O)C=C1CC[C@H]1[C@H]2[C@@H]2C[C@]3([C@@H](O)O2)[C@@H](C(=O)CO)CC[C@H]13,C[C@@]12CCC(=O)C=C1CC[C@H]1[C@H]2[C@@H]2C[C@@]3([C@@H](C(=O)CO)CC[C@H]13)[C@@H](O)O2
5227,0,C[C@@]12C[C@H](N)[C@@H]1CN(c1nc3c(cc1F)c(=O)c(C(=O)O)cn3C1CC1)C2,C[C@@]12C[C@H](N)[C@@H]1CN(c1nc3c(cc1F)c(=O)c(C(=O)O)cn3C1CC1)C2
5228,1,C[C@H](CC(C)(C)O)O[C@H](O)C(Cl)(Cl)Cl,C[C@H](CC(C)(C)O)O[C@H](O)C(Cl)(Cl)Cl
5229,1,C[C@H](CN(C)C)CN1c2ccccc2Sc2ccc(C#N)cc21,C[C@H](CN(C)C)CN1c2ccccc2Sc2ccc(C#N)cc21
5230,1,C[C@H](CN(C)C)CN1c2ccccc2Sc2ccc(C(F)(F)F)cc21,C[C@H](CN(C)C)CN1c2ccccc2Sc2ccc(C(F)(F)F)cc21
5231,1,C[C@H](CN(C)C)CN1c2ccccc2Sc2ccccc21,C[C@H](CN(C)C)CN1c2ccccc2Sc2ccccc21
5232,0,C[C@H](CN(C)C)O[C@@](C)(c1ccccc1)c1ccc(Cl)cc1,C[C@H](CN(C)C)O[C@@](C)(c1ccccc1)c1ccc(Cl)cc1
5233,1,C[C@H](CN1C(=O)c2cccnc2Nc2ccccc21)N(C)C,C[C@H](CN1C(=O)c2cccnc2Nc2ccccc21)N(C)C
5234,1,C[C@H](Cc1ccccc1)N(C)C,C[C@H](Cc1ccccc1)N(C)C
5235,1,C[C@H](Cc1ccccc1)NCCC1c2ccccc2Sc2ccccc21,C[C@H](Cc1ccccc1)NCCC1c2ccccc2Sc2ccccc21
5236,0,C[C@H](O)[C@@H]1C(=O)N2C(C(=O)O)=C(COC(N)=O)S[C@@H]12,C[C@H](O)[C@@H]1C(=O)N2C(C(=O)O)=C(COC(N)=O)S[C@@H]12
5237,0,C[C@H](O)[C@@H]1C(=O)N2C(C(=O)O)=C([C@@H]3CCCO3)S[C@H]12,C[C@H](O)[C@@H]1C(=O)N2C(C(=O)O)=C([C@@H]3CCCO3)S[C@H]12
5238,0,C[C@H](O)[C@H]1C(=O)N2C(C(=O)O)=C(F)S[C@H]12,C[C@H](O)[C@H]1C(=O)N2C(C(=O)O)=C(F)S[C@H]12
5239,1,C[C@H]1CN2CC(=O)Nc3ccc(Cl)cc3[C@]2(c2ccccc2)O1,C[C@H]1CN2CC(=O)Nc3ccc(Cl)cc3[C@]2(c2ccccc2)O1
5240,1,C[C@H]1CO[C@]2(c3ccccc3Cl)c3cc(Cl)ccc3NC(=O)CN12,C[C@H]1CO[C@]2(c3ccccc3Cl)c3cc(Cl)ccc3NC(=O)CN12
5241,1,C[C@H]1C[C@@H]2CCC[C@](N3CC[C@H]3C(=O)O)(C1)C2,C[C@H]1C[C@@H]2CCC[C@](N3CC[C@H]3C(=O)O)(C1)C2
5242,1,C[C@H]1C[C@@H]2[C@H]([C@@H](O)C[C@]3(C)[C@H]2CC[C@@]3(O)C(=O)COC(=O)CCC(=O)O)[C@@]2(C)C=CC(=O)C=C12,C[C@H]1C[C@@H]2[C@H]([C@@H](O)C[C@]3(C)[C@H]2CC[C@@]3(O)C(=O)COC(=O)CCC(=O)O)[C@@]2(C)C=CC(=O)C=C12
5243,1,C[C@H]1C[C@@H]2[C@H]3CCC4=CC(=O)C=C[C@@]4(C)[C@]3(F)C(=O)C[C@]2(C)[C@@]1(O)C(=O)CCl,C[C@H]1C[C@@H]2[C@H]3CCC4=CC(=O)C=C[C@@]4(C)[C@]3(F)C(=O)C[C@]2(C)[C@@]1(O)C(=O)CCl
5244,1,C[C@H]1C[C@@H]2[C@H]3CCC4=CC(=O)C=C[C@@]4(C)[C@]3(F)[C@@H](O)C[C@]2(C)[C@@]1(O)C(=O)CCl,C[C@H]1C[C@@H]2[C@H]3CCC4=CC(=O)C=C[C@@]4(C)[C@]3(F)[C@@H](O)C[C@]2(C)[C@@]1(O)C(=O)CCl
5245,1,C[C@H]1C[C@@H]2[C@H]3CCC4=CC(=O)C=C[C@@]4(C)[C@]3(F)[C@@H](O)C[C@]2(C)[C@@]1(OC(=O)c1ccccc1)C(=O)CO,C[C@H]1C[C@@H]2[C@H]3CCC4=CC(=O)C=C[C@@]4(C)[C@]3(F)[C@@H](O)C[C@]2(C)[C@@]1(OC(=O)c1ccccc1)C(=O)CO
5246,1,C[C@H]1C[C@@H]2[C@H]3CCC4=CC(=O)C=C[C@]4(C)[C@@H]3C(=O)C[C@]2(C)[C@@]1(O)C(=O)CO,C[C@H]1C[C@@H]2[C@H]3CCC4=CC(=O)C=C[C@]4(C)[C@@H]3C(=O)C[C@]2(C)[C@@]1(O)C(=O)CO
5247,1,C[C@H]1C[C@@H]2[C@H]3C[C@@H](F)C4=CC(=O)C(Cl)=C[C@@]4(C)[C@]3(F)[C@@H](O)C[C@]2(C)[C@@]1(O)C(=O)CO,C[C@H]1C[C@@H]2[C@H]3C[C@@H](F)C4=CC(=O)C(Cl)=C[C@@]4(C)[C@]3(F)[C@@H](O)C[C@]2(C)[C@@]1(O)C(=O)CO
5248,1,C[C@H]1C[C@@H]2[C@H]3C[C@@H](F)C4=CC(=O)C=C[C@@]4(C)[C@]3(F)[C@@H](O)C[C@@]2(C)[C@]1(O)C(=O)CCl,C[C@H]1C[C@@H]2[C@H]3C[C@@H](F)C4=CC(=O)C=C[C@@]4(C)[C@]3(F)[C@@H](O)C[C@@]2(C)[C@]1(O)C(=O)CCl
5249,1,C[C@H]1C[C@@H]2[C@H]3C[C@@H](F)C4=CC(=O)C=C[C@@]4(C)[C@]3(F)[C@@H](O)C[C@]2(C)[C@@]1(O)C(=O)CO,C[C@H]1C[C@@H]2[C@H]3C[C@@H](F)C4=CC(=O)C=C[C@@]4(C)[C@]3(F)[C@@H](O)C[C@]2(C)[C@@]1(O)C(=O)CO
5250,1,C[C@H]1C[C@@H]2[C@H]3C[C@@H](F)C4=CC(=O)C=C[C@@]4(C)[C@]3(F)[C@@H](O)C[C@]2(C)[C@@]1(O)C(=O)COC(=O)C(C)(C)C,C[C@H]1C[C@@H]2[C@H]3C[C@@H](F)C4=CC(=O)C=C[C@@]4(C)[C@]3(F)[C@@H](O)C[C@]2(C)[C@@]1(O)C(=O)COC(=O)C(C)(C)C
5251,1,C[C@H]1C[C@@H]2[C@H]3C[C@H](F)C4=CC(=O)C=C[C@@]4(C)[C@]3(Cl)[C@@H](O)C[C@]2(C)[C@H]1C(=O)CO,C[C@H]1C[C@@H]2[C@H]3C[C@H](F)C4=CC(=O)C=C[C@@]4(C)[C@]3(Cl)[C@@H](O)C[C@]2(C)[C@H]1C(=O)CO
5252,1,C[C@H]1C[C@@H]2[C@H]3C[C@H](F)C4=CC(=O)C=C[C@@]4(C)[C@]3(Cl)[C@@H](O)C[C@]2(C)[C@H]1C(=O)COC(=O)C(C)(C)C,C[C@H]1C[C@@H]2[C@H]3C[C@H](F)C4=CC(=O)C=C[C@@]4(C)[C@]3(Cl)[C@@H](O)C[C@]2(C)[C@H]1C(=O)COC(=O)C(C)(C)C
5253,1,C[C@H]1C[C@H]2[C@@H]3CC[C@@H](C(=O)O)[C@]3(C)C[C@@H](O)[C@H]2[C@@]2(C)CCC(=O)C=C12,C[C@H]1C[C@@H]2[C@@H]([C@H](O)C[C@@]3(C)[C@H](C(=O)O)CC[C@@H]23)[C@@]2(C)CCC(=O)C=C12
5254,1,C[C@H]1C[C@H]2[C@@H]3C[C@H](F)C4=CC(=O)C=C[C@]4(C)[C@@]3(F)[C@H](O)C[C@]2(C)[C@H]1C(=O)COC(=O)C(C)(C)C,C[C@H]1C[C@H]2[C@@H]3C[C@H](F)C4=CC(=O)C=C[C@]4(C)[C@@]3(F)[C@H](O)C[C@]2(C)[C@H]1C(=O)COC(=O)C(C)(C)C
5255,1,C[C@H]1N=C(c2ccccc2Cl)c2cc([N+](=O)[O-])ccc2NC1=O,C[C@H]1N=C(c2ccccc2Cl)c2cc([N+](=O)[O-])ccc2NC1=O
5256,0,C[C@H]1NC(=O)[C@H](NC(=O)c2ncccc2O)[C@@H](C)OC(=O)[C@H](c2ccccc2)NC(=O)[C@@H]2CC(=O)CCN2C(=O)[C@@H](Cc2ccc(N(C)C)cc2)N(C)C(=O)[C@@H]2CCCN2C1=O,C[C@H]1NC(=O)[C@H](NC(=O)c2ncccc2O)[C@@H](C)OC(=O)[C@H](c2ccccc2)NC(=O)[C@@H]2CC(=O)CCN2C(=O)[C@@H](Cc2ccc(N(C)C)cc2)N(C)C(=O)[C@@H]2CCCN2C1=O
5257,0,C[C@H]1O[C@@H](O[C@@H]2C[C@](O)(C(=O)CO)Cc3c(O)c4c(c(O)c32)C(=O)c2ccccc2C4=O)C[C@@H](N)[C@@H]1O,C[C@H]1O[C@@H](O[C@@H]2C[C@](O)(C(=O)CO)Cc3c(O)c4c(c(O)c32)C(=O)c2ccccc2C4=O)C[C@@H](N)[C@@H]1O
5258,1,C[C@H]1[C@H]2C(=O)c3ccc(O)cc3[C@@]1(C)CCN2CC1CC1,C[C@H]1[C@H]2C(=O)c3ccc(O)cc3[C@@]1(C)CCN2CC1CC1
5259,0,C[C@H]1c2cccc(O)c2C(O)=C2C(=O)[C@@]3(O)C(O)=C(C(N)=O)C(=O)[C@@H](N(C)C)[C@H]3[C@@H](O)[C@H]21,C[C@H]1c2cccc(O)c2C(O)=C2C(=O)[C@@]3(O)C(O)=C(C(N)=O)C(=O)[C@@H](N(C)C)[C@H]3[C@@H](O)[C@H]21
5260,1,C[C@]1(c2ccccc2)O[C@@H]2C[C@H]3[C@@H]4CCC5=CC(=O)C=C[C@]5(C)[C@@]4(F)[C@H](O)C[C@@]3(C)[C@]2(C(=O)CO)O1,C[C@]1(c2ccccc2)O[C@@H]2C[C@H]3[C@@H]4CCC5=CC(=O)C=C[C@]5(C)[C@@]4(F)[C@H](O)C[C@@]3(C)[C@]2(C(=O)CO)O1
5261,1,C[C@]12C=CC(=O)C=C1C(Cl)=C[C@@H]1[C@@H]2[C@@H](O)C[C@]2(C)[C@H]1CC[C@@]2(O)C(=O)CO,C[C@]12C=CC(=O)C=C1C(Cl)=C[C@@H]1[C@@H]2[C@@H](O)C[C@]2(C)[C@H]1CC[C@@]2(O)C(=O)CO
5262,1,C[C@]12C=CC(=O)C=C1CC[C@@H]1[C@@H]2[C@@H](O)C[C@]2(C)[C@H]1CC[C@@]2(O)C(=O)CO,C[C@]12C=CC(=O)C=C1CC[C@@H]1[C@@H]2[C@@H](O)C[C@]2(C)[C@H]1CC[C@@]2(O)C(=O)CO
5263,1,C[C@]12C=CC(=O)C=C1CC[C@H]1[C@@H]3CC[C@@](O)(C(=O)CO)[C@]3(C)C[C@@H](Cl)[C@@]12Cl,C[C@]12C=CC(=O)C=C1CC[C@H]1[C@@H]3CC[C@@](O)(C(=O)CO)[C@]3(C)C[C@@H](Cl)[C@@]12Cl
5264,0,C[C@]12CCC(=O)C=C1CC[C@@H]1[C@@H]2[C@@H](O)C[C@@]2(C=O)[C@@H](C(=O)CO)CC[C@H]12,C[C@]12CCC(=O)C=C1CC[C@@H]1[C@@H]2[C@@H](O)C[C@@]2(C=O)[C@@H](C(=O)CO)CC[C@H]12
5265,1,C[C@]12CCC(=O)C=C1CC[C@@H]1[C@@H]2[C@H](O)C[C@]2(C)[C@H]1CC[C@@]2(O)C(=O)COC(=O)CCC(=O)O,C[C@]12CCC(=O)C=C1CC[C@@H]1[C@@H]2[C@H](O)C[C@]2(C)[C@H]1CC[C@@]2(O)C(=O)COC(=O)CCC(=O)O
5266,1,C[C@]12CCC(=O)C=C1CC[C@@H]1[C@@H]2[C@H](O)C[C@]2(C)[C@H]1CC[C@@]2(O)C(=O)CS,C[C@]12CCC(=O)C=C1CC[C@@H]1[C@@H]2[C@H](O)C[C@]2(C)[C@H]1CC[C@@]2(O)C(=O)CS
5267,1,C[C@]12CCCCC[C@@H](Cc3ccc(O)cc31)[C@H]2N,C[C@]12CCCCC[C@@H](Cc3ccc(O)cc31)[C@H]2N
5268,0,C[C@]12CC[C@H]3c4ccc(O)cc4CC[C@H]3[C@@H]1CC[C@H]2O,C[C@]12CC[C@H]3c4ccc(O)cc4CC[C@H]3[C@@H]1CC[C@H]2O
5269,1,C[C@]12C[C@@H](O)[C@@]3(F)[C@@H](CCC4=CC(=O)C=C[C@@]43C)[C@@H]1C[C@H](O)[C@]2(O)C(=O)CO,C[C@]12C=CC(=O)C=C1CC[C@H]1[C@@H]3C[C@H](O)[C@](O)(C(=O)CO)[C@@]3(C)C[C@@H](O)[C@@]12F
5270,1,C[C@]12C[C@@H](O)[C@@]3(F)[C@@H](C[C@H](F)C4=CC(=O)C=C[C@@]43C)[C@@H]1C[C@H](O)[C@]2(O)C(=O)CO,C[C@]12C=CC(=O)C=C1[C@@H](F)C[C@H]1[C@@H]3C[C@H](O)[C@](O)(C(=O)CO)[C@@]3(C)C[C@@H](O)[C@@]12F
5271,1,C[N+]1([O-])[C@H]2CC[C@@H]1CC(OC(=O)[C@@H](CO)c1ccccc1)C2,C[N+]1([O-])[C@@H]2CC[C@H]1CC(OC(=O)[C@@H](CO)c1ccccc1)C2
5272,1,Cc1c(C)c2c(c(C)c1O)CC[C@](C)(CCC[C@@H](C)CCC[C@@H](C)CCCC(C)C)O2,Cc1c(C)c2c(c(C)c1O)CC[C@](C)(CCC[C@@H](C)CCC[C@@H](C)CCCC(C)C)O2
5273,0,Cc1c(O)cccc1C(=O)N[C@H](CSc1ccccc1)[C@@H](O)CN1C[C@H]2CCCC[C@@H]2C[C@@H]1C(=O)NC(C)(C)C,Cc1c(O)cccc1C(=O)N[C@H](CSc1ccccc1)[C@@H](O)CN1C[C@H]2CCCC[C@@H]2C[C@@H]1C(=O)NC(C)(C)C
5274,0,Cc1cc(=O)c(C(=O)N[C@@H](C(=O)N[C@@H]2C(=O)N3C(C(=O)O)=C(CSc4nnnn4C)CS[C@@H]23)c2ccc(O)cc2)c[nH]1,Cc1cc(=O)c(C(=O)N[C@@H](C(=O)N[C@@H]2C(=O)N3C(C(=O)O)=C(CSc4nnnn4C)CS[C@@H]23)c2ccc(O)cc2)c[nH]1
5275,0,Cc1ccc(C(=O)N[C@@H]2C(=O)N[C@H](C(C)C)C(=O)N3CCC[C@@H]3C(=O)N(C)CC(=O)N(C)[C@@H](C(C)C)C(=O)O[C@H]2C)c2c1OC1=C(N2)C(C(=O)N[C@H]2C(=O)N[C@@H](C(C)C)C(=O)N3CCC[C@H]3C(=O)N(C)CC(=O)N(C)[C@H](C(C)C)C(=O)O[C@@H]2C)=C(N)C(=O)[C@@H]1C,Cc1ccc(C(=O)N[C@@H]2C(=O)N[C@H](C(C)C)C(=O)N3CCC[C@@H]3C(=O)N(C)CC(=O)N(C)[C@@H](C(C)C)C(=O)O[C@H]2C)c2c1OC1=C(N2)C(C(=O)N[C@H]2C(=O)N[C@@H](C(C)C)C(=O)N3CCC[C@H]3C(=O)N(C)CC(=O)N(C)[C@H](C(C)C)C(=O)O[C@@H]2C)=C(N)C(=O)[C@@H]1C
5276,1,Cc1ccc2c(c1)[C@@H]1CN(C)CC[C@H]1N2,Cc1ccc2c(c1)[C@@H]1CN(C)CC[C@H]1N2
5277,1,Cc1ccc2c(c1)[C@@]13CCCC[C@@H]1[C@@H](C2)N(C)CC3,Cc1ccc2c(c1)[C@@]13CCCC[C@@H]1[C@@H](C2)N(C)CC3
5278,1,Cc1ccc2c(c1)c1c3n2CCN[C@@H]3CCC1,Cc1ccc2c(c1)c1c3n2CCN[C@@H]3CCC1
5279,1,Cc1cccc(C)c1OC[C@@H](C)N,Cc1cccc(C)c1OC[C@@H](C)N
5280,1,Cc1cccc(N2C[C@H](CO)OC2=O)c1,Cc1cccc(N2C[C@H](CO)OC2=O)c1
5281,1,Cc1cccc2c1Oc1ccccc1[C@]1(O)CCNC[C@H]21,Cc1cccc2c1Oc1ccccc1[C@]1(O)CCNC[C@H]21
5282,1,Cc1ccccc1OC[C@@H](CO[C@@H](O)C(Cl)(Cl)Cl)O[C@H](O)C(Cl)(Cl)Cl,Cc1ccccc1OC[C@@H](CO[C@@H](O)C(Cl)(Cl)Cl)O[C@H](O)C(Cl)(Cl)Cl
5283,1,Cc1nccn1[C@H](C)c1ccccc1,Cc1nccn1[C@H](C)c1ccccc1
5284,0,Cc1nnc(SCC2=C(C(=O)O)N3C(=O)[C@@H](NC(=O)[C@@H](O)c4ccccc4)[C@H]3SC2)s1,Cc1nnc(SCC2=C(C(=O)O)N3C(=O)[C@@H](NC(=O)[C@@H](O)c4ccccc4)[C@H]3SC2)s1
5285,0,Cc1nnc(SCC2=C(C(=O)O)N3C(=O)[C@H](NC(=O)Cn4cnnn4)[C@@H]3SC2)s1,Cc1nnc(SCC2=C(C(=O)O)N3C(=O)[C@H](NC(=O)Cn4cnnn4)[C@@H]3SC2)s1
5286,0,Cc1nnc(SCC2=C(C(=O)O)N3C(=O)[C@H](NC(=O)[C@@H](N)c4ccc(O)cc4)[C@@H]3SC2)s1,Cc1nnc(SCC2=C(C(=O)O)N3C(=O)[C@H](NC(=O)[C@@H](N)c4ccc(O)cc4)[C@@H]3SC2)s1
5287,0,Cc1oc(=O)oc1COC(=O)[C@H]1N2C(=O)[C@@H](NC(=O)[C@@H](N)c3ccccc3)[C@@H]2SC1(C)C,Cc1oc(=O)oc1COC(=O)[C@H]1N2C(=O)[C@@H](NC(=O)[C@@H](N)c3ccccc3)[C@@H]2SC1(C)C
5288,0,Cc1onc(-c2c(Cl)cccc2Cl)c1C(=O)N[C@@H]1C(=O)N2[C@H]1SC(C)(C)[C@@H]2C(=O)O,Cc1onc(-c2c(Cl)cccc2Cl)c1C(=O)N[C@@H]1C(=O)N2[C@@H](C(=O)O)C(C)(C)S[C@@H]12
5289,0,Cc1onc(-c2c(F)cccc2Cl)c1C(=O)N[C@H]1C(=O)N2[C@@H](C(=O)O)C(C)(C)S[C@H]12,Cc1onc(-c2c(F)cccc2Cl)c1C(=O)N[C@H]1C(=O)N2[C@@H]1SC(C)(C)[C@@H]2C(=O)O
5290,0,Cc1onc(-c2ccccc2)c1C(=O)N[C@@H]1C(=O)N2[C@H]1SC(C)(C)[C@@H]2C(=O)O,Cc1onc(-c2ccccc2)c1C(=O)N[C@@H]1C(=O)N2[C@@H](C(=O)O)C(C)(C)S[C@@H]12
5291,0,Cc1onc(-c2ccccc2Cl)c1C(=O)N[C@@H]1C(=O)N2[C@H]1SC(C)(C)[C@@H]2C(=O)O,Cc1onc(-c2ccccc2Cl)c1C(=O)N[C@@H]1C(=O)N2[C@@H](C(=O)O)C(C)(C)S[C@@H]12
5292,1,Cl/C(=C\N1CN=CN1)c1ccc(Cl)cc1Cl,Cl/C(=C\N1CN=CN1)c1ccc(Cl)cc1Cl
5293,1,Clc1ccc([C@H]2[C@H]3CC[C@H](C3)[C@]23CCC(N2CCOCC2)=N3)cc1,Clc1ccc([C@H]2[C@H]3CC[C@H](C3)[C@]23CCC(N2CCOCC2)=N3)cc1
5294,1,Clc1ccc2c(c1)/C(=C/[C@@H]1CN3CCC1CC3)c1ccccc1S2,Clc1ccc2c(c1)/C(=C/[C@@H]1CN3CCC1CC3)c1ccccc1S2
5295,0,Cn1c(=O)c2c(ncn2CCNC[C@H](O)c2ccc(O)c(O)c2)n(C)c1=O,Cn1c(=O)c2c(ncn2CCNC[C@H](O)c2ccc(O)c(O)c2)n(C)c1=O
5296,0,Cn1nnnc1SCC1=C(C(=O)O)N2C(=O)[C@@H](NC(=O)CSC(F)(F)F)[C@@H]2SC1,Cn1nnnc1SCC1=C(C(=O)O)N2C(=O)[C@@H](NC(=O)CSC(F)(F)F)[C@@H]2SC1
5297,0,Cn1nnnc1SCC1=C(C(=O)O)N2C(=O)[C@H](NC(=O)CS/C=C/C#N)[C@H]2SC1,Cn1nnnc1SCC1=C(C(=O)O)N2C(=O)[C@H](NC(=O)CS/C=C/C#N)[C@H]2SC1
5298,0,Cn1nnnc1SCC1=C(C(=O)O)N2C(=O)[C@H](NC(=O)[C@H](O)c3ccccc3)[C@H]2SC1,Cn1nnnc1SCC1=C(C(=O)O)N2C(=O)[C@H](NC(=O)[C@H](O)c3ccccc3)[C@H]2SC1
5299,1,FC(F)(F)c1cccc(N2CCN(CCc3nnc4n3C[C@@H]3CCC[C@@H]43)CC2)c1,FC(F)(F)c1cccc(N2CCN(CCc3nnc4n3C[C@@H]3CCC[C@@H]43)CC2)c1
5300,1,Fc1ccc([C@H]2CCNC[C@@H]2COc2ccc3c(c2)OCO3)cc1,Fc1ccc([C@H]2CCNC[C@@H]2COc2ccc3c(c2)OCO3)cc1
5301,0,N#CC(=C\c1ccc(O)cc1)/C(C#N)=C/c1ccc(O)cc1,N#CC(=C\c1ccc(O)cc1)/C(C#N)=C/c1ccc(O)cc1
5302,1,N#CCN[C@@H]1CCc2ccccc21,N#CCN[C@@H]1CCc2ccccc21
5303,1,N=C1NC(=O)[C@@H](c2ccccc2)O1,N=C1NC(=O)[C@@H](c2ccccc2)O1
5304,0,NC(=O)C1C=CN(CC2=C(C(=O)O)N3C(=O)[C@H](NC(=O)Cc4cccs4)[C@H]3SC2)C=C1,NC(=O)C1C=CN(CC2=C(C(=O)O)N3C(=O)[C@H](NC(=O)Cc4cccs4)[C@H]3SC2)C=C1
5305,0,NC(=O)C1C=CN(C[C@H]2CS[C@@H]3[C@@H](NC(=O)[C@H](c4ccccc4)S(=O)(=O)O)C(=O)N3[C@H]2C(=O)O)C=C1,NC(=O)C1C=CN(C[C@H]2CS[C@@H]3[C@@H](NC(=O)[C@H](c4ccccc4)S(=O)(=O)O)C(=O)N3[C@H]2C(=O)O)C=C1
5306,1,NC(=O)CN1C(=O)[C@H](c2ccccc2)c2ccccc21,NC(=O)CN1C(=O)[C@H](c2ccccc2)c2ccccc21
5307,1,NC(=O)C[S@@+]([O-])C(c1ccccc1)c1ccccc1,NC(=O)C[S@@+]([O-])C(c1ccccc1)c1ccccc1
5308,1,NC(=O)OC[C@H](O)COc1ccc(Cl)cc1,NC(=O)OC[C@H](O)COc1ccc(Cl)cc1
5309,0,NC(=O)OC[C@H]1[C@@H](NC(=O)/C(=N/OCC(=O)O)c2csc(N)n2)C(=O)N1S(=O)(=O)O,NC(=O)OC[C@H]1[C@@H](NC(=O)/C(=N/OCC(=O)O)c2csc(N)n2)C(=O)N1S(=O)(=O)O
5310,1,NC(=O)c1cnn([C@H]2O[C@H](CO)[C@@H](O)[C@H]2O)n1,NC(=O)c1cnn([C@H]2O[C@H](CO)[C@@H](O)[C@H]2O)n1
5311,1,NC/C(=C\F)CCc1ccc(F)cc1,NC/C(=C\F)CCc1ccc(F)cc1
5312,1,NC1=NCc2ncn(COCCO)c2N1,NC1=NCc2ncn(COCCO)c2N1
5313,0,NCC[C@@H](O)C(=O)N[C@H]1C[C@@H](N)[C@H](O[C@H]2O[C@@H](CN)CC[C@@H]2N)[C@H](O)[C@H]1O[C@@H]1O[C@@H](CO)[C@H](O)[C@@H](N)[C@@H]1O,NCC[C@@H](O)C(=O)N[C@H]1C[C@@H](N)[C@H](O[C@H]2O[C@@H](CN)CC[C@@H]2N)[C@H](O)[C@H]1O[C@@H]1O[C@@H](CO)[C@H](O)[C@@H](N)[C@@H]1O
5314,1,NCC[C@@H](Oc1ccc(C(F)(F)F)cc1)c1ccccc1,NCC[C@@H](Oc1ccc(C(F)(F)F)cc1)c1ccccc1
5315,0,NCC[C@H](O)C(=O)N[C@@H]1C[C@H](N)[C@@H](O[C@@H]2O[C@H](CN)[C@H](O)[C@@H](O)[C@H]2O)[C@H](O)[C@H]1O[C@H]1O[C@@H](CO)[C@@H](O)[C@H](N)[C@@H]1O,NCC[C@H](O)C(=O)N[C@@H]1C[C@H](N)[C@@H](O[C@@H]2O[C@H](CN)[C@H](O)[C@@H](O)[C@H]2O)[C@H](O)[C@H]1O[C@H]1O[C@@H](CO)[C@@H](O)[C@H](N)[C@@H]1O
5316,0,NCN.Nc1cccc(-c2csc(N)n2)c1,NCN.Nc1cccc(-c2csc(N)n2)c1
5317,1,NCN.Nc1nc(-c2ccccc2)cs1,NCN.Nc1nc(-c2ccccc2)cs1
5318,0,NC[C@@H]1O[C@@H](O[C@@H]2[C@@H](N)C[C@@H](NC(CO)CO)[C@H](O[C@@H]3O[C@@H](CO)[C@H](O)[C@@H](N)[C@@H]3O)[C@H]2O)[C@H](N)[C@@H](O)[C@@H]1O,NC[C@@H]1O[C@@H](O[C@H]2[C@H](O)[C@@H](O[C@@H]3O[C@@H](CO)[C@H](O)[C@@H](N)[C@@H]3O)[C@H](NC(CO)CO)C[C@@H]2N)[C@H](N)[C@@H](O)[C@@H]1O
5319,0,NC[C@@H]1O[C@H](O[C@H]2[C@@H](N)C[C@H](N)[C@@H](O[C@H]3O[C@H](CO)[C@@H](O)[C@H](N)[C@@H]3O)[C@@H]2O)[C@H](O)[C@H](O)[C@@H]1O,NC[C@@H]1O[C@H](O[C@@H]2[C@@H](O)[C@H](O[C@H]3O[C@H](CO)[C@@H](O)[C@H](N)[C@@H]3O)[C@@H](N)C[C@@H]2N)[C@H](O)[C@H](O)[C@@H]1O
5320,1,NC[C@H]1CC(=O)N(Cc2ccccc2)C1,NC[C@H]1CC(=O)N(Cc2ccccc2)C1
5321,0,NC[C@H]1O[C@H](O[C@H]2[C@@H](N)C[C@H](N)[C@H](O[C@H]3O[C@H](CO)[C@H](O)[C@@H](N)[C@@H]3O)[C@@H]2O)[C@@H](N)C[C@@H]1O,NC[C@H]1O[C@H](O[C@@H]2[C@@H](O)[C@@H](O[C@H]3O[C@H](CO)[C@H](O)[C@@H](N)[C@@H]3O)[C@@H](N)C[C@@H]2N)[C@@H](N)C[C@@H]1O
5322,0,NCc1ccccc1CC(=O)N[C@@H]1C(=O)N2C(C(=O)O)=C(CSc3nnnn3CC(=O)O)CS[C@@H]12,NCc1ccccc1CC(=O)N[C@@H]1C(=O)N2C(C(=O)O)=C(CSc3nnnn3CC(=O)O)CS[C@@H]12
5323,1,NNO,NNO
5324,1,NS(=O)(=O)c1ccc(N2C(=O)C[C@H](c3ccccc3)C2=O)c(Cl)c1,NS(=O)(=O)c1ccc(N2C(=O)C[C@H](c3ccccc3)C2=O)c(Cl)c1
5325,0,N[C@@H](C(=O)N[C@@H]1C(=O)N2C(C(=O)O)=C(CSc3cn[nH]n3)CS[C@@H]12)c1ccc(O)cc1,N[C@@H](C(=O)N[C@@H]1C(=O)N2C(C(=O)O)=C(CSc3cn[nH]n3)CS[C@@H]12)c1ccc(O)cc1
5326,0,N[C@@H](C(=O)N[C@@H]1C(=O)N2C(C(=O)O)=C(Cl)CC[C@@H]12)c1ccccc1,N[C@@H](C(=O)N[C@@H]1C(=O)N2C(C(=O)O)=C(Cl)CC[C@@H]12)c1ccccc1
5327,0,N[C@@H](C(=O)N[C@@H]1C(=O)N2C(C(=O)O)=C(Cl)CS[C@@H]12)c1ccccc1,N[C@@H](C(=O)N[C@@H]1C(=O)N2C(C(=O)O)=C(Cl)CS[C@@H]12)c1ccccc1
5328,1,N[C@@H]1C[C@@H]1c1ccccc1,N[C@@H]1C[C@@H]1c1ccccc1
5329,1,N[C@H]1CCC[C@@H]1c1ccccc1,N[C@H]1CCC[C@@H]1c1ccccc1
5330,1,N[C@H]1N=C(Cl)Nc2c1ncn2[C@H]1C[C@@H](O)[C@@H](CO)O1,N[C@H]1N=C(Cl)Nc2c1ncn2[C@H]1C[C@@H](O)[C@@H](CO)O1
5331,1,N[C@H]1N[C@H](O)[C@H]2NCN(COC(CO)CO)[C@H]2N1,N[C@H]1N[C@H](O)[C@H]2NCN(COC(CO)CO)[C@H]2N1
5332,1,Nc1c2c(nc3ccccc13)CCC[C@H]2O,Nc1c2c(nc3ccccc13)CCC[C@H]2O
5333,0,Nc1nc(/C(=C\CC(=O)O)C(=O)N[C@@H]2C(=O)N3C(C(=O)O)=CCS[C@@H]23)cs1,Nc1nc(/C(=C\CC(=O)O)C(=O)N[C@@H]2C(=O)N3C(C(=O)O)=CCS[C@@H]23)cs1
5334,0,Nc1ncc(/C(=N\O[C@H]2CCNC2=O)C(=O)N[C@@H]2C(=O)N3C(C(=O)O)=C(CN4C=CCC=C4)CS[C@@H]23)s1,Nc1ncc(/C(=N\O[C@H]2CCNC2=O)C(=O)N[C@@H]2C(=O)N3C(C(=O)O)=C(CN4C=CCC=C4)CS[C@@H]23)s1
5335,1,O=C(CN1CC[C@]23CCCC[C@@H]2[C@H]1Cc1ccc(O)cc13)c1ccccc1,O=C(CN1CC[C@]23CCCC[C@@H]2[C@H]1Cc1ccc(O)cc13)c1ccccc1
5336,1,O=C(C[C@@H]1c2ccccc2C(=O)N1c1ccc2ccc(Cl)nc2n1)N1CCC2(CC1)OCCO2,O=C(C[C@@H]1c2ccccc2C(=O)N1c1ccc2ccc(Cl)nc2n1)N1CCC2(CC1)OCCO2
5337,0,O=C(Cc1cccs1)N[C@@H]1C(=O)N2C(C(=O)O)=C(CN3C=CCC=C3)CS[C@@H]12,O=C(Cc1cccs1)N[C@@H]1C(=O)N2C(C(=O)O)=C(CN3C=CCC=C3)CS[C@@H]12
5338,0,O=C(Cc1cccs1)N[C@@H]1C(=O)N2C(C(=O)O)=C(CSC3=NCNN3)CS[C@@H]12,O=C(Cc1cccs1)N[C@@H]1C(=O)N2C(C(=O)O)=C(CSC3=NCNN3)CS[C@@H]12
5339,1,O=C(N[C@@H](CO)[C@H](O)c1ccc([N+](=O)[O-])cc1)C(Cl)Cl,O=C(N[C@@H](CO)[C@H](O)c1ccc([N+](=O)[O-])cc1)C(Cl)Cl
5340,1,O=C(N[C@H](CO)[C@H](O)C1CCC([N+](=O)[O-])CC1)C(Cl)Cl,O=C(N[C@H](CO)[C@H](O)C1CCC([N+](=O)[O-])CC1)C(Cl)Cl
5341,0,O=C(O)C1=C(CN2C=CC(CCS(=O)(=O)O)C=C2)CS[C@H]2[C@H](NC(=O)[C@H](NC(=O)c3nc[nH]c3C(=O)O)c3ccccc3)C(=O)N12,O=C(O)C1=C(CN2C=CC(CCS(=O)(=O)O)C=C2)CS[C@H]2[C@H](NC(=O)[C@H](NC(=O)c3nc[nH]c3C(=O)O)c3ccccc3)C(=O)N12
5342,0,O=C(O)C1=C(CSc2nnnn2CS(=O)(=O)O)CS[C@@H]2[C@H](NC(=O)[C@@H](O)c3ccccc3)C(=O)N12,O=C(O)C1=C(CSc2nnnn2CS(=O)(=O)O)CS[C@@H]2[C@H](NC(=O)[C@@H](O)c3ccccc3)C(=O)N12
5343,1,O=C(O)CCCC[C@H]1SC[C@H]2NC(=O)N[C@@H]21,O=C(O)CCCC[C@H]1SC[C@H]2NC(=O)N[C@@H]21
5344,1,O=C1CCC(=O)N1C[C@@H]1CC[C@H]2CN(c3ncccn3)CCN2C1,O=C1CCC(=O)N1C[C@@H]1CC[C@H]2CN(c3ncccn3)CCN2C1
5345,1,O=C1CCN=C2C[C@H](c3ccccc3)CN12,O=C1CCN=C2C[C@H](c3ccccc3)CN12
5346,1,O=C1CC[C@@H](C(=O)N[C@@H]2C[C@H]2c2ccccc2)N1,O=C1CC[C@@H](C(=O)N[C@@H]2C[C@H]2c2ccccc2)N1
5347,1,O=C1CC[C@@]2(CCC(=O)c3ccccc32)C(=O)N1,O=C1CC[C@@]2(CCC(=O)c3ccccc32)C(=O)N1
5348,1,O=C1CC[C@@]2(O)[C@@H]3Cc4ccc(O)c5c4[C@]2(CCN3CC2CC2)[C@@H]1O5,O=C1CC[C@@]2(O)[C@@H]3Cc4ccc(O)c5c4[C@]2(CCN3CC2CC2)[C@@H]1O5
5349,1,O=C1CC[C@H](N2C(=O)[C@H]3[C@@H]4CC[C@@H](C4)[C@H]3C2=O)C(=O)N1,O=C1CC[C@H](N2C(=O)[C@@H]3[C@H]4CC[C@H](C4)[C@@H]3C2=O)C(=O)N1
5350,1,O=C1CC[C@H]2[C@@H]3Cc4cccc(O)c4[C@]2(CCN3CC2CC2)C1,O=C1CC[C@H]2[C@@H]3Cc4cccc(O)c4[C@]2(CCN3CC2CC2)C1
5351,1,O=C1CN(O)[C@@H](c2ccccc2)c2cc(Cl)ccc2N1,O=C1CN(O)[C@@H](c2ccccc2)c2cc(Cl)ccc2N1
5352,1,O=C1CN2CCO[C@@]2(c2ccccc2Cl)c2cc(Cl)ccc2N1,O=C1CN2CCO[C@@]2(c2ccccc2Cl)c2cc(Cl)ccc2N1
5353,1,O=C1CN2CCO[C@]2(c2ccccc2F)c2cc(Cl)ccc2N1CCO,O=C1CN2CCO[C@]2(c2ccccc2F)c2cc(Cl)ccc2N1CCO
5354,1,O=C1CN=C(c2ccccc2F)c2cc(Cl)ccc2N1C[C@@H](O)CO,O=C1CN=C(c2ccccc2F)c2cc(Cl)ccc2N1C[C@@H](O)CO
5355,1,O=C1C[C@@H]2c3cc(Cl)ccc3O[C@]3(CCNC[C@H]23)N1,O=C1C[C@@H]2c3cc(Cl)ccc3O[C@]3(CCNC[C@H]23)N1
5356,1,O=C1N(CCCN2CCN(c3cccc(Cl)c3)CC2)N[C@H]2C=CC=CN12,O=C1N(CCCN2CCN(c3cccc(Cl)c3)CC2)N[C@H]2C=CC=CN12
5357,1,O=C1NC(=NC2CC2)O[C@@H]1c1ccccc1,O=C1NC(=NC2CC2)O[C@@H]1c1ccccc1
5358,1,O=C1NC(=O)[C@@]2(CCc3ccccc3C2)N1,O=C1NC(=O)[C@@]2(CCc3ccccc3C2)N1
5359,1,O=C1NCCC[C@H]1N1C(=O)c2ccccc2S1(=O)=O,O=C1NCCC[C@H]1N1C(=O)c2ccccc2S1(=O)=O
5360,1,O=C1NCN(c2ccccc2)C12CCN(C[C@@H]1COc3ccccc3O1)CC2,O=C1NCN(c2ccccc2)C12CCN(C[C@@H]1COc3ccccc3O1)CC2
5361,1,O=C1N[C@@H](CCCl)Oc2ccccc21,O=C1N[C@@H](CCCl)Oc2ccccc21
5362,1,O=C1Nc2ccc(Cl)nc2C(c2ccccc2Cl)=N[C@@H]1O,O=C1Nc2ccc(Cl)nc2C(c2ccccc2Cl)=N[C@@H]1O
5363,1,O=C1[C@H]2[C@@H]3C=C[C@@H]([C@H]4C=C[C@@H]34)[C@H]2C(=O)N1CCCCN1CCN(c2ncccn2)CC1,O=C1[C@@H]2[C@H]3C=C[C@H]([C@@H]4C=C[C@@H]43)[C@@H]2C(=O)N1CCCCN1CCN(c2ncccn2)CC1
5364,1,O=c1[nH]c2ccccc2c(=O)n1CCN1C[C@H]2[C@@H](c3ccc(F)cc3)C[C@H]2C1,O=c1[nH]c2ccccc2c(=O)n1CCN1C[C@@H]2C[C@H](c3ccc(F)cc3)[C@@H]2C1
5365,1,OC(CN1CN=CN1)(CN1CN=CN1)c1ccc(F)cc1F,OC(CN1CN=CN1)(CN1CN=CN1)c1ccc(F)cc1F
5366,1,OC(c1ccccc1)(c1ccccc1)[C@H]1CCCCN1,OC(c1ccccc1)(c1ccccc1)[C@H]1CCCCN1
5367,1,OC(c1ccccc1)(c1ccccc1)[C@H]1C[C@@H]1c1ccncc1,OC(c1ccccc1)(c1ccccc1)[C@H]1C[C@@H]1c1ccncc1
5368,1,OCCN1CCN(CC/C=C2\c3ccccc3COc3ccc(Cl)cc32)CC1,OCCN1CCN(CC/C=C2\c3ccccc3COc3ccc(Cl)cc32)CC1
5369,1,OCCN1CCN(CCC[C@@H]2c3ccc(F)cc3Sc3ccc(C(F)(F)F)cc32)CC1,OCCN1CCN(CCC[C@@H]2c3ccc(F)cc3Sc3ccc(C(F)(F)F)cc32)CC1
5370,1,OCCN1CCN([C@H]2C[C@H](c3ccc(F)cc3)c3ccc(C(F)(F)F)cc32)CC1,OCCN1CCN([C@H]2C[C@H](c3ccc(F)cc3)c3ccc(C(F)(F)F)cc32)CC1
5371,1,OCCOCCOCCN1CCN([C@H](c2ccccc2)c2ccc(Cl)cc2)CC1,OCCOCCOCCN1CCN([C@H](c2ccccc2)c2ccc(Cl)cc2)CC1
5372,1,OCc1ccccc1O[C@H]1O[C@@H](CO)[C@H](O)[C@@H](O)[C@@H]1O,OCc1ccccc1O[C@H]1O[C@@H](CO)[C@H](O)[C@@H](O)[C@@H]1O
5373,1,ON1CC(NCC2CC2)=Nc2ccc(Cl)cc2[C@@H]1c1ccccc1,ON1CC(NCC2CC2)=Nc2ccc(Cl)cc2[C@@H]1c1ccccc1
5374,1,O[C@@H](OCC(CO[C@H](O)C(Cl)(Cl)Cl)(CO[C@@H](O)C(Cl)(Cl)Cl)CO[C@@H](O)C(Cl)(Cl)Cl)C(Cl)(Cl)Cl,O[C@H](OCC(CO[C@@H](O)C(Cl)(Cl)Cl)(CO[C@H](O)C(Cl)(Cl)Cl)CO[C@H](O)C(Cl)(Cl)Cl)C(Cl)(Cl)Cl
5375,1,O[C@H](CCCN1CCc2c(c3cc(F)ccc3n2-c2ccc(F)cc2)C1)c1ccc(F)cc1,O[C@H](CCCN1CCc2c(c3cc(F)ccc3n2-c2ccc(F)cc2)C1)c1ccc(F)cc1
5376,1,O[C@](C1=NCCN1)(c1ccc(Cl)cc1)c1ccccn1,O[C@](C1=NCCN1)(c1ccc(Cl)cc1)c1ccccn1
5377,1,O[C@]1(c2ccc(Cl)cc2)c2ccccc2[C@@H]2NCCN21,O[C@]1(c2ccc(Cl)cc2)c2ccccc2[C@@H]2NCCN21
5378,1,O[C@]1(c2ccccc2Cl)C2=NCCCN2c2ccccc21,O[C@]1(c2ccccc2Cl)C2=NCCCN2c2ccccc21
5379,1,Oc1ccc2c(c1)[C@]13CCCC[C@]1(O)[C@H](C2)N(CC1CCC1)CC3,Oc1ccc2c(c1)[C@]13CCCC[C@]1(O)[C@H](C2)N(CC1CCC1)CC3
5380,1,Oc1ccc2c3c1O[C@@H]1[C@@H](O)C=C[C@H]4[C@H](C2)NCC[C@@]314,Oc1ccc2c3c1O[C@@H]1[C@@H](O)C=C[C@H]4[C@H](C2)NCC[C@@]314
5381,1,Oc1ccc2c3c1O[C@H]1[C@H](O)CC[C@]4(O)[C@@H](C2)N(CC2CCC2)CC[C@]314,Oc1ccc2c3c1O[C@H]1[C@H](O)CC[C@]4(O)[C@@H](C2)N(CC2CCC2)CC[C@]314
5382,1,S=C1NCC[C@H](COc2ccccc2)O1,S=C1NCC[C@H](COc2ccccc2)O1
5383,1,c1ccc(C2(c3ccccc3)OC[C@@H]([C@H]3CCCCN3)O2)cc1,c1ccc(C2(c3ccccc3)OC[C@@H]([C@H]3CCCCN3)O2)cc1
5384,1,c1ccc([C@@H]2CN3CCS[C@H]3N2)cc1,c1ccc([C@@H]2CN3CCS[C@H]3N2)cc1
5385,1,c1ccc([C@@H]2CN[C@H]3NCCN32)cc1,c1ccc([C@@H]2CN[C@H]3NCCN32)cc1
5386,1,c1ccc([C@H]2CCN(C[C@@H]3CCCc4c3ccc3c4OCO3)C2)cc1,c1ccc([C@H]2CCN(C[C@@H]3CCCc4c3ccc3c4OCO3)C2)cc1
5387,1,c1ccc2c(c1)CCN1CCNC[C@@H]21,c1ccc2c(c1)CCN1CCNC[C@@H]21
5388,1,c1ccc2c(c1)CCc1cccc3c1[C@@H]2CN1CCCC[C@H]31,c1ccc2c(c1)CCc1cccc3c1[C@@H]2CN1CCCC[C@H]31
5389,1,c1ccc2c(c1)CCc1ccccc1N2[C@@H]1CN2CCC1CC2,c1ccc2c(c1)CCc1ccccc1N2[C@@H]1CN2CCC1CC2
5390,1,c1ccc2c(c1)Sc1ccccc1N2C[C@H]1CN2CCC1CC2,c1ccc2c(c1)Sc1ccccc1N2C[C@H]1CN2CCC1CC2
5391,1,CC1=c2ccc(N(C)c3ccnc(Cc4ccc(C)c(S(N)(=O)=O)c4)n3)cc2=NC1C,CC1=c2ccc(N(C)c3ccnc(Cc4ccc(C)c(S(N)(=O)=O)c4)n3)cc2=NC1C
5392,1,CCC(=O)NCC[C@@H]1CCc2ccc3c(c21)CCO3,CCC(=O)NCC[C@@H]1CCc2ccc3c(c21)CCO3
5393,1,CCCN1C[C@@H](CSC)CC2c3cccc4[nH]cc(c34)C[C@@H]21,CCCN1C[C@@H](CSC)CC2c3cccc4[nH]cc(c34)C[C@@H]21
5394,1,CCN(CC)CCNC(=O)c1c(C)[nH]c(/C=C2\C(=O)Nc3ccc(F)cc32)c1C,CCN(CC)CCNC(=O)c1c(C)[nH]c(/C=C2\C(=O)Nc3ccc(F)cc32)c1C
5395,1,CCN1CCN(Cc2ccc(-c3cc4c(NC(C)c5ccccc5)ncnc4[nH]3)cc2)CC1,CCN1CCN(Cc2ccc(-c3cc4c(NC(C)c5ccccc5)ncnc4[nH]3)cc2)CC1
5396,1,CCOC(=O)c1cncn1[C@H](C)c1ccccc1,CCOC(=O)c1cncn1[C@H](C)c1ccccc1
5397,1,CCSCc1ccc2c(c1)c1c3c(c4c5cc(CSCC)ccc5n5c4c1n2C1C[C@](O)(C(=O)OC)C5(C)O1)CNC3=O,CCSCc1ccc2c(c1)c1c3c(c4c5cc(CSCC)ccc5n5c4c1n2C1C[C@](O)(C(=O)OC)C5(C)O1)CNC3=O
5398,1,CN(C)CCOC(c1ccc(Cl)cc1)c1ccccn1,CN(C)CCOC(c1ccc(Cl)cc1)c1ccccn1
5399,1,CN1CCC(c2c(O)cc(O)c3c(=O)cc(-c4ccccc4Cl)oc23)C(O)C1,CN1CCC(c2c(O)cc(O)c3c(=O)cc(-c4ccccc4Cl)oc23)C(O)C1
5400,1,CN1CC[C@]23c4c5ccc(O)c4O[C@@H]2C(=O)CCC3(O)[C@H]1C5,CN1CC[C@]23c4c5ccc(O)c4O[C@@H]2C(=O)CCC3(O)[C@H]1C5
5401,1,CN1C[C@H](C(=O)N[C@]2(C)O[C@@]3(O)[C@@H]4CCCN4C(=O)[C@H](Cc4ccccc4)N3C2=O)C=C2c3cccc4[nH]cc(c34)C[C@H]21,CN1C[C@H](C(=O)N[C@]2(C)O[C@@]3(O)[C@@H]4CCCN4C(=O)[C@H](Cc4ccccc4)N3C2=O)C=C2c3cccc4[nH]cc(c34)C[C@H]21
5402,1,CNC(=O)c1cc(Oc2ccc(NC(=O)Nc3ccc(Cl)c(C(F)(F)F)c3)cc2)ccn1,CNC(=O)c1cc(Oc2ccc(NC(=O)Nc3ccc(Cl)c(C(F)(F)F)c3)cc2)ccn1
5403,1,CNCC[C@@H](Oc1cccc2ccccc12)c1cccs1,CNCC[C@@H](Oc1cccc2ccccc12)c1cccs1
5404,1,COC1C(=O)C(C)CC(C)/C=C/C=C/C=C(\C)[C@@H](OC)CC2CC[C@@H](C)[C@@](O)(O2)C(=O)C(=O)N2CCCCC2C(=O)OC(C(C)CC2CC[C@@H](O)C(OC)C2)CC(=O)[C@H](C)C=C(C)[C@@H]1O,COC1CC(CC(C)C2CC(=O)[C@H](C)C=C(C)[C@H](O)C(OC)C(=O)C(C)CC(C)/C=C/C=C/C=C(\C)[C@@H](OC)CC3CC[C@@H](C)[C@@](O)(O3)C(=O)C(=O)N3CCCCC3C(=O)O2)CC[C@H]1O
5405,1,COC1C(=O)C(C)CC(C)/C=C/C=C/C=C(\C)[C@@H](OC)CC2CC[C@@H](C)[C@@](O)(O2)C(=O)C(=O)N2CCCCC2C(=O)OC(C(C)CC2CC[C@@H](OCCO)C(OC)C2)CC(=O)[C@H](C)C=C(C)[C@@H]1O,COC1CC(CC(C)C2CC(=O)[C@H](C)C=C(C)[C@H](O)C(OC)C(=O)C(C)CC(C)/C=C/C=C/C=C(\C)[C@@H](OC)CC3CC[C@@H](C)[C@@](O)(O3)C(=O)C(=O)N3CCCCC3C(=O)O2)CC[C@H]1OCCO
5406,1,COC1CC(CC(C)C2CC(=O)[C@H](C)C=C(C)[C@H](O)C(OC)C(=O)C(C)CC(C)/C=C/C=C/C=C(\C)[C@@H](OC)CC3CC[C@@H](C)[C@@](O)(O3)C(=O)C(=O)N3CCCCC3C(=O)O2)CC[C@@H]1OC(=O)C(C)(CO)CO,COC1CC(CC(C)C2CC(=O)[C@H](C)C=C(C)[C@H](O)C(OC)C(=O)C(C)CC(C)/C=C/C=C/C=C(\C)[C@@H](OC)CC3CC[C@@H](C)[C@@](O)(O3)C(=O)C(=O)N3CCCCC3C(=O)O2)CC[C@@H]1OC(=O)C(C)(CO)CO
5407,1,Cc1cc(C)c(/C=C2\C(=O)Nc3ccccc32)[nH]1,Cc1cc(C)c(/C=C2\C(=O)Nc3ccccc32)[nH]1
5408,1,NC(=O)N1c2ccccc2CCc2ccccc21,NC(=O)N1c2ccccc2CCc2ccccc21
5409,1,O=C(O)C(Cl)Cl,O=C(O)C(Cl)Cl
5410,1,O=C1CNC(=O)N1,O=C1CNC(=O)N1
5411,1,O=S(=O)(c1cccc2cnccc12)N1CCCNCC1,O=S(=O)(c1cccc2cnccc12)N1CCCNCC1
5412,1,OC1CCCCC1N1CCC(c2ccccc2)CC1,OC1CCCCC1N1CCC(c2ccccc2)CC1
5413,1,Oc1ccc2c3c1O[C@@H]1[C@@H](O)CCC4(O)[C@@H](C2)N(CC2CCC2)CC[C@]314,Oc1ccc2c3c1O[C@@H]1[C@@H](O)CCC4(O)[C@@H](C2)N(CC2CCC2)CC[C@]314
5414,1,c1ccc(-c2cc(-c3ccccc3)c(N3CCN(c4ncccn4)CC3)nn2)cc1,c1ccc(-c2cc(-c3ccccc3)c(N3CCN(c4ncccn4)CC3)nn2)cc1
5415,1,C#C[C@@]1(O)CC[C@@H]2[C@@H]3CCC4=CC(=O)CC[C@@H]4[C@@H]3C=C[C@@]21CC,C#C[C@@]1(O)CC[C@@H]2[C@@H]3CCC4=CC(=O)CC[C@@H]4[C@@H]3C=C[C@@]21CC
5416,1,C#C[C@@]1(O)CC[C@@H]2[C@@H]3CCC4=CC(=O)CC[C@@H]4[C@@H]3CC[C@@]21C,C#C[C@@]1(O)CC[C@@H]2[C@@H]3CCC4=CC(=O)CC[C@@H]4[C@@H]3CC[C@@]21C
5417,1,C#C[C@@]1(O)CC[C@@H]2[C@@H]3CCC4=CC(=O)CC[C@@H]4[C@@H]3CC[C@@]21CC,C#C[C@@]1(O)CC[C@@H]2[C@@H]3CCC4=CC(=O)CC[C@@H]4[C@@H]3CC[C@@]21CC
5418,1,C#C[C@@]1(O)CC[C@@H]2[C@@H]3CCC4=CCCC[C@@H]4[C@@H]3CC[C@@]21C,C#C[C@@]1(O)CC[C@@H]2[C@@H]3CCC4=CCCC[C@@H]4[C@@H]3CC[C@@]21C
5419,1,C#C[C@@]1(O)CC[C@@H]2[C@@H]3CCc4cc(OC)ccc4[C@@H]3CC[C@@]21C,C#C[C@@]1(O)CC[C@@H]2[C@@H]3CCc4cc(OC)ccc4[C@@H]3CC[C@@]21C
5420,1,C#C[C@@]1(O)CC[C@@H]2[C@H]3[C@@H](C)CC4=C(CCC(=O)C4)[C@@H]3CC[C@@]21C,C#C[C@@]1(O)CC[C@@H]2[C@H]3[C@@H](C)CC4=C(CCC(=O)C4)[C@@H]3CC[C@@]21C
5421,1,C#C[C@@]1(O)CC[C@H]2[C@@H]3CCC4=CCCC[C@@H]4[C@@H]3C(=C)C[C@]21CC,C#C[C@@]1(O)CC[C@H]2[C@@H]3CCC4=CCCC[C@@H]4[C@@H]3C(=C)C[C@]21CC
5422,1,C#C[C@@]1(OC(C)=O)CC[C@@H]2[C@@H]3CCC4=CC(=NO)CC[C@@H]4[C@@H]3CC[C@@]21CC,C#C[C@@]1(OC(C)=O)CC[C@@H]2[C@@H]3CCC4=CC(=NO)CC[C@@H]4[C@@H]3CC[C@@]21CC
5423,1,C#C[C@@]1(OC(C)=O)CC[C@@H]2[C@@H]3CCC4=C[C@@H](OC(C)=O)CC[C@@H]4[C@@H]3CC[C@@]21C,C#C[C@@]1(OC(C)=O)CC[C@@H]2[C@@H]3CCC4=C[C@@H](OC(C)=O)CC[C@@H]4[C@@H]3CC[C@@]21C
5424,1,C#C[C@](O)(C=CCl)CC,C#C[C@](O)(C=CCl)CC
5425,0,C/C=C/C[C@@H](C)[C@@H](O)[C@H]1C(=O)N[C@H](CC)C(=O)N(C)CC(=O)N(C)[C@H](CC(C)C)C(=O)N[C@@H](C(C)C)C(=O)N(C)[C@H](CC(C)C)C(=O)N[C@@H](C)C(=O)N[C@@H](C)C(=O)N(C)[C@H](CC(C)C)C(=O)N(C)[C@H](CC(C)C)C(=O)N(C)[C@@H](C(C)C)C(=O)N1C,C/C=C/C[C@@H](C)[C@@H](O)[C@H]1C(=O)N[C@H](CC)C(=O)N(C)CC(=O)N(C)[C@H](CC(C)C)C(=O)N[C@@H](C(C)C)C(=O)N(C)[C@H](CC(C)C)C(=O)N[C@@H](C)C(=O)N[C@@H](C)C(=O)N(C)[C@H](CC(C)C)C(=O)N(C)[C@H](CC(C)C)C(=O)N(C)[C@@H](C(C)C)C(=O)N1C
5426,1,C/C=C/[C@@H]1O[C@@]2(C(=O)COC(=O)c3ccncc3)CC[C@@]3(O1)[C@@H]1CCC4=CC(=O)CC[C@@]4(C)[C@H]1[C@@H](O)C[C@]23C,C/C=C/[C@@H]1O[C@@]2(C(=O)COC(=O)c3ccncc3)CC[C@@]3(O1)[C@@H]1CCC4=CC(=O)CC[C@@]4(C)[C@H]1[C@@H](O)C[C@]23C
5427,1,C1=Cc2cccc(OC[C@@H]3CNCCO3)c2C1,C1=Cc2cccc(OC[C@@H]3CNCCO3)c2C1
5428,1,C=C1/C(=C\C=C2/CCC[C@]3(C)[C@@H]2CC[C@H]3[C@@H](C)CCCC(C)C)C[C@H](O)C[C@H]1O,C=C1/C(=C\C=C2/CCC[C@]3(C)[C@@H]2CC[C@H]3[C@@H](C)CCCC(C)C)C[C@H](O)C[C@H]1O
5429,1,C=C1C[C@@H]2[C@@H]3CCC4=CC(=O)C=C[C@@]4(C)[C@@]3(F)[C@@H](O)C[C@@]2(C)[C@]1(O)C(=O)CO,C=C1C[C@@H]2[C@@H]3CCC4=CC(=O)C=C[C@@]4(C)[C@@]3(F)[C@@H](O)C[C@@]2(C)[C@]1(O)C(=O)CO
5430,0,C=C1c2c(Cl)ccc(O)c2C(O)=C2C(=O)[C@]3(O)C(O)=C(C(N)=O)C(=O)[C@H](N(C)C)[C@@H]3[C@@H](O)[C@H]12,C=C1c2c(Cl)ccc(O)c2C(O)=C2C(=O)[C@]3(O)C(O)=C(C(N)=O)C(=O)[C@H](N(C)C)[C@@H]3[C@@H](O)[C@H]12
5431,0,C=C1c2cccc(O)c2C(O)=C2C(=O)[C@]3(O)C(O)=C(C(N)=O)C(=O)[C@H](N(C)C)[C@@H]3[C@@H](O)[C@H]12,C=C1c2cccc(O)c2C(O)=C2C(=O)[C@]3(O)C(O)=C(C(N)=O)C(=O)[C@H](N(C)C)[C@@H]3[C@@H](O)[C@H]12
5432,0,C=CC1=C(C(=O)O)N2C(=O)[C@H](NC(=O)C(=NO)c3csc(N)n3)[C@@H]2SC1,C=CC1=C(C(=O)O)N2C(=O)[C@H](NC(=O)C(=NO)c3csc(N)n3)[C@@H]2SC1
5433,0,C=CC1=C(C(=O)O)N2C(=O)[C@H](NC(=O)C(=NOCC(=O)O)c3csc(N)n3)[C@@H]2SC1,C=CC1=C(C(=O)O)N2C(=O)[C@H](NC(=O)C(=NOCC(=O)O)c3csc(N)n3)[C@@H]2SC1
5434,1,C=CCC1([C@@H](C)CC)C(=O)NC(=O)NC1=O,C=CCC1([C@@H](C)CC)C(=O)NC(=O)NC1=O
5435,1,C=CCN1CC[C@@]23c4c5ccc(O)c4O[C@H]2C(=O)CC[C@@]3(O)[C@H]1C5,C=CCN1CC[C@@]23c4c5ccc(O)c4O[C@H]2C(=O)CC[C@@]3(O)[C@H]1C5
5436,1,C=CCN1CC[C@@]23c4c5ccc(OC(C)=O)c4O[C@@H]2[C@@H](OC(C)=O)C=C[C@H]3[C@H]1C5,C=CCN1CC[C@@]23c4c5ccc(OC(C)=O)c4O[C@@H]2[C@@H](OC(C)=O)C=C[C@H]3[C@H]1C5
5437,1,C=CCN1CC[C@]23c4c5ccc(O)c4O[C@@H]2[C@]2(OC)C=C[C@]3(C[C@@H]2[C@](C)(O)CCC)[C@H]1C5,C=CCN1CC[C@]23c4c5ccc(O)c4O[C@@H]2[C@]2(OC)C=C[C@]3(C[C@@H]2[C@](C)(O)CCC)[C@H]1C5
5438,1,C=CCN1C[C@@H](C(=O)N(CCCN(C)C)C(=O)NCC)C[C@H]2c3cccc4[nH]cc(c34)C[C@H]21,C=CCN1C[C@@H](C(=O)N(CCCN(C)C)C(=O)NCC)C[C@H]2c3cccc4[nH]cc(c34)C[C@H]21
5439,1,C=CCOc1ccccc1OC[C@@H](O)CNC(C)C,C=CCOc1ccccc1OC[C@@H](O)CNC(C)C
5440,0,C=CC[C@@H]1C=C(C)C[C@@H](C)C[C@@H](OC)[C@@H]2O[C@](O)(C(=O)C(=O)N3CCCC[C@@H]3C(=O)O[C@H](C(C)=C[C@@H]3CC[C@H](O)[C@@H](OC)C3)[C@@H](C)[C@@H](O)CC1=O)[C@@H](C)C[C@H]2OC,C=CC[C@@H]1C=C(C)C[C@@H](C)C[C@@H](OC)[C@@H]2O[C@](O)(C(=O)C(=O)N3CCCC[C@@H]3C(=O)O[C@H](C(C)=C[C@@H]3CC[C@H](O)[C@@H](OC)C3)[C@@H](C)[C@@H](O)CC1=O)[C@@H](C)C[C@H]2OC
5441,0,C=CC[N@+]12CC[C@@]34c5ccccc5N5C=C6[C@H]7C[C@H]8[C@]9(CC[N@@+]8(CC=C)C/C7=C\CO)c7ccccc7N(C=C([C@@H]53)[C@H](C[C@H]41)/C(=C/CO)C2)[C@@H]69,C=CC[N@+]12CC[C@]34c5ccccc5N5C=C6[C@H]7C[C@H]8[C@]9(CC[N@@+]8(CC=C)C/C7=C\CO)c7ccccc7N(C=C([C@H](C[C@H]31)/C(=C/CO)C2)[C@@H]54)[C@@H]69
5442,1,C=C[C@@H]1CN2CC[C@@H]1C[C@@H]2[C@@H](O)c1ccnc2ccc(OC)cc12,C=C[C@@H]1CN2CC[C@@H]1C[C@@H]2[C@@H](O)c1ccnc2ccc(OC)cc12
5443,1,C=C[C@@H]1CN2CC[C@@H]1C[C@H]2[C@@H](O)c1ccnc2ccccc12,C=C[C@@H]1CN2CC[C@@H]1C[C@H]2[C@@H](O)c1ccnc2ccccc12
5444,1,C=C[C@@]12CC[C@@H](O[C@H]3C[C@@H](OC)[C@@H](O)[C@H](C)O3)C[C@]1(O)CC[C@@H]1[C@@H]2CC[C@]2(C)[C@H](C3=CC(=O)OC3)CC[C@@]12O,C=C[C@@]12CC[C@@H](O[C@H]3C[C@@H](OC)[C@@H](O)[C@H](C)O3)C[C@]1(O)CC[C@@H]1[C@@H]2CC[C@]2(C)[C@H](C3=CC(=O)OC3)CC[C@@]12O
5445,1,C=C[C@H]1O[C@@H]2C[C@@H]3[C@@H]4CCC5=CC(=O)C=C[C@@]5(C)[C@@]4(F)[C@@H](O)C[C@@]3(C)[C@]2(C(=O)CO)O1,C=C[C@H]1O[C@@H]2C[C@@H]3[C@@H]4CCC5=CC(=O)C=C[C@@]5(C)[C@@]4(F)[C@@H](O)C[C@@]3(C)[C@]2(C(=O)CO)O1
5446,1,CC(=C(CCO)SSC[C@H]1CCCO1)N(C=O)Cc1cnc(C)nc1N,CC(=C(CCO)SSC[C@H]1CCCO1)N(C=O)Cc1cnc(C)nc1N
5447,1,CC(=CC(=O)O)/C=C/C=C(C)\C=C/C1=C(C)CCCC1(C)C,CC(=CC(=O)O)/C=C/C=C(C)\C=C/C1=C(C)CCCC1(C)C
5448,1,CC(=CCO)/C=C/C=C(C)\C=C\C1=C(C)CCCC1(C)C,CC(=CCO)/C=C/C=C(C)\C=C\C1=C(C)CCCC1(C)C
5449,0,CC(=O)C1=C(O)[C@H](N)[C@H]2Cc3c(c(O)c4c(O)c(C)ccc4c3C)C(=O)[C@@]2(O)C1=O,CC(=O)C1=C(O)[C@H](N)[C@H]2Cc3c(c(O)c4c(O)c(C)ccc4c3C)C(=O)[C@@]2(O)C1=O
5450,1,CC(=O)CC(=O)[C@@]1(O)CC[C@H]2[C@H]3CCC4=CC(=O)C=C[C@@]4(C)[C@@]3(Cl)[C@H](Cl)C[C@]21C,CC(=O)CC(=O)[C@@]1(O)CC[C@H]2[C@H]3CCC4=CC(=O)C=C[C@@]4(C)[C@@]3(Cl)[C@H](Cl)C[C@]21C
5451,1,CC(=O)CC(=O)[C@@]12OC(C)(C)O[C@H]1C[C@H]1[C@H]3CC(C#N)=C4C=C(OCCCl)CC[C@@]4(C)[C@@]3(F)[C@H](O)C[C@]12C,CC(=O)CC(=O)[C@@]12OC(C)(C)O[C@H]1C[C@H]1[C@H]3CC(C#N)=C4C=C(OCCCl)CC[C@@]4(C)[C@@]3(F)[C@H](O)C[C@]12C
5452,0,CC(=O)N(C[C@H](O)CO)c1c(I)c(C(=O)NC[C@H](O)CO)c(I)c(C(=O)NC[C@H](O)CO)c1I,CC(=O)N(C[C@H](O)CO)c1c(I)c(C(=O)NC[C@H](O)CO)c(I)c(C(=O)NC[C@H](O)CO)c1I
5453,1,CC(=O)N1CCN(c2ccc(OC[C@@H]3CO[C@@](Cn4ccnc4)(c4ccc(Cl)cc4Cl)O3)cc2)CC1,CC(=O)N1CCN(c2ccc(OC[C@@H]3CO[C@@](Cn4ccnc4)(c4ccc(Cl)cc4Cl)O3)cc2)CC1
5454,1,CC(=O)NCCC[C@@H](NC(C)=O)C(=O)O,CC(=O)NCCC[C@@H](NC(C)=O)C(=O)O
5455,0,CC(=O)NC[C@@H]1O[C@@H](O[C@H]2[C@@H](N)C[C@H](N)[C@H](O[C@@H]3O[C@@H](CO)[C@@H](O)[C@H](N)[C@@H]3O)[C@@H]2O)[C@@H](O)[C@@H](O)[C@@H]1O,CC(=O)NC[C@@H]1O[C@@H](O[C@@H]2[C@@H](O)[C@@H](O[C@@H]3O[C@@H](CO)[C@@H](O)[C@H](N)[C@@H]3O)[C@@H](N)C[C@@H]2N)[C@@H](O)[C@@H](O)[C@@H]1O
5456,0,CC(=O)N[C@H]1[C@@H]([C@@H](O)[C@H](O)CO)OC(C(=O)O)=C[C@H]1N=C(N)N,CC(=O)N[C@H]1[C@@H]([C@@H](O)[C@H](O)CO)OC(C(=O)O)=C[C@H]1N=C(N)N
5457,1,CC(=O)Nc1ccccc1,CC(=O)Nc1ccccc1
5458,1,CC(=O)OCC(=O)[C@@]1(O)CC[C@@H]2[C@@H]3CCC4=CC(=O)CC[C@]4(C)[C@]3(F)[C@@H](O)C[C@@]21C,CC(=O)OCC(=O)[C@@]1(O)CC[C@@H]2[C@@H]3CCC4=CC(=O)CC[C@]4(C)[C@]3(F)[C@@H](O)C[C@@]21C
5459,1,CC(=O)OCC(=O)[C@@]1(O)CC[C@H]2[C@H]3CCC4=CC(=O)C=C[C@@]4(C)[C@@]3(F)[C@H](O)C[C@]21C,CC(=O)OCC(=O)[C@@]1(O)CC[C@H]2[C@H]3CCC4=CC(=O)C=C[C@@]4(C)[C@@]3(F)[C@H](O)C[C@]21C
5460,1,CC(=O)OCC(=O)[C@@]1(O)CC[C@H]2[C@H]3CCC4=CC(=O)C=C[C@@]4(C)[C@H]3[C@H](O)C[C@]21C,CC(=O)OCC(=O)[C@@]1(O)CC[C@H]2[C@H]3CCC4=CC(=O)C=C[C@@]4(C)[C@H]3[C@H](O)C[C@]21C
5461,1,CC(=O)OCC(=O)[C@@]1(O)CC[C@H]2[C@H]3CCC4=CC(=O)CC[C@@]4(C)[C@@]3(F)[C@H](O)C[C@]21C,CC(=O)OCC(=O)[C@@]1(O)CC[C@H]2[C@H]3CCC4=CC(=O)CC[C@@]4(C)[C@@]3(F)[C@H](O)C[C@]21C
5462,1,CC(=O)OCC(=O)[C@@]1(O)CC[C@H]2[C@H]3CCC4=CC(=O)CC[C@@]4(C)[C@H]3C(=O)C[C@]21C,CC(=O)OCC(=O)[C@@]1(O)CC[C@H]2[C@H]3CCC4=CC(=O)CC[C@@]4(C)[C@H]3C(=O)C[C@]21C
5463,1,CC(=O)OCC(=O)[C@@]1(O)CC[C@H]2[C@H]3CCC4=CC(=O)CC[C@@]4(C)[C@H]3[C@H](O)C[C@]21C,CC(=O)OCC(=O)[C@@]1(O)CC[C@H]2[C@H]3CCC4=CC(=O)CC[C@@]4(C)[C@H]3[C@H](O)C[C@]21C
5464,1,CC(=O)OCC(=O)[C@@]1(O)CC[C@H]2[C@H]3C[C@H](Cl)C4=CC(=O)C=C[C@@]4(C)[C@H]3C(=O)C[C@]21C,CC(=O)OCC(=O)[C@@]1(O)CC[C@H]2[C@H]3C[C@H](Cl)C4=CC(=O)C=C[C@@]4(C)[C@H]3C(=O)C[C@]21C
5465,1,CC(=O)OCC(=O)[C@@]1(O)[C@@H](C)C[C@H]2[C@H]3C=C(C)C4=Cc5c(cnn5-c5ccccc5)C[C@@]4(C)[C@H]3[C@H](O)C[C@]21C,CC(=O)OCC(=O)[C@@]1(O)[C@@H](C)C[C@H]2[C@H]3C=C(C)C4=Cc5c(cnn5-c5ccccc5)C[C@@]4(C)[C@H]3[C@H](O)C[C@]21C
5466,1,CC(=O)OCC(=O)[C@@]1(O)[C@@H](C)C[C@H]2[C@H]3C[C@H](F)C4=CC(=O)C=C[C@@]4(C)[C@H]3[C@H](O)C[C@]21C,CC(=O)OCC(=O)[C@@]1(O)[C@@H](C)C[C@H]2[C@H]3C[C@H](F)C4=CC(=O)C=C[C@@]4(C)[C@H]3[C@H](O)C[C@]21C
5467,1,CC(=O)OCC(=O)[C@@]1(O)[C@H](OC(C)=O)C[C@H]2[C@H]3CCC4=CC(=O)C=C[C@@]4(C)[C@@]3(F)[C@H](O)C[C@]21C,CC(=O)OCC(=O)[C@@]1(O)[C@H](OC(C)=O)C[C@H]2[C@H]3CCC4=CC(=O)C=C[C@@]4(C)[C@@]3(F)[C@H](O)C[C@]21C
5468,1,CC(=O)OCC(=O)[C@@]1(OC(=O)c2ccco2)[C@@H](C)C[C@H]2[C@H]3CCC4=CC(=O)C=C[C@@]4(C)[C@@]3(F)[C@H](O)C[C@]21C,CC(=O)OCC(=O)[C@@]1(OC(=O)c2ccco2)[C@@H](C)C[C@H]2[C@H]3CCC4=CC(=O)C=C[C@@]4(C)[C@@]3(F)[C@H](O)C[C@]21C
5469,1,CC(=O)OCC(=O)[C@@]1(OC(C)=O)[C@@H](C)C[C@H]2[C@H]3C[C@H](F)C4=CC(=O)C=C[C@@]4(C)[C@@]3(F)[C@H](O)C[C@]21C,CC(=O)OCC(=O)[C@@]1(OC(C)=O)[C@@H](C)C[C@H]2[C@H]3C[C@H](F)C4=CC(=O)C=C[C@@]4(C)[C@@]3(F)[C@H](O)C[C@]21C
5470,1,CC(=O)OCC(=O)[C@@]12N=C(C)O[C@H]1C[C@H]1[C@H]3CCC4=CC(=O)C=C[C@@]4(C)[C@H]3[C@H](O)C[C@]12C,CC(=O)OCC(=O)[C@@]12N=C(C)O[C@H]1C[C@H]1[C@H]3CCC4=CC(=O)C=C[C@@]4(C)[C@H]3[C@H](O)C[C@]12C
5471,1,CC(=O)OCC(=O)[C@@]12OC(C)(C)O[C@H]1C[C@H]1[C@H]3C[C@H](F)C4=CC(=O)C=C[C@@]4(C)[C@@]3(F)[C@H](O)C[C@]12C,CC(=O)OCC(=O)[C@@]12OC(C)(C)O[C@H]1C[C@H]1[C@H]3C[C@H](F)C4=CC(=O)C=C[C@@]4(C)[C@@]3(F)[C@H](O)C[C@]12C
5472,1,CC(=O)OCC(=O)[C@@]12OC(C)(C)O[C@H]1C[C@H]1[C@H]3C[C@H](F)C4=CC(=O)C=C[C@@]4(C)[C@H]3[C@H](O)C[C@]12C,CC(=O)OCC(=O)[C@@]12OC(C)(C)O[C@H]1C[C@H]1[C@H]3C[C@H](F)C4=CC(=O)C=C[C@@]4(C)[C@H]3[C@H](O)C[C@]12C
5473,1,CC(=O)OCC(=O)[C@@]12OC3(CCCC3)O[C@H]1C[C@H]1[C@H]3CCC4=CC(=O)C=C[C@@]4(C)[C@@]3(F)[C@H](O)C[C@]12C,CC(=O)OCC(=O)[C@@]12OC3(CCCC3)O[C@H]1C[C@H]1[C@H]3CCC4=CC(=O)C=C[C@@]4(C)[C@@]3(F)[C@H](O)C[C@]12C
5474,1,CC(=O)OCC(=O)[C@H]1[C@@H](C)C[C@H]2[C@H]3C[C@H](F)C4=CC(=O)C=C[C@@]4(C)[C@@]3(Cl)[C@H](O)C[C@@]12C,CC(=O)OCC(=O)[C@H]1[C@@H](C)C[C@H]2[C@H]3C[C@H](F)C4=CC(=O)C=C[C@@]4(C)[C@@]3(Cl)[C@H](O)C[C@]21C
5475,1,CC(=O)OCC(=O)[C@]1(O)CC[C@@H]2[C@@H]3C[C@H](C)C4=CC(=O)C=C[C@]4(C)[C@@H]3[C@@H](O)C[C@@]21C,CC(=O)OCC(=O)[C@]1(O)CC[C@@H]2[C@@H]3C[C@H](C)C4=CC(=O)C=C[C@]4(C)[C@@H]3[C@@H](O)C[C@@]21C
5476,1,CC(=O)OCC(=O)[C@]1(OC(=O)C(C)C)[C@H](C)C[C@H]2[C@H]3CCC4=CC(=O)C=C[C@@]4(C)[C@@]3(F)[C@H](O)C[C@]21C,CC(=O)OCC(=O)[C@]1(OC(=O)C(C)C)[C@H](C)C[C@H]2[C@H]3CCC4=CC(=O)C=C[C@@]4(C)[C@@]3(F)[C@H](O)C[C@]21C
5477,1,CC(=O)OCC(=O)[C@]1(OC(C)=O)CC[C@H]2[C@H]3C[C@H](F)C4=CC(=O)C(Br)=C[C@@]4(C)[C@@]3(F)[C@H](O)C[C@]21C,CC(=O)OCC(=O)[C@]1(OC(C)=O)CC[C@H]2[C@H]3C[C@H](F)C4=CC(=O)C(Br)=C[C@@]4(C)[C@@]3(F)[C@H](O)C[C@]21C
5478,1,CC(=O)O[C@@H](c1ccccc1)[C@H]1CCCCN1,CC(=O)O[C@@H](c1ccccc1)[C@H]1CCCCN1
5479,1,CC(=O)O[C@@H]1CC[C@@]2(C)[C@H]3CC[C@]4(C)[C@@H](CC[C@@H]4[C@@H](C)CCCC(C)C)[C@H]3C[C@H](Br)[C@@]2(Br)C1,CC(=O)O[C@@H]1CC[C@@]2(C)[C@H]3CC[C@@]4(C)[C@@H]([C@@H](C)CCCC(C)C)CC[C@H]4[C@H]3C[C@H](Br)[C@@]2(Br)C1
5480,1,CC(=O)O[C@@H]1C[C@H]2C(COC(=O)CC(C)C)=CO[C@@H](OC(=O)CC(C)C)[C@@H]2[C@]12CO2,CC(=O)O[C@@H]1C[C@H]2C(COC(=O)CC(C)C)=CO[C@@H](OC(=O)CC(C)C)[C@@H]2[C@]12CO2
5481,1,CC(=O)O[C@@]1(C(C)=O)CC[C@@H]2[C@@H]3C[C@H](C)C4=CC(=O)C=C[C@]4(C)[C@]3(F)[C@@H](O)C[C@@]21C,CC(=O)O[C@@]1(C(C)=O)CC[C@@H]2[C@@H]3C[C@H](C)C4=CC(=O)C=C[C@]4(C)[C@]3(F)[C@@H](O)C[C@@]21C
5482,0,CC(=O)O[C@@]12CO[C@H]1C[C@H](O)[C@@]1(C)C(=O)[C@H](O)C3=C(C)[C@H](OC(=O)[C@H](O)[C@@H](NC(=O)OC(C)(C)C)c4ccccc4)C[C@@](O)([C@@H](OC(=O)c4ccccc4)[C@@H]21)C3(C)C,CC(=O)O[C@@]12CO[C@H]1C[C@H](O)[C@@]1(C)C(=O)[C@H](O)C3=C(C)[C@H](OC(=O)[C@H](O)[C@@H](NC(=O)OC(C)(C)C)c4ccccc4)C[C@@](O)([C@@H](OC(=O)c4ccccc4)[C@@H]21)C3(C)C
5483,1,CC(=O)O[C@H](C)C(=O)[C@@]1(O)CC[C@H]2[C@H]3CCC4=CC(=O)C=C[C@@]4(C)[C@@]3(F)[C@H](O)C[C@]21C,CC(=O)O[C@H](C)C(=O)[C@@]1(O)CC[C@H]2[C@H]3CCC4=CC(=O)C=C[C@@]4(C)[C@@]3(F)[C@H](O)C[C@]21C
5484,0,CC(=O)O[C@H](CC(=O)O)C[N+](C)(C)C,CC(=O)O[C@H](CC(=O)O)C[N+](C)(C)C
5485,0,CC(=O)O[C@H]1C(=O)[C@@]2(C)[C@H](O)C[C@H]3OC[C@@]3(OC(C)=O)[C@H]2[C@@H](OC(=O)c2ccccc2)[C@@]2(O)C[C@@H](OC(=O)[C@H](O)[C@@H](NC(=O)c3ccccc3)c3ccccc3)C(C)=C1C2(C)C,CC(=O)O[C@H]1C(=O)[C@@]2(C)[C@H](O)C[C@H]3OC[C@@]3(OC(C)=O)[C@H]2[C@@H](OC(=O)c2ccccc2)[C@@]2(O)C[C@@H](OC(=O)[C@H](O)[C@@H](NC(=O)c3ccccc3)c3ccccc3)C(C)=C1C2(C)C
5486,0,CC(=O)O[C@H]1C=CC(C)=CC[C@H](O)C=CC(C)=C[C@@H](NC(=O)C(C)=O)[C@]2(C)C(=O)O[C@@H](C1)[C@@H](C)C2=O,CC(=O)O[C@H]1C=CC(C)=CC[C@H](O)C=CC(C)=C[C@@H](NC(=O)C(C)=O)[C@]2(C)C(=O)O[C@@H](C1)[C@@H](C)C2=O
5487,1,CC(=O)O[C@H]1C[C@@]2(C)[C@@H](C[C@@H](O)[C@@H]3[C@]4(C)CC[C@@H](O)[C@@H](C)[C@@H]4CC[C@]32C)/C1=C(/CCC=C(C)C)C(=O)O,CC(=O)O[C@H]1C[C@@]2(C)[C@@H](C[C@@H](O)[C@@H]3[C@]4(C)CC[C@@H](O)[C@@H](C)[C@@H]4CC[C@]32C)/C1=C(/CCC=C(C)C)C(=O)O
5488,1,CC(=O)O[C@]1(C(C)=O)CC[C@@H]2[C@@H]3C=C(Cl)C4=CC(=O)[C@H]5C[C@@H]5[C@]4(C)[C@@H]3CC[C@@]21C,CC(=O)O[C@]1(C(C)=O)CC[C@@H]2[C@@H]3C=C(Cl)C4=CC(=O)[C@H]5C[C@@H]5[C@]4(C)[C@@H]3CC[C@@]21C
5489,1,CC(=O)O[C@]1(C(C)=O)CC[C@@H]2[C@H]3C=C(C)C4=CC(=O)CC[C@@]4(C)[C@H]3CC[C@]21C,CC(=O)O[C@]1(C(C)=O)CC[C@@H]2[C@H]3C=C(C)C4=CC(=O)CC[C@@]4(C)[C@H]3CC[C@]21C
5490,1,CC(=O)Oc1ccc2c3c1O[C@H]1[C@H](OC(C)=O)C=C[C@H]4[C@@H](C2)N(C)CC[C@]341,CC(=O)Oc1ccc2c3c1O[C@H]1[C@H](OC(C)=O)C=C[C@H]4[C@@H](C2)N(C)CC[C@]341
5491,1,CC(=O)Oc1ccc2c3c1O[C@H]1[C@H](OC(C)=O)C=C[C@H]4[C@H](C2)N(C)CCC[C@@]341,CC(=O)Oc1ccc2c3c1O[C@H]1[C@H](OC(C)=O)C=C[C@H]4[C@H](C2)N(C)CCC[C@@]341
5492,1,CC(=O)[C@@H]1CC[C@@H]2[C@@H]3C[C@H](C)C4=CC(=O)C=C[C@]4(C)[C@@H]3[C@@H](O)C[C@]12C,CC(=O)[C@@H]1CC[C@@H]2[C@@H]3C[C@H](C)C4=CC(=O)C=C[C@]4(C)[C@@H]3[C@@H](O)C[C@@]21C
5493,1,CC(=O)[C@@]1(O)CC[C@H]2[C@H]3CCC4=CC(=O)C=C[C@@]4(C)[C@H]3[C@H](O)C[C@]21C,CC(=O)[C@@]1(O)CC[C@H]2[C@H]3CCC4=CC(=O)C=C[C@@]4(C)[C@H]3[C@H](O)C[C@]21C
5494,1,CC(=O)[C@@]1(O)[C@@H](C)C[C@H]2[C@H]3CCC4=CC(=O)C=C[C@@]4(C)[C@@]3(F)[C@H](O)C[C@]21C,CC(=O)[C@@]1(O)[C@@H](C)C[C@H]2[C@H]3CCC4=CC(=O)C=C[C@@]4(C)[C@@]3(F)[C@H](O)C[C@]21C
5495,1,CC(=O)[C@@]1(O)[C@H](O)C[C@H]2[C@H]3CCC4=CC(=O)CC[C@@]4(C)[C@H]3CC[C@]21C,CC(=O)[C@@]1(O)[C@H](O)C[C@H]2[C@H]3CCC4=CC(=O)CC[C@@]4(C)[C@H]3CC[C@]21C
5496,1,CC(=O)[C@@]12OC(C)(C)O[C@H]1C[C@H]1[C@H]3CCC4=CC(=O)C=C[C@@]4(C)[C@@]3(F)[C@H](O)C[C@]12C,CC(=O)[C@@]12OC(C)(C)O[C@H]1C[C@H]1[C@H]3CCC4=CC(=O)C=C[C@@]4(C)[C@@]3(F)[C@H](O)C[C@]12C
5497,1,CC(=O)[C@@]12OC(C)(C)O[C@H]1C[C@H]1[C@H]3CCC4=CC(=O)CC[C@@]4(C)[C@H]3CC[C@]12C,CC(=O)[C@@]12OC(C)(C)O[C@H]1C[C@H]1[C@H]3CCC4=CC(=O)CC[C@@]4(C)[C@H]3CC[C@]12C
5498,1,CC(=O)[C@H]1CC[C@H]2[C@H]3CC=C4C[C@H](OC(=O)CCC(=O)O)CC[C@@]4(C)[C@H]3CC[C@@]12C,CC(=O)[C@H]1CC[C@H]2[C@H]3CC=C4C[C@H](OC(=O)CCC(=O)O)CC[C@@]4(C)[C@H]3CC[C@@]12C
5499,1,CC(=O)[C@H]1CC[C@H]2[C@H]3CC[C@H]4C[C@H](O)CC[C@@]4(C)[C@H]3CC[C@@]12C,CC(=O)[C@H]1CC[C@H]2[C@H]3CC[C@H]4C[C@H](O)CC[C@@]4(C)[C@H]3CC[C@@]12C
5500,1,CC(=O)[C@H]1CC[C@H]2[C@H]3C[C@H](O)[C@@]45C[C@H]4CC[C@@]5(C)[C@H]3CC[C@@]12C,CC(=O)[C@H]1CC[C@H]2[C@H]3C[C@H](O)[C@@]45C[C@H]4CC[C@@]5(C)[C@H]3CC[C@@]12C
5501,0,CC(=O)[C@]1(N)Cc2c(O)c3c(c(O)c2[C@H](O[C@H]2C[C@H](O)[C@H](O)CO2)C1)C(=O)c1ccccc1C3=O,CC(=O)[C@]1(N)Cc2c(O)c3c(c(O)c2[C@H](O[C@H]2C[C@H](O)[C@H](O)CO2)C1)C(=O)c1ccccc1C3=O
5502,1,CC(=O)[C@]1(O)CC[C@@H]2[C@@H]3C[C@H](C)C4=CC(=O)C=C[C@]4(C)[C@]3(F)[C@@H](O)C[C@@]21C,CC(=O)[C@]1(O)CC[C@@H]2[C@@H]3C[C@H](C)C4=CC(=O)C=C[C@]4(C)[C@]3(F)[C@@H](O)C[C@@]21C
5503,0,CC(=O)[C@]1(O)Cc2c(O)c3c(c(O)c2[C@@H](O[C@@H]2C[C@H](N)[C@H](O)[C@@H](C)O2)C1)C(=O)c1c(O)cccc1C3=O,CC(=O)[C@]1(O)Cc2c(O)c3c(c(O)c2[C@@H](O[C@@H]2C[C@H](N)[C@H](O)[C@@H](C)O2)C1)C(=O)c1c(O)cccc1C3=O
5504,0,CC(=O)[C@]1(O)Cc2c(O)c3c(c(O)c2[C@@H](O[C@@H]2C[C@H](N)[C@H](O)[C@@H](C)O2)C1)C(=O)c1ccccc1C3=O,CC(=O)[C@]1(O)Cc2c(O)c3c(c(O)c2[C@@H](O[C@@H]2C[C@H](N)[C@H](O)[C@@H](C)O2)C1)C(=O)c1ccccc1C3=O
5505,1,CC(=O)c1ccc([C@H](O)[C@@H](CO)NC(=O)C(Cl)Cl)cc1,CC(=O)c1ccc([C@H](O)[C@@H](CO)NC(=O)C(Cl)Cl)cc1
5506,0,CC(C)(C(=O)O)c1ccc([C@H](O)CCCN2CCC(C(O)(c3ccccc3)c3ccccc3)CC2)cc1,CC(C)(C(=O)O)c1ccc([C@H](O)CCCN2CCC(C(O)(c3ccccc3)c3ccccc3)CC2)cc1
5507,0,CC(C)(C)C(=O)OCOC(=O)[C@H]1N2C(=O)[C@@H](N=CN3CCCCCC3)[C@H]2SC1(C)C,CC(C)(C)C(=O)OCOC(=O)[C@H]1N2C(=O)[C@@H](N=CN3CCCCCC3)[C@H]2SC1(C)C
5508,0,CC(C)(C)C(=O)OCOC(=O)[C@H]1N2C(=O)[C@@H](NC(=O)[C@H](N)c3ccccc3)[C@H]2SC1(C)C,CC(C)(C)C(=O)OCOC(=O)[C@H]1N2C(=O)[C@@H](NC(=O)[C@H](N)c3ccccc3)[C@H]2SC1(C)C
5509,1,CC(C)(C)C(=O)O[C@H]1N=C(c2ccccc2)c2cc(Cl)ccc2NC1=O,CC(C)(C)C(=O)O[C@H]1N=C(c2ccccc2)c2cc(Cl)ccc2NC1=O
5510,1,CC(C)(C)C(=O)SCC(=O)[C@@]1(O)CC[C@H]2[C@H]3CCC4=CC(=O)CC[C@@]4(C)[C@H]3[C@H](O)C[C@]21C,CC(C)(C)C(=O)SCC(=O)[C@@]1(O)CC[C@H]2[C@H]3CCC4=CC(=O)CC[C@@]4(C)[C@H]3[C@H](O)C[C@]21C
5511,1,CC(C)(C)CC(=O)OCC(=O)[C@@]1(O)CC[C@H]2[C@H]3CCC4=CC(=O)C=C[C@@]4(C)[C@H]3[C@H](O)C[C@]21C,CC(C)(C)CC(=O)OCC(=O)[C@@]1(O)CC[C@H]2[C@H]3CCC4=CC(=O)C=C[C@@]4(C)[C@H]3[C@H](O)C[C@]21C
5512,1,CC(C)(C)NC(=O)[C@@H]1CC[C@@H]2[C@@H]3CC[C@@H]4NC(=O)C=C[C@@]4(C)[C@@H]3CC[C@@]12C,CC(C)(C)NC(=O)[C@@H]1CC[C@@H]2[C@@H]3CC[C@@H]4NC(=O)C=C[C@@]4(C)[C@@H]3CC[C@]21C
5513,0,CC(C)(C)NC(=O)[C@H]1CN(Cc2cccnc2)CCN1C[C@H](O)C[C@@H](Cc1ccccc1)C(=O)N[C@H]1c2ccccc2C[C@@H]1O,CC(C)(C)NC(=O)[C@H]1CN(Cc2cccnc2)CCN1C[C@H](O)C[C@@H](Cc1ccccc1)C(=O)N[C@H]1c2ccccc2C[C@@H]1O
5514,0,CC(C)(C)NC(=O)[C@H]1C[C@H]2CCCC[C@H]2CN1C[C@H](O)[C@@H](Cc1ccccc1)NC(=O)[C@@H](CC(N)=O)NC(=O)c1ccc2ccccc2n1,CC(C)(C)NC(=O)[C@H]1C[C@H]2CCCC[C@H]2CN1C[C@H](O)[C@@H](Cc1ccccc1)NC(=O)[C@@H](CC(N)=O)NC(=O)c1ccc2ccccc2n1
5515,1,CC(C)(C)NC[C@@H](O)c1cc(O)cc(O)c1,CC(C)(C)NC[C@@H](O)c1cc(O)cc(O)c1
5516,1,CC(C)(C)NC[C@@H](O)c1ccc(O)c(CO)n1,CC(C)(C)NC[C@@H](O)c1ccc(O)c(CO)n1
5517,0,CC(C)(C)NC[C@H](O)COc1cccc2c1C[C@@H](O)[C@@H](O)C2,CC(C)(C)NC[C@H](O)COc1cccc2c1C[C@@H](O)[C@@H](O)C2
5518,0,CC(C)(C)NC[C@H](O)c1ccc(O)c(NC(N)=O)c1,CC(C)(C)NC[C@H](O)c1ccc(O)c(NC(N)=O)c1
5519,1,CC(C)(C)[C@@]1(O)CCN2C[C@H]3c4ccccc4CCc4cccc(c43)[C@H]2C1,CC(C)(C)[C@@]1(O)CCN2C[C@H]3c4ccccc4CCc4cccc(c43)[C@H]2C1
5520,0,CC(C)(O/N=C(/C(=O)N[C@@H]1C(=O)N2C(C(=O)O)=C(C[n+]3ccccc3)CS[C@@H]12)c1csc(N)n1)C(=O)O,CC(C)(O/N=C(/C(=O)N[C@@H]1C(=O)N2C(C(=O)O)=C(C[n+]3ccccc3)CS[C@@H]12)c1csc(N)n1)C(=O)O
5521,1,CC(C)(Oc1ccc(CCNC(=O)c2ccccc2)cc1)C(=O)O,CC(C)(Oc1ccc(CCNC(=O)c2ccccc2)cc1)C(=O)O
5522,1,CC(C)(Oc1ccc([C@@H]2CC2(Cl)Cl)cc1)C(=O)O,CC(C)(Oc1ccc([C@@H]2CC2(Cl)Cl)cc1)C(=O)O
5523,1,CC(C)=CCC1C(=O)N(c2ccccc2)N(c2ccccc2)C1=O,CC(C)=CCC1C(=O)N(c2ccccc2)N(c2ccccc2)C1=O
5524,1,CC(C)=CCN1CC[C@@]23c4c5ccc(O)c4O[C@H]2C(=O)CC[C@@]3(O)[C@H]1C5,CC(C)=CCN1CC[C@@]23c4c5ccc(O)c4O[C@H]2C(=O)CC[C@@]3(O)[C@H]1C5
5525,1,CC(C)=CCN1CC[C@]2(C)c3cc(O)ccc3C[C@@H]1[C@@H]2C,CC(C)=CCN1CC[C@]2(C)c3cc(O)ccc3C[C@@H]1[C@@H]2C
5526,1,CC(C)=CCN1CC[C@]2(C)c3cc(O)ccc3C[C@@H]1[C@H]2C,CC(C)=CCN1CC[C@]2(C)c3cc(O)ccc3C[C@@H]1[C@H]2C
5527,1,CC(C)C(=O)OCC(=O)[C@@]12O[C@H](C3CCCCC3)O[C@H]1C[C@H]1[C@H]3CCC4=CC(=O)C=C[C@@]4(C)[C@H]3[C@H](O)C[C@]12C,CC(C)C(=O)OCC(=O)[C@@]12O[C@H](C3CCCCC3)O[C@H]1C[C@H]1[C@H]3CCC4=CC(=O)C=C[C@@]4(C)[C@H]3[C@H](O)C[C@]12C
5528,0,CC(C)C(=O)OCc1cccc(OC(=O)[C@H]2N3C(=O)[C@@H](NC(=O)Cc4ccccc4)[C@H]3SC2(C)C)c1,CC(C)C(=O)OCc1cccc(OC(=O)[C@H]2N3C(=O)[C@@H](NC(=O)Cc4ccccc4)[C@H]3SC2(C)C)c1
5529,1,CC(C)CCC[C@H](C)[C@@H]1CC[C@@H]2[C@@H]3CC=C4C[C@@H](O)CC[C@]4(C)[C@@H]3CC[C@]12C,CC(C)CCC[C@H](C)[C@@H]1CC[C@@H]2[C@@H]3CC=C4C[C@@H](O)CC[C@]4(C)[C@@H]3CC[C@@]21C
5530,0,CC(C)COC[C@@H](CN(Cc1ccccc1)c1ccccc1)N1CCCC1,CC(C)COC[C@@H](CN(Cc1ccccc1)c1ccccc1)N1CCCC1
5531,1,CC(C)COC[C@@H](CN1CCCC1)N(Cc1ccccc1)c1ccccc1,CC(C)COC[C@@H](CN1CCCC1)N(Cc1ccccc1)c1ccccc1
5532,1,CC(C)C[C@@H](CN)CC(=O)O,CC(C)C[C@@H](CN)CC(=O)O
5533,1,CC(C)C[C@@H](N(C)C)C1(c2ccc(Cl)cc2)CCC1,CC(C)C[C@@H](N(C)C)C1(c2ccc(Cl)cc2)CCC1
5534,0,CC(C)C[C@@H](OC(=O)c1ccco1)C(=O)N[C@H]1C(=O)N2[C@H]1SC(C)(C)[C@H]2C(=O)O,CC(C)C[C@@H](OC(=O)c1ccco1)C(=O)N[C@H]1C(=O)N2[C@H]1SC(C)(C)[C@H]2C(=O)O
5535,0,CC(C)C[C@H]1NC(=O)[C@@H](CCCN)NC(=O)[C@H](C(C)C)NC(=O)[C@H]2CCCN2C(=O)[C@@H](Cc2ccccc2)NC(=O)[C@@H](CC(C)C)NC(=O)[C@@H](CCCN)NC(=O)[C@H](C(C)C)NC(=O)[C@H]2CCCN2C(=O)[C@@H](Cc2ccccc2)NC1=O,CC(C)C[C@H]1NC(=O)[C@@H](CCCN)NC(=O)[C@H](C(C)C)NC(=O)[C@H]2CCCN2C(=O)[C@@H](Cc2ccccc2)NC(=O)[C@@H](CC(C)C)NC(=O)[C@@H](CCCN)NC(=O)[C@H](C(C)C)NC(=O)[C@H]2CCCN2C(=O)[C@@H](Cc2ccccc2)NC1=O
5536,1,CC(C)N(CC[C@](C(N)=O)(c1ccccc1)c1cccnc1)C(C)C,CC(C)N(CC[C@](C(N)=O)(c1ccccc1)c1cccnc1)C(C)C
5537,1,CC(C)NC[C@@H](O)c1cc(O)cc(O)c1,CC(C)NC[C@@H](O)c1cc(O)cc(O)c1
5538,1,CC(C)NC[C@@H]1CCc2cc(CO)c([N+](=O)[O-])cc2N1,CC(C)NC[C@@H]1CCc2cc(CO)c([N+](=O)[O-])cc2N1
5539,1,CC(C)NC[C@H](O)COc1ccc(COCCOC(C)C)cc1,CC(C)NC[C@H](O)COc1ccc(COCCOC(C)C)cc1
5540,1,CC(C)NC[C@H](O)COc1cccc(NS(C)(=O)=O)c1,CC(C)NC[C@H](O)COc1cccc(NS(C)(=O)=O)c1
5541,1,CC(C)N[C@@H](C)[C@@H](O)c1cccc2ccccc12,CC(C)N[C@@H](C)[C@@H](O)c1cccc2ccccc12
5542,1,CC(C)N[C@@H](O)c1ccc(O)c(O)c1,CC(C)N[C@@H](O)c1ccc(O)c(O)c1
5543,1,CC(C)[C@@H](CCCCCC(=O)O)NCc1ccc(F)cc1,CC(C)[C@@H](CCCCCC(=O)O)NCc1ccc(F)cc1
5544,0,CC(C)[C@@H]1NC(=O)[C@H](C)OC(=O)[C@H](C(C)C)NC(=O)[C@H](C(C)C)OC(=O)[C@H](C(C)C)NC(=O)[C@H](C)OC(=O)[C@H](C(C)C)NC(=O)[C@H](C)COC(=O)[C@@H](C(C)C)NC(=O)[C@H](C)OC(=O)[C@H](C(C)C)NC(=O)[C@H](C)COC1=O,CC(C)[C@@H]1NC(=O)[C@H](C)OC(=O)[C@H](C(C)C)NC(=O)[C@H](C(C)C)OC(=O)[C@H](C(C)C)NC(=O)[C@H](C)OC(=O)[C@H](C(C)C)NC(=O)[C@H](C)COC(=O)[C@@H](C(C)C)NC(=O)[C@H](C)OC(=O)[C@H](C(C)C)NC(=O)[C@H](C)COC1=O
5545,1,CC(C)[C@@]1(O)CCN2C[C@H]3c4ccccc4CCc4cccc(c43)[C@H]2C1,CC(C)[C@@]1(O)CCN2C[C@H]3c4ccccc4CCc4cccc(c43)[C@H]2C1
5546,0,CC(C)[N+]1(C)[C@@H]2CC[C@@H]1CC(OC(=O)[C@@H](CO)c1ccccc1)C2,CC(C)[N+]1(C)[C@@H]2CC[C@@H]1CC(OC(=O)[C@@H](CO)c1ccccc1)C2
5547,1,CC(C)n1c(/C=C/[C@H](O)C[C@@H](O)CC(=O)O)c(-c2ccc(F)cc2)c2ccccc21,CC(C)n1c(/C=C/[C@H](O)C[C@@H](O)CC(=O)O)c(-c2ccc(F)cc2)c2ccccc21
5548,1,CC(C)n1c(/C=C/[C@H](O)C[C@H](O)CC(=O)O)c(-c2ccc(F)cc2)c2ccccc21,CC(C)n1c(/C=C/[C@H](O)C[C@H](O)CC(=O)O)c(-c2ccc(F)cc2)c2ccccc21
5549,1,CC(C)n1cc2c3c(cccc31)[C@@H]1C[C@@H](C(=O)NC3CCCCC3)CN(C)[C@@H]1C2,CC(C)n1cc2c3c(cccc31)[C@@H]1C[C@@H](C(=O)NC3CCCCC3)CN(C)[C@@H]1C2
5550,1,CC([C@H](C)OC(N)=O)[C@@H](C)OC(N)=O,CC([C@H](C)OC(N)=O)[C@@H](C)OC(N)=O
5551,0,CC/C=C(/C(=O)N[C@H]1C(=O)N2C(C(=O)O)=C(COC(N)=O)CS[C@@H]12)c1csc(N)n1,CC/C=C(/C(=O)N[C@H]1C(=O)N2C(C(=O)O)=C(COC(N)=O)CS[C@@H]12)c1csc(N)n1
5552,1,CC1(C)NC(=O)[C@H](C=Cc2ccccc2)O1,CC1(C)NC(=O)[C@H](C=Cc2ccccc2)O1
5553,1,CC1(C)O[C@H]2CO[C@@]3(COS(N)(=O)=O)OC(C)(C)O[C@H]3[C@H]2O1,CC1(C)O[C@H]2[C@H](CO[C@@]3(COS(N)(=O)=O)OC(C)(C)O[C@@H]23)O1
5554,1,CC1(C)O[C@H]2CO[C@]3(COS(N)(=O)=O)OC(C)(C)O[C@H]3[C@@H]2O1,CC1(C)O[C@@H]2[C@H](CO[C@]3(COS(N)(=O)=O)OC(C)(C)O[C@@H]23)O1
5555,1,CC1(C)O[C@H]2C[C@H]3[C@@H]4CCC5=CC(=O)C=C[C@H]5[C@]4(F)[C@H](O)C[C@]3(C)[C@@]2(C(=O)CO)O1,CC1(C)O[C@H]2C[C@H]3[C@@H]4CCC5=CC(=O)C=C[C@H]5[C@]4(F)[C@H](O)C[C@]3(C)[C@@]2(C(=O)CO)O1
5556,1,CC1(C)O[C@H]2C[C@H]3[C@@H]4C[C@H](F)C5=CC(=O)C=C[C@]5(C)[C@H]4[C@H](O)C[C@@]3(C)[C@@]2(C(=O)CO)O1,CC1(C)O[C@H]2C[C@H]3[C@@H]4C[C@H](F)C5=CC(=O)C=C[C@]5(C)[C@H]4[C@H](O)C[C@@]3(C)[C@@]2(C(=O)CO)O1
5557,1,CC1(C)O[C@H]2C[C@H]3[C@H]4CC5=CC(=O)C=C[C@@]5(C)[C@@]4(F)[C@H](O)C[C@@]3(C)[C@]2(C(=O)COC(=O)c2cc3ccccc3o2)O1,CC1(C)O[C@H]2C[C@H]3[C@H]4CC5=CC(=O)C=C[C@@]5(C)[C@@]4(F)[C@H](O)C[C@@]3(C)[C@]2(C(=O)COC(=O)c2cc3ccccc3o2)O1
5558,1,CC1(C)O[C@H]2C[C@H]3[C@H]4CCC5=CC(=O)C=C[C@@]5(C)[C@@]4(F)[C@H](O)C[C@@]3(C)[C@]2(C(=O)CO)O1,CC1(C)O[C@H]2C[C@H]3[C@H]4CCC5=CC(=O)C=C[C@@]5(C)[C@@]4(F)[C@H](O)C[C@@]3(C)[C@]2(C(=O)CO)O1
5559,1,CC1(C)O[C@H]2C[C@H]3[C@H]4CCC5=CC(=O)C=C[C@@]5(C)[C@H]4[C@H](O)C[C@@]3(C)[C@]2(C(=O)CO)O1,CC1(C)O[C@H]2C[C@H]3[C@H]4CCC5=CC(=O)C=C[C@@]5(C)[C@H]4[C@H](O)C[C@@]3(C)[C@]2(C(=O)CO)O1
5560,1,CC1(C)O[C@H]2C[C@H]3[C@H]4CC[C@H]5CC(=O)CC[C@@]5(C)[C@@]4(F)[C@H](O)C[C@@]3(C)[C@]2(C(=O)CO)O1,CC1(C)O[C@H]2C[C@H]3[C@H]4CC[C@H]5CC(=O)CC[C@@]5(C)[C@@]4(F)[C@H](O)C[C@@]3(C)[C@]2(C(=O)CO)O1
5561,1,CC1(C)O[C@H]2C[C@H]3[C@H]4C[C@H](F)C5=CC(=O)C=C[C@@]5(C)[C@@]4(Cl)[C@H](Cl)C[C@@]3(C)[C@]2(C(=O)CCl)O1,CC1(C)O[C@H]2C[C@H]3[C@H]4C[C@H](F)C5=CC(=O)C=C[C@@]5(C)[C@@]4(Cl)[C@H](Cl)C[C@@]3(C)[C@]2(C(=O)CCl)O1
5562,1,CC1(C)O[C@H]2C[C@H]3[C@H]4C[C@H](F)C5=CC(=O)C=C[C@@]5(C)[C@@]4(Cl)[C@H](Cl)C[C@@]3(C)[C@]2(C(=O)CF)O1,CC1(C)O[C@H]2C[C@H]3[C@H]4C[C@H](F)C5=CC(=O)C=C[C@@]5(C)[C@@]4(Cl)[C@H](Cl)C[C@@]3(C)[C@]2(C(=O)CF)O1
5563,1,CC1(C)O[C@H]2C[C@H]3[C@H]4C[C@H](F)C5=CC(=O)C=C[C@@]5(C)[C@@]4(Cl)[C@H](Cl)C[C@@]3(C)[C@]2(C(=O)CO)O1,CC1(C)O[C@H]2C[C@H]3[C@H]4C[C@H](F)C5=CC(=O)C=C[C@@]5(C)[C@@]4(Cl)[C@H](Cl)C[C@@]3(C)[C@]2(C(=O)CO)O1
5564,1,CC1(C)O[C@H]2C[C@H]3[C@H]4C[C@H](F)C5=CC(=O)C=C[C@@]5(C)[C@@]4(F)[C@H](O)C[C@@]3(C)[C@]2(C(=O)CO)O1,CC1(C)O[C@H]2C[C@H]3[C@H]4C[C@H](F)C5=CC(=O)C=C[C@@]5(C)[C@@]4(F)[C@H](O)C[C@@]3(C)[C@]2(C(=O)CO)O1
5565,1,CC1(C)O[C@H]2C[C@H]3[C@H]4C[C@H](F)C5=CC(=O)C=C[C@@]5(C)[C@@]4(F)[C@H](O)C[C@@]3(C)[C@]2(C(=O)COC(=O)C2CC2)O1,CC1(C)O[C@H]2C[C@H]3[C@H]4C[C@H](F)C5=CC(=O)C=C[C@@]5(C)[C@@]4(F)[C@H](O)C[C@@]3(C)[C@]2(C(=O)COC(=O)C2CC2)O1
5566,1,CC1(C)O[C@H]2C[C@H]3[C@H]4C[C@H](F)C5=CC(=O)C=C[C@@]5(C)[C@H]4[C@H](O)C[C@@]3(C)[C@]2(C(=O)CO)O1,CC1(C)O[C@H]2C[C@H]3[C@H]4C[C@H](F)C5=CC(=O)C=C[C@@]5(C)[C@H]4[C@H](O)C[C@@]3(C)[C@]2(C(=O)CO)O1
5567,0,CC1(C)S[C@@H]2[C@H](N3C(=O)[C@H](c4ccc(O)cc4)NC3(C)C)C(=O)N2[C@H]1C(=O)O,CC1(C)S[C@@H]2[C@H](N3C(=O)[C@H](c4ccc(O)cc4)NC3(C)C)C(=O)N2[C@H]1C(=O)O
5568,0,CC1(C)S[C@@H]2[C@H](N3C(=O)[C@H](c4ccccc4)NC3(C)C)C(=O)N2[C@H]1C(=O)O,CC1(C)S[C@@H]2[C@H](N3C(=O)[C@H](c4ccccc4)NC3(C)C)C(=O)N2[C@H]1C(=O)O
5569,0,CC1(C)S[C@@H]2[C@H](NC(=O)C34C[C@H]5C[C@@H](CC(N)(C5)C3)C4)C(=O)N2[C@H]1C(=O)O,CC1(C)S[C@@H]2[C@H](NC(=O)C34C[C@H]5C[C@@H](CC(N)(C5)C3)C4)C(=O)N2[C@H]1C(=O)O
5570,0,CC1(C)S[C@@H]2[C@H](NC(=O)[C@@H](C(=O)O)c3ccccc3)C(=O)N2[C@H]1C(=O)O,CC1(C)S[C@@H]2[C@H](NC(=O)[C@@H](C(=O)O)c3ccccc3)C(=O)N2[C@H]1C(=O)O
5571,0,CC1(C)S[C@@H]2[C@H](NC(=O)[C@@H](C(=O)O)c3ccsc3)C(=O)N2[C@H]1C(=O)O,CC1(C)S[C@@H]2[C@H](NC(=O)[C@@H](C(=O)O)c3ccsc3)C(=O)N2[C@H]1C(=O)O
5572,0,CC1(C)S[C@@H]2[C@H](NC(=O)[C@@H](C(=O)Oc3ccc4c(c3)CCC4)c3ccccc3)C(=O)N2[C@H]1C(=O)O,CC1(C)S[C@@H]2[C@H](NC(=O)[C@@H](C(=O)Oc3ccc4c(c3)CCC4)c3ccccc3)C(=O)N2[C@H]1C(=O)O
5573,0,CC1(C)S[C@@H]2[C@H](NC(=O)[C@@H](C(=O)Oc3ccccc3)c3ccccc3)C(=O)N2[C@H]1C(=O)O,CC1(C)S[C@@H]2[C@H](NC(=O)[C@@H](C(=O)Oc3ccccc3)c3ccccc3)C(=O)N2[C@H]1C(=O)O
5574,0,CC1(C)S[C@@H]2[C@H](NC(=O)[C@@H](NC(=O)CN=C(N)c3ccncc3)c3ccccc3)C(=O)N2[C@H]1C(=O)O,CC1(C)S[C@@H]2[C@H](NC(=O)[C@@H](NC(=O)CN=C(N)c3ccncc3)c3ccccc3)C(=O)N2[C@H]1C(=O)O
5575,0,CC1(C)S[C@@H]2[C@H](NC(=O)[C@@H](NC(=O)Cc3ccc(C4=NCCCN4)cc3)c3ccccc3)C(=O)N2[C@H]1C(=O)O,CC1(C)S[C@@H]2[C@H](NC(=O)[C@@H](NC(=O)Cc3ccc(C4=NCCCN4)cc3)c3ccccc3)C(=O)N2[C@H]1C(=O)O
5576,0,CC1(C)S[C@@H]2[C@H](NC(=O)[C@@H](NC(=O)c3c[nH]c4cccnc4c3=O)c3ccccc3)C(=O)N2[C@H]1C(=O)O,CC1(C)S[C@@H]2[C@H](NC(=O)[C@@H](NC(=O)c3c[nH]c4cccnc4c3=O)c3ccccc3)C(=O)N2[C@H]1C(=O)O
5577,0,CC1(C)S[C@@H]2[C@H](NC(=O)[C@@H](NC(=O)c3ccc(-c4ccc(S(=O)(=O)N(CCO)CCO)cc4)[nH]c3=O)c3ccc(O)cc3)C(=O)N2[C@H]1C(=O)O,CC1(C)S[C@@H]2[C@H](NC(=O)[C@@H](NC(=O)c3ccc(-c4ccc(S(=O)(=O)N(CCO)CCO)cc4)[nH]c3=O)c3ccc(O)cc3)C(=O)N2[C@H]1C(=O)O
5578,0,CC1(C)S[C@@H]2[C@H](NC(=O)[C@@H](NS(=O)(=O)O)c3ccccc3)C(=O)N2[C@H]1C(=O)O,CC1(C)S[C@@H]2[C@H](NC(=O)[C@@H](NS(=O)(=O)O)c3ccccc3)C(=O)N2[C@H]1C(=O)O
5579,0,CC1(C)S[C@@H]2[C@H](NC(=O)[C@H](N)c3ccccc3)C(=O)N2[C@H]1C(=O)OCOC(=O)[C@H]1N2C(=O)C[C@H]2S(=O)(=O)C1(C)C,CC1(C)S[C@@H]2[C@H](NC(=O)[C@H](N)c3ccccc3)C(=O)N2[C@H]1C(=O)OCOC(=O)[C@H]1N2C(=O)C[C@H]2S(=O)(=O)C1(C)C
5580,0,CC1(C)S[C@@H]2[C@H](NC(=O)[C@H](N)c3ccccc3)C(=O)N2[C@H]1C(=O)O[C@H]1OC(=O)c2ccccc21,CC1(C)S[C@@H]2[C@H](NC(=O)[C@H](N)c3ccccc3)C(=O)N2[C@H]1C(=O)O[C@H]1OC(=O)c2ccccc21
5581,0,CC1(C)S[C@H]2[C@@H](NC(=O)[C@@H](NC(=O)N3CCN(S(C)(=O)=O)C3=O)c3ccccc3)C(=O)N2[C@@H]1C(=O)O,CC1(C)S[C@H]2[C@@H](NC(=O)[C@@H](NC(=O)N3CCN(S(C)(=O)=O)C3=O)c3ccccc3)C(=O)N2[C@@H]1C(=O)O
5582,0,CC1(C)S[C@H]2[C@@H](NC(=O)[C@@H](NC(=O)N3CCNC3=O)c3ccccc3)C(=O)N2[C@@H]1C(=O)O,CC1(C)S[C@H]2[C@@H](NC(=O)[C@@H](NC(=O)N3CCNC3=O)c3ccccc3)C(=O)N2[C@@H]1C(=O)O
5583,0,CC1(C)S[C@H]2[C@@H](NC(=O)[C@@H](Oc3ccccc3)c3ccccc3)C(=O)[C@H]2[C@H]1C(=O)O,CC1(C)S[C@@H]2[C@@H](C(=O)[C@@H]2NC(=O)[C@@H](Oc2ccccc2)c2ccccc2)[C@H]1C(=O)O
5584,0,CC1(C)[C@H](C(=O)O)N2C(=O)C[C@@H]2S1(=O)=O,CC1(C)[C@H](C(=O)O)N2C(=O)C[C@@H]2S1(=O)=O
5585,0,CC1(C)[C@H](NC/C(=N/OCC(=O)O)c2csc(N)n2)C(=O)N1OS(=O)(=O)O,CC1(C)[C@H](NC/C(=N/OCC(=O)O)c2csc(N)n2)C(=O)N1OS(=O)(=O)O
5586,1,CC1(C)[C@H]2CC[C@@]1(C)C(=O)C2,CC1(C)[C@H]2CC[C@@]1(C)C(=O)C2
5587,0,CC1=C(C(=O)OCC(=O)OC(C)(C)C)N2C(=O)[C@@H](NC(=O)[C@H](N)c3ccccc3)[C@H]2SC1,CC1=C(C(=O)OCC(=O)OC(C)(C)C)N2C(=O)[C@@H](NC(=O)[C@H](N)c3ccccc3)[C@H]2SC1
5588,1,CC1=CC[C@H]2[C@H]3Cc4ccc(O)c5c4[C@]2(CN3C)[C@H]1O5,CC1=CC[C@H]2[C@H]3Cc4ccc(O)c5c4[C@]2(CN3C)[C@H]1O5
5589,0,CC1=C[C@@H](O)CC(=O)Cc2nc(co2)C(=O)N2CCC=C2C(=O)O[C@H](C(C)C)[C@@H](C)C=CC(=O)NCC=C1,CC1=C[C@@H](O)CC(=O)Cc2nc(co2)C(=O)N2CCC=C2C(=O)O[C@H](C(C)C)[C@@H](C)C=CC(=O)NCC=C1
5590,1,CC1=C[C@H]2[C@H]([C@H](O)C[C@]3(C)[C@H]2C[C@H](C)[C@]3(O)C(=O)COC(=O)c2cccc(S(=O)(=O)O)c2)[C@]2(C)Cc3cnn(-c4ccccc4)c3C=C12,CC1=C[C@H]2[C@H]([C@H](O)C[C@]3(C)[C@H]2C[C@H](C)[C@]3(O)C(=O)COC(=O)c2cccc(S(=O)(=O)O)c2)[C@]2(C)Cc3cnn(-c4ccccc4)c3C=C12
5591,1,CC1=NNC2=CN=C(c3ccccc3Cl)c3cc(Cl)ccc3N21,CC1=NNC2=CN=C(c3ccccc3Cl)c3cc(Cl)ccc3N21
5592,1,CC=CC(=O)N(CC)[C@H](CC)C(=O)N(C)C,CC=CC(=O)N(CC)[C@H](CC)C(=O)N(C)C
5593,1,CC=CC(=O)N(CCC)[C@@H](CC)C(=O)N(C)C,CC=CC(=O)N(CCC)[C@@H](CC)C(=O)N(C)C
5594,1,CCC#CC[C@H](C)[C@@H](O)C#C[C@H]1[C@@H](O)C[C@H]2C/C(=C/COCC(=O)O)C[C@H]12,CCC#CC[C@H](C)[C@@H](O)C#C[C@@H]1[C@H]2C/C(=C\COCC(=O)O)C[C@@H]2C[C@@H]1O
5595,1,CCC(=O)C(=O)c1ccc(OCC(=O)O)c(Cl)c1Cl,CCC(=O)C(=O)c1ccc(OCC(=O)O)c(Cl)c1Cl
5596,1,CCC(=O)C(c1ccccc1)(c1ccccc1)[C@H](C)CN(C)C,CCC(=O)C(c1ccccc1)(c1ccccc1)[C@H](C)CN(C)C
5597,1,CCC(=O)N(c1ccc(Cl)c(Cl)c1)[C@H]1CCC[C@H]1N(C)C,CCC(=O)N(c1ccc(Cl)c(Cl)c1)[C@H]1CCC[C@H]1N(C)C
5598,1,CCC(=O)N1CCN(C(=O)O[C@@H]2C3=C(SCCS3)C(=O)N2c2ccc3ccc(Cl)nc3n2)CC1,CCC(=O)N1CCN(C(=O)O[C@@H]2C3=C(SCCS3)C(=O)N2c2ccc3ccc(Cl)nc3n2)CC1
5599,1,CCC(=O)OCC(=O)[C@@]1(OC(=O)CC)[C@H](C)C[C@H]2[C@@H]3[C@H]([C@H](O)C[C@]21C)[C@]1(C)C=CC(=O)C=C1C[C@H]3Cl,CCC(=O)OCC(=O)[C@@]1(OC(=O)CC)[C@H](C)C[C@H]2[C@@H]3[C@H]([C@H](O)C[C@]21C)[C@]1(C)C=CC(=O)C=C1C[C@H]3Cl
5600,1,CCC(=O)OCC(=O)[C@@]1(OC(=O)CC)[C@H](C)C[C@H]2[C@H]3CCC4=CC(=O)C=C[C@@]4(C)[C@@]3(Cl)[C@H](O)C[C@]21C,CCC(=O)OCC(=O)[C@@]1(OC(=O)CC)[C@H](C)C[C@H]2[C@H]3CCC4=CC(=O)C=C[C@@]4(C)[C@@]3(Cl)[C@H](O)C[C@]21C
5601,1,CCC(=O)OCC(=O)[C@@]1(OC(=O)CC)[C@H](C)C[C@H]2[C@H]3CCC4=CC(=O)C=C[C@@]4(C)[C@@]3(F)[C@H](O)C[C@]21C,CCC(=O)OCC(=O)[C@@]1(OC(=O)CC)[C@H](C)C[C@H]2[C@H]3CCC4=CC(=O)C=C[C@@]4(C)[C@@]3(F)[C@H](O)C[C@]21C
5602,1,CCC(=O)O[C@@](Cc1ccccc1)(c1ccccc1)[C@H](C)CN(C)C,CCC(=O)O[C@@](Cc1ccccc1)(c1ccccc1)[C@H](C)CN(C)C
5603,1,CCC(=O)O[C@@]1(C(=O)CCl)[C@H](C)C[C@H]2[C@H]3CCC4=CC(=O)C=C[C@@]4(C)[C@@]3(F)[C@H](O)C[C@]21C,CCC(=O)O[C@@]1(C(=O)CCl)[C@H](C)C[C@H]2[C@H]3CCC4=CC(=O)C=C[C@@]4(C)[C@@]3(F)[C@H](O)C[C@]21C
5604,1,CCC(=O)O[C@@]1(C(=O)COC)[C@H](C)C[C@H]2[C@H]3CCC4=CC(=O)C=C[C@@]4(C)[C@@]3(F)[C@H](O)C[C@]21C,CCC(=O)O[C@@]1(C(=O)COC)[C@H](C)C[C@H]2[C@H]3CCC4=CC(=O)C=C[C@@]4(C)[C@@]3(F)[C@H](O)C[C@]21C
5605,1,CCC(=O)O[C@@]1(C(=O)SC)[C@H](C)C[C@H]2[C@H]3C[C@H](F)C4=CC(=O)C=C[C@@]4(C)[C@@]3(F)[C@H](O)C[C@]21C,CCC(=O)O[C@@]1(C(=O)SC)[C@H](C)C[C@H]2[C@H]3C[C@H](F)C4=CC(=O)C=C[C@@]4(C)[C@@]3(F)[C@H](O)C[C@]21C
5606,1,CCC(=O)O[C@@]1(C(=O)SCF)[C@H](C)C[C@H]2[C@H]3C[C@H](F)C4=CC(=O)C=C[C@@]4(C)[C@@]3(F)[C@H](O)C[C@]21C,CCC(=O)O[C@@]1(C(=O)SCF)[C@H](C)C[C@H]2[C@H]3C[C@H](F)C4=CC(=O)C=C[C@@]4(C)[C@@]3(F)[C@H](O)C[C@]21C
5607,1,CCC(=O)O[C@@]1(CCN(C)CCCc2nc3ccccc3[nH]2)CCc2cc(F)ccc2[C@@H]1C(C)C,CCC(=O)O[C@@]1(CCN(C)CCCc2nc3ccccc3[nH]2)CCc2cc(F)ccc2[C@@H]1C(C)C
5608,1,CCC(=O)O[C@@]1(c2ccccc2)CCN(C)C[C@@H]1CC,CCC(=O)O[C@@]1(c2ccccc2)CCN(C)C[C@@H]1CC
5609,0,CCC(=O)O[C@H]1[C@@H](O[C@@H]2[C@@H](C)[C@H](O[C@H]3C[C@@](C)(OC)[C@H](O)[C@H](C)O3)[C@@H](C)C(=O)O[C@H](CC)[C@](C)(O)[C@@H](O)[C@@H](C)C(=O)[C@@H](C)C[C@]2(C)O)O[C@H](C)C[C@H]1N(C)C,CCC(=O)O[C@H]1[C@@H](O[C@@H]2[C@@H](C)[C@H](O[C@H]3C[C@@](C)(OC)[C@H](O)[C@H](C)O3)[C@@H](C)C(=O)O[C@H](CC)[C@](C)(O)[C@@H](O)[C@@H](C)C(=O)[C@@H](C)C[C@]2(C)O)O[C@H](C)C[C@H]1N(C)C
5610,0,CCC(=O)O[C@H]1[C@H](C)O[C@@H](O[C@@H]2[C@@H](C)C(=O)O[C@@H](C)[C@@H](C)[C@H](OC(=O)CC)[C@@H](C)C(=O)[C@]3(CO3)C[C@@H](C)[C@H](O[C@H]3O[C@H](C)C[C@@H](N(C)C)[C@@H]3O)[C@H]2C)C[C@H]1OC,CCC(=O)O[C@H]1[C@H](C)O[C@@H](O[C@H]2[C@H](C)[C@@H](O[C@H]3O[C@H](C)C[C@@H](N(C)C)[C@@H]3O)[C@H](C)C[C@@]3(CO3)C(=O)[C@H](C)[C@@H](OC(=O)CC)[C@H](C)[C@H](C)OC(=O)[C@@H]2C)C[C@H]1OC
5611,1,CCC(=O)O[C@]1(C(=O)COC(C)=O)CC[C@H]2[C@H]3C[C@H](C)C4=CC(=O)C=C[C@@]4(C)[C@H]3[C@H](O)C[C@]21C,CCC(=O)O[C@]1(C(=O)COC(C)=O)CC[C@H]2[C@H]3C[C@H](C)C4=CC(=O)C=C[C@@]4(C)[C@H]3[C@H](O)C[C@]21C
5612,1,CCC(=O)[C@@]1(C)[C@H](C)C[C@H]2[C@H]3CCC4=CC(=O)C=C[C@@]4(C)[C@H]3[C@H](O)C[C@]21C,CCC(=O)[C@@]1(C)[C@H](C)C[C@H]2[C@H]3CCC4=CC(=O)C=C[C@@]4(C)[C@H]3[C@H](O)C[C@]21C
5613,1,CCC(C)(C)C(=O)O[C@H]1C[C@H](C)C=C2C=C[C@H](C)[C@@H](CC[C@H]3C[C@H](O)CC(=O)O3)[C@H]21,CCC(C)(C)C(=O)O[C@H]1C[C@H](C)C=C2C=C[C@H](C)[C@@H](CC[C@H]3C[C@H](O)CC(=O)O3)[C@H]21
5614,1,CCC1(CC)O[C@H]2C[C@H]3[C@H]4CCC5=CC(=O)C=C[C@@]5(C)[C@@]4(F)[C@H](O)C[C@@]3(C)[C@]2(C(=O)CO)O1,CCC1(CC)O[C@H]2C[C@H]3[C@H]4CCC5=CC(=O)C=C[C@@]5(C)[C@@]4(F)[C@H](O)C[C@@]3(C)[C@]2(C(=O)CO)O1
5615,1,CCCC(=O)OCC(=O)[C@@]1(OC(=O)CCC)[C@H](C)C[C@H]2[C@H]3CCC4=CC(=O)C=C[C@@]4(C)[C@@]3(Cl)[C@H](Cl)C[C@]21C,CCCC(=O)OCC(=O)[C@@]1(OC(=O)CCC)[C@H](C)C[C@H]2[C@H]3CCC4=CC(=O)C=C[C@@]4(C)[C@@]3(Cl)[C@H](Cl)C[C@]21C
5616,1,CCCC(=O)O[C@@]1(C(=O)CCl)[C@H](C)C[C@H]2[C@H]3CCC4=CC(=O)C=C[C@@]4(C)[C@@]3(F)C(=O)C[C@]21C,CCCC(=O)O[C@@]1(C(=O)CCl)[C@H](C)C[C@H]2[C@H]3CCC4=CC(=O)C=C[C@@]4(C)[C@@]3(F)C(=O)C[C@]21C
5617,1,CCCC(=O)O[C@]1(C(=O)CO)CC[C@H]2[C@H]3CCC4=CC(=O)CC[C@@]4(C)[C@H]3[C@H](O)C[C@]21C,CCCC(=O)O[C@]1(C(=O)CO)CC[C@H]2[C@H]3CCC4=CC(=O)CC[C@@]4(C)[C@H]3[C@H](O)C[C@]21C
5618,1,CCCC(=O)O[C@]1(C(=O)COC(=O)CC)CC[C@H]2[C@H]3CCC4=CC(=O)CC[C@@]4(C)[C@H]3[C@H](O)C[C@]21C,CCCC(=O)O[C@]1(C(=O)COC(=O)CC)CC[C@H]2[C@H]3CCC4=CC(=O)CC[C@@]4(C)[C@H]3[C@H](O)C[C@]21C
5619,1,CCCC(=O)O[C@]1(C(=O)COC(C)=O)CC[C@H]2[C@H]3C[C@H](C)C4=CC(=O)CC[C@@]4(C)[C@H]3[C@H](O)C[C@]21C,CCCC(=O)O[C@]1(C(=O)COC(C)=O)CC[C@H]2[C@H]3C[C@H](C)C4=CC(=O)CC[C@@]4(C)[C@H]3[C@H](O)C[C@]21C
5620,1,CCCC(=O)O[C@]1(C(=O)COC(C)=O)CC[C@H]2[C@H]3C[C@H](F)C4=CC(=O)C=C[C@@]4(C)[C@@]3(F)[C@H](O)C[C@]21C,CCCC(=O)O[C@]1(C(=O)COC(C)=O)CC[C@H]2[C@H]3C[C@H](F)C4=CC(=O)C=C[C@@]4(C)[C@@]3(F)[C@H](O)C[C@]21C
5621,1,CCCC(=O)O[C@]1(C(C)=O)CCC[C@H]2[C@H]3CCC4=CC(=O)C=C[C@@]4(C)[C@H]3[C@H](O)C[C@]21C,CCCC(=O)O[C@]1(C(C)=O)CCC[C@H]2[C@H]3CCC4=CC(=O)C=C[C@@]4(C)[C@H]3[C@H](O)C[C@]21C
5622,1,CCCC(=O)[C@]1(c2ccccc2)CCC=C[C@@H]1N(C)C,CCCC(=O)[C@]1(c2ccccc2)CCC=C[C@@H]1N(C)C
5623,1,CCCC(CCC)CCC[C@@H]1COCCN1CCO,CCCC(CCC)CCC[C@@H]1COCCN1CCO
5624,1,CCCCC(=O)O[C@@]1(C(=O)CO)[C@H](C)C[C@H]2[C@H]3CCC4=CC(=O)C=C[C@@]4(C)[C@@]3(F)[C@H](O)C[C@]21C,CCCCC(=O)O[C@@]1(C(=O)CO)[C@H](C)C[C@H]2[C@H]3CCC4=CC(=O)C=C[C@@]4(C)[C@@]3(F)[C@H](O)C[C@]21C
5625,1,CCCCC(=O)O[C@]1(C(=O)CO)CC[C@H]2[C@H]3CCC4=CC(=O)C=C[C@@]4(C)[C@H]3[C@H](O)C[C@]21C,CCCCC(=O)O[C@]1(C(=O)CO)CC[C@H]2[C@H]3CCC4=CC(=O)C=C[C@@]4(C)[C@H]3[C@H](O)C[C@]21C
5626,1,CCCCC(=O)O[C@]1(C(=O)CO)CC[C@H]2[C@H]3CCC4=CC(=O)CC[C@@]4(C)[C@H]3[C@H](O)C[C@]21C,CCCCC(=O)O[C@]1(C(=O)CO)CC[C@H]2[C@H]3CCC4=CC(=O)CC[C@@]4(C)[C@H]3[C@H](O)C[C@]21C
5627,1,CCCCC(=O)O[C@]1(C(=O)CO)CC[C@H]2[C@H]3C[C@H](F)C4=CC(=O)C=C[C@@]4(C)[C@H]3[C@H](O)C[C@]21C,CCCCC(=O)O[C@]1(C(=O)CO)CC[C@H]2[C@H]3C[C@H](F)C4=CC(=O)C=C[C@@]4(C)[C@H]3[C@H](O)C[C@]21C
5628,1,CCCCCC(=O)CC[C@@]1(C)[C@H]2Cc3ccc(O)cc3[C@@]1(C)CCN2C,CCCCCC(=O)CC[C@@]1(C)[C@H]2Cc3ccc(O)cc3[C@@]1(C)CCN2C
5629,1,CCCCCC(=O)OCC(=O)[C@H]1[C@H](C)C[C@H]2[C@H]3C[C@H](F)C4=CC(=O)C=C[C@@]4(C)[C@H]3[C@H](O)C[C@@]12C,CCCCCC(=O)OCC(=O)[C@H]1[C@H](C)C[C@H]2[C@H]3C[C@H](F)C4=CC(=O)C=C[C@@]4(C)[C@H]3[C@H](O)C[C@]21C
5630,1,CCCCCC(=O)O[C@]1(C(C)=O)CC[C@@H]2[C@@H]3C=CC4=CC(=O)CC[C@]4(C)[C@@H]3CC[C@@]21C,CCCCCC(=O)O[C@]1(C(C)=O)CC[C@@H]2[C@@H]3C=CC4=CC(=O)CC[C@]4(C)[C@@H]3CC[C@@]21C
5631,1,CCCCCCC(C)(C)c1cc(O)c2c(c1)OC(C)(C)[C@H]1CCC(=O)C[C@@H]21,CCCCCCC(C)(C)c1cc(O)c2c(c1)OC(C)(C)[C@H]1CCC(=O)C[C@@H]21
5632,1,CCCCCCCCCCCCCCCCCC(=O)OCC(=O)OCC(=O)[C@@]1(O)CC[C@H]2[C@H]3CCC4=CC(=O)C=C[C@@]4(C)[C@H]3[C@H](O)C[C@]21C,CCCCCCCCCCCCCCCCCC(=O)OCC(=O)OCC(=O)[C@@]1(O)CC[C@H]2[C@H]3CCC4=CC(=O)C=C[C@@]4(C)[C@H]3[C@H](O)C[C@]21C
5633,1,CCCCCCCCC[C@@]1(C)OC[C@@H](COC(N)=O)O1,CCCCCCCCC[C@@]1(C)OC[C@@H](COC(N)=O)O1
5634,1,CCCCCCCN(CC)CCC[C@@H](O)c1ccc(NS(C)(=O)=O)cc1,CCCCCCCN(CC)CCC[C@@H](O)c1ccc(NS(C)(=O)=O)cc1
5635,1,CCCCCN[C@]12C=CC(=O)[C@H]3Oc4c(O)ccc5c4[C@@]31CCN(C)[C@@H]2C5,CCCCCN[C@]12C=CC(=O)[C@H]3Oc4c(O)ccc5c4[C@@]31CCN(C)[C@@H]2C5
5636,1,CCCCCOC(=O)Nc1nc(=O)n([C@@H]2O[C@@H](C)[C@@H](O)[C@H]2O)cc1F,CCCCCOC(=O)Nc1nc(=O)n([C@@H]2O[C@@H](C)[C@@H](O)[C@H]2O)cc1F
5637,1,CCCCC[C@H](C)[C@H](C)c1cc(OC(=O)CCCN2CCCCCC2)c2c(c1)OC(C)(C)C1=C2C[C@H](C)CC1,CCCCC[C@H](C)[C@H](C)c1cc(OC(=O)CCCN2CCCCCC2)c2c(c1)OC(C)(C)C1=C2C[C@H](C)CC1
5638,0,CCCCC[C@H]1CN[C@H](C(=O)N[C@@H]([C@@H](C)Cl)[C@H]2O[C@@H](SC)[C@H](O)[C@H](O)[C@@H]2O)C1,CCCCC[C@H]1CN[C@H](C(=O)N[C@H]([C@H]2O[C@@H](SC)[C@H](O)[C@H](O)[C@@H]2O)[C@@H](C)Cl)C1
5639,1,CCCCOC(=O)C(=O)[C@H]1[C@H](C)C[C@H]2[C@H]3C[C@H](F)C4=CC(=O)C=C[C@@]4(C)[C@H]3[C@H](O)C[C@@]12C,CCCCOC(=O)C(=O)[C@H]1[C@H](C)C[C@H]2[C@H]3C[C@H](F)C4=CC(=O)C=C[C@@]4(C)[C@H]3[C@H](O)C[C@]21C
5640,1,CCCCOC[C@@H](CN1C(=O)NC(=O)[C@](CC)(c2ccccc2)C1=O)OC(N)=O,CCCCOC[C@@H](CN1C(=O)NC(=O)[C@](CC)(c2ccccc2)C1=O)OC(N)=O
5641,1,CCCCOC[C@H](CN1C(=O)N(C[C@H](COCCCC)OC(N)=O)C(=O)C(CC)(c2ccccc2)C1=O)OC(N)=O,CCCCOC[C@H](CN1C(=O)N(C[C@H](COCCCC)OC(N)=O)C(=O)C(CC)(c2ccccc2)C1=O)OC(N)=O
5642,1,CCCC[C@@H](CC)CNC(=O)C[C@@H](C)O,CCCC[C@@H](CC)CNC(=O)C[C@@H](C)O
5643,1,CCCC[C@@H]1C(=O)C(=O)N(c2ccccc2)N1c1ccccc1,CCCC[C@@H]1C(=O)C(=O)N(c2ccccc2)N1c1ccccc1
5644,1,CCCC[C@@H]1C(=O)N(c2ccccc2)N(c2ccc(O)cc2)C1=O,CCCC[C@@H]1C(=O)N(c2ccccc2)N(c2ccc(O)cc2)C1=O
5645,0,CCCC[C@H]1CC(=O)[C@@]2(O)O[C@H]3[C@@H](NC)[C@H](O)[C@@H](NC)[C@H](O)[C@H]3O[C@H]2O1,CCCC[C@H]1CC(=O)[C@@]2(O)O[C@H]3[C@@H](NC)[C@H](O)[C@@H](NC)[C@H](O)[C@H]3O[C@H]2O1
5646,1,CCCC[C@](C)(O)C/C=C/[C@@H]1[C@H](CCCCCCC(=O)OC)C(=O)C[C@H]1O,CCCC[C@](C)(O)C/C=C/[C@H]1[C@H](O)CC(=O)[C@H]1CCCCCCC(=O)OC
5647,0,CCCC[N+]1(C)[C@@H]2CC(OC(=O)[C@@H](CO)c3ccccc3)C[C@@H]1[C@H]1O[C@H]12,CCCC[N+]1(C)[C@@H]2CC(OC(=O)[C@@H](CO)c3ccccc3)C[C@@H]1[C@H]1O[C@H]12
5648,1,CCCN(CCC)C(=O)Cc1c(-c2ccc(C)cc2)nc2ccc(C)cn12,CCCN(CCC)C(=O)Cc1c(-c2ccc(C)cc2)nc2ccc(C)cn12
5649,1,CCCN1C[C@@H](CSC)C[C@H]2c3cccc4[nH]cc(c34)C[C@H]21,CCCN1C[C@@H](CSC)C[C@H]2c3cccc4[nH]cc(c34)C[C@H]21
5650,1,CCCN1C[C@H](NS(=O)(=O)N(CC)CC)C[C@H]2Cc3c(O)cccc3C[C@H]21,CCCN1C[C@H](NS(=O)(=O)N(CC)CC)C[C@H]2Cc3c(O)cccc3C[C@H]21
5651,1,CCCNC(Cc1cccc2c1CC(=O)N2)NCCC,CCCNC(Cc1cccc2c1CC(=O)N2)NCCC
5652,1,CCCN[C@@H]1CCc2nc(N)sc2C1,CCCN[C@@H]1CCc2nc(N)sc2C1
5653,1,CCCOC(=O)c1cncn1[C@H](C)c1ccccc1,CCCOC(=O)c1cncn1[C@H](C)c1ccccc1
5654,1,CCC[C@@H](N[C@H](C)C(=O)N1[C@H](C(=O)O)C[C@@H]2CCCC[C@@H]21)C(=O)OCC,CCC[C@@H](N[C@H](C)C(=O)N1[C@H](C(=O)O)C[C@@H]2CCCC[C@@H]21)C(=O)OCC
5655,1,CCC[C@@H]1C[C@H](C(=O)N[C@@H]([C@H](C)Cl)[C@@H]2O[C@@H](SC)[C@@H](O)[C@@H](O)[C@@H]2O)N(C)C1,CCC[C@@H]1C[C@H](C(=O)N[C@H]([C@@H]2O[C@@H](SC)[C@@H](O)[C@@H](O)[C@@H]2O)[C@H](C)Cl)N(C)C1
5656,1,CCC[C@@](C)(O)[C@H]1C[C@]23C=C[C@@]1(OC)[C@H]1Oc4c(O)ccc5c4[C@@]12CCN(C)[C@@H]3C5,CCC[C@@](C)(O)[C@H]1C[C@]23C=C[C@@]1(OC)[C@H]1Oc4c(O)ccc5c4[C@@]12CCN(C)[C@@H]3C5
5657,1,CCC[C@@](C)(O)[C@H]1C[C@]23C=C[C@@]1(OC)[C@H]1Oc4c(OC(C)=O)ccc5c4[C@@]12CCN(C)[C@@H]3C5,CCC[C@@](C)(O)[C@H]1C[C@]23C=C[C@@]1(OC)[C@H]1Oc4c(OC(C)=O)ccc5c4[C@@]12CCN(C)[C@@H]3C5
5658,0,CCC[C@H]1C[C@H](C(=O)N[C@@H]([C@@H](C)Cl)[C@H]2O[C@@H](SC)[C@@H](OP(=O)(O)O)[C@H](O)[C@@H]2O)N(C)C1,CCC[C@H]1C[C@H](C(=O)N[C@H]([C@H]2O[C@@H](SC)[C@@H](OP(=O)(O)O)[C@H](O)[C@@H]2O)[C@@H](C)Cl)N(C)C1
5659,0,CCC[C@H]1C[C@H](C(=O)N[C@@H]([C@@H](C)O)[C@H]2O[C@@H](SC)[C@H](O)[C@H](O)[C@@H]2O)N(C)C1,CCC[C@H]1C[C@H](C(=O)N[C@H]([C@H]2O[C@@H](SC)[C@H](O)[C@H](O)[C@@H]2O)[C@@H](C)O)N(C)C1
5660,1,CCC[C@H]1O[C@@]1(CC)C(N)=O,CCC[C@H]1O[C@@]1(CC)C(N)=O
5661,1,CCC[C@H]1O[C@H]2C[C@H]3[C@H]4CCC5=CC(=O)C=C[C@@]5(C)[C@H]4[C@H](O)C[C@@]3(C)[C@]2(C(=O)CO)O1,CCC[C@H]1O[C@H]2C[C@H]3[C@H]4CCC5=CC(=O)C=C[C@@]5(C)[C@H]4[C@H](O)C[C@@]3(C)[C@]2(C(=O)CO)O1
5662,1,CCC[C@H]1O[C@H]2C[C@H]3[C@H]4C[C@H](F)C5=CC(=O)CC[C@@]5(C)[C@@]4(F)[C@H](O)C[C@@]3(C)[C@]2(C(=O)CO)O1,CCC[C@H]1O[C@H]2C[C@H]3[C@H]4C[C@H](F)C5=CC(=O)CC[C@@]5(C)[C@@]4(F)[C@H](O)C[C@@]3(C)[C@]2(C(=O)CO)O1
5663,1,CCCc1cc(C(N)=S)ccn1,CCCc1cc(C(N)=S)ccn1
5664,1,CCCc1nc2c(n1Cc1ccc(-c3ccccc3C(=O)O)cc1)=C[C@H](c1nc3ccccc3n1C)CC=2C,CCCc1nc2c(n1Cc1ccc(-c3ccccc3C(=O)O)cc1)=C[C@H](c1nc3ccccc3n1C)CC=2C
5665,0,CCN(CC)C(=O)COc1cc2c(O)c3c(O)c(C)c4c(c13)C(=O)[C@@](C)(OC=C[C@H](OC)[C@@H](C)[C@H](OC(C)=O)[C@@H](C)[C@@H](O)[C@@H](C)[C@@H](O)[C@@H](C)C=CC=C(C)C(=O)N2)O4,CCN(CC)C(=O)COc1cc2c(O)c3c(O)c(C)c4c(c13)C(=O)[C@@](C)(OC=C[C@H](OC)[C@@H](C)[C@H](OC(C)=O)[C@@H](C)[C@@H](O)[C@@H](C)[C@@H](O)[C@@H](C)C=CC=C(C)C(=O)N2)O4
5666,1,CCN(CC)C(=O)N[C@H]1C[C@H]2c3cccc4[nH]cc(c34)C[C@H]2N(C)C1,CCN(CC)C(=O)N[C@H]1C[C@H]2c3cccc4[nH]cc(c34)C[C@H]2N(C)C1
5667,0,CCN(CC)C(=O)Nc1ccc(OC[C@H](O)CNC(C)(C)C)c(C(C)=O)c1,CCN(CC)C(=O)Nc1ccc(OC[C@H](O)CNC(C)(C)C)c(C(C)=O)c1
5668,1,CCN(CC)C(=O)[C@H]1CN2CCc3cc(OC)c(OC)cc3[C@H]2C[C@H]1OC(C)=O,CCN(CC)C(=O)[C@H]1CN2CCc3cc(OC)c(OC)cc3[C@H]2C[C@H]1OC(C)=O
5669,1,CCN(CC)C(=O)[C@H]1[C@@H]2C=C[C@H](C2)[C@H]1C(=O)N(CC)CC,CCN(CC)C(=O)[C@@H]1[C@H](C(=O)N(CC)CC)[C@@H]2C=C[C@@H]1C2
5670,1,CCN(CC)C(=O)[C@]1(c2ccccc2)C[C@H]1CN,CCN(CC)C(=O)[C@]1(c2ccccc2)C[C@H]1CN
5671,0,CCN(CC)C(C)=N/N=C/c1c2c(O)c3c(O)c(C)c4c(c3c1O)C(=O)[C@@](C)(OC=C[C@@H](OC)[C@H](C)[C@@H](OC(C)=O)[C@H](C)[C@H](O)[C@H](C)[C@H](O)[C@H](C)C=C/C=C(/C)C(=O)N2)O4,CCN(CC)C(C)=N/N=C/c1c2c(O)c3c(O)c(C)c4c(c3c1O)C(=O)[C@@](C)(OC=C[C@@H](OC)[C@H](C)[C@@H](OC(C)=O)[C@H](C)[C@H](O)[C@H](C)[C@H](O)[C@H](C)C=C/C=C(/C)C(=O)N2)O4
5672,1,CCN(CC)CC#CCOC(=O)[C@](O)(c1ccccc1)C1CCCCC1,CCN(CC)CC#CCOC(=O)[C@](O)(c1ccccc1)C1CCCCC1
5673,1,CCN(CC)CC(=O)OCC(=O)[C@@]1(O)CC[C@H]2[C@H]3CCC4=CC(=O)C=C[C@@]4(C)[C@H]3[C@H](O)C[C@]21C,CCN(CC)CC(=O)OCC(=O)[C@@]1(O)CC[C@H]2[C@H]3CCC4=CC(=O)C=C[C@@]4(C)[C@H]3[C@H](O)C[C@]21C
5674,1,CCN(CC)CC(=O)OCC(=O)[C@@]1(O)CC[C@H]2[C@H]3CCC4=CC(=O)CC[C@@]4(C)[C@H]3[C@H](O)C[C@]21C,CCN(CC)CC(=O)OCC(=O)[C@@]1(O)CC[C@H]2[C@H]3CCC4=CC(=O)CC[C@@]4(C)[C@H]3[C@H](O)C[C@]21C
5675,1,CCN(CC)CCCOC(=O)[C@@]1(c2ccccc2)C[C@@H]2CC[C@@H]1C2,CCN(CC)CCCOC(=O)[C@@]1(c2ccccc2)C[C@@H]2CC[C@@H]1C2
5676,0,CCN(CC)CCOC(=O)[C@H]1N2C(=O)[C@@H](NC(=O)c3c(OC)cccc3OC)[C@H]2SC1(C)C,CCN(CC)CCOC(=O)[C@H]1N2C(=O)[C@@H](NC(=O)c3c(OC)cccc3OC)[C@H]2SC1(C)C
5677,1,CCN(CC)CC[C@]1(c2ccccc2)CCC(=O)NC1=O,CCN(CC)CC[C@]1(c2ccccc2)CCC(=O)NC1=O
5678,1,CCN(CC)S(=O)(=O)N[C@H]1C[C@H]2c3cccc4[nH]cc(c34)C[C@H]2N(C)C1,CCN(CC)S(=O)(=O)N[C@H]1C[C@H]2c3cccc4[nH]cc(c34)C[C@H]2N(C)C1
5679,1,CCN(CC)[C@H](C)C(=O)c1ccccc1,CCN(CC)[C@H](C)C(=O)c1ccccc1
5680,0,CCN(CC)c1nc2c(s1)c1c(O)c3c(O)c(C)c4c(c32)C(=O)[C@@](C)(OC=C[C@H](OC)[C@@H](C)[C@H](OC(C)=O)[C@@H](C)[C@@H](O)[C@@H](C)[C@@H](O)[C@@H](C)C=CC=C(C)C(=O)N1)O4,CCN(CC)c1nc2c(s1)c1c(O)c3c(O)c(C)c4c(c32)C(=O)[C@@](C)(OC=C[C@H](OC)[C@@H](C)[C@H](OC(C)=O)[C@@H](C)[C@@H](O)[C@@H](C)[C@@H](O)[C@@H](C)C=CC=C(C)C(=O)N1)O4
5681,1,CCN(CCCCOC(=O)c1ccc(OC)c(OC)c1)[C@@H](C)Cc1ccc(OC)cc1,CCN(CCCCOC(=O)c1ccc(OC)c(OC)c1)[C@@H](C)Cc1ccc(OC)cc1
5682,1,CCN(CCO)CC[C@H](C)Nc1ccnc2cc(Cl)ccc12,CCN(CCO)CC[C@H](C)Nc1ccnc2cc(Cl)ccc12
5683,1,CCN1C(=O)N[C@H](c2ccccc2)C1=O,CCN1C(=O)N[C@H](c2ccccc2)C1=O
5684,1,CCN1CCC[C@@H]1CNC(=O)c1c(OC)ccc(Br)c1OC,CCN1CCC[C@@H]1CNC(=O)c1c(OC)ccc(Br)c1OC
5685,0,CCN1CCN(C(=O)N[C@@H](C(=O)N[C@H]2C(=O)N3[C@H]2SC(C)(C)[C@H]3C(=O)O)c2ccccc2)C(=O)C1=O,CCN1CCN(C(=O)N[C@@H](C(=O)N[C@H]2C(=O)N3[C@H]2SC(C)(C)[C@H]3C(=O)O)c2ccccc2)C(=O)C1=O
5686,1,CCN1C[C@@H](C(=O)O)C(=O)c2ccc(C)nc21,CCN1C[C@@H](C(=O)O)C(=O)c2ccc(C)nc21
5687,1,CCNC[C@H](C)c1cccc(C(F)(F)F)c1,CCNC[C@H](C)c1cccc(C(F)(F)F)c1
5688,0,CCNC[C@H](O)c1cccc(O)c1,CCNC[C@H](O)c1cccc(O)c1
5689,1,CCN[C@@H](Cc1ccccc1)[C@H]1CCCO1,CCN[C@@H](Cc1ccccc1)[C@H]1CCCO1
5690,0,CCN[C@H]1C[C@H](N)[C@@H](O[C@H]2OC(CN)=CC[C@@H]2N)[C@H](O)[C@H]1O[C@H]1OC[C@@](C)(O)[C@@H](NC)[C@@H]1O,CCN[C@H]1C[C@H](N)[C@@H](O[C@H]2OC(CN)=CC[C@@H]2N)[C@H](O)[C@H]1O[C@H]1OC[C@@](C)(O)[C@@H](NC)[C@@H]1O
5691,1,CCN[C@H]1[C@H]2CC[C@@H](C2)[C@H]1c1ccccc1,CCN[C@H]1[C@H]2CC[C@@H](C2)[C@H]1c1ccccc1
5692,0,CCOC(=O)C1=C(C)NC(C)=C(C(=O)OC)[C@H]1c1cccc(Cl)c1Cl,CCOC(=O)C1=C(C)NC(C)=C(C(=O)OC)[C@H]1c1cccc(Cl)c1Cl
5693,0,CCOC(=O)C1=C(C)NC(C)=C(C(=O)OC)[C@H]1c1cccc([N+](=O)[O-])c1,CCOC(=O)C1=C(C)NC(C)=C(C(=O)OC)[C@H]1c1cccc([N+](=O)[O-])c1
5694,1,CCOC(=O)C1=C(C)NC(C)=C(C(=O)OCC)C1c1ccccc1/C=C/C(=O)OC(C)(C)C,CCOC(=O)C1=C(C)NC(C)=C(C(=O)OCC)C1c1ccccc1/C=C/C(=O)OC(C)(C)C
5695,1,CCOC(=O)C1=C[C@H](OC(CC)CC)[C@H](NC(C)=O)[C@@H](N)C1,CCOC(=O)C1=C[C@H](OC(CC)CC)[C@H](NC(C)=O)[C@@H](N)C1
5696,0,CCOC(=O)CCC(=O)O[C@@H]1[C@H](O[C@H]2[C@H](C)[C@@H](O[C@H]3C[C@@](C)(OC)[C@H](O)[C@H](C)O3)[C@H](C)C(=O)O[C@@H](CC)[C@@](C)(O)[C@H](O)[C@H](C)C(=O)[C@H](C)C[C@@]2(C)O)O[C@@H](C)C[C@H]1N(C)C,CCOC(=O)CCC(=O)O[C@@H]1[C@H](O[C@H]2[C@H](C)[C@@H](O[C@H]3C[C@@](C)(OC)[C@H](O)[C@H](C)O3)[C@H](C)C(=O)O[C@@H](CC)[C@@](C)(O)[C@H](O)[C@H](C)C(=O)[C@H](C)C[C@@]2(C)O)O[C@@H](C)C[C@H]1N(C)C
5697,1,CCOC(=O)C[C@H](O)C[C@H](O)C=CC1=C(c2ccc(F)cc2)c2ccccc2OC12CCCC2,CCOC(=O)C[C@H](O)C[C@H](O)C=CC1=C(c2ccc(F)cc2)c2ccccc2OC12CCCC2
5698,0,CCOC(=O)O[C@@H]1[C@H](O[C@H]2[C@H](C)[C@@H](O[C@H]3C[C@@](C)(OC)[C@H](O)[C@H](C)O3)[C@H](C)C(=O)O[C@@H](CC)[C@@](C)(O)[C@H](O)[C@H](C)C(=O)[C@H](C)C[C@@]2(C)O)O[C@@H](C)C[C@H]1N(C)C,CCOC(=O)O[C@@H]1[C@H](O[C@H]2[C@H](C)[C@@H](O[C@H]3C[C@@](C)(OC)[C@H](O)[C@H](C)O3)[C@H](C)C(=O)O[C@@H](CC)[C@@](C)(O)[C@H](O)[C@H](C)C(=O)[C@H](C)C[C@@]2(C)O)O[C@@H](C)C[C@H]1N(C)C
5699,0,CCOC(=O)O[C@H](C)OC(=O)[C@H]1N2C(=O)[C@@H](N=CN3CCCCCC3)[C@H]2SC1(C)C,CCOC(=O)O[C@H](C)OC(=O)[C@H]1N2C(=O)[C@@H](N=CN3CCCCCC3)[C@H]2SC1(C)C
5700,1,CCOC(=O)O[C@]1(C(=O)COC(=O)CC)CC[C@H]2[C@H]3CCC4=CC(=O)C=C[C@@]4(C)[C@H]3[C@H](O)C[C@]21C,CCOC(=O)O[C@]1(C(=O)COC(=O)CC)CC[C@H]2[C@H]3CCC4=CC(=O)C=C[C@@]4(C)[C@H]3[C@H](O)C[C@]21C
5701,1,CCOC(=O)O[C@]1(C(=O)OCCl)CC[C@H]2[C@H]3CCC4=CC(=O)C=C[C@@]4(C)[C@H]3[C@H](O)C[C@]21C,CCOC(=O)O[C@]1(C(=O)OCCl)CC[C@H]2[C@H]3CCC4=CC(=O)C=C[C@@]4(C)[C@H]3[C@H](O)C[C@]21C
5702,1,CCOC(=O)[C@@H](CCc1ccccc1)N[C@H](C)C(=O)N1[C@H](C(=O)O)C[C@@H]2CCCC[C@@H]21,CCOC(=O)[C@@H](CCc1ccccc1)N[C@H](C)C(=O)N1[C@H](C(=O)O)C[C@@H]2CCCC[C@@H]21
5703,1,CCOC(=O)[C@@H](CCc1ccccc1)N[C@H](C)C(=O)N1[C@H](C(=O)O)C[C@@H]2CCC[C@@H]21,CCOC(=O)[C@@H](CCc1ccccc1)N[C@H](C)C(=O)N1[C@H](C(=O)O)C[C@@H]2CCC[C@@H]21
5704,1,CCOC(=O)[C@H](CCc1ccccc1)N[C@@H]1CCCN2CCC[C@@H](C(=O)O)N2C1=O,CCOC(=O)[C@H](CCc1ccccc1)N[C@@H]1CCCN2CCC[C@@H](C(=O)O)N2C1=O
5705,0,CCOC(OCC)C(=O)OCC(=O)[C@]1(O)Cc2c(O)c3c(c(O)c2[C@H](O[C@H]2C[C@H](N)[C@H](O)[C@H](C)O2)C1)C(=O)c1c(OC)cccc1C3=O,CCOC(OCC)C(=O)OCC(=O)[C@]1(O)Cc2c(O)c3c(c(O)c2[C@H](O[C@H]2C[C@H](N)[C@H](O)[C@H](C)O2)C1)C(=O)c1c(OC)cccc1C3=O
5706,1,CCO[C@H](Cc1ccc(OCCc2ccc(OS(C)(=O)=O)cc2)cc1)C(=O)O,CCO[C@H](Cc1ccc(OCCc2ccc(OS(C)(=O)=O)cc2)cc1)C(=O)O
5707,1,CCO[C@H]1C[C@@]2(C)[C@@H](CC[C@@H]3[C@H]2[C@H](N(C)C)C[C@]2(C)[C@H](C(C)=O)CC[C@H]32)C[C@@H]1O,CCO[C@H]1C[C@@]2(C)[C@@H](CC[C@@H]3[C@H]2[C@H](N(C)C)C[C@@]2(C)[C@@H]3CC[C@H]2C(C)=O)C[C@@H]1O
5708,1,CCOc1cc(CC(=O)N[C@H](CC(C)C)c2ccccc2N2CCCCC2)ccc1C(=O)O,CCOc1cc(CC(=O)N[C@H](CC(C)C)c2ccccc2N2CCCCC2)ccc1C(=O)O
5709,1,CCOc1ccccc1OCCN[C@@H](C)Cc1ccc(OC)c(S(N)(=O)=O)c1,CCOc1ccccc1OCCN[C@@H](C)Cc1ccc(OC)c(S(N)(=O)=O)c1
5710,1,CCOc1ccccc1OC[C@H]1COCCN1,CCOc1ccccc1OC[C@H]1COCCN1
5711,1,CCS[C@]1(SC)CC[C@H]2[C@H]3CCC4=CC(=O)C=C[C@@]4(C)[C@@]3(F)[C@H](O)C[C@]21C,CCS[C@]1(SC)CC[C@H]2[C@H]3CCC4=CC(=O)C=C[C@@]4(C)[C@@]3(F)[C@H](O)C[C@]21C
5712,1,CC[C@@H](C(=O)NC(N)=O)c1ccccc1,CC[C@@H](C(=O)NC(N)=O)c1ccccc1
5713,1,CC[C@@H](C(=O)O)c1ccc(N2Cc3ccccc3C2=O)cc1,CC[C@@H](C(=O)O)c1ccc(N2Cc3ccccc3C2=O)cc1
5714,1,CC[C@@H](C)[C@H]1[C@H](C)[C@H]2C[C@]3(C[C@@H]4C[C@H](C/C=C(/C)[C@@H](O[C@@H]5C[C@@H](OC)[C@@H](O[C@H]6C[C@@H](OC)[C@@H](O)[C@H](C)O6)[C@H](C)O5)[C@@H](C)C=CC=C5CO[C@@H]6[C@@H](O)C(C)=C[C@H](C(=O)O4)[C@]56O)O3)O[C@@H]12,CC[C@@H](C)[C@H]1[C@H](C)[C@H]2C[C@]3(C[C@@H]4C[C@H](C/C=C(/C)[C@@H](O[C@@H]5C[C@@H](OC)[C@@H](O[C@H]6C[C@@H](OC)[C@@H](O)[C@H](C)O6)[C@H](C)O5)[C@@H](C)C=CC=C5CO[C@@H]6[C@@H](O)C(C)=C[C@H](C(=O)O4)[C@]56O)O3)O[C@H]21
5715,1,CC[C@@H](CO)NCCN[C@H](CC)CO,CC[C@H](CO)NCCN[C@@H](CC)CO
5716,0,CC[C@@H](NC(=O)[C@H]1CCCN1C(=O)[C@@H](Cc1ccccc1)NC(=O)[C@H](N)CC(C)C)C(=O)N[C@H](CCCN)C(=O)N[C@H](CC(C)C)C(=O)N[C@H](Cc1ccccc1)C(=O)N1CCC[C@@H]1C(=O)N[C@H](CC)C(=O)N[C@H](C=O)CCCN,CC[C@@H](NC(=O)[C@H]1CCCN1C(=O)[C@@H](Cc1ccccc1)NC(=O)[C@@H](CC(C)C)NC(=O)[C@@H](CCCN)NC(=O)[C@@H](CC)NC(=O)[C@H]1CCCN1C(=O)[C@@H](Cc1ccccc1)NC(=O)[C@H](N)CC(C)C)C(=O)N[C@H](C=O)CCCN
5717,1,CC[C@@H](OC(C)=O)C(C[C@H](C)N(C)C)(c1ccccc1)c1ccccc1,CC[C@@H](OC(C)=O)C(C[C@H](C)N(C)C)(c1ccccc1)c1ccccc1
5718,1,CC[C@@H](OC(N)=O)C1CCCCC1,CC[C@@H](OC(N)=O)C1CCCCC1
5719,0,CC[C@@H](Oc1ccccc1)C(=O)N[C@H]1C(=O)N2[C@H]1SC(C)(C)[C@H]2C(=O)O,CC[C@@H](Oc1ccccc1)C(=O)N[C@H]1C(=O)N2[C@H]1SC(C)(C)[C@H]2C(=O)O
5720,0,CC[C@@H]1CC[C@H](N)[C@H](O[C@@H]2[C@@H](N)C[C@H](N)[C@H](O[C@@H]3OC[C@@](C)(O)[C@H](NC)[C@@H]3O)[C@H]2O)O1,CC[C@@H]1CC[C@H](N)[C@H](O[C@H]2[C@H](O)[C@@H](O[C@@H]3OC[C@@](C)(O)[C@H](NC)[C@@H]3O)[C@@H](N)C[C@@H]2N)O1
5721,0,CC[C@@H]1C[C@H](OC(=O)C(O)(c2ccccc2)c2ccccc2)C[C@H](C)[N+]12CCCC2,CC[C@@H]1C[C@H](OC(=O)C(O)(c2ccccc2)c2ccccc2)C[C@H](C)[N+]12CCCC2
5722,1,CC[C@@H]1OC(=O)[C@@H](C)C(=O)[C@H](C)[C@@H](O[C@@H]2O[C@@H](C)C[C@@H](N(C)C)[C@@H]2O)[C@](C)(OC)C[C@H](C)C(=O)[C@H](C)[C@H]2N(CCCCn3cnc(-c4cccnc4)c3)C(=O)O[C@]12C,CC[C@@H]1OC(=O)[C@@H](C)C(=O)[C@H](C)[C@@H](O[C@@H]2O[C@@H](C)C[C@@H](N(C)C)[C@@H]2O)[C@](C)(OC)C[C@H](C)C(=O)[C@H](C)[C@H]2N(CCCCn3cnc(-c4cccnc4)c3)C(=O)O[C@]12C
5723,1,CC[C@@H]1OC(=O)[C@H](C)[C@@H](O[C@H]2C[C@@](C)(OC)[C@H](O)[C@H](C)O2)[C@H](C)[C@@H](O[C@@H]2O[C@@H](C)C[C@@H](N(C)C)[C@@H]2O)[C@](C)(O)C[C@@H](C)C(=O)[C@@H](C)[C@H](O)[C@]1(C)O,CC[C@@H]1OC(=O)[C@H](C)[C@@H](O[C@H]2C[C@@](C)(OC)[C@H](O)[C@H](C)O2)[C@H](C)[C@@H](O[C@@H]2O[C@@H](C)C[C@@H](N(C)C)[C@@H]2O)[C@](C)(O)C[C@@H](C)C(=O)[C@@H](C)[C@H](O)[C@]1(C)O
5724,1,CC[C@@](O)(COC(N)=O)c1ccccc1,CC[C@@](O)(COC(N)=O)c1ccccc1
5725,1,CC[C@@]1(C)CC(=O)NC1=O,CC[C@@]1(C)CC(=O)NC1=O
5726,0,CC[C@@]1(O)C[C@@H](O[C@H]2C[C@@H](N(C)C)[C@@H](O[C@H]3C[C@H](O)[C@@H](O[C@H]4CCC(=O)[C@H](C)O4)[C@H](C)O3)[C@H](C)O2)c2c(cc3c(c2O)C(=O)c2c(O)cccc2C3=O)[C@H]1C(=O)OC,CC[C@@]1(O)C[C@@H](O[C@H]2C[C@@H](N(C)C)[C@@H](O[C@H]3C[C@H](O)[C@@H](O[C@H]4CCC(=O)[C@H](C)O4)[C@H](C)O3)[C@H](C)O2)c2c(cc3c(c2O)C(=O)c2c(O)cccc2C3=O)[C@H]1C(=O)OC
5727,0,CC[C@@]1(O)C[C@@H](O[C@H]2C[C@@H](N(C)C)[C@@H](O[C@H]3C[C@H]4O[C@H]5CC(=O)[C@H](C)O[C@H]5O[C@H]4[C@H](C)O3)[C@H](C)O2)c2c(O)c3c(c(O)c2[C@H]1O[C@H]1C[C@@H](N(C)C)[C@H](O)[C@H](C)O1)C(=O)c1cccc(O)c1C3=O,CC[C@@]1(O)C[C@@H](O[C@H]2C[C@@H](N(C)C)[C@@H](O[C@H]3C[C@H]4O[C@H]5CC(=O)[C@H](C)O[C@H]5O[C@H]4[C@H](C)O3)[C@H](C)O2)c2c(O)c3c(c(O)c2[C@H]1O[C@H]1C[C@@H](N(C)C)[C@H](O)[C@H](C)O1)C(=O)c1cccc(O)c1C3=O
5728,1,CC[C@@]1(c2ccc(N)cc2)CCC(=O)NC1=O,CC[C@@]1(c2ccc(N)cc2)CCC(=O)NC1=O
5729,0,CC[C@@]12C=CCN3CC[C@]4(c5cc([C@@]6(C(=O)OC)C[C@@H]7CN(CCc8c6[nH]c6ccccc86)C[C@@](O)(CC)C7)c(OC)cc5N(C)[C@H]4[C@@](O)(C(=O)OC)[C@H]1OC(C)=O)[C@H]32,CC[C@@]1(O)C[C@H]2CN(CCc3c([nH]c4ccccc34)[C@@](C(=O)OC)(c3cc4c(cc3OC)N(C)[C@H]3[C@@](O)(C(=O)OC)[C@@H](OC(C)=O)[C@@]5(CC)C=CCN6CC[C@@]43[C@H]65)C2)C1
5730,0,CC[C@@]12C=CCN3CC[C@]4(c5cc([C@@]6(C(=O)OC)C[C@@H]7CN(CCc8c6[nH]c6ccccc86)C[C@@](O)(CC)C7)c(OC)cc5N(C)[C@H]4[C@@](O)(C(N)=O)[C@@H]1O)[C@H]32,CC[C@@]1(O)C[C@H]2CN(CCc3c([nH]c4ccccc34)[C@@](C(=O)OC)(c3cc4c(cc3OC)N(C)[C@H]3[C@@](O)(C(N)=O)[C@H](O)[C@@]5(CC)C=CCN6CC[C@@]43[C@H]65)C2)C1
5731,0,CC[C@@]12C=CCN3CC[C@]4(c5cc([C@@]6(C(=O)OC)C[C@@H]7CN(CCc8c6[nH]c6ccccc86)C[C@@](O)(CC)C7)c(OC)cc5N(C=O)[C@H]4[C@@](O)(C(=O)OC)[C@H]1OC(C)=O)[C@H]32,CC[C@@]1(O)C[C@H]2CN(CCc3c([nH]c4ccccc34)[C@@](C(=O)OC)(c3cc4c(cc3OC)N(C=O)[C@H]3[C@@](O)(C(=O)OC)[C@@H](OC(C)=O)[C@@]5(CC)C=CCN6CC[C@@]43[C@H]65)C2)C1
5732,1,CC[C@@]12CCN(CC3(O)CC3)[C@@H](Cc3ccc(O)cc31)C2(C)C,CC[C@@]12CCN(CC3(O)CC3)[C@@H](Cc3ccc(O)cc31)C2(C)C
5733,1,CC[C@@]12CCN(CC3CC3)[C@@H](Cc3ccc(O)cc31)C2(C)C,CC[C@@]12CCN(CC3CC3)[C@@H](Cc3ccc(O)cc31)C2(C)C
5734,1,CC[C@@]12CCN(CC3CCC3)[C@@H](Cc3ccc(O)cc31)C2(C)C,CC[C@@]12CCN(CC3CCC3)[C@@H](Cc3ccc(O)cc31)C2(C)C
5735,1,CC[C@H](C)C(=O)O[C@H]1CCC=C2C=C[C@H](C)[C@@H](CC[C@H]3C[C@H](O)CC(=O)O3)[C@H]21,CC[C@H](C)C(=O)O[C@H]1CCC=C2C=C[C@H](C)[C@@H](CC[C@H]3C[C@H](O)CC(=O)O3)[C@H]21
5736,1,CC[C@H](C)C1(CC)C(=O)NC(=O)NC1=O,CC[C@H](C)C1(CC)C(=O)NC(=O)NC1=O
5737,1,CC[C@H](C)[C@@H](CC)C(=O)NC(N)=O,CC[C@H](C)[C@@H](CC)C(=O)NC(N)=O
5738,1,CC[C@H](C)[C@@H](CC)C(N)=O,CC[C@H](C)[C@@H](CC)C(N)=O
5739,1,CC[C@H](C)[C@@](C)(COC(N)=O)COC(=O)NC(C)C,CC[C@H](C)[C@@](C)(COC(N)=O)COC(=O)NC(C)C
5740,1,CC[C@H](C)n1ncn(-c2ccc(N3CCN(c4ccc(OC[C@@H]5CO[C@@](Cn6cncn6)(c6ccc(Cl)cc6Cl)O5)cc4)CC3)cc2)c1=O,CC[C@H](C)n1ncn(-c2ccc(N3CCN(c4ccc(OC[C@@H]5CO[C@@](Cn6cncn6)(c6ccc(Cl)cc6Cl)O5)cc4)CC3)cc2)c1=O
5741,0,CC[C@H](C)n1ncn(-c2ccc(N3CCN(c4ccc(OC[C@H]5CO[C@](Cn6cncn6)(c6ccc(Cl)cc6Cl)O5)cc4)CC3)cc2)c1=O,CC[C@H](C)n1ncn(-c2ccc(N3CCN(c4ccc(OC[C@H]5CO[C@](Cn6cncn6)(c6ccc(Cl)cc6Cl)O5)cc4)CC3)cc2)c1=O
5742,1,CC[C@H](CO)NC(=O)[C@H]1C=C2c3cccc4[nH]cc(c34)C[C@@H]2N(C)C1,CC[C@H](CO)NC(=O)[C@H]1C=C2c3cccc4[nH]cc(c34)C[C@@H]2N(C)C1
5743,1,CC[C@H](CO)NC(=O)[C@H]1C=C2c3cccc4c3c(cn4C)C[C@@H]2N(C)C1,CC[C@H](CO)NC(=O)[C@H]1C=C2c3cccc4c3c(cn4C)C[C@@H]2N(C)C1
5744,1,CC[C@H](c1ccccc1)c1c(O)c2ccccc2oc1=O,CC[C@H](c1ccccc1)c1c(O)c2ccccc2oc1=O
5745,1,CC[C@H]1C(C)=NN=C(c2ccc(OC)c(OC)c2)c2cc(OC)c(OC)cc21,CC[C@H]1C(C)=NN=C(c2ccc(OC)c(OC)c2)c2cc(OC)c(OC)cc21
5746,1,CC[C@H]1CC(=O)[C@H]2Oc3c(OC)ccc4c3[C@@]23CCN(CC2CC2)[C@H](C4)[C@H]13,CC[C@H]1CC(=O)[C@H]2Oc3c(OC)ccc4c3[C@@]23CCN(CC2CC2)[C@H](C4)[C@H]13
5747,0,CC[C@H]1CN2CCc3cc(OC)c(OC)cc3[C@H]2C[C@H]1C[C@H]1NCCc2cc(OC)c(OC)cc21,CC[C@H]1CN2CCc3cc(OC)c(OC)cc3[C@H]2C[C@H]1C[C@H]1NCCc2cc(OC)c(OC)cc21
5748,0,CC[C@H]1NC(=O)[C@@H](NC(=O)c2ncccc2O)[C@H](C)OC(=O)[C@H](c2ccccc2)NC(=O)[C@H]2CC(=O)CCN2C(=O)[C@@H](Cc2ccc(N(C)C)cc2)N(C)C(=O)[C@H]2CCCN2C1=O,CC[C@H]1NC(=O)[C@@H](NC(=O)c2ncccc2O)[C@H](C)OC(=O)[C@H](c2ccccc2)NC(=O)[C@H]2CC(=O)CCN2C(=O)[C@@H](Cc2ccc(N(C)C)cc2)N(C)C(=O)[C@H]2CCCN2C1=O
5749,0,CC[C@H]1NC(=O)[C@@H](NC(=O)c2ncccc2O)[C@H](C)OC(=O)[C@H](c2ccccc2)NC(=O)[C@H]2CC(=O)CCN2C(=O)[C@@H](Cc2ccccc2)N(C)C(=O)[C@H]2CCCN2C1=O,CC[C@H]1NC(=O)[C@@H](NC(=O)c2ncccc2O)[C@H](C)OC(=O)[C@H](c2ccccc2)NC(=O)[C@H]2CC(=O)CCN2C(=O)[C@@H](Cc2ccccc2)N(C)C(=O)[C@H]2CCCN2C1=O
5750,0,CC[C@H]1NC(=O)[C@H]2CCCN2C(=O)[C@@H](Cc2ccccc2)NC(=O)[C@@H](CC(C)C)NC(=O)[C@@H](CCCN)NC(=O)[C@H](C(C)C)NC(=O)[C@H]2CCCN2C(=O)[C@@H](Cc2ccccc2)NC(=O)[C@@H](CC(C)C)NC(=O)[C@@H](CCCN)NC1=O,CC[C@H]1NC(=O)[C@H]2CCCN2C(=O)[C@@H](Cc2ccccc2)NC(=O)[C@@H](CC(C)C)NC(=O)[C@@H](CCCN)NC(=O)[C@H](C(C)C)NC(=O)[C@H]2CCCN2C(=O)[C@@H](Cc2ccccc2)NC(=O)[C@@H](CC(C)C)NC(=O)[C@@H](CCCN)NC1=O
5751,0,CC[C@H]1OC(=O)[C@H](C)[C@@H](O[C@H]2C[C@@](C)(OC)[C@H](O)[C@H](C)O2)[C@H](C)[C@@H](O[C@H]2O[C@H](C)C[C@@H](N(C)C)[C@@H]2O)[C@@](C)(O)C[C@@](C)(F)C(=O)[C@H](C)[C@H](O)[C@@]1(C)O,CC[C@H]1OC(=O)[C@H](C)[C@@H](O[C@H]2C[C@@](C)(OC)[C@H](O)[C@H](C)O2)[C@H](C)[C@@H](O[C@H]2O[C@H](C)C[C@@H](N(C)C)[C@@H]2O)[C@@](C)(O)C[C@@](C)(F)C(=O)[C@H](C)[C@H](O)[C@@]1(C)O
5752,0,CC[C@H]1OC(=O)[C@H](C)[C@@H](O[C@H]2C[C@@](C)(OC)[C@H](O)[C@H](C)O2)[C@H](C)[C@@H](O[C@H]2O[C@H](C)C[C@@H](N(C)C)[C@@H]2O)[C@@](C)(O)C[C@H](C)C(=NOC)[C@H](C)[C@H](O)[C@@]1(C)O,CC[C@H]1OC(=O)[C@H](C)[C@@H](O[C@H]2C[C@@](C)(OC)[C@H](O)[C@H](C)O2)[C@H](C)[C@@H](O[C@H]2O[C@H](C)C[C@@H](N(C)C)[C@@H]2O)[C@@](C)(O)C[C@H](C)C(=NOC)[C@H](C)[C@H](O)[C@@]1(C)O
5753,0,CC[C@H]1OC(=O)[C@H](C)[C@@H](O[C@H]2C[C@@](C)(OC)[C@H](O)[C@H](C)O2)[C@H](C)[C@@H](O[C@H]2O[C@H](C)C[C@@H](N(C)C)[C@@H]2O)[C@@](C)(O)C[C@H](C)C(=O)[C@H](C)[C@H](O)[C@@H]1C,CC[C@H]1OC(=O)[C@H](C)[C@@H](O[C@H]2C[C@@](C)(OC)[C@H](O)[C@H](C)O2)[C@H](C)[C@@H](O[C@H]2O[C@H](C)C[C@@H](N(C)C)[C@@H]2O)[C@@](C)(O)C[C@H](C)C(=O)[C@H](C)[C@H](O)[C@@H]1C
5754,0,CC[C@H]1OC(=O)[C@H](C)[C@@H](O[C@H]2C[C@@](C)(OC)[C@H](O)[C@H](C)O2)[C@H](C)[C@@H](O[C@H]2O[C@H](C)C[C@@H](N(C)C)[C@@H]2O)[C@@](C)(O)C[C@H](C)C(=O)[C@H](C)[C@H](O)[C@@]1(C)O,CC[C@H]1OC(=O)[C@H](C)[C@@H](O[C@H]2C[C@@](C)(OC)[C@H](O)[C@H](C)O2)[C@H](C)[C@@H](O[C@H]2O[C@H](C)C[C@@H](N(C)C)[C@@H]2O)[C@@](C)(O)C[C@H](C)C(=O)[C@H](C)[C@H](O)[C@@]1(C)O
5755,0,CC[C@H]1OC(=O)[C@H](C)[C@@H](O[C@H]2C[C@@](C)(OC)[C@H](O)[C@H](C)O2)[C@H](C)[C@@H](O[C@H]2O[C@H](C)C[C@@H](N(C)C)[C@@H]2O)[C@@](C)(O)C[C@H](C)CN(C)[C@H](C)[C@H](O)[C@@]1(C)O,CC[C@H]1OC(=O)[C@H](C)[C@@H](O[C@H]2C[C@@](C)(OC)[C@H](O)[C@H](C)O2)[C@H](C)[C@@H](O[C@H]2O[C@H](C)C[C@@H](N(C)C)[C@@H]2O)[C@@](C)(O)C[C@H](C)CN(C)[C@H](C)[C@H](O)[C@@]1(C)O
5756,1,CC[C@]1(c2cccc(O)c2)CCCCN(C)C1,CC[C@]1(c2cccc(O)c2)CCCCN(C)C1
5757,1,CC[C@]1(c2ccccc2)C(=O)NC(=O)N(C(=O)c2ccccc2)C1=O,CC[C@]1(c2ccccc2)C(=O)NC(=O)N(C(=O)c2ccccc2)C1=O
5758,1,CC[C@]1(c2ccccc2)C(=O)NC(=O)N(C)C1=O,CC[C@]1(c2ccccc2)C(=O)NC(=O)N(C)C1=O
5759,1,CC[C@]1(c2ccccc2)CCC(=O)NC1=O,CC[C@]1(c2ccccc2)CCC(=O)NC1=O
5760,1,CC[C@]1(c2ccccc2)NC(=O)N(C)C1=O,CC[C@]1(c2ccccc2)NC(=O)N(C)C1=O
5761,1,CC[C@]1(c2ccccc2)NCC(=O)NC1=O,CC[C@]1(c2ccccc2)NCC(=O)NC1=O
5762,0,CC[N+]1(C)[C@@H]2C[C@@H](OC(=O)[C@@H](CO)c3ccccc3)C[C@@H]1[C@H]1O[C@H]12,CC[N+]1(C)[C@@H]2C[C@@H](OC(=O)[C@@H](CO)c3ccccc3)C[C@@H]1[C@H]1O[C@H]12
5763,1,CCc1[nH]c(=O)[nH]c1C(=O)c1ccncc1,CCc1[nH]c(=O)[nH]c1C(=O)c1ccncc1
5764,1,CCc1cccc2c1N[C@@H]1[C@H]2CCOC1(CC(=O)O)CC(=O)O,CCc1cccc2c1N[C@@H]1[C@H]2CCOC1(CC(=O)O)CC(=O)O
5765,1,CCn1nnn(CCN2CC[C@@H](N(C(=O)COC)c3ccccc3F)[C@H](C)C2)c1=O,CCn1nnn(CCN2CC[C@@H](N(C(=O)COC)c3ccccc3F)[C@H](C)C2)c1=O
5766,1,CN(C(=O)C(c1ccccc1)c1ccccc1)[C@@H](CN1CC[C@H](O)C1)c1ccccc1,CN(C(=O)C(c1ccccc1)c1ccccc1)[C@@H](CN1CC[C@H](O)C1)c1ccccc1
5767,1,CN(C(=O)CNC(=O)[C@H](N)CCCCN)c1ccc(Cl)cc1C(=O)c1ccccc1,CN(C(=O)CNC(=O)[C@H](N)CCCCN)c1ccc(Cl)cc1C(=O)c1ccccc1
5768,1,CN(C(=O)Cc1ccc(Cl)c(Cl)c1)[C@H]1CC[C@@]2(CCCO2)C[C@H]1N1CCCC1,CN(C(=O)Cc1ccc(Cl)c(Cl)c1)[C@H]1CC[C@@]2(CCCO2)C[C@H]1N1CCCC1
5769,1,CN(C)CCCOc1nn(Cc2ccccc2)c2ccccc12,CN(C)CCCOc1nn(Cc2ccccc2)c2ccccc12
5770,1,CN(C)CCC[C@@H]1c2ccccc2COc2ccccc21,CN(C)CCC[C@@H]1c2ccccc2COc2ccccc21
5771,1,CN(C)CCN(c1ccc(Cl)cc1)c1ccccn1,CN(C)CCN(c1ccc(Cl)cc1)c1ccccn1
5772,1,CN(C)CCN1C(=O)C[C@H](c2ccccc2)Sc2ccccc21,CN(C)CCN1C(=O)C[C@H](c2ccccc2)Sc2ccccc21
5773,1,CN(C)CCO[C@@](C)(c1ccccc1)c1ccc(Cl)cc1,CN(C)CCO[C@@](C)(c1ccccc1)c1ccc(Cl)cc1
5774,1,CN(C)CC[C@H](c1ccccc1)c1ccccn1,CN(C)CC[C@H](c1ccccc1)c1ccccn1
5775,1,CN(C)CC[C@]1(c2ccccc2)C=Cc2ccccc21,CN(C)CC[C@]1(c2ccccc2)C=Cc2ccccc21
5776,1,CN(C)C[C@H]1CO[C@@]2(O1)c1ccccc1COc1ccccc12,CN(C)C[C@H]1CO[C@@]2(O1)c1ccccc1COc1ccccc12
5777,1,CN(C)[C@@](C)(CO)Cc1ccc(Cl)c(Cl)c1,CN(C)[C@@](C)(CO)Cc1ccc(Cl)c(Cl)c1
5778,0,CN(C)[C@H]1C(=O)C(C(=O)NCN2CCCC2)=C(O)[C@@]2(O)C(=O)C3=C(O)c4c(O)cccc4[C@@](C)(O)[C@H]3C[C@@H]12,CN(C)[C@H]1C(=O)C(C(=O)NCN2CCCC2)=C(O)[C@@]2(O)C(=O)C3=C(O)c4c(O)cccc4[C@@](C)(O)[C@H]3C[C@@H]12
5779,0,CN(C)[C@H]1C(=O)C(C(N)=O)=C(O)[C@@]2(O)C(=O)C3=C(O)c4c(O)ccc(Cl)c4[C@@](C)(O)[C@H]3C[C@@H]12,CN(C)[C@H]1C(=O)C(C(N)=O)=C(O)[C@@]2(O)C(=O)C3=C(O)c4c(O)ccc(Cl)c4[C@@](C)(O)[C@H]3C[C@@H]12
5780,0,CN(C)[C@H]1C(=O)C(C(N)=O)=C(O)[C@@]2(O)C(=O)C3=C(O)c4c(O)ccc(Cl)c4[C@H](O)[C@H]3C[C@@H]12,CN(C)[C@H]1C(=O)C(C(N)=O)=C(O)[C@@]2(O)C(=O)C3=C(O)c4c(O)ccc(Cl)c4[C@H](O)[C@H]3C[C@@H]12
5781,1,CN(C)[C@H]1C(=O)C(C(N)=O)=C(O)[C@@]2(O)C(=O)C3=C(O)c4c(O)cccc4[C@@](C)(O)[C@@H]3[C@H](O)[C@@H]12,CN(C)[C@H]1C(=O)C(C(N)=O)=C(O)[C@@]2(O)C(=O)C3=C(O)c4c(O)cccc4[C@@](C)(O)[C@@H]3[C@H](O)[C@@H]12
5782,0,CN(C)[C@H]1C(O)=C(C(=O)NCN2CCC[C@H](C(=O)O)C2)C(=O)[C@@]2(O)C(O)=C3C(=O)c4c(O)cccc4[C@@](C)(O)[C@H]3C[C@@H]12,CN(C)[C@H]1C(O)=C(C(=O)NCN2CCC[C@H](C(=O)O)C2)C(=O)[C@@]2(O)C(O)=C3C(=O)c4c(O)cccc4[C@@](C)(O)[C@H]3C[C@@H]12
5783,0,CN(C)[C@H]1C(O)=C(C(=O)NCN2CCN(C(=N)NC(=N)N)CC2)C(=O)[C@@]2(O)C(O)=C3C(=O)c4c(O)cccc4[C@@](C)(O)[C@H]3C[C@@H]12,CN(C)[C@H]1C(O)=C(C(=O)NCN2CCN(C(=N)NC(=N)N)CC2)C(=O)[C@@]2(O)C(O)=C3C(=O)c4c(O)cccc4[C@@](C)(O)[C@H]3C[C@@H]12
5784,0,CN(C)[C@H]1C(O)=C(C(=O)NCNCCCC[C@H](N)C(=O)O)C(=O)[C@@]2(O)C(O)=C3C(=O)c4c(O)cccc4[C@@](C)(O)[C@H]3C[C@@H]12,CN(C)[C@H]1C(O)=C(C(=O)NCNCCCC[C@H](N)C(=O)O)C(=O)[C@@]2(O)C(O)=C3C(=O)c4c(O)cccc4[C@@](C)(O)[C@H]3C[C@@H]12
5785,0,CN(C)[C@H]1C(O)=C(C(=O)NCN[C@@H](C(=O)N[C@H]2C(=O)N3[C@H]2SC(C)(C)[C@H]3C(=O)O)c2ccccc2)C(=O)[C@@]2(O)C(O)=C3C(=O)c4c(O)cccc4[C@@](C)(O)[C@H]3C[C@@H]12,CN(C)[C@H]1C(O)=C(C(=O)NCN[C@@H](C(=O)N[C@H]2C(=O)N3[C@H]2SC(C)(C)[C@H]3C(=O)O)c2ccccc2)C(=O)[C@@]2(O)C(O)=C3C(=O)c4c(O)cccc4[C@@](C)(O)[C@H]3C[C@@H]12
5786,0,CN(C)[C@H]1C(O)=C(C(=O)NCO)C(=O)[C@@]2(O)C(O)=C3C(=O)c4c(O)ccc(Cl)c4[C@@](C)(O)[C@H]3C[C@@H]12,CN(C)[C@H]1C(O)=C(C(=O)NCO)C(=O)[C@@]2(O)C(O)=C3C(=O)c4c(O)ccc(Cl)c4[C@@](C)(O)[C@H]3C[C@@H]12
5787,0,CN(C)[C@H]1C(O)=C(C(N)=O)C(=O)[C@@]2(O)C(O)=C3C(=O)c4c(O)ccc([N+](=O)[O-])c4C[C@H]3C[C@@H]12,CN(C)[C@H]1C(O)=C(C(N)=O)C(=O)[C@@]2(O)C(O)=C3C(=O)c4c(O)ccc([N+](=O)[O-])c4C[C@H]3C[C@@H]12
5788,0,CN(C)[C@H]1C(O)=C(C(N)=O)C(=O)[C@@]2(O)C(O)=C3C(=O)c4c(O)cccc4[C@H](O)[C@H]3C[C@@H]12,CN(C)[C@H]1C(O)=C(C(N)=O)C(=O)[C@@]2(O)C(O)=C3C(=O)c4c(O)cccc4[C@H](O)[C@H]3C[C@@H]12
5789,0,CN(C)[C@H]1C(O)=C(C(N)=O)C(=O)[C@@]2(O)C(O)=C3C(=O)c4c(ccc(N)c4O)C[C@H]3C[C@@H]12,CN(C)[C@H]1C(O)=C(C(N)=O)C(=O)[C@@]2(O)C(O)=C3C(=O)c4c(ccc(N)c4O)C[C@H]3C[C@@H]12
5790,0,CN(CCN(C)CNC(=O)C1=C(O)[C@H](N(C)C)[C@@H]2C[C@H]3C(=C(O)[C@]2(O)C1=O)C(=O)c1c(O)cccc1[C@@]3(C)O)CNC(=O)C1=C(O)[C@@H](N(C)C)[C@H]2C[C@H]3C(=C(O)[C@@]2(O)C1=O)C(=O)c1c(O)cccc1[C@@]3(C)O,CN(CCN(C)CNC(=O)C1=C(O)[C@H](N(C)C)[C@@H]2C[C@H]3C(=C(O)[C@]2(O)C1=O)C(=O)c1c(O)cccc1[C@@]3(C)O)CNC(=O)C1=C(O)[C@@H](N(C)C)[C@H]2C[C@H]3C(=C(O)[C@@]2(O)C1=O)C(=O)c1c(O)cccc1[C@@]3(C)O
5791,0,CN(N=O)C(=O)N[C@H]1[C@@H](O)O[C@@H](CO)[C@@H](O)[C@H]1O,CN(N=O)C(=O)N[C@@H]1[C@H](O)[C@H](O)[C@H](CO)O[C@@H]1O
5792,1,CN1C(=O)C[C@](C)(c2ccccc2)C1=O,CN1C(=O)C[C@](C)(c2ccccc2)C1=O
5793,1,CN1C(=O)NC(=O)[C@](C)(C2=CCCCC2)C1=O,CN1C(=O)NC(=O)[C@](C)(C2=CCCCC2)C1=O
5794,1,CN1C(=O)[C@@H](O)N=C(c2ccccc2Cl)c2cc(Cl)ccc21,CN1C(=O)[C@@H](O)N=C(c2ccccc2Cl)c2cc(Cl)ccc21
5795,1,CN1C(C(=O)Nc2ccccn2)=C(O)c2sc(Cl)cc2S1(=O)=O,CN1C(C(=O)Nc2ccccn2)=C(O)c2sc(Cl)cc2S1(=O)=O
5796,1,CN1C(C(=O)Nc2ccccn2)=Cc2sccc2S1(=O)=O,CN1C(C(=O)Nc2ccccn2)=Cc2sccc2S1(=O)=O
5797,1,CN1C(C(=O)Nc2nccs2)=C(O)c2ccccc2S1(=O)=O,CN1C(C(=O)Nc2nccs2)=C(O)c2ccccc2S1(=O)=O
5798,1,CN1CCC[C@@H](N2N[C@@H](Cc3ccc(Cl)cc3)c3ccccc3C2=O)CC1,CN1CCC[C@@H](N2N[C@@H](Cc3ccc(Cl)cc3)c3ccccc3C2=O)CC1
5799,1,CN1CCN(CC(=O)[C@@]2(O)CC[C@H]3[C@H]4CCC5=CC(=O)C=C[C@@]5(C)[C@H]4[C@H](O)C[C@]32C)CC1,CN1CCN(CC(=O)[C@@]2(O)CC[C@H]3[C@H]4CCC5=CC(=O)C=C[C@@]5(C)[C@H]4[C@H](O)C[C@]32C)CC1
5800,1,CN1CC[C@@]23CCCC[C@H]2[C@H]1Cc1ccc(O)cc13,CN1CC[C@@]23CCCC[C@H]2[C@H]1Cc1ccc(O)cc13
5801,1,CN1CC[C@@]23c4c5ccc(O)c4O[C@@]2(C)C(=O)CC[C@H]3[C@H]1C5,CN1CC[C@@]23c4c5ccc(O)c4O[C@@]2(C)C(=O)CC[C@H]3[C@H]1C5
5802,1,CN1CC[C@@]23c4c5ccc(O)c4O[C@H]2C(=O)CC[C@@]3(O)[C@H]1C5,CN1CC[C@@]23c4c5ccc(O)c4O[C@H]2C(=O)CC[C@@]3(O)[C@H]1C5
5803,1,CN1CC[C@@]23c4c5ccc(O)c4O[C@H]2[C@@H](O)C=C[C@@H]3[C@@H]1C5,CN1CC[C@@]23c4c5ccc(O)c4O[C@H]2[C@@H](O)C=C[C@@H]3[C@@H]1C5
5804,1,CN1CC[C@](C)(CN2c3ccccc3Sc3ccccc32)C1,CN1CC[C@](C)(CN2c3ccccc3Sc3ccccc32)C1
5805,1,CN1CC[C@]23c4c5ccc(O)c4O[C@@H]2CCC[C@@H]3[C@@H]1C5,CN1CC[C@]23c4c5ccc(O)c4O[C@@H]2CCC[C@@H]3[C@@H]1C5
5806,1,CN1CCc2cc(Cl)c(O)cc2[C@H](c2cc(Br)cc3c2OCC3)C1,CN1CCc2cc(Cl)c(O)cc2[C@H](c2cc(Br)cc3c2OCC3)C1
5807,1,CN1C[C@@H](C(=O)N[C@]2(C)O[C@@]3(O)[C@@H]4CCCN4C(=O)[C@@H](Cc4ccccc4)N3C2=O)C=C2c3cccc4[nH]cc(c34)C[C@@H]21,CN1C[C@@H](C(=O)N[C@]2(C)O[C@@]3(O)[C@@H]4CCCN4C(=O)[C@@H](Cc4ccccc4)N3C2=O)C=C2c3cccc4[nH]cc(c34)C[C@@H]21
5808,1,CN1C[C@@H](C(=O)N[C@]2(C)O[C@@]3(O)[C@@H]4CCCN4C(=O)[C@@H](Cc4ccccc4)N3C2=O)C[C@@H]2c3cccc4[nH]cc(c34)C[C@@H]21,CN1C[C@@H](C(=O)N[C@]2(C)O[C@@]3(O)[C@@H]4CCCN4C(=O)[C@@H](Cc4ccccc4)N3C2=O)C[C@@H]2c3cccc4[nH]cc(c34)C[C@@H]21
5809,1,CN1C[C@@H](CSc2ccccn2)C=C2c3cccc4[nH]cc(c34)C[C@H]21,CN1C[C@@H](CSc2ccccn2)C=C2c3cccc4[nH]cc(c34)C[C@H]21
5810,1,CN1C[C@H](NS(=O)(=O)N(C)C)C[C@H]2c3cccc4c3c(cn4C)C[C@H]21,CN1C[C@H](NS(=O)(=O)N(C)C)C[C@H]2c3cccc4c3c(cn4C)C[C@H]21
5811,1,CN1C[C@H]2Cc3ccc(Cl)cc3[C@@H](c3ccccc3)[C@H]2C1,CN1C[C@H]2Cc3ccc(Cl)cc3[C@@H](c3ccccc3)[C@H]2C1
5812,1,CN1[C@H](CSCC(F)(F)F)Nc2cc(Cl)c(S(N)(=O)=O)cc2S1(=O)=O,CN1[C@H](CSCC(F)(F)F)Nc2cc(Cl)c(S(N)(=O)=O)cc2S1(=O)=O
5813,1,CN1[C@H]2CC(OC(=O)[C@@H](CO)c3ccccc3)C[C@@H]1[C@@H]1O[C@H]12,CN1[C@@H]2CC(OC(=O)[C@@H](CO)c3ccccc3)C[C@H]1[C@@H]1O[C@H]12
5814,1,CN1[C@H]2CC[C@H]1CC(OC(=O)[C@@H](CO)c1ccccc1)C2,CN1[C@H]2CC[C@H]1CC(OC(=O)[C@@H](CO)c1ccccc1)C2
5815,1,CN1c2ccccc2N(CCCCCCC(=O)O)c2ccc(Cl)cc2S1(=O)=O,CN1c2ccccc2N(CCCCCCC(=O)O)c2ccc(Cl)cc2S1(=O)=O
5816,0,CNC(=O)C[C@H](N)C(=O)N[C@@H](C(=O)N[C@H]1C(=O)N2[C@H]1SC(C)(C)[C@H]2C(=O)O)c1ccc(O)cc1,CNC(=O)C[C@H](N)C(=O)N[C@@H](C(=O)N[C@H]1C(=O)N2[C@H]1SC(C)(C)[C@H]2C(=O)O)c1ccc(O)cc1
5817,1,CNC(=O)O[C@H]1OC(=O)[C@H]2[C@@H]3C=C[C@H](C3)[C@H]21,CNC(=O)O[C@H]1OC(=O)[C@@H]2[C@H]1[C@@H]1C=C[C@@H]2C1
5818,1,CNCCC[C@]1(c2ccccc2)SC(C)(C)c2ccccc21,CNCCC[C@]1(c2ccccc2)SC(C)(C)c2ccccc21
5819,1,CNCC[C@@H](Oc1ccccc1OC)c1ccccc1,CNCC[C@@H](Oc1ccccc1OC)c1ccccc1
5820,0,CNCC[C@H](O)[C@H]1C[C@H](SC2=C(C(=O)O)N3C(=O)[C@H]([C@@H](C)O)[C@H]3[C@@H]2C)CN1,CNCC[C@H](O)[C@H]1C[C@H](SC2=C(C(=O)O)N3C(=O)[C@H]([C@@H](C)O)[C@H]3[C@@H]2C)CN1
5821,1,CNS(=O)(=O)CCc1ccc2[nH]c(C3CCN(C)CC3)cc2c1,CNS(=O)(=O)CCc1ccc2[nH]c(C3CCN(C)CC3)cc2c1
5822,0,CN[C@@H](C)[C@H]1CC[C@H](N)[C@H](O[C@H]2[C@@H](N)C[C@H](N)[C@H](O[C@@H]3OC[C@@](C)(O)[C@@H](NC)[C@@H]3O)[C@H]2O)O1,CN[C@@H](C)[C@H]1CC[C@H](N)[C@H](O[C@@H]2[C@H](O)[C@@H](O[C@@H]3OC[C@@](C)(O)[C@@H](NC)[C@@H]3O)[C@@H](N)C[C@@H]2N)O1
5823,0,CN[C@@H]1[C@H](O[C@H]2O[C@@H](CO)[C@H](N)[C@H](O)[C@@H]2O)O[C@@H]2C[C@@H](N)[C@H](O[C@@H]3[C@@H](O)[C@@H](O)[C@@H](N)C[C@H]3N)O[C@@H]2[C@H]1O,CN[C@@H]1[C@H](O[C@H]2O[C@@H](CO)[C@H](N)[C@H](O)[C@@H]2O)O[C@@H]2C[C@@H](N)[C@H](O[C@@H]3[C@@H](O)[C@@H](O)[C@@H](N)C[C@H]3N)O[C@@H]2[C@H]1O
5824,0,CN[C@@H]1[C@H](O[C@H]2[C@@H](O[C@H]3[C@@H](O)[C@@H](O)[C@@H](NC(=N)N)[C@@H](O)[C@@H]3NC(=N)N)O[C@@H](C)[C@@]2(O)C=O)O[C@@H](CO)[C@@H](O)[C@H]1O,CN[C@@H]1[C@H](O[C@H]2[C@@H](O[C@H]3[C@@H](O)[C@@H](O)[C@@H](NC(=N)N)[C@@H](O)[C@@H]3NC(=N)N)O[C@@H](C)[C@@]2(O)C=O)O[C@@H](CO)[C@@H](O)[C@H]1O
5825,0,CN[C@@H]1[C@H](O[C@H]2[C@H](O[C@@H]3[C@H](NC(=N)N)[C@@H](O)[C@H](NC(=N)N)[C@@H](O)[C@H]3O)O[C@H](C)[C@@]2(O)C=O)O[C@H](CO)[C@@H](O)[C@H]1O,CN[C@@H]1[C@H](O[C@H]2[C@H](O[C@H]3[C@H](O)[C@H](O)[C@@H](NC(=N)N)[C@H](O)[C@H]3NC(=N)N)O[C@H](C)[C@@]2(O)C=O)O[C@H](CO)[C@@H](O)[C@H]1O
5826,0,CN[C@@H]1[C@H](O[C@H]2[C@H](O[C@@H]3[C@H](NC(=N)N)[C@@H](O)[C@H](NC(=N)N)[C@@H](O)[C@H]3O)O[C@H](C)[C@@]2(O)CO)O[C@H](CO)[C@@H](O)[C@H]1O,CN[C@@H]1[C@H](O[C@H]2[C@H](O[C@H]3[C@H](O)[C@H](O)[C@@H](NC(=N)N)[C@H](O)[C@H]3NC(=N)N)O[C@H](C)[C@@]2(O)CO)O[C@H](CO)[C@@H](O)[C@H]1O
5827,0,CN[C@H](C)C(=O)c1ccc(OC)cc1,CN[C@H](C)C(=O)c1ccc(OC)cc1
5828,0,CN[C@H](C)[C@H](O)c1ccc(O)cc1,CN[C@H](C)[C@H](O)c1ccc(O)cc1
5829,0,CN[C@H]1[C@H](O)[C@H](O[C@@H]2[C@@H](O)[C@H](O[C@H]3OC(CN)=CC[C@@H]3N)[C@@H](N)C[C@H]2N)OC[C@@]1(C)O,CN[C@H]1[C@H](O)[C@H](O[C@@H]2[C@@H](O)[C@H](O[C@H]3OC(CN)=CC[C@@H]3N)[C@@H](N)C[C@H]2N)OC[C@@]1(C)O
5830,0,CN[C@H]1[C@H](O)[C@H](O[C@@H]2[C@@H](O)[C@H](O[C@H]3O[C@@H](CN)CC[C@@H]3N)[C@@H](N)C[C@H]2N)OC[C@@]1(C)O,CN[C@H]1[C@H](O)[C@H](O[C@@H]2[C@@H](O)[C@H](O[C@H]3O[C@@H](CN)CC[C@@H]3N)[C@@H](N)C[C@H]2N)OC[C@@]1(C)O
5831,0,CN[C@H]1[C@H](O)[C@H](O[C@@H]2[C@@H](O)[C@H](O[C@H]3O[C@@H](CN)[C@H](O)[C@H](O)[C@@H]3O)[C@@H](N)C[C@H]2NC(=O)[C@H](O)CN)OC[C@@]1(C)O,CN[C@H]1[C@H](O)[C@H](O[C@@H]2[C@@H](O)[C@H](O[C@H]3O[C@@H](CN)[C@H](O)[C@H](O)[C@@H]3O)[C@@H](N)C[C@H]2NC(=O)[C@H](O)CN)OC[C@@]1(C)O
5832,1,CNc1cc(OC)c(C(=O)N[C@H]2CCN(Cc3ccccc3)[C@@H]2C)cc1Cl,CNc1cc(OC)c(C(=O)N[C@H]2CCN(Cc3ccccc3)[C@@H]2C)cc1Cl
5833,0,CO/N=C(/C(=O)N[C@H]1C(=O)N(OCC(=O)O)[C@@H]1C)c1csc(N)n1,CO/N=C(/C(=O)N[C@H]1C(=O)N(OCC(=O)O)[C@@H]1C)c1csc(N)n1
5834,0,CO/N=C(/C(=O)N[C@H]1C(=O)N2C(C(=O)O)=C(C=CSc3n[nH]c(=O)c(=O)n3CC=O)CS[C@@H]12)c1csc(N)n1,CO/N=C(/C(=O)N[C@H]1C(=O)N2C(C(=O)O)=C(C=CSc3n[nH]c(=O)c(=O)n3CC=O)CS[C@@H]12)c1csc(N)n1
5835,0,CO/N=C(/C(=O)N[C@H]1C(=O)N2C(C(=O)O)=C(C=Cc3scnc3C)CS[C@@H]12)c1csc(N)n1,CO/N=C(/C(=O)N[C@H]1C(=O)N2C(C(=O)O)=C(C=Cc3scnc3C)CS[C@@H]12)c1csc(N)n1
5836,0,CO/N=C(/C(=O)N[C@H]1C(=O)N2C(C(=O)O)=C(COC(C)=O)CS[C@@H]12)c1ccco1,CO/N=C(/C(=O)N[C@H]1C(=O)N2C(C(=O)O)=C(COC(C)=O)CS[C@@H]12)c1ccco1
5837,0,CO/N=C(/C(=O)N[C@H]1C(=O)N2C(C(=O)O)=C(COC(C)=O)C[S+]([O-])[C@@H]12)c1csc(N)n1,CO/N=C(/C(=O)N[C@H]1C(=O)N2C(C(=O)O)=C(COC(C)=O)C[S+]([O-])[C@@H]12)c1csc(N)n1
5838,1,CO/N=C(\C#N)[C@H]1CN2CCC1CC2,CO/N=C(\C#N)[C@H]1CN2CCC1CC2
5839,0,CO/N=C(\C(=O)N[C@@H]1C(=O)N2C(C(=O)O)=C(C[n+]3ccccc3)CS[C@@H]12)c1csc(N)n1,CO/N=C(\C(=O)N[C@@H]1C(=O)N2C(C(=O)O)=C(C[n+]3ccccc3)CS[C@@H]12)c1csc(N)n1
5840,0,CO/N=C(\C(=O)N[C@H]1C(=O)N(OCC(=O)OCC(=O)OC(C)(C)C)[C@@H]1C)c1csc(N)n1,CO/N=C(\C(=O)N[C@H]1C(=O)N(OCC(=O)OCC(=O)OC(C)(C)C)[C@@H]1C)c1csc(N)n1
5841,0,CO/N=C(\C(=O)N[C@H]1C(=O)N2C(C(=O)O)=C(COC(C)=O)CS[C@@H]12)c1csc(N)n1,CO/N=C(\C(=O)N[C@H]1C(=O)N2C(C(=O)O)=C(COC(C)=O)CS[C@@H]12)c1csc(N)n1
5842,0,CO/N=C(\C(=O)N[C@H]1C(=O)N2C(C(=O)O)=C(CSC(=O)c3ccco3)CS[C@@H]12)c1csc(N)n1,CO/N=C(\C(=O)N[C@H]1C(=O)N2C(C(=O)O)=C(CSC(=O)c3ccco3)CS[C@@H]12)c1csc(N)n1
5843,0,CO/N=C(\C(=O)N[C@H]1C(=O)N2C(C(=O)O)=C(CSc3nc(=O)c(=O)[nH]n3C)CS[C@@H]12)c1csc(N)n1,CO/N=C(\C(=O)N[C@H]1C(=O)N2C(C(=O)O)=C(CSc3nc(=O)c(=O)[nH]n3C)CS[C@@H]12)c1csc(N)n1
5844,0,CO/N=C(\C(=O)N[C@H]1C(=O)N2C(C(=O)O)=C(CSc3nnnn3C)CS[C@@H]12)c1csc(N)n1,CO/N=C(\C(=O)N[C@H]1C(=O)N2C(C(=O)O)=C(CSc3nnnn3C)CS[C@@H]12)c1csc(N)n1
5845,0,CO/N=C(\C(=O)N[C@H]1C(=O)N2C(C(=O)O)=C(Cn3nnc(C)n3)CS[C@@H]12)c1csc(N)n1,CO/N=C(\C(=O)N[C@H]1C(=O)N2C(C(=O)O)=C(Cn3nnc(C)n3)CS[C@@H]12)c1csc(N)n1
5846,0,CO/N=C(\C(=O)N[C@H]1C(=O)N2C(C(=O)O)=CCS[C@@H]12)c1csc(N)n1,CO/N=C(\C(=O)N[C@H]1C(=O)N2C(C(=O)O)=CCS[C@@H]12)c1csc(N)n1
5847,0,CO/N=C(\C(=O)N[C@H]1C(=O)N2C(C(=O)O[C@H](C)OC(C)=O)=C(COC(N)=O)CS[C@@H]12)c1ccco1,CO/N=C(\C(=O)N[C@H]1C(=O)N2C(C(=O)O[C@H](C)OC(C)=O)=C(COC(N)=O)CS[C@@H]12)c1ccco1
5848,1,COC(=O)C1=C(C#N)NC(C)=C(C(=O)OC(C)C)[C@H]1c1cccc([N+](=O)[O-])c1,COC(=O)C1=C(C#N)NC(C)=C(C(=O)OC(C)C)[C@H]1c1cccc([N+](=O)[O-])c1
5849,1,COC(=O)C1=C(C)NC(C)=C(C(=O)OC(C)C)[C@H]1c1cccc2nonc12,COC(=O)C1=C(C)NC(C)=C(C(=O)OC(C)C)[C@H]1c1cccc2nonc12
5850,1,COC(=O)C1=C(C)NC(C)=C(C(=O)OCC(C)C)[C@H]1c1ccccc1[N+](=O)[O-],COC(=O)C1=C(C)NC(C)=C(C(=O)OCC(C)C)[C@H]1c1ccccc1[N+](=O)[O-]
5851,1,COC(=O)C1=C(C)NC(C)=C(OC(C)=O)[C@H]1c1ccccc1[N+](=O)[O-],COC(=O)C1=C(C)NC(C)=C(OC(C)=O)[C@H]1c1ccccc1[N+](=O)[O-]
5852,1,COC(=O)[C@@H](c1ccccc1)[C@H]1CCCCN1,COC(=O)[C@@H](c1ccccc1)[C@H]1CCCCN1
5853,1,COC(=O)[C@@H]1[C@@H]2C[C@@H]3c4[nH]c5ccccc5c4CCN3C[C@@H]2C[C@@H](OC(=O)c2cc(OC)c(OC)c(OC)c2)[C@@H]1OC,COC(=O)[C@@H]1[C@@H]2C[C@@H]3c4[nH]c5ccccc5c4CCN3C[C@@H]2C[C@@H](OC(=O)c2cc(OC)c(OC)c(OC)c2)[C@@H]1OC
5854,1,COC(=O)[C@H](c1ccccc1)[C@@H]1CCCCN1,COC(=O)[C@H](c1ccccc1)[C@@H]1CCCCN1
5855,1,COC(=O)c1c(C)cc([N+](=O)[O-])c(C(=O)OCCN(C)Cc2ccccc2)c1C1C=C(C)NC(C)=C1,COC(=O)c1c(C)cc([N+](=O)[O-])c(C(=O)OCCN(C)Cc2ccccc2)c1C1C=C(C)NC(C)=C1
5856,1,COC(OC)C(=O)[C@@]12OC(C)(C)O[C@H]1C[C@H]1[C@H]3C[C@H](F)C4=CC(=O)C=C[C@@]4(C)[C@@]3(F)[C@H](O)C[C@]12C,COC(OC)C(=O)[C@@]12OC(C)(C)O[C@H]1C[C@H]1[C@H]3C[C@H](F)C4=CC(=O)C=C[C@@]4(C)[C@@]3(F)[C@H](O)C[C@]12C
5857,1,COC1=CC(=O)O[C@H]1[C@H](O)c1ccccc1Cl,COC1=CC(=O)O[C@H]1[C@H](O)c1ccccc1Cl
5858,0,COCC(=O)O[C@@]1(CCN(C)CCCc2nc3ccccc3[nH]2)CCc2cc(F)ccc2[C@H]1C(C)C,COCC(=O)O[C@@]1(CCN(C)CCCc2nc3ccccc3[nH]2)CCc2cc(F)ccc2[C@H]1C(C)C
5859,0,COCC1=C(C(=O)O)N2C(=O)[C@@H](NC(=O)C(=NO)c3csc(N)n3)[C@H]2SC1,COCC1=C(C(=O)O)N2C(=O)[C@@H](NC(=O)C(=NO)c3csc(N)n3)[C@H]2SC1
5860,0,COCC1=C(C(=O)O)N2C(=O)[C@@H](NC(=O)C(=NOC)c3csc(N)n3)[C@H]2SC1,COCC1=C(C(=O)O)N2C(=O)[C@@H](NC(=O)C(=NOC)c3csc(N)n3)[C@H]2SC1
5861,1,COCC1=C(C(=O)O[C@H](C)OC(=O)OC(C)C)N2C(=O)[C@H](NC(=O)C(=NOC)c3csc(N)n3)[C@@H]2SC1,COCC1=C(C(=O)O[C@H](C)OC(=O)OC(C)C)N2C(=O)[C@H](NC(=O)C(=NOC)c3csc(N)n3)[C@@H]2SC1
5862,1,COCCN1CC[C@@]23c4c5ccc(O)c4O[C@H]2C(=O)CC[C@@]3(O)[C@H]1C5,COCCN1CC[C@@]23c4c5ccc(O)c4O[C@H]2C(=O)CC[C@@]3(O)[C@H]1C5
5863,1,COC[C@H]1CN(c2ccc(OCC[C@H](O)C(F)(F)F)cc2)C(=O)O1,COC[C@H]1CN(c2ccc(OCC[C@H](O)C(F)(F)F)cc2)C(=O)O1
5864,0,CON=C(C(=O)N[C@H]1C(=O)N2C(C(=O)O)=C(CSc3nc(C)c(CC(=O)O)s3)CS[C@@H]12)c1csc(N)n1,CON=C(C(=O)N[C@H]1C(=O)N2C(C(=O)O)=C(CSc3nc(C)c(CC(=O)O)s3)CS[C@@H]12)c1csc(N)n1
5865,0,CO[C@@H](C(=O)N[C@H]1C(=O)N2[C@H]1SC(C)(C)[C@H]2C(=O)O)c1ccc(Cl)c(Cl)c1,CO[C@@H](C(=O)N[C@H]1C(=O)N2[C@H]1SC(C)(C)[C@H]2C(=O)O)c1ccc(Cl)c(Cl)c1
5866,1,CO[C@@]1(F)C(F)(F)[C@@]1(F)Cl,CO[C@@]1(F)C(F)(F)[C@@]1(F)Cl
5867,0,CO[C@@]1(NC(=O)C2SC(=C(C#N)C(=O)O)S2)C(=O)N2C(C(=O)O)=C(CSc3nnnn3C)CS[C@H]21,CO[C@@]1(NC(=O)C2SC(=C(C#N)C(=O)O)S2)C(=O)N2C(C(=O)O)=C(CSc3nnnn3C)CS[C@H]21
5868,0,CO[C@@]1(NC(=O)C2SC(=C(C(N)=O)C(=O)O)S2)C(=O)N2C(C(=O)O)=C(CSc3nnnn3C)CS[C@H]21,CO[C@@]1(NC(=O)C2SC(=C(C(N)=O)C(=O)O)S2)C(=O)N2C(C(=O)O)=C(CSc3nnnn3C)CS[C@H]21
5869,0,CO[C@@]1(NC(=O)CSC[C@H](N)C(=O)O)C(=O)N2C(C(=O)O)=C(CSc3nnnn3C)CS[C@H]21,CO[C@@]1(NC(=O)CSC[C@H](N)C(=O)O)C(=O)N2C(C(=O)O)=C(CSc3nnnn3C)CS[C@H]21
5870,0,CO[C@@]1(NC(=O)Cc2cccs2)C(=O)N2C(C(=O)O)=C(COC(N)=O)CS[C@H]21,CO[C@@]1(NC(=O)Cc2cccs2)C(=O)N2C(C(=O)O)=C(COC(N)=O)CS[C@H]21
5871,0,CO[C@@]1(NC(=O)[C@@H](C(=O)O)c2ccsc2)C(=O)N2[C@H]1SC(C)(C)[C@H]2C(=O)O,CO[C@@]1(NC(=O)[C@@H](C(=O)O)c2ccsc2)C(=O)N2[C@H]1SC(C)(C)[C@H]2C(=O)O
5872,1,CO[C@@]12C=C[C@@]3(C[C@H]1C(C)(C)O)[C@H]1Cc4ccc(O)c5c4[C@]3(CCN1CC1CC1)[C@@H]2O5,CO[C@@]12C=C[C@@]3(C[C@H]1C(C)(C)O)[C@H]1Cc4ccc(O)c5c4[C@]3(CCN1CC1CC1)[C@@H]2O5
5873,1,CO[C@@]12CC[C@@]3(C[C@H]1[C@@](C)(O)C(C)(C)C)[C@H]1Cc4ccc(O)c5c4[C@]3(CCN1CC1CC1)[C@@H]2O5,CO[C@@]12CC[C@@]3(C[C@H]1[C@@](C)(O)C(C)(C)C)[C@H]1Cc4ccc(O)c5c4[C@]3(CCN1CC1CC1)[C@@H]2O5
5874,0,CO[C@@]12[C@H](COC(N)=O)C3=C(C(=O)C(C)=C(N)C3=O)N1C[C@H]1N[C@H]12,CO[C@@]12[C@H](COC(N)=O)C3=C(C(=O)C(C)=C(N)C3=O)N1C[C@H]1N[C@H]12
5875,0,CO[C@H]1C=CO[C@@]2(C)Oc3c(C)c(O)c4c(O)c(c(/C=N/N5CCN(C6CCCC6)CC5)c(O)c4c3C2=O)NC(=O)C(C)=CC=C[C@H](C)[C@H](O)[C@H](C)[C@H](O)[C@H](C)[C@@H](OC(C)=O)[C@@H]1C,CO[C@H]1C=CO[C@@]2(C)Oc3c(C)c(O)c4c(O)c(c(/C=N/N5CCN(C6CCCC6)CC5)c(O)c4c3C2=O)NC(=O)C(C)=CC=C[C@H](C)[C@H](O)[C@H](C)[C@H](O)[C@H](C)[C@@H](OC(C)=O)[C@@H]1C
5876,0,CO[C@H]1C=CO[C@@]2(C)Oc3c(C)c(O)c4c(O)c(c5c(nc6cc(C)ccn65)c4c3C2=O)NC(=O)C(C)=CC=C[C@H](C)[C@H](O)[C@H](C)[C@H](O)[C@H](C)[C@@H](OC(C)=O)[C@@H]1C,CO[C@H]1C=CO[C@@]2(C)Oc3c(C)c(O)c4c(O)c(c5c(nc6cc(C)ccn65)c4c3C2=O)NC(=O)C(C)=CC=C[C@H](C)[C@H](O)[C@H](C)[C@H](O)[C@H](C)[C@@H](OC(C)=O)[C@@H]1C
5877,0,CO[C@H]1C=CO[C@@]2(C)Oc3c(C)c(O)c4c(O)c(cc(O)c4c3C2=O)NC(=O)C(C)=CC=C[C@H](C)[C@H](O)[C@H](C)[C@H](O)[C@H](C)[C@@H](OC(C)=O)[C@@H]1C,CO[C@H]1C=CO[C@@]2(C)Oc3c(C)c(O)c4c(O)c(cc(O)c4c3C2=O)NC(=O)C(C)=CC=C[C@H](C)[C@H](O)[C@H](C)[C@H](O)[C@H](C)[C@@H](OC(C)=O)[C@@H]1C
5878,0,CO[C@H]1CCC[C@H]2C1=C(C=O)N1C(=O)[C@H]([C@@H](C)O)[C@@H]21,CO[C@H]1CCC[C@H]2C1=C(C=O)N1C(=O)[C@H]([C@@H](C)O)[C@@H]21
5879,0,CO[C@H]1C[C@H](O[C@@H]2[C@@H](C)C(=O)O[C@@H](C)[C@@H](C)[C@@H](O)[C@@H](C)C(=O)[C@]3(CO3)C[C@@H](C)[C@H](O[C@H]3O[C@H](C)C[C@@H](N(C)C)[C@@H]3O)[C@H]2C)O[C@H](C)[C@@H]1O,CO[C@H]1C[C@H](O[C@H]2[C@H](C)[C@@H](O[C@H]3O[C@H](C)C[C@@H](N(C)C)[C@@H]3O)[C@H](C)C[C@@]3(CO3)C(=O)[C@H](C)[C@H](O)[C@H](C)[C@H](C)OC(=O)[C@@H]2C)O[C@H](C)[C@@H]1O
5880,0,CO[C@H]1C[C@H](O[C@@H]2[C@@H](C)C(=O)O[C@@H](C)[C@@H](C)[C@H](OC(C)=O)[C@@H](C)C(=O)[C@]3(CO3)C[C@@H](C)[C@H](O[C@H]3O[C@H](C)C[C@@H](N(C)C)[C@H]3OC(C)=O)[C@H]2C)O[C@H](C)[C@H]1OC(C)=O,CO[C@H]1C[C@H](O[C@H]2[C@H](C)[C@@H](O[C@H]3O[C@H](C)C[C@@H](N(C)C)[C@H]3OC(C)=O)[C@H](C)C[C@@]3(CO3)C(=O)[C@H](C)[C@@H](OC(C)=O)[C@H](C)[C@H](C)OC(=O)[C@@H]2C)O[C@H](C)[C@H]1OC(C)=O
5881,0,CO[C@H]1C[C@H](O[C@H]2[C@H](C)O[C@H](O[C@H]3C(C)=CC[C@H]4C[C@H](C[C@]5(CC[C@H](C)[C@H](C(C)C)O5)O4)OC(=O)[C@H]4C=C(C)[C@H](O)[C@H]5OCC(=CC=C[C@@H]3C)[C@]45O)C[C@H]2OC)O[C@H](C)[C@@H]1O,CO[C@H]1C[C@H](O[C@H]2[C@H](C)O[C@H](O[C@H]3C(C)=CC[C@H]4C[C@H](C[C@]5(CC[C@H](C)[C@H](C(C)C)O5)O4)OC(=O)[C@H]4C=C(C)[C@H](O)[C@H]5OCC(=CC=C[C@@H]3C)[C@]45O)C[C@H]2OC)O[C@H](C)[C@@H]1O
5882,1,CO[C@H]1O[C@H]2O[C@@]3(CN4CCCCC4)[C@H](O)C[C@@H]([C@@H]2C)[C@@H]13,CO[C@H]1O[C@H]2O[C@]3(CN4CCCCC4)[C@H]1[C@@H](C[C@H]3O)[C@@H]2C
5883,0,CO[C@H]1[C@H](O)CC(=O)O[C@H](C)CC=CC=C[C@@H](O[C@H]2CC[C@@H](N(C)C)[C@H](C)O2)[C@H](C)C[C@@H](CC=O)[C@H]1O[C@H]1O[C@H](C)[C@@H](O[C@H]2C[C@@](C)(O)[C@H](O)[C@H](C)O2)[C@@H](N(C)C)[C@@H]1O,CO[C@@H]1[C@H](O[C@H]2O[C@H](C)[C@@H](O[C@H]3C[C@@](C)(O)[C@H](O)[C@H](C)O3)[C@@H](N(C)C)[C@@H]2O)[C@H](CC=O)C[C@@H](C)[C@H](O[C@H]2CC[C@@H](N(C)C)[C@H](C)O2)C=CC=CC[C@@H](C)OC(=O)C[C@H]1O
5884,0,CO[C@H]1[C@H](O)CC(=O)O[C@H](C)CC=CC=C[C@H](O)[C@H](C)C[C@@H](CC=O)[C@H]1O[C@H]1O[C@H](C)[C@@H](O[C@H]2C[C@@](C)(O)[C@H](O)[C@H](C)O2)[C@@H](N(C)C)[C@@H]1O,CO[C@@H]1[C@H](O[C@H]2O[C@H](C)[C@@H](O[C@H]3C[C@@](C)(O)[C@H](O)[C@H](C)O3)[C@@H](N(C)C)[C@@H]2O)[C@H](CC=O)C[C@@H](C)[C@@H](O)C=CC=CC[C@@H](C)OC(=O)C[C@H]1O
5885,0,CO[C@H]1[C@H](O)[C@H](N)[C@@H](O[C@H]2O[C@H]([C@@H](C)N)CC[C@@H]2N)[C@H](O)[C@H]1N(C)C(=O)CN,CO[C@H]1[C@H](O)[C@H](N)[C@@H](O[C@H]2O[C@H]([C@@H](C)N)CC[C@@H]2N)[C@H](O)[C@H]1N(C)C(=O)CN
5886,0,CO[C@H]1[C@H](OC(C)=O)CC(=O)O[C@H](C)CC=CC=C[C@H](O)[C@H](C)C[C@@H](CC=O)[C@H]1O[C@H]1O[C@H](C)[C@@H](O[C@H]2C[C@@](C)(O)[C@@H](OC(=O)CC(C)C)[C@H](C)O2)[C@@H](N(C)C)[C@@H]1O,CO[C@@H]1[C@H](O[C@H]2O[C@H](C)[C@@H](O[C@H]3C[C@@](C)(O)[C@@H](OC(=O)CC(C)C)[C@H](C)O3)[C@@H](N(C)C)[C@@H]2O)[C@H](CC=O)C[C@@H](C)[C@@H](O)C=CC=CC[C@@H](C)OC(=O)C[C@H]1OC(C)=O
5887,1,COc1c(N2CCN[C@@H](C)C2)c(F)cc2c(=O)c(C(=O)O)cn(C3CC3)c12,COc1c(N2CCN[C@@H](C)C2)c(F)cc2c(=O)c(C(=O)O)cn(C3CC3)c12
5888,1,COc1c2c(cc(F)c1N1C[C@@H]3CCCN[C@@H]3C1)C(=O)C(C(=O)O)=C[C@@H]2NC1CC1,COc1c2c(cc(F)c1N1C[C@@H]3CCCN[C@@H]3C1)C(=O)C(C(=O)O)=C[C@@H]2NC1CC1
5889,1,COc1cc(C)c(/C=C/C(C)=C/C=C/C(C)=CC(=O)O)c(C)c1C,COc1cc(C)c(/C=C/C(C)=C/C=C/C(C)=CC(=O)O)c(C)c1C
5890,1,COc1cc(C)c([S+](C)[O-])cc1OC,COc1cc(C)c([S+](C)[O-])cc1OC
5891,0,COc1cc([C@H]2c3cc4c(cc3[C@@H](O[C@H]3O[C@H]5CO[C@H](c6cccs6)O[C@H]5[C@H](O)[C@@H]3O)[C@H]3COC(=O)[C@@H]23)OCO4)cc(OC)c1OC,COc1cc([C@H]2c3cc4c(cc3[C@@H](O[C@H]3O[C@H]5CO[C@H](c6cccs6)O[C@H]5[C@H](O)[C@@H]3O)[C@H]3COC(=O)[C@@H]23)OCO4)cc(OC)c1OC
5892,0,COc1cc2c3cc1Oc1cc(ccc1O)C[C@@H]1c4c(cc(OC)c(O)c4Oc4ccc(cc4)C[C@@H]3[N+](C)(C)CC2)CC[N+]1(C)C,COc1cc2c3cc1Oc1cc(ccc1O)C[C@@H]1c4c(cc(OC)c(O)c4Oc4ccc(cc4)C[C@@H]3[N+](C)(C)CC2)CC[N+]1(C)C
5893,1,COc1cc2nc(N3CCN(C(=O)[C@@H]4CCCO4)CC3)nc(N)c2cc1OC,COc1cc2nc(N3CCN(C(=O)[C@@H]4CCCO4)CC3)nc(N)c2cc1OC
5894,1,COc1cc2nc(N3CCN(C(=O)[C@@H]4COc5ccccc5O4)CC3)nc(N)c2cc1OC,COc1cc2nc(N3CCN(C(=O)[C@@H]4COc5ccccc5O4)CC3)nc(N)c2cc1OC
5895,0,COc1ccc(-c2cc(=O)c3c(O)cc(O[C@H]4O[C@@H](CO[C@H]5O[C@H](C)[C@H](O)[C@H](O)[C@@H]5O)[C@H](O)[C@H](O)[C@@H]4O)cc3o2)cc1O,COc1ccc(-c2cc(=O)c3c(O)cc(O[C@H]4O[C@@H](CO[C@H]5O[C@H](C)[C@H](O)[C@H](O)[C@@H]5O)[C@H](O)[C@H](O)[C@@H]4O)cc3o2)cc1O
5896,1,COc1ccc(C2(C#N)CCC(C(=O)O)CC2)cc1OC1CCCC1,COc1ccc(C2(C#N)CCC(C(=O)O)CC2)cc1OC1CCCC1
5897,1,COc1ccc(CCN(C)CCC[C@](C#N)(c2cc(OC)c(OC)c(OC)c2)C(C)C)cc1OC,COc1ccc(CCN(C)CCC[C@](C#N)(c2cc(OC)c(OC)c(OC)c2)C(C)C)cc1OC
5898,0,COc1ccc(C[C@H]2c3cc(OC)c(OC)cc3CC[N@@+]2(C)CCC(=O)OCCCCCOC(=O)CC[N@+]2(C)CCc3cc(OC)c(OC)cc3[C@@H]2Cc2ccc(OC)c(OC)c2)cc1OC,COc1ccc(C[C@H]2c3cc(OC)c(OC)cc3CC[N@@+]2(C)CCC(=O)OCCCCCOC(=O)CC[N@+]2(C)CCc3cc(OC)c(OC)cc3[C@@H]2Cc2ccc(OC)c(OC)c2)cc1OC
5899,1,COc1ccc(Cl)c2c1CCC[C@H]2N(C)C,COc1ccc(Cl)c2c1CCC[C@H]2N(C)C
5900,1,COc1ccc(OC[C@H]2CN(C)CC[C@H]2c2ccccc2)cc1,COc1ccc(OC[C@H]2CN(C)CC[C@H]2c2ccccc2)cc1
5901,0,COc1ccc([C@H]2Sc3ccccc3N(CCN(C)C)C(=O)[C@H]2OC(C)=O)cc1,COc1ccc([C@H]2Sc3ccccc3N(CCN(C)C)C(=O)[C@H]2OC(C)=O)cc1
5902,1,COc1ccc2c(c1)N(CC[C@H]1CCCCN1C)c1ccccc1S2,COc1ccc2c(c1)N(CC[C@H]1CCCCN1C)c1ccccc1S2
5903,1,COc1ccc2c(c1)[C@](O)(CCCN(C)C)c1ccccc1S2,COc1ccc2c(c1)[C@](O)(CCCN(C)C)c1ccccc1S2
5904,1,COc1ccc2c(c1)c(CC(=O)O)cn2C(=O)c1ccccc1,COc1ccc2c(c1)c(CC(=O)O)cn2C(=O)c1ccccc1
5905,1,COc1ccc2c(c1OC)C(=O)O[C@H]2[C@@H]1c2c(cc3c(c2OC)OCO3)CCN1C,COc1ccc2c(c1OC)C(=O)O[C@H]2[C@@H]1c2c(cc3c(c2OC)OCO3)CCN1C
5906,1,COc1ccc2c3c([nH]c2c1)[C@H]1C[C@@H]2[C@@H](C[C@@H](OC(=O)c4cc(OC)c(OC)c(OC)c4)[C@H](OC)[C@@H]2OC(C)=O)CN1CC3,COc1ccc2c3c([nH]c2c1)[C@H]1C[C@@H]2[C@@H](C[C@@H](OC(=O)c4cc(OC)c(OC)c(OC)c4)[C@H](OC)[C@@H]2OC(C)=O)CN1CC3
5907,1,COc1ccc2c3c1O[C@@H]1C(=O)CC[C@]4(O)[C@H](C2)N(C)CC[C@@]314,COc1ccc2c3c1O[C@@H]1C(=O)CC[C@]4(O)[C@H](C2)N(C)CC[C@@]314
5908,1,COc1ccc2c3c1O[C@@H]1C[C@@H](O)C=C[C@@]31CCN(C)C2,COc1ccc2c3c1O[C@@H]1C[C@@H](O)C=C[C@@]31CCN(C)C2
5909,1,COc1ccc2c3c1O[C@H]1C(=O)CC[C@@]4(O)[C@@H](C2)N(C)CC[C@@]314,COc1ccc2c3c1O[C@H]1C(=O)CC[C@@]4(O)[C@@H](C2)N(C)CC[C@@]314
5910,1,COc1ccc2c3c1O[C@H]1C(=O)CC[C@H]4[C@@H](C2)N(C)CC[C@@]314,COc1ccc2c3c1O[C@H]1C(=O)CC[C@H]4[C@@H](C2)N(C)CC[C@@]314
5911,1,COc1ccc2c3c1O[C@H]1C(OC(C)=O)=CC[C@H]4[C@@H](C2)N(C)CC[C@@]314,COc1ccc2c3c1O[C@H]1C(OC(C)=O)=CC[C@H]4[C@@H](C2)N(C)CC[C@@]314
5912,1,COc1ccc2c3c1O[C@H]1[C@@H](O)C=C[C@@H]4[C@H](C2)N(C)CC[C@]341,COc1ccc2c3c1O[C@H]1[C@@H](O)C=C[C@@H]4[C@H](C2)N(C)CC[C@]341
5913,1,COc1ccc2c3c1O[C@H]1[C@H](O)C=C[C@H]4[C@@H](C2)N(C)CC[C@]341,COc1ccc2c3c1O[C@H]1[C@H](O)C=C[C@H]4[C@@H](C2)N(C)CC[C@]341
5914,1,COc1ccc2c3c1O[C@H]1[C@H](O)C=C[C@H]4[C@@H](C2)NCC[C@]341,COc1ccc2c3c1O[C@H]1[C@H](O)C=C[C@H]4[C@@H](C2)NCC[C@]341
5915,1,COc1ccc2c3c1O[C@H]1[C@H](O)CC[C@H]4[C@@H](C2)N(C)CC[C@]341,COc1ccc2c3c1O[C@H]1[C@H](O)CC[C@H]4[C@@H](C2)N(C)CC[C@]341
5916,1,COc1ccc2c3c1O[C@H]1[C@H](OC(=O)c4cccnc4)CC[C@H]4[C@@H](C2)N(C)CC[C@]341,COc1ccc2c3c1O[C@H]1[C@H](OC(=O)c4cccnc4)CC[C@H]4[C@@H](C2)N(C)CC[C@]341
5917,1,COc1cccc(C(=O)CCN[C@@H](C)[C@@H](O)c2ccccc2)c1,COc1cccc(C(=O)CCN[C@@H](C)[C@@H](O)c2ccccc2)c1
5918,1,COc1cccc(C[C@H](C)N)c1,COc1cccc(C[C@H](C)N)c1
5919,1,COc1cccc([C@@]2(O)CCCC[C@H]2CN(C)C)c1,COc1cccc([C@@]2(O)CCCC[C@H]2CN(C)C)c1
5920,0,COc1cccc2c1C(=O)c1c(O)c3c(c(O)c1C2=O)C[C@](O)(C(=O)CO)C[C@H]3O[C@H]1C[C@@H](NC(=O)[C@H](N)CC(C)C)[C@H](O)[C@H](C)O1,COc1cccc2c1C(=O)c1c(O)c3c(c(O)c1C2=O)C[C@](O)(C(=O)CO)C[C@H]3O[C@H]1C[C@@H](NC(=O)[C@H](N)CC(C)C)[C@H](O)[C@H](C)O1
5921,0,COc1cccc2c1C(=O)c1c(O)c3c(c(O)c1C2=O)C[C@](O)(C(=O)CO)C[C@H]3O[C@H]1C[C@H](N)C[C@H](C)O1,COc1cccc2c1C(=O)c1c(O)c3c(c(O)c1C2=O)C[C@](O)(C(=O)CO)C[C@H]3O[C@H]1C[C@H](N)C[C@H](C)O1
5922,0,COc1cccc2c1C(=O)c1c(O)c3c(c(O)c1C2=O)C[C@](O)(C(=O)CO)C[C@H]3O[C@H]1C[C@H](N)[C@H](O)[C@H](C)O1,COc1cccc2c1C(=O)c1c(O)c3c(c(O)c1C2=O)C[C@](O)(C(=O)CO)C[C@H]3O[C@H]1C[C@H](N)[C@H](O)[C@H](C)O1
5923,0,COc1cccc2c1C(=O)c1c(O)c3c(c(O)c1C2=O)C[C@](O)(C(C)=NNC(=O)c1ccccc1)C[C@H]3O[C@H]1C[C@H](N)[C@H](O)[C@H](C)O1,COc1cccc2c1C(=O)c1c(O)c3c(c(O)c1C2=O)C[C@](O)(C(C)=NNC(=O)c1ccccc1)C[C@H]3O[C@H]1C[C@H](N)[C@H](O)[C@H](C)O1
5924,0,COc1cccc2c1C(=O)c1c(O)c3c(c(O)c1C2=O)C[C@](O)([C@H](O)CO)C[C@@H]3O,COc1cccc2c1C(=O)c1c(O)c3c(c(O)c1C2=O)C[C@](O)([C@H](O)CO)C[C@@H]3O
5925,1,COc1ccccc1N1CCN(CCCCN2C(=O)[C@H]3C(=O)N(C(C)(C)C)C(=O)[C@@H](C2=O)C3(C)C)CC1,COc1ccccc1N1CCN(CCCCN2C(=O)[C@@H]3C(=O)N(C(C)(C)C)C(=O)[C@H](C2=O)C3(C)C)CC1
5926,1,COc1ccccc1OCCNC[C@@H](O)OCc1cccc2[nH]c3ccccc3c12,COc1ccccc1OCCNC[C@@H](O)OCc1cccc2[nH]c3ccccc3c12
5927,1,COc1nc(C)nc(Cl)c1NC1=NCCN1,COc1nc(C)nc(Cl)c1NC1=NCCN1
5928,1,CS(=O)(=O)c1ccc([C@H](O)[C@@H](CO)NC(=O)C(Cl)Cl)cc1,CS(=O)(=O)c1ccc([C@H](O)[C@@H](CO)NC(=O)C(Cl)Cl)cc1
5929,1,CSC(=O)[C@@]1(O)[C@H](C)C[C@H]2[C@H]3CCC4=CC(=O)C=C[C@@]4(C)[C@@]3(F)[C@H](O)C[C@]21C,CSC(=O)[C@@]1(O)[C@H](C)C[C@H]2[C@H]3CCC4=CC(=O)C=C[C@@]4(C)[C@@]3(F)[C@H](O)C[C@]21C
5930,1,CSC(=O)[C@@]1(OC(C)=O)[C@H](C)C[C@H]2[C@H]3CCC4=CC(=O)C=C[C@@]4(C)[C@@]3(F)[C@H](O)C[C@]21C,CSC(=O)[C@@]1(OC(C)=O)[C@H](C)C[C@H]2[C@H]3CCC4=CC(=O)C=C[C@@]4(C)[C@@]3(F)[C@H](O)C[C@]21C
5931,1,CSc1ccc2c(c1)N(C[C@H](C)CN(C)C)c1ccccc1S2,CSc1ccc2c(c1)N(C[C@H](C)CN(C)C)c1ccccc1S2
5932,1,C[C@@H](Cc1ccc(O)cc1)N[C@@H](O)Cc1cc(O)cc(O)c1,C[C@@H](Cc1ccc(O)cc1)N[C@@H](O)Cc1cc(O)cc(O)c1
5933,1,C[C@@H](Cc1ccccc1)[N@@+](C)([O-])Cc1ccccc1,C[C@@H](Cc1ccccc1)[N@@+](C)([O-])Cc1ccccc1
5934,1,C[C@@H](NC(C)(C)C)C(=O)c1ccc(Cl)cc1,C[C@@H](NC(C)(C)C)C(=O)c1ccc(Cl)cc1
5935,1,C[C@@H](NC(C)(C)C)C(=O)c1cccc(Cl)c1,C[C@@H](NC(C)(C)C)C(=O)c1cccc(Cl)c1
5936,1,C[C@@H](NCCn1cnc2c1c(=O)n(C)c(=O)n2C)[C@H](O)c1ccccc1,C[C@@H](NCCn1cnc2c1c(=O)n(C)c(=O)n2C)[C@H](O)c1ccccc1
5937,1,C[C@@H](NN)c1ccccc1,C[C@@H](NN)c1ccccc1
5938,1,C[C@@H](Oc1cccc2ccccc12)C(N)=NO,C[C@@H](Oc1cccc2ccccc12)C(N)=NO
5939,0,C[C@@H](Oc1ccccc1)C(=O)N[C@H]1C(=O)N2[C@H]1SC(C)(C)[C@H]2C(=O)O,C[C@@H](Oc1ccccc1)C(=O)N[C@H]1C(=O)N2[C@H]1SC(C)(C)[C@H]2C(=O)O
5940,1,C[C@@H]([C@](O)(Cn1cncn1)c1ccc(F)cc1F)S(C)(=O)=O,C[C@@H]([C@](O)(Cn1cncn1)c1ccc(F)cc1F)S(C)(=O)=O
5941,1,C[C@@H]1C[C@@H]2[C@@H]3CCC4=CC(=O)C=C[C@]4(C)[C@]3(F)[C@@H](O)C[C@]2(C)[C@@]1(O)C(=O)CO,C[C@@H]1C[C@@H]2[C@@H]3CCC4=CC(=O)C=C[C@]4(C)[C@]3(F)[C@@H](O)C[C@]2(C)[C@@]1(O)C(=O)CO
5942,0,C[C@@H]1NC(=O)[C@@H](NC(=O)c2ncccc2O)[C@@H](C)OC(=O)[C@H](c2ccccc2)NC(=O)[C@H]2CC(=O)CCN2C(=O)[C@@H](Cc2ccc(N(C)C)cc2)N(C)C(=O)[C@H]2CCCN2C1=O,C[C@@H]1NC(=O)[C@@H](NC(=O)c2ncccc2O)[C@@H](C)OC(=O)[C@H](c2ccccc2)NC(=O)[C@H]2CC(=O)CCN2C(=O)[C@@H](Cc2ccc(N(C)C)cc2)N(C)C(=O)[C@H]2CCCN2C1=O
5943,0,C[C@@H]1OC(=O)C[C@H](O)C[C@H](O)CC[C@@H](O)[C@H](O)C[C@H](O)C[C@@]2(O)C[C@@H](O)[C@@H](C(=O)O)[C@H](C[C@@](O)(O[C@@H]3O[C@@H](C)[C@@H](O)[C@H](N)[C@@H]3O)C=CC=CC=CC=CC=CC=CC=C[C@@H](C)[C@H](O)[C@@H]1C)O2,C[C@H]1[C@@H](O)[C@H](C)C=CC=CC=CC=CC=CC=CC=C[C@](O)(O[C@@H]2O[C@@H](C)[C@@H](O)[C@H](N)[C@@H]2O)C[C@@H]2O[C@@](O)(C[C@@H](O)C[C@@H](O)[C@H](O)CC[C@@H](O)C[C@@H](O)CC(=O)O[C@H]1C)C[C@@H](O)[C@H]2C(=O)O
5944,0,C[C@@H]1O[C@@H](O[C@H]2[C@@H](O)[C@H](O)[C@H](O[C@H]3[C@@H](O)[C@H](O)[C@@H](O)O[C@@H]3CO)O[C@@H]2CO)[C@@H](O)[C@@H](O)[C@@H]1N[C@@H]1C=C(CO)[C@H](O)[C@H](O)[C@H]1O,C[C@@H]1O[C@@H](O[C@H]2[C@@H](O)[C@H](O)[C@H](O[C@H]3[C@@H](O)[C@H](O)[C@@H](O)O[C@@H]3CO)O[C@@H]2CO)[C@@H](O)[C@@H](O)[C@@H]1N[C@@H]1C=C(CO)[C@H](O)[C@H](O)[C@H]1O
5945,0,C[C@@H]1[C@@H](NC(=O)/C(=N/OC(C)(C)C(=O)O)c2csc(N)n2)C(=O)N1S(=O)(=O)O,C[C@@H]1[C@@H](NC(=O)/C(=N/OC(C)(C)C(=O)O)c2csc(N)n2)C(=O)N1S(=O)(=O)O
5946,0,C[C@@H]1[C@H](NC(=O)C(=NOC(C)(C)C(=O)O)c2csc(N)n2)C(=O)N1S(=O)(=O)O,C[C@@H]1[C@H](NC(=O)C(=NOC(C)(C)C(=O)O)c2csc(N)n2)C(=O)N1S(=O)(=O)O
5947,1,C[C@@](O)(CS(=O)(=O)c1ccc(F)cc1)C(=O)Nc1ccc(C#N)c(C(F)(F)F)c1,C[C@@](O)(CS(=O)(=O)c1ccc(F)cc1)C(=O)Nc1ccc(C#N)c(C(F)(F)F)c1
5948,1,C[C@@]12C=CC(=O)C=C1CC[C@@H]1[C@H]2C(=O)C[C@@]2(C)[C@@H]1CC[C@@]2(O)C(=O)CO,C[C@]12CC(=O)[C@@H]3[C@@H](CCC4=CC(=O)C=C[C@]43C)[C@H]1CC[C@@]2(O)C(=O)CO
5949,1,C[C@@]12C=CC(=O)C=C1CC[C@@H]1[C@H]2[C@@H](O)C[C@@]2(C)[C@@H]1CC[C@@]2(O)C(=O)CO,C[C@]12C[C@H](O)[C@@H]3[C@@H](CCC4=CC(=O)C=C[C@]43C)[C@H]1CC[C@@]2(O)C(=O)CO
5950,1,C[C@@]12C=CC(=O)C=C1CC[C@H]1[C@H]2[C@H](O)C[C@]2(C)[C@@H]1CC[C@@]2(O)C(=O)CO,C[C@@]12C=CC(=O)C=C1CC[C@H]1[C@H]2[C@H](O)C[C@]2(C)[C@@H]1CC[C@@]2(O)C(=O)CO
5951,1,C[C@@]12C=CC(=O)C=C1CC[C@H]1[C@H]3C[C@H](O)[C@@](O)(C(=O)CO)[C@]3(C)C[C@H](O)[C@@]12F,C[C@@]12C=CC(=O)C=C1CC[C@H]1[C@H]3C[C@H](O)[C@@](O)(C(=O)CO)[C@]3(C)C[C@H](O)[C@@]12F
5952,1,C[C@@]12C=CC(=O)C=C1[C@@H](F)C[C@H]1[C@H]3C[C@H](O)[C@@](O)(C(=O)CO)[C@]3(C)C[C@H](O)[C@@]12F,C[C@@]12C=CC(=O)C=C1[C@@H](F)C[C@H]1[C@H]3C[C@H](O)[C@@](O)(C(=O)CO)[C@]3(C)C[C@H](O)[C@@]12F
5953,1,C[C@@]12C=CC(=O)C=C1[C@H](Cl)C[C@@H]1[C@H]2C(=O)C[C@@]2(C)[C@@H]1CC[C@@]2(O)C(=O)CO,C[C@]12CC(=O)[C@@H]3[C@@H](C[C@@H](Cl)C4=CC(=O)C=C[C@]43C)[C@H]1CC[C@@]2(O)C(=O)CO
5954,1,C[C@@]12C=CC(=O)C=C1[C@H](F)C[C@@H]1[C@H]2[C@@H](O)C[C@@]2(C)[C@@H]1CC[C@@]2(O)C(=O)CO,C[C@]12C[C@H](O)[C@@H]3[C@@H](C[C@@H](F)C4=CC(=O)C=C[C@]43C)[C@H]1CC[C@@]2(O)C(=O)CO
5955,1,C[C@@]12CCC(=O)C=C1CC[C@@H]1[C@@H]3CC[C@@](O)(C(=O)CO)[C@@]3(C)CC[C@H]12,C[C@]12CC[C@@H]3[C@H](CCC4=CC(=O)CC[C@]43C)[C@@H]1CC[C@@]2(O)C(=O)CO
5956,1,C[C@@]12CCC(=O)C=C1CC[C@@H]1[C@H]2C(=O)C[C@@]2(C)[C@@H]1CC[C@@]2(O)C(=O)CO,C[C@]12CC(=O)[C@@H]3[C@@H](CCC4=CC(=O)CC[C@]43C)[C@H]1CC[C@@]2(O)C(=O)CO
5957,1,C[C@@]12CCC(=O)C=C1CC[C@@H]1[C@H]2[C@@H](O)C[C@@]2(C)[C@@H]1CC[C@@]2(O)C(=O)COC(=O)CCC(=O)O,C[C@]12C[C@H](O)[C@@H]3[C@@H](CCC4=CC(=O)CC[C@]43C)[C@H]1CC[C@@]2(O)C(=O)COC(=O)CCC(=O)O
5958,1,C[C@@]12CCC(=O)C=C1CC[C@@H]1[C@H]2[C@@H](O)C[C@@]2(C)[C@@H]1CC[C@@]2(O)C(=O)C[S],C[C@]12C[C@H](O)[C@@H]3[C@@H](CCC4=CC(=O)CC[C@]43C)[C@H]1CC[C@@]2(O)C(=O)C[S]
5959,0,C[C@@]12CCC(=O)C=C1CC[C@@H]1[C@H]2[C@H]2C[C@]3([C@@H](O)O2)[C@H](C(=O)CO)CC[C@H]13,C[C@@]12CCC(=O)C=C1CC[C@@H]1[C@H]2[C@H]2C[C@]3([C@@H]1CC[C@H]3C(=O)CO)[C@@H](O)O2
5960,1,C[C@@]12CCC(=O)C=C1CC[C@H]1[C@H]2[C@H](O)C[C@]2(C)[C@@H]1CC[C@@]2(O)C(=O)CO,C[C@@]12CCC(=O)C=C1CC[C@H]1[C@H]2[C@H](O)C[C@]2(C)[C@@H]1CC[C@@]2(O)C(=O)CO
5961,1,C[C@@]12CCC3=C4CCC(=O)C=C4CC[C@@H]3[C@H]1CC[C@]2(O)CC#N,C[C@@]12CCC3=C4CCC(=O)C=C4CC[C@@H]3[C@H]1CC[C@]2(O)CC#N
5962,1,C[C@@]12CC[C@@H]3c4ccc(OC(=O)N(CCCl)CCCl)cc4CC[C@@H]3[C@H]1CC[C@@H]2O,C[C@@]12CC[C@@H]3c4ccc(OC(=O)N(CCCl)CCCl)cc4CC[C@@H]3[C@H]1CC[C@@H]2O
5963,0,C[C@@]12CC[C@H]3c4ccc(O)cc4CC[C@H]3[C@H]1CC[C@@H]2O,C[C@@]12CC[C@H]3c4ccc(O)cc4CC[C@H]3[C@H]1CC[C@@H]2O
5964,0,C[C@@]12C[C@H](N)[C@H]1CN(c1nc3c(cc1F)c(=O)c(C(=O)O)cn3C1CC1)C2,C[C@@]12C[C@H](N)[C@H]1CN(c1nc3c(cc1F)c(=O)c(C(=O)O)cn3C1CC1)C2
5965,1,C[C@@]12C[C@H](O)[C@@]3(F)[C@@H](CCC4=CC(=O)C=C[C@]43C)[C@H]1CC[C@@]2(O)C(=O)CO,C[C@@]12C=CC(=O)C=C1CC[C@H]1[C@H]3CC[C@@](O)(C(=O)CO)[C@]3(C)C[C@H](O)[C@@]12F
5966,1,C[C@@]12C[C@H](O)[C@@]3(F)[C@@H](CCC4=CC(=O)C=C[C@]43C)[C@H]1C[C@H]1Cc3ccccc3C[C@]12C(=O)CO,C[C@@]12C=CC(=O)C=C1CC[C@H]1[C@H]3C[C@H]4Cc5ccccc5C[C@@]4(C(=O)CO)[C@]3(C)C[C@H](O)[C@@]12F
5967,1,C[C@@]12C[C@H](O)[C@@]3(F)[C@@H](CCC4=CC(=O)CC[C@]43C)[C@H]1CC[C@@]2(O)C(=O)CO,C[C@@]12CCC(=O)C=C1CC[C@H]1[C@H]3CC[C@@](O)(C(=O)CO)[C@]3(C)C[C@H](O)[C@@]12F
5968,1,C[C@@]12N[C@@H](Cc3ccccc31)c1ccccc12,C[C@@]12N[C@@H](Cc3ccccc31)c1ccccc12
5969,1,C[C@H](C(=O)O)c1ccc(N2Cc3ccccc3C2=O)cc1,C[C@H](C(=O)O)c1ccc(N2Cc3ccccc3C2=O)cc1
5970,1,C[C@H](C(=O)O)c1ccc([C@@H]2CCCC(=NO)C2)cc1,C[C@H](C(=O)O)c1ccc([C@@H]2CCCC(=NO)C2)cc1
5971,1,C[C@H](C(=O)c1ccccc1)N(C)C,C[C@H](C(=O)c1ccccc1)N(C)C
5972,1,C[C@H](N)[C@@H](O)c1ccccc1,C[C@H](N)[C@@H](O)c1ccccc1
5973,1,C[C@H](NCCc1ccc(O)cc1)[C@@H](O)c1ccc(O)cc1,C[C@H](NCCc1ccc(O)cc1)[C@@H](O)c1ccc(O)cc1
5974,0,C[C@H](O)[C@@H]1C(=O)N2C(C(=O)O)=C(SCCN=CN)C[C@@H]12,C[C@H](O)[C@@H]1C(=O)N2C(C(=O)O)=C(SCCN=CN)C[C@@H]12
5975,0,C[C@H](O)[C@H]1C(=O)N2C(C(=O)O)=C(COC(N)=O)S[C@@H]12,C[C@H](O)[C@H]1C(=O)N2C(C(=O)O)=C(COC(N)=O)S[C@@H]12
5976,0,C[C@H](O)[C@H]1C(=O)N2C(C(=O)O)=C(F)S[C@@H]12,C[C@H](O)[C@H]1C(=O)N2C(C(=O)O)=C(F)S[C@@H]12
5977,0,C[C@H](O)[C@H]1C(=O)N2C(C(=O)O)=C(SCCN=CN)C[C@@H]12,C[C@H](O)[C@H]1C(=O)N2C(C(=O)O)=C(SCCN=CN)C[C@@H]12
5978,0,C[C@H](O)[C@H]1C(=O)N2C(C(=O)O)=C(S[C@@H]3CC[C@H](C(=O)N(C)C)N3)[C@@H](C)[C@H]12,C[C@H](O)[C@H]1C(=O)N2C(C(=O)O)=C(S[C@@H]3CC[C@H](C(=O)N(C)C)N3)[C@@H](C)[C@H]12
5979,0,C[C@H](O)[C@H]1C(=O)N2C(C(=O)O)=C(S[C@H]3CN[C@H](C(=O)N(C)C)C3)[C@H](C)[C@@H]12,C[C@H](O)[C@H]1C(=O)N2C(C(=O)O)=C(S[C@H]3CN[C@H](C(=O)N(C)C)C3)[C@H](C)[C@@H]12
5980,0,C[C@H](O)[C@H]1C(=O)N2C(C(=O)O)=C([C@H]3CCCO3)S[C@@H]12,C[C@H](O)[C@H]1C(=O)N2C(C(=O)O)=C([C@H]3CCCO3)S[C@@H]12
5981,1,C[C@H](c1cc2ccccc2s1)N(O)C(N)=O,C[C@H](c1cc2ccccc2s1)N(O)C(N)=O
5982,0,C[C@H]1C=CC=CC=CC=CC=CC=CC=C[C@H](O[C@H]2O[C@H](C)[C@H](O)[C@H](N)[C@@H]2O)C[C@H]2O[C@](O)(C[C@H](O)[C@H]2C(=O)O)C[C@@H](O)[C@@H](O)CC[C@@H](O)C[C@@H](O)C[C@@H](O)CC(=O)O[C@H](C)[C@@H](C)[C@H]1O,C[C@H]1[C@@H](O)[C@@H](C)C=CC=CC=CC=CC=CC=CC=C[C@H](O[C@H]2O[C@H](C)[C@H](O)[C@H](N)[C@@H]2O)C[C@H]2O[C@@](O)(C[C@@H](O)[C@@H](O)CC[C@@H](O)C[C@@H](O)C[C@@H](O)CC(=O)O[C@@H]1C)C[C@H](O)[C@H]2C(=O)O
5983,1,C[C@H]1CC(=O)NN=C1c1ccc(NN=C(C#N)C#N)cc1,C[C@H]1CC(=O)NN=C1c1ccc(NN=C(C#N)C#N)cc1
5984,1,C[C@H]1CO[C@@]2(c3ccccc3Cl)c3cc(Cl)ccc3NC(=O)CN12,C[C@H]1CO[C@@]2(c3ccccc3Cl)c3cc(Cl)ccc3NC(=O)CN12
5985,1,C[C@H]1C[C@H](OC(=O)[C@H]2CCC(=O)N2)CC(C)(C)C1,C[C@H]1C[C@H](OC(=O)[C@H]2CCC(=O)N2)CC(C)(C)C1
5986,1,C[C@H]1C[C@H]2[C@@H]3[C@H]([C@H](O)C[C@@]2(C)[C@@]1(O)C(=O)CO)[C@]1(C)C=CC(=O)C=C1C[C@H]3Cl,C[C@H]1C[C@H]2[C@@H]3[C@H]([C@H](O)C[C@@]2(C)[C@@]1(O)C(=O)CO)[C@]1(C)C=CC(=O)C=C1C[C@H]3Cl
5987,1,C[C@H]1C[C@H]2[C@H]([C@H](O)C[C@]3(C)[C@@H]2CC[C@@]3(O)C(=O)CO)[C@]2(C)C=CC(=O)C=C12,C[C@H]1C[C@H]2[C@H]([C@H](O)C[C@]3(C)[C@@H]2CC[C@@]3(O)C(=O)CO)[C@]2(C)C=CC(=O)C=C12
5988,1,C[C@H]1C[C@H]2[C@H]3CC(F)(F)C4=CC(=O)C=C[C@@]4(C)[C@@]3(F)[C@H](O)C[C@@]2(C)[C@@]1(O)C(=O)CO,C[C@H]1C[C@H]2[C@H]3CC(F)(F)C4=CC(=O)C=C[C@@]4(C)[C@@]3(F)[C@H](O)C[C@@]2(C)[C@@]1(O)C(=O)CO
5989,1,C[C@H]1C[C@H]2[C@H]3CCC4=CC(=O)C=C[C@@]4(C)[C@@]3(Cl)[C@H](O)C[C@@]2(C)[C@@]1(O)C(=O)CO,C[C@H]1C[C@H]2[C@H]3CCC4=CC(=O)C=C[C@@]4(C)[C@@]3(Cl)[C@H](O)C[C@@]2(C)[C@@]1(O)C(=O)CO
5990,1,C[C@H]1C[C@H]2[C@H]3CCC4=CC(=O)C=C[C@@]4(C)[C@@]3(Cl)[C@H](O)C[C@@]2(C)[C@@]1(OC(=O)c1ccco1)C(=O)CCl,C[C@H]1C[C@H]2[C@H]3CCC4=CC(=O)C=C[C@@]4(C)[C@@]3(Cl)[C@H](O)C[C@@]2(C)[C@@]1(OC(=O)c1ccco1)C(=O)CCl
5991,1,C[C@H]1C[C@H]2[C@H]3CCC4=CC(=O)C=C[C@@]4(C)[C@@]3(F)C(=O)C[C@@]2(C)[C@@]1(O)C(=O)CCl,C[C@H]1C[C@H]2[C@H]3CCC4=CC(=O)C=C[C@@]4(C)[C@@]3(F)C(=O)C[C@@]2(C)[C@@]1(O)C(=O)CCl
5992,1,C[C@H]1C[C@H]2[C@H]3CCC4=CC(=O)C=C[C@@]4(C)[C@@]3(F)[C@H](O)C[C@@]2(C)[C@@]1(C)C(=O)CO,C[C@H]1C[C@H]2[C@H]3CCC4=CC(=O)C=C[C@@]4(C)[C@@]3(F)[C@H](O)C[C@@]2(C)[C@@]1(C)C(=O)CO
5993,1,C[C@H]1C[C@H]2[C@H]3CCC4=CC(=O)C=C[C@@]4(C)[C@@]3(F)[C@H](O)C[C@@]2(C)[C@@]1(O)C(=O)CCl,C[C@H]1C[C@H]2[C@H]3CCC4=CC(=O)C=C[C@@]4(C)[C@@]3(F)[C@H](O)C[C@@]2(C)[C@@]1(O)C(=O)CCl
5994,1,C[C@H]1C[C@H]2[C@H]3CCC4=CC(=O)C=C[C@@]4(C)[C@@]3(F)[C@H](O)C[C@@]2(C)[C@H]1C(=O)CO,C[C@H]1C[C@H]2[C@H]3CCC4=CC(=O)C=C[C@@]4(C)[C@@]3(F)[C@H](O)C[C@@]2(C)[C@H]1C(=O)CO
5995,1,C[C@H]1C[C@H]2[C@H]3CCC4=CC(=O)C=C[C@@]4(C)[C@H]3C(=O)C[C@@]2(C)[C@@]1(O)C(=O)CO,C[C@H]1C[C@H]2[C@H]3CCC4=CC(=O)C=C[C@@]4(C)[C@H]3C(=O)C[C@@]2(C)[C@@]1(O)C(=O)CO
5996,1,C[C@H]1C[C@H]2[C@H]3CC[C@@H](C(=O)O)[C@@]3(C)C[C@H](O)[C@H]2[C@@]2(C)CCC(=O)C=C12,C[C@H]1C[C@@H]2[C@@H]([C@@H](O)C[C@@]3(C)[C@@H]2CC[C@H]3C(=O)O)[C@@]2(C)CCC(=O)C=C12
5997,1,C[C@H]1C[C@H]2[C@H]3CC[C@@](O)(C(=O)CO)[C@@]3(C)C[C@H](O)[C@H]2[C@@]2(C)C=CC(=O)C=C12,C[C@H]1C[C@@H]2[C@@H]([C@@H](O)C[C@@]3(C)[C@@H]2CC[C@@]3(O)C(=O)CO)[C@@]2(C)C=CC(=O)C=C12
5998,1,C[C@H]1C[C@H]2[C@H]3CC[C@@](O)(C(=O)COC(=O)CCC(=O)O)[C@@]3(C)C[C@H](O)[C@H]2[C@@]2(C)C=CC(=O)C=C12,C[C@H]1C[C@@H]2[C@@H]([C@@H](O)C[C@@]3(C)[C@@H]2CC[C@@]3(O)C(=O)COC(=O)CCC(=O)O)[C@@]2(C)C=CC(=O)C=C12
5999,1,C[C@H]1C[C@H]2[C@H]3C[C@H](F)C4=CC(=O)C(Cl)=C[C@@]4(C)[C@@]3(F)[C@H](O)C[C@@]2(C)[C@@]1(O)C(=O)CO,C[C@H]1C[C@H]2[C@H]3C[C@H](F)C4=CC(=O)C(Cl)=C[C@@]4(C)[C@@]3(F)[C@H](O)C[C@@]2(C)[C@@]1(O)C(=O)CO
6000,1,C[C@H]1C[C@H]2[C@H]3C[C@H](F)C4=CC(=O)C=C[C@@]4(C)[C@@]3(Cl)[C@H](F)C[C@@]2(C)[C@H]1C(=O)CO,C[C@H]1C[C@H]2[C@H]3C[C@H](F)C4=CC(=O)C=C[C@@]4(C)[C@@]3(Cl)[C@H](F)C[C@@]2(C)[C@H]1C(=O)CO
6001,1,C[C@H]1C[C@H]2[C@H]3C[C@H](F)C4=CC(=O)C=C[C@@]4(C)[C@@]3(Cl)[C@H](O)C[C@@]2(C)[C@H]1C(=O)CO,C[C@H]1C[C@H]2[C@H]3C[C@H](F)C4=CC(=O)C=C[C@@]4(C)[C@@]3(Cl)[C@H](O)C[C@@]2(C)[C@H]1C(=O)CO
6002,1,C[C@H]1C[C@H]2[C@H]3C[C@H](F)C4=CC(=O)C=C[C@@]4(C)[C@@]3(Cl)[C@H](O)C[C@@]2(C)[C@H]1C(=O)COC(=O)C(C)(C)C,C[C@H]1C[C@H]2[C@H]3C[C@H](F)C4=CC(=O)C=C[C@@]4(C)[C@@]3(Cl)[C@H](O)C[C@@]2(C)[C@H]1C(=O)COC(=O)C(C)(C)C
6003,1,C[C@H]1C[C@H]2[C@H]3C[C@H](F)C4=CC(=O)C=C[C@@]4(C)[C@@]3(F)[C@H](O)C[C@@]2(C)[C@@]1(O)C(=O)CCl,C[C@H]1C[C@H]2[C@H]3C[C@H](F)C4=CC(=O)C=C[C@@]4(C)[C@@]3(F)[C@H](O)C[C@@]2(C)[C@@]1(O)C(=O)CCl
6004,1,C[C@H]1C[C@H]2[C@H]3C[C@H](F)C4=CC(=O)C=C[C@@]4(C)[C@@]3(F)[C@H](O)C[C@@]2(C)[C@@]1(O)C(=O)CO,C[C@H]1C[C@H]2[C@H]3C[C@H](F)C4=CC(=O)C=C[C@@]4(C)[C@@]3(F)[C@H](O)C[C@@]2(C)[C@@]1(O)C(=O)CO
6005,1,C[C@H]1C[C@H]2[C@H]3C[C@H](F)C4=CC(=O)C=C[C@@]4(C)[C@@]3(F)[C@H](O)C[C@@]2(C)[C@H]1C(=O)CO,C[C@H]1C[C@H]2[C@H]3C[C@H](F)C4=CC(=O)C=C[C@@]4(C)[C@@]3(F)[C@H](O)C[C@@]2(C)[C@H]1C(=O)CO
6006,1,C[C@H]1C[C@H]2[C@H]3C[C@H](F)C4=CC(=O)C=C[C@@]4(C)[C@@]3(F)[C@H](O)C[C@@]2(C)[C@H]1C(=O)COC(=O)C(C)(C)C,C[C@H]1C[C@H]2[C@H]3C[C@H](F)C4=CC(=O)C=C[C@@]4(C)[C@@]3(F)[C@H](O)C[C@@]2(C)[C@H]1C(=O)COC(=O)C(C)(C)C
6007,1,C[C@H]1NCCO[C@H]1c1ccccc1,C[C@H]1NCCO[C@H]1c1ccccc1
6008,1,C[C@H]1O[C@@]2(CCCC[C@H]2Oc2cccc(Cl)c2)NC1=O,C[C@H]1O[C@@]2(CCCC[C@H]2Oc2cccc(Cl)c2)NC1=O
6009,0,C[C@H]1O[C@H](O[C@H]2C[C@](O)(C(=O)CO)Cc3c(O)c4c(c(O)c32)C(=O)c2ccccc2C4=O)C[C@H](N)[C@@H]1O,C[C@H]1O[C@H](O[C@H]2C[C@](O)(C(=O)CO)Cc3c(O)c4c(c(O)c32)C(=O)c2ccccc2C4=O)C[C@H](N)[C@@H]1O
6010,1,C[C@H]1O[C@H]1P(=O)(O)O,C[C@H]1O[C@H]1P(=O)(O)O
6011,1,C[C@H]1[C@@H]2C(=O)c3ccc(O)cc3[C@]1(C)CCN2CC1CC1,C[C@H]1[C@@H]2C(=O)c3ccc(O)cc3[C@]1(C)CCN2CC1CC1
6012,1,C[C@H]1[C@H]2Cc3ccc(O)cc3[C@@]1(C)CCN2C,C[C@H]1[C@H]2Cc3ccc(O)cc3[C@@]1(C)CCN2C
6013,1,C[C@H]1[C@H]2Cc3ccc(O)cc3[C@@]1(C)CCN2CC1CC1,C[C@H]1[C@H]2Cc3ccc(O)cc3[C@@]1(C)CCN2CC1CC1
6014,1,C[C@H]1[C@H]2Cc3ccc(O)cc3[C@@]1(C)CCN2CCc1ccccc1,C[C@H]1[C@H]2Cc3ccc(O)cc3[C@@]1(C)CCN2CCc1ccccc1
6015,0,C[C@H]1c2cccc(O)c2C(O)=C2C(=O)[C@@]3(O)C(O)=C(C(N)=O)C(=O)[C@@H](N(C)C)[C@H]3[C@H](O)[C@H]21,C[C@H]1c2cccc(O)c2C(O)=C2C(=O)[C@@]3(O)C(O)=C(C(N)=O)C(=O)[C@@H](N(C)C)[C@H]3[C@H](O)[C@H]21
6016,1,C[C@]1(c2ccccc2)CC(=O)N(CN2CCOCC2)C1=O,C[C@]1(c2ccccc2)CC(=O)N(CN2CCOCC2)C1=O
6017,1,C[C@]1(c2ccccc2)O[C@H]2C[C@H]3[C@H]4CCC5=CC(=O)C=C[C@@]5(C)[C@@]4(F)[C@H](O)C[C@@]3(C)[C@]2(C(=O)CO)O1,C[C@]1(c2ccccc2)O[C@H]2C[C@H]3[C@H]4CCC5=CC(=O)C=C[C@@]5(C)[C@@]4(F)[C@H](O)C[C@@]3(C)[C@]2(C(=O)CO)O1
6018,0,C[N+](C)(CCOc1ccccc1)Cc1ccccc1,C[N+](C)(CCOc1ccccc1)Cc1ccccc1
6019,0,C[N+]1(C)CCC[C@@H]1COC(=O)C(O)(c1ccccc1)c1ccccc1,C[N+]1(C)CCC[C@@H]1COC(=O)C(O)(c1ccccc1)c1ccccc1
6020,0,C[N+]1(C)CC[C@H](OC(=O)[C@@](O)(c2ccccc2)C2CCCC2)C1,C[N+]1(C)CC[C@H](OC(=O)[C@@](O)(c2ccccc2)C2CCCC2)C1
6021,1,C[N+]1([O-])[C@H]2CC[C@H]1CC(OC(=O)[C@@H](CO)c1ccccc1)C2,C[N+]1([O-])[C@H]2CC[C@H]1CC(OC(=O)[C@@H](CO)c1ccccc1)C2
6022,1,Cc1c(N(C)C)c(=N)n(-c2ccccc2)n1C,Cc1c(N(C)C)c(=N)n(-c2ccccc2)n1C
6023,0,Cc1c2oc3c(C)ccc(C(=O)N[C@@H]4C(=O)N[C@H](C(C)C)C(=O)N5CCC[C@@H]5C(=O)N(C)CC(=O)N(C)[C@@H](C(C)C)C(=O)O[C@H]4C)c3nc-2c(C(=O)N[C@H]2C(=O)N[C@H](C(C)C)C(=O)N3CCC[C@H]3C(=O)N(C)CC(=O)N(C)[C@H](C(C)C)C(=O)O[C@@H]2C)c(N)c1=O,Cc1c2oc3c(C)ccc(C(=O)N[C@@H]4C(=O)N[C@H](C(C)C)C(=O)N5CCC[C@@H]5C(=O)N(C)CC(=O)N(C)[C@@H](C(C)C)C(=O)O[C@H]4C)c3nc-2c(C(=O)N[C@H]2C(=O)N[C@H](C(C)C)C(=O)N3CCC[C@H]3C(=O)N(C)CC(=O)N(C)[C@H](C(C)C)C(=O)O[C@@H]2C)c(N)c1=O
6024,1,Cc1cc(NS(=O)(=O)c2ccc(N)cc2)nc(C)n1,Cc1cc(NS(=O)(=O)c2ccc(N)cc2)nc(C)n1
6025,0,Cc1cc(O)c(C(=O)N[C@@H](C(=O)N[C@H]2C(=O)N3C(C(=O)O)=C(CSc4nnnn4C)CS[C@@H]23)c2ccc(O)cc2)cn1,Cc1cc(O)c(C(=O)N[C@@H](C(=O)N[C@H]2C(=O)N3C(C(=O)O)=C(CSc4nnnn4C)CS[C@@H]23)c2ccc(O)cc2)cn1
6026,1,Cc1cc2nc3c(=O)[nH]c(=O)nc-3n(C[C@@H](O)[C@H](O)[C@H](O)CO)c2cc1C,Cc1cc2nc3c(=O)[nH]c(=O)nc-3n(C[C@@H](O)[C@H](O)[C@H](O)CO)c2cc1C
6027,1,Cc1ccc(-c2c(-c3ccc(S(C)(=O)=O)cc3)cc(Cl)c[n+]2[O-])cn1,Cc1ccc(-c2c(-c3ccc(S(C)(=O)=O)cc3)cc(Cl)c[n+]2[O-])cn1
6028,1,Cc1ccc(O)c([C@@H](CCN(C(C)C)C(C)C)c2ccccc2)c1,Cc1ccc(O)c([C@@H](CCN(C(C)C)C(C)C)c2ccccc2)c1
6029,1,Cc1ccc(S(=O)(=O)NC(=O)NN2C[C@H]3CCC[C@H]3C2)cc1,Cc1ccc(S(=O)(=O)NC(=O)NN2C[C@H]3CCC[C@H]3C2)cc1
6030,1,Cc1ccc(S(=O)(=O)NC(=O)N[C@@H]2[C@H]3CC[C@](C)([C@H]2O)C3(C)C)cc1,Cc1ccc(S(=O)(=O)NC(=O)N[C@@H]2[C@H]3CC[C@](C)([C@H]2O)C3(C)C)cc1
6031,1,Cc1ccc2c(c1)[C@H]1CN(C)CC[C@H]1N2,Cc1ccc2c(c1)[C@H]1CN(C)CC[C@H]1N2
6032,1,Cc1ccc2c(c1)[C@]13CCCC[C@H]1[C@@H](C2)N(C)CC3,Cc1ccc2c(c1)[C@]13CCCC[C@H]1[C@@H](C2)N(C)CC3
6033,1,Cc1cccc(C)c1NC(=O)[C@@H](C)N,Cc1cccc(C)c1NC(=O)[C@@H](C)N
6034,1,Cc1cccc2c1Oc1ccccc1[C@]1(O)CCN(C)C[C@H]21,Cc1cccc2c1Oc1ccccc1[C@]1(O)CCN(C)C[C@H]21
6035,1,Cc1ccccc1N1C(=O)c2cc(S(N)(=O)=O)c(Cl)cc2N[C@@H]1C,Cc1ccccc1N1C(=O)c2cc(S(N)(=O)=O)c(Cl)cc2N[C@@H]1C
6036,1,Cc1cn([C@H]2C=C[C@H](CO)O2)c(=O)nc1N,Cc1cn([C@H]2C=C[C@H](CO)O2)c(=O)nc1N
6037,1,Cc1cnc(C(=O)O)c[n+]1[O-],Cc1cnc(C(=O)O)c[n+]1[O-]
6038,1,Cc1cnc(C[S+]([O-])c2nc3ccccc3[nH]2)cc1OCC(F)(F)F,Cc1cnc(C[S+]([O-])c2nc3ccccc3[nH]2)cc1OCC(F)(F)F
6039,0,Cc1cnn(-c2c(Cl)cccc2Cl)c1C(=O)N[C@H]1C(=O)N2[C@H]1SC(C)(C)[C@H]2C(=O)O,Cc1cnn(-c2c(Cl)cccc2Cl)c1C(=O)N[C@H]1C(=O)N2[C@H]1SC(C)(C)[C@H]2C(=O)O
6040,1,Cc1nc(NCc2cccnc2)c(C#N)c(=O)[nH]1,Cc1nc(NCc2cccnc2)c(C#N)c(=O)[nH]1
6041,0,Cc1nnc(SCC2=C(C(=O)OCc3oc(=O)oc3C)N3C(=O)[C@H](NC(=O)[C@H](OC(=O)[C@H](C)N)c4ccccc4)[C@@H]3SC2)s1,Cc1nnc(SCC2=C(C(=O)OCc3oc(=O)oc3C)N3C(=O)[C@H](NC(=O)[C@H](OC(=O)[C@H](C)N)c4ccccc4)[C@@H]3SC2)s1
6042,1,Cc1nsc(NS(=O)(=O)c2ccc(N)cc2)c1C,Cc1nsc(NS(=O)(=O)c2ccc(N)cc2)c1C
6043,0,Cc1onc(-c2c(F)cccc2Cl)c1C(=O)N[C@H]1C(=O)N2[C@H]1SC(C)(C)[C@H]2C(=O)O,Cc1onc(-c2c(F)cccc2Cl)c1C(=O)N[C@H]1C(=O)N2[C@H]1SC(C)(C)[C@H]2C(=O)O
6044,0,Cc1onc(-c2ccccc2)c1C(=O)N[C@H]1C(=O)N2[C@H]1SC(C)(C)[C@H]2C(=O)O,Cc1onc(-c2ccccc2)c1C(=O)N[C@H]1C(=O)N2[C@H]1SC(C)(C)[C@H]2C(=O)O
6045,0,Cc1onc(-c2ccccc2Cl)c1C(=O)N[C@H]1C(=O)N2[C@H]1SC(C)(C)[C@H]2C(=O)O,Cc1onc(-c2ccccc2Cl)c1C(=O)N[C@H]1C(=O)N2[C@H]1SC(C)(C)[C@H]2C(=O)O
6046,1,Clc1ccc([C@H]2[C@H]3CC[C@@H](C3)[C@@]23CCC(N2CCOCC2)=N3)cc1,Clc1ccc([C@H]2[C@H]3CC[C@@H](C3)[C@@]23CCC(N2CCOCC2)=N3)cc1
6047,1,Cn1c(=O)c2c(ncn2CCCNC[C@@H](O)c2cc(O)cc(O)c2)n(C)c1=O,Cn1c(=O)c2c(ncn2CCCNC[C@@H](O)c2cc(O)cc(O)c2)n(C)c1=O
6048,1,Cn1c2c(c3ccccc31)C(=O)[C@@H](Cn1ccnc1)CC2,Cn1c2c(c3ccccc31)C(=O)[C@@H](Cn1ccnc1)CC2
6049,0,Cn1nnnc1SCC1=C(C(=O)O)N2C(=O)[C@@H](NC(=O)CS/C=C/C#N)[C@H]2SC1,Cn1nnnc1SCC1=C(C(=O)O)N2C(=O)[C@@H](NC(=O)CS/C=C/C#N)[C@H]2SC1
6050,1,FC(F)O[C@H](F)C(F)(F)F,FC(F)O[C@H](F)C(F)(F)F
6051,1,Fc1ccc(C(c2ccc(F)cc2)N2CCN(CCCc3ccccc3)CC2)cc1,Fc1ccc(C(c2ccc(F)cc2)N2CCN(CCCc3ccccc3)CC2)cc1
6052,0,N#CC(=Cc1ccc(O)cc1)/C(C#N)=C\c1ccc(O)cc1,N#CC(=Cc1ccc(O)cc1)/C(C#N)=C\c1ccc(O)cc1
6053,1,N#CCCN1C(=O)[C@@H](O)N=C(c2ccccc2F)c2cc(Cl)ccc21,N#CCCN1C(=O)[C@@H](O)N=C(c2ccccc2F)c2cc(Cl)ccc21
6054,0,N#C[C@H](O[C@@H]1O[C@@H](CO[C@@H]2O[C@@H](CO)[C@@H](O)[C@H](O)[C@@H]2O)[C@@H](O)[C@H](O)[C@@H]1O)c1ccccc1,N#C[C@H](O[C@@H]1O[C@@H](CO[C@@H]2O[C@@H](CO)[C@@H](O)[C@H](O)[C@@H]2O)[C@@H](O)[C@H](O)[C@@H]1O)c1ccccc1
6055,0,N=C(NCCCCNC(=N)NC(=N)Nc1ccc(Cl)cc1)NC(=N)Nc1ccc(Cl)cc1,N=C(NCCCCNC(=N)NC(=N)Nc1ccc(Cl)cc1)NC(=N)Nc1ccc(Cl)cc1
6056,1,N=C1Cc2ccccc2N(C(N)=O)c2ccccc21,N=C1Cc2ccccc2N(C(N)=O)c2ccccc21
6057,1,N=c1nc(N2CCCCC2)ccn1O,N=c1nc(N2CCCCC2)ccn1O
6058,1,N=c1nc2n(cc1F)[C@H]1O[C@@H](CO)[C@H](O)[C@H]1O2,N=c1nc2n(cc1F)[C@H]1O[C@@H](CO)[C@H](O)[C@H]1O2
6059,1,NC(=O)CN1C[C@H](O)CC1=O,NC(=O)CN1C[C@H](O)CC1=O
6060,1,NC(=O)N1C(=O)[C@@H](C(=O)c2cccs2)c2cc(Cl)ccc21,NC(=O)N1C(=O)[C@@H](C(=O)c2cccs2)c2cc(Cl)ccc21
6061,0,NC(=O)OC[C@@H]1[C@H](NC(=O)C(=NOCC(=O)O)c2csc(N)n2)C(=O)N1S(=O)(=O)O,NC(=O)OC[C@@H]1[C@H](NC(=O)C(=NOCC(=O)O)c2csc(N)n2)C(=O)N1S(=O)(=O)O
6062,1,NC(N)=NC[C@@H]1COc2ccccc2O1,NC(N)=NC[C@@H]1COc2ccccc2O1
6063,1,NC1=NC(=O)N([C@H]2CS[C@H](CO)O2)CC1,NC1=NC(=O)N([C@H]2CS[C@H](CO)O2)CC1
6064,1,NCC(=O)O,NCC(=O)O
6065,1,NCCC[C@](N)(C(=O)O)C(F)F,NCCC[C@](N)(C(=O)O)C(F)F
6066,0,NCC[C@@H](O)C(=O)N[C@@H]1C[C@H](N)[C@H](O[C@@H]2O[C@@H](CN)CC[C@@H]2N)[C@H](O)[C@@H]1O[C@@H]1O[C@@H](CO)[C@@H](O)[C@H](N)[C@@H]1O,NCC[C@@H](O)C(=O)N[C@@H]1C[C@H](N)[C@H](O[C@@H]2O[C@@H](CN)CC[C@@H]2N)[C@H](O)[C@@H]1O[C@@H]1O[C@@H](CO)[C@@H](O)[C@H](N)[C@@H]1O
6067,0,NCC[C@H](O)C(=O)N[C@H]1C[C@H](N)[C@@H](O[C@H]2O[C@@H](CN)CC[C@@H]2N)[C@H](O)[C@H]1O[C@H]1O[C@@H](CO)[C@H](O)[C@H](N)[C@@H]1O,NCC[C@H](O)C(=O)N[C@H]1C[C@H](N)[C@@H](O[C@H]2O[C@@H](CN)CC[C@@H]2N)[C@H](O)[C@H]1O[C@H]1O[C@@H](CO)[C@H](O)[C@H](N)[C@@H]1O
6068,0,NCC[C@H](O)C(=O)N[C@H]1C[C@H](N)[C@@H](O[C@H]2O[C@@H](CN)[C@H](O)[C@H](O)[C@@H]2O)[C@H](O)[C@H]1O[C@H]1O[C@@H](CO)[C@H](O)[C@H](N)[C@@H]1O,NCC[C@H](O)C(=O)N[C@H]1C[C@H](N)[C@@H](O[C@H]2O[C@@H](CN)[C@H](O)[C@H](O)[C@@H]2O)[C@H](O)[C@H]1O[C@H]1O[C@@H](CO)[C@H](O)[C@H](N)[C@@H]1O
6069,0,NCC[C@H](O)CN[C@H]1C[C@H](N)[C@@H](O[C@H]2O[C@@H](CN)[C@H](O)[C@H](O)[C@@H]2O)[C@H](O)[C@H]1O[C@H]1O[C@@H](CO)[C@H](O)[C@H](N)[C@@H]1O,NCC[C@H](O)CN[C@H]1C[C@H](N)[C@@H](O[C@H]2O[C@@H](CN)[C@H](O)[C@H](O)[C@@H]2O)[C@H](O)[C@H]1O[C@H]1O[C@@H](CO)[C@H](O)[C@H](N)[C@@H]1O
6070,0,NC[C@@H]1O[C@@H](O[C@@H]2[C@@H](N)C[C@H](N)[C@H](O[C@@H]3O[C@@H](CO)[C@@H](O)[C@H](N)[C@@H]3O)[C@H]2O)[C@@H](N)C[C@@H]1O,NC[C@@H]1O[C@@H](O[C@H]2[C@H](O)[C@@H](O[C@@H]3O[C@@H](CO)[C@@H](O)[C@H](N)[C@@H]3O)[C@@H](N)C[C@@H]2N)[C@@H](N)C[C@@H]1O
6071,0,NC[C@@H]1O[C@@H](O[C@H]2[C@@H](N)C[C@H](N)[C@H](O)[C@H]2O[C@@H]2O[C@H](CO)[C@H](OC[C@@H]3O[C@@H](CN)[C@@H](O)[C@@H](O)[C@@H]3N)[C@H]2O)[C@@H](N)[C@H](O)[C@@H]1O,NC[C@@H]1O[C@@H](O[C@@H]2[C@H](O[C@@H]3O[C@H](CO)[C@H](OC[C@@H]4O[C@@H](CN)[C@@H](O)[C@@H](O)[C@@H]4N)[C@H]3O)[C@@H](O)[C@@H](N)C[C@@H]2N)[C@@H](N)[C@H](O)[C@@H]1O
6072,0,NC[C@H]1CC[C@H](N)[C@H](O[C@H]2[C@H](N)C[C@H](N)[C@@H](O[C@H]3O[C@@H](CO)[C@H](O)[C@H](N)[C@@H]3O)[C@@H]2O)O1,NC[C@H]1CC[C@H](N)[C@H](O[C@@H]2[C@@H](O)[C@H](O[C@H]3O[C@@H](CO)[C@H](O)[C@H](N)[C@@H]3O)[C@@H](N)C[C@H]2N)O1
6073,0,NC[C@H]1O[C@@H](O[C@@H]2[C@@H](O)[C@@H](O)[C@@H](N)C[C@H]2N)[C@H](N)[C@H](O)[C@@H]1O,NC[C@H]1O[C@@H](O[C@@H]2[C@@H](O)[C@@H](O)[C@@H](N)C[C@H]2N)[C@H](N)[C@H](O)[C@@H]1O
6074,0,NC[C@H]1O[C@@H](O[C@H]2[C@H](N)C[C@@H](NC(CO)CO)[C@@H](O[C@H]3O[C@@H](CO)[C@H](O)[C@H](N)[C@@H]3O)[C@@H]2O)[C@H](N)[C@H](O)[C@@H]1O,NC[C@H]1O[C@@H](O[C@@H]2[C@@H](O)[C@H](O[C@H]3O[C@@H](CO)[C@H](O)[C@H](N)[C@@H]3O)[C@H](NC(CO)CO)C[C@H]2N)[C@H](N)[C@H](O)[C@@H]1O
6075,0,NC[C@H]1O[C@@H](O[C@H]2[C@H](N)C[C@H](N)[C@@H](O[C@H]3O[C@@H](CO)[C@H](O)[C@H](N)[C@@H]3O)[C@@H]2O)[C@H](N)C[C@@H]1O,NC[C@H]1O[C@@H](O[C@@H]2[C@@H](O)[C@H](O[C@H]3O[C@@H](CO)[C@H](O)[C@H](N)[C@@H]3O)[C@@H](N)C[C@H]2N)[C@H](N)C[C@@H]1O
6076,0,NC[C@H]1O[C@@H](O[C@H]2[C@H](N)C[C@H](N)[C@@H](O[C@H]3O[C@@H](CO)[C@H](O)[C@H](N)[C@@H]3O)[C@@H]2O)[C@H](N)[C@H](O)[C@@H]1O,NC[C@H]1O[C@@H](O[C@@H]2[C@@H](O)[C@H](O[C@H]3O[C@@H](CO)[C@H](O)[C@H](N)[C@@H]3O)[C@@H](N)C[C@H]2N)[C@H](N)[C@H](O)[C@@H]1O
6077,0,NCc1ccccc1CC(=O)N[C@H]1C(=O)N2C(C(=O)O)=C(CSc3nnnn3CC(=O)O)CS[C@@H]12,NCc1ccccc1CC(=O)N[C@H]1C(=O)N2C(C(=O)O)=C(CSc3nnnn3CC(=O)O)CS[C@@H]12
6078,0,NNC(=O)NNN1C(=O)c2cc(S(=O)(=O)O)cc3c(N)c(S(=O)(=O)O)cc(c23)C1=O,NNC(=O)NNN1C(=O)c2cc(S(=O)(=O)O)cc3c(N)c(S(=O)(=O)O)cc(c23)C1=O
6079,1,NS(=O)(=O)c1cc(C(=O)O)cc(N2CCCC2)c1Oc1ccccc1,NS(=O)(=O)c1cc(C(=O)O)cc(N2CCCC2)c1Oc1ccccc1
6080,1,NS(=O)(=O)c1cc(Cl)cc(NCc2ccco2)c1C(=O)O,NS(=O)(=O)c1cc(Cl)cc(NCc2ccco2)c1C(=O)O
6081,1,NS(=O)(=O)c1cc([C@@]2(O)NC(=O)c3ccccc32)ccc1Cl,NS(=O)(=O)c1cc([C@@]2(O)NC(=O)c3ccccc32)ccc1Cl
6082,1,NS(=O)(=O)c1cc2c(cc1C(F)(F)F)N[C@H](Cc1ccccc1)NS2(=O)=O,NS(=O)(=O)c1cc2c(cc1C(F)(F)F)N[C@H](Cc1ccccc1)NS2(=O)=O
6083,1,NS(=O)(=O)c1cc2c(cc1Cl)N[C@H](CN1CCCC1)NS2(=O)=O,NS(=O)(=O)c1cc2c(cc1Cl)N[C@H](CN1CCCC1)NS2(=O)=O
6084,0,N[C@@H](C(=O)N[C@H]1C(=O)N2C(C(=O)O)=C(CSc3cn[nH]n3)CS[C@@H]12)c1ccc(O)cc1,N[C@@H](C(=O)N[C@H]1C(=O)N2C(C(=O)O)=C(CSc3cn[nH]n3)CS[C@@H]12)c1ccc(O)cc1
6085,0,N[C@@H](C(=O)N[C@H]1C(=O)N2C(C(=O)O)=C(Cl)CC[C@@H]12)c1ccccc1,N[C@@H](C(=O)N[C@H]1C(=O)N2C(C(=O)O)=C(Cl)CC[C@@H]12)c1ccccc1
6086,0,N[C@@H](C(=O)N[C@H]1C(=O)N2C(C(=O)O)=C(Cl)CS[C@@H]12)c1ccccc1,N[C@@H](C(=O)N[C@H]1C(=O)N2C(C(=O)O)=C(Cl)CS[C@@H]12)c1ccccc1
6087,1,N[C@H](CCC(=O)O)c1ccc(Cl)cc1,N[C@H](CCC(=O)O)c1ccc(Cl)cc1
6088,1,Nc1ccn([C@H]2CC[C@H](CO)O2)c(=O)n1,Nc1ccn([C@H]2CC[C@H](CO)O2)c(=O)n1
6089,0,Nc1nc(C(=CCC(=O)O)C(=O)N[C@H]2C(=O)N3C(C(=O)O)=CCS[C@@H]23)cs1,Nc1nc(C(=CCC(=O)O)C(=O)N[C@H]2C(=O)N3C(C(=O)O)=CCS[C@@H]23)cs1
6090,1,O=C(CCCN1CCC(O)(c2cccc(Cl)c2)CC1)c1ccc(F)cc1,O=C(CCCN1CCC(O)(c2cccc(Cl)c2)CC1)c1ccc(F)cc1
6091,0,O=C(COCCOCCOCC(=O)Nc1c(I)cc(I)c(C(=O)O)c1I)Nc1c(I)cc(I)c(C(=O)O)c1I,O=C(COCCOCCOCC(=O)Nc1c(I)cc(I)c(C(=O)O)c1I)Nc1c(I)cc(I)c(C(=O)O)c1I
6092,0,O=C(O)C1=C(CSc2nnnn2CS(=O)(=O)O)CS[C@H]2[C@@H](NC(=O)[C@H](O)c3ccccc3)C(=O)N12,O=C(O)C1=C(CSc2nnnn2CS(=O)(=O)O)CS[C@H]2[C@@H](NC(=O)[C@H](O)c3ccccc3)C(=O)N12
6093,0,O=C(O)CCC(=O)Nc1ccc(S(=O)(=O)Nc2nccs2)cc1,O=C(O)CCC(=O)Nc1ccc(S(=O)(=O)Nc2nccs2)cc1
6094,1,O=C(O)CCCC[C@H]1SC[C@H]2NC(=O)N[C@H]21,O=C(O)CCCC[C@H]1SC[C@H]2NC(=O)N[C@H]21
6095,1,O=C(O)Cc1ccc2c(c1)C(=O)c1ccccc1CO2,O=C(O)Cc1ccc2c(c1)C(=O)c1ccccc1CO2
6096,1,O=C(O)Cc1ccccc1Nc1ccc(Cl)cc1Cl,O=C(O)Cc1ccccc1Nc1ccc(Cl)cc1Cl
6097,1,O=C(O)Cc1ccccc1Oc1ccc(Cl)cc1Cl,O=C(O)Cc1ccccc1Oc1ccc(Cl)cc1Cl
6098,0,O=C(O)[C@H](CCc1ccccc1)N[C@@H]1CCCN2CCC[C@@H](C(=O)O)N2C1=O,O=C(O)[C@H](CCc1ccccc1)N[C@@H]1CCCN2CCC[C@@H](C(=O)O)N2C1=O
6099,1,O=C(O)[C@H]1CCN1C12CC3CC(CC(C3)C1)C2,O=C(O)[C@H]1CCN1C12CC3CC(CC(C3)C1)C2
6100,0,O=C(O)c1ccccc1C(=O)Nc1ccc(S(=O)(=O)Nc2nccs2)cc1,O=C(O)c1ccccc1C(=O)Nc1ccc(S(=O)(=O)Nc2nccs2)cc1
6101,1,O=C(c1ccc(F)cc1)C1CCN(CCn2c(=O)[nH]c3ccccc3c2=O)CC1,O=C(c1ccc(F)cc1)C1CCN(CCn2c(=O)[nH]c3ccccc3c2=O)CC1
6102,1,O=C1CC[C@@H](N2C(=O)[C@H]3[C@H]4CC[C@@H](C4)[C@H]3C2=O)C(=O)N1,O=C1CC[C@@H](N2C(=O)[C@@H]3[C@H]4CC[C@@H](C4)[C@@H]3C2=O)C(=O)N1
6103,1,O=C1CC[C@@]2(O)[C@H]3Cc4ccc(O)c5c4[C@]2(CCN3CC2CC2)[C@H]1O5,O=C1CC[C@@]2(O)[C@H]3Cc4ccc(O)c5c4[C@]2(CCN3CC2CC2)[C@H]1O5
6104,1,O=C1CC[C@H](C(=O)N[C@H]2C[C@H]2c2ccccc2)N1,O=C1CC[C@H](C(=O)N[C@H]2C[C@H]2c2ccccc2)N1
6105,1,O=C1CC[C@]2(O)[C@H]3Cc4ccc(O)c5c4[C@]2(CCN3CC2CC2)[C@@H]1O5,O=C1CC[C@]2(O)[C@H]3Cc4ccc(O)c5c4[C@]2(CCN3CC2CC2)[C@@H]1O5
6106,1,O=C1CN2CCO[C@@]2(c2ccccc2F)c2cc(Br)ccc2N1,O=C1CN2CCO[C@@]2(c2ccccc2F)c2cc(Br)ccc2N1
6107,1,O=C1CN2CCO[C@@]2(c2ccccc2F)c2cc(Cl)ccc2N1CCO,O=C1CN2CCO[C@@]2(c2ccccc2F)c2cc(Cl)ccc2N1CCO
6108,1,O=C1C[C@H](c2cccc(Br)c2)C(=O)N1,O=C1C[C@H](c2cccc(Br)c2)C(=O)N1
6109,1,O=C1C[C@H]2c3cc(Cl)ccc3O[C@]3(CCNC[C@@H]23)N1,O=C1C[C@H]2c3cc(Cl)ccc3O[C@]3(CCNC[C@@H]23)N1
6110,1,O=C1N([C@H](O)C(Cl)(Cl)Cl)CNC1(c1ccccc1)c1ccccc1,O=C1N([C@H](O)C(Cl)(Cl)Cl)CNC1(c1ccccc1)c1ccccc1
6111,1,O=C1NC(=O)C(C[C@H]2CCCCN2)(c2ccccc2)C(=O)N1,O=C1NC(=O)C(C[C@H]2CCCCN2)(c2ccccc2)C(=O)N1
6112,1,O=C1NC(=O)N([C@H]2O[C@@H](CO)[C@@H](O)[C@@H]2O)C[C@H]1C=CBr,O=C1NC(=O)N([C@H]2O[C@@H](CO)[C@@H](O)[C@@H]2O)C[C@H]1C=CBr
6113,1,O=C1NC(=O)[C@]2(c3ccc(Cl)cc3)C[C@@H]12,O=C1NC(=O)[C@]2(c3ccc(Cl)cc3)C[C@@H]12
6114,1,O=C1NCCN[C@H]1c1cccs1,O=C1NCCN[C@H]1c1cccs1
6115,1,O=C1NS(=O)(=O)c2ccccc21,O=C1NS(=O)(=O)c2ccccc21
6116,1,O=C1OCC[C@@H]1C1(O)CCN(CCCN2c3ccccc3Sc3ccc(Cl)cc32)CC1,O=C1OCC[C@@H]1C1(O)CCN(CCCN2c3ccccc3Sc3ccc(Cl)cc32)CC1
6117,1,O=C1[C@@H]2[C@H]3C=C[C@@H]([C@@H]4C=C[C@@H]43)[C@H]2C(=O)N1CCCCN1CCN(c2ncccn2)CC1,O=C1[C@@H]2[C@H]3C=C[C@@H]([C@H]4C=C[C@H]43)[C@H]2C(=O)N1CCCCN1CCN(c2ncccn2)CC1
6118,1,O=C1[C@@H]2[C@H]3CC[C@@H](C3)[C@H]2C(=O)N1CCCCN1CCN(c2ncccn2)CC1,O=C1[C@@H]2[C@H]3CC[C@@H](C3)[C@H]2C(=O)N1CCCCN1CCN(c2ncccn2)CC1
6119,0,O=CN(O)CCCP(=O)(O)O,O=CN(O)CCCP(=O)(O)O
6120,1,O=[N+]([O-])O[C@@H]1CO[C@@H]2[C@@H]1OC[C@H]2O[N+](=O)[O-],O=[N+]([O-])O[C@@H]1CO[C@H]2[C@H]1OC[C@H]2O[N+](=O)[O-]
6121,1,O=c1[nH]c2ccccc2n1C1CCN(CCC(c2ccc(F)cc2)c2ccc(F)cc2)CC1,O=c1[nH]c2ccccc2n1C1CCN(CCC(c2ccc(F)cc2)c2ccc(F)cc2)CC1
6122,1,OC(c1ccccc1)(c1ccccc1)[C@H]1C[C@H]1c1ccncc1,OC(c1ccccc1)(c1ccccc1)[C@H]1C[C@H]1c1ccncc1
6123,0,OC[C@@H]1O[C@@H](OC[C@@H]2O[C@@H](O[C@]3(CO)O[C@@H](CO)[C@H](O)[C@@H]3O)[C@@H](O)[C@@H](O)[C@@H]2O)[C@@H](O)[C@@H](O)[C@@H]1O,OC[C@@H]1O[C@@H](OC[C@@H]2O[C@@H](O[C@]3(CO)O[C@@H](CO)[C@H](O)[C@@H]3O)[C@@H](O)[C@@H](O)[C@@H]2O)[C@@H](O)[C@@H](O)[C@@H]1O
6124,0,OC[C@@H]1O[C@@H](O[C@@H]2[C@H](CO)O[C@@](O)(CO)[C@H]2O)[C@@H](O)[C@@H](O)[C@@H]1O,OC[C@@H]1O[C@@H](O[C@@H]2[C@H](CO)O[C@@](O)(CO)[C@H]2O)[C@@H](O)[C@@H](O)[C@@H]1O
6125,1,OC[C@H](O)COc1ccc(Cl)cc1,OC[C@H](O)COc1ccc(Cl)cc1
6126,1,OC[C@H](O)[C@H]1O[C@H]2O[C@H](C(Cl)(Cl)Cl)O[C@H]2[C@@H]1O,OC[C@H](O)[C@H]1O[C@H]2O[C@H](C(Cl)(Cl)Cl)O[C@H]2[C@@H]1O
6127,1,OCc1ccccc1O[C@@H]1O[C@H](CO)[C@@H](O)[C@@H](O)[C@H]1O,OCc1ccccc1O[C@@H]1O[C@H](CO)[C@@H](O)[C@@H](O)[C@H]1O
6128,0,ON=Cc1cc[n+](COC[n+]2ccc(/C=N/O)cc2)cc1,ON=Cc1cc[n+](COC[n+]2ccc(/C=N/O)cc2)cc1
6129,1,O[C@@](C1=NCCN1)(c1ccc(Cl)cc1)c1ccccn1,O[C@@](C1=NCCN1)(c1ccc(Cl)cc1)c1ccccn1
6130,1,O[C@@](CCN1CCCC1)(c1ccccc1)C1CCCCC1,O[C@@](CCN1CCCC1)(c1ccccc1)C1CCCCC1
6131,1,O[C@@]1(c2ccc(Cl)cc2)c2ccccc2C2=NCCN21,O[C@@]1(c2ccc(Cl)cc2)c2ccccc2C2=NCCN21
6132,1,O[C@H]1O[C@@H](COCCO[C@H](O)C(Cl)(Cl)Cl)[C@@H](O[C@H]2O[C@@H](COCCOCCO[C@H](O)C(Cl)(Cl)Cl)C[C@@H](O[C@H](O)C(Cl)(Cl)Cl)[C@@H]2O)[C@@H](OCCOCCO[C@H](O)C(Cl)(Cl)Cl)[C@@H]1O,O[C@@H]1[C@@H](O[C@H]2[C@@H](OCCOCCO[C@H](O)C(Cl)(Cl)Cl)[C@H](O)[C@@H](O)O[C@H]2COCCO[C@H](O)C(Cl)(Cl)Cl)O[C@@H](COCCOCCO[C@H](O)C(Cl)(Cl)Cl)C[C@H]1O[C@H](O)C(Cl)(Cl)Cl
6133,1,O[C@](CCN1CCCCC1)(c1ccccc1)C1CCCCC1,O[C@](CCN1CCCCC1)(c1ccccc1)C1CCCCC1
6134,1,Oc1ccc([C@H](O)[C@@H]2CCCCN2)cc1O,Oc1ccc([C@H](O)[C@@H]2CCCCN2)cc1O
6135,1,Oc1ccc2c3c1O[C@@H]1[C@@H](O)CC[C@@]4(O)[C@@H](C2)N(CC2CCC2)CC[C@@]314,Oc1ccc2c3c1O[C@@H]1[C@@H](O)CC[C@@]4(O)[C@@H](C2)N(CC2CCC2)CC[C@@]314
6136,1,Oc1ccc2c3c1O[C@@H]1[C@@H](O)CC[C@]4(O)[C@@H](C2)N(CC2CCC2)CC[C@@]314,Oc1ccc2c3c1O[C@@H]1[C@@H](O)CC[C@]4(O)[C@@H](C2)N(CC2CCC2)CC[C@@]314
6137,1,c1ccc([C@H]2CCN(C[C@H]3CCCc4c3ccc3c4OCO3)C2)cc1,c1ccc([C@H]2CCN(C[C@H]3CCCc4c3ccc3c4OCO3)C2)cc1
6138,1,c1ccc2c(c1)CCc1cccc3c1[C@@H]2CN1CCCC[C@@H]31,c1ccc2c(c1)CCc1cccc3c1[C@@H]2CN1CCCC[C@@H]31
6139,1,c1ccc2c(c1)Sc1ccccc1N2C[C@@H]1CN2CCC1CC2,c1ccc2c(c1)Sc1ccccc1N2C[C@@H]1CN2CCC1CC2
6140,1,C/C(=C\C(N)C(=O)O)CP(=O)(O)O,C/C(=C\C(N)C(=O)O)CP(=O)(O)O
6141,1,CN1CCc2cc(Cl)c(O)cc2C(c2ccccc2)C1,CN1CCc2cc(Cl)c(O)cc2C(c2ccccc2)C1
6142,0,C[N+]1(CC2CC2)CC[C@]23c4c5ccc(O)c4O[C@H]2C(=O)CC[C@@]3(O)[C@H]1C5,C[N+]1(CC2CC2)CC[C@]23c4c5ccc(O)c4O[C@H]2C(=O)CC[C@@]3(O)[C@H]1C5
6143,1,Clc1cccc(N2CCNCC2)c1,Clc1cccc(N2CCNCC2)c1
6144,1,CC(C)c1nc(N(C)S(C)(=O)=O)nc(-c2ccc(F)cc2)c1/C=C/[C@@H](O)C[C@@H](O)CC(=O)O,CC(C)c1nc(N(C)S(C)(=O)=O)nc(-c2ccc(F)cc2)c1/C=C/[C@@H](O)C[C@@H](O)CC(=O)O
6145,1,CCC(C)(C)C(=O)O[C@H]1C[C@@H](C)C=C2C=C[C@H](C)[C@H](CC[C@@H](O)C[C@@H](O)CC(=O)O)[C@H]21,CCC(C)(C)C(=O)O[C@H]1C[C@@H](C)C=C2C=C[C@H](C)[C@H](CC[C@@H](O)C[C@@H](O)CC(=O)O)[C@H]21
6146,1,CCOc1ccccc1O[C@H](c1ccccc1)[C@H]1CNCCO1,CCOc1ccccc1O[C@H](c1ccccc1)[C@H]1CNCCO1
6147,1,CN1CCC[C@@H]1Cc1c[nH]c2ccc(CCS(=O)(=O)c3ccccc3)cc12,CN1CCC[C@@H]1Cc1c[nH]c2ccc(CCS(=O)(=O)c3ccccc3)cc12
6148,1,C[C@@H](O[C@H]1OCCN(Cc2n[nH]c(=O)[nH]2)[C@H]1c1ccc(F)cc1)c1cc(C(F)(F)F)cc(C(F)(F)F)c1,C[C@@H](O[C@H]1OCCN(Cc2n[nH]c(=O)[nH]2)[C@H]1c1ccc(F)cc1)c1cc(C(F)(F)F)cc(C(F)(F)F)c1
6149,1,c1cnc2cc3c(cc2n1)C1CNCC3C1,c1cnc2cc3c(cc2n1)C1CNCC3C1
6150,1,CC1COc2c(N3CCN(C)CC3)c(F)c(C(=O)O)c3c(=O)ccn1c23,CC1COc2c(N3CCN(C)CC3)c(F)c(C(=O)O)c3c(=O)ccn1c23
6151,1,COC(=O)C1C2CC3c4[nH]c5cc(OC)ccc5c4CCN3CC2CC(OC(=O)c2cc(OC)c(OC)c(OC)c2)C1OC,COC(=O)C1C2CC3c4[nH]c5cc(OC)ccc5c4CCN3CC2CC(OC(=O)c2cc(OC)c(OC)c(OC)c2)C1OC
6152,1,COc1cc(C2c3cc4c(cc3C(OC3OC5COC(c6cccs6)OC5C(O)C3O)C3COC(=O)C23)OCO4)cc(O)c1O,COc1cc(C2c3cc4c(cc3C(OC3OC5COC(c6cccs6)OC5C(O)C3O)C3COC(=O)C23)OCO4)cc(O)c1O
6153,0,COc1cccc(CC(=O)N2CCN(C(C)=O)CC2CN2CCC(O)C2)c1,COc1cccc(CC(=O)N2CCN(C(C)=O)CC2CN2CCC(O)C2)c1
6154,1,Cc1ccc(C(=O)NCC2CN=C(c3ccc(F)cc3)c3ccc(C)cc3N2C)cc1,Cc1ccc(C(=O)NCC2CN=C(c3ccc(F)cc3)c3ccc(C)cc3N2C)cc1
6155,1,CCN(CC)C(=O)N[C@H]1CC2c3cccc4[nH]cc(c34)C[C@H]2N(C)C1,CCN(CC)C(=O)N[C@H]1CC2c3cccc4[nH]cc(c34)C[C@H]2N(C)C1
6156,1,CCOC(=O)C1=C[C@]2(CC)CCCN3CCc4c(n1c1ccccc41)[C@@H]32,CCOC(=O)C1=C[C@]2(CC)CCCN3CCc4c(n1c1ccccc41)[C@@H]32
6157,1,CN1CC[C@@]23c4c5ccc(O)c4O[C@@H]2[C@H](O)C=C[C@@H]3[C@@H]1C5,CN1CC[C@@]23c4c5ccc(O)c4O[C@@H]2[C@H](O)C=C[C@@H]3[C@@H]1C5
6158,1,COC12CC[C@@]3(C[C@@H]1C(C)(O)C(C)(C)C)[C@@H]1Cc4ccc(O)c5c4[C@@]3(CCN1CC1CC1)[C@H]2O5,COC12CC[C@@]3(C[C@@H]1C(C)(O)C(C)(C)C)[C@@H]1Cc4ccc(O)c5c4[C@@]3(CCN1CC1CC1)[C@H]2O5
6159,1,COc1ccc2c3c1O[C@H]1C(=O)CCC4[C@@H](C2)N(C)CC[C@@]341,COc1ccc2c3c1O[C@H]1C(=O)CCC4[C@@H](C2)N(C)CC[C@@]341
6160,1,COc1ccc2c3c1O[C@H]1C[C@@H](O)C=C[C@@]31CCCC2,COc1ccc2c3c1O[C@H]1C[C@@H](O)C=C[C@@]31CCCC2
6161,1,Cc1c(C(=O)NN2CCCCC2)nn(-c2ccc(Cl)cc2Cl)c1-c1ccc(Cl)cc1,Cc1c(C(=O)NN2CCCCC2)nn(-c2ccc(Cl)cc2Cl)c1-c1ccc(Cl)cc1
6162,1,Oc1cc2cc(CCN3CCN(c4nsc5ccccc45)CC3)c(Cl)cc2[nH]1,Oc1cc2cc(CCN3CCN(c4nsc5ccccc45)CC3)c(Cl)cc2[nH]1
6163,1,CC(C1=C(CCN(C)C)Cc2ccccc21)c1ccccn1,CC(C1=C(CCN(C)C)Cc2ccccc21)c1ccccn1
6164,1,CCCCCOC(=O)Nc1nc(=O)n([C@@H]2O[C@H](C)[C@@H](O)[C@H]2O)cc1F,CCCCCOC(=O)Nc1nc(=O)n([C@@H]2O[C@H](C)[C@@H](O)[C@H]2O)cc1F
6165,1,CCOc1ccc(/C=C2\NCCc3cc(OCC)c(OCC)cc32)cc1OCC,CCOc1ccc(/C=C2\NCCc3cc(OCC)c(OCC)cc32)cc1OCC
6166,1,CN1CCN(CCCN2c3ccccc3Sc3ccccc32)CC1,CN1CCN(CCCN2c3ccccc3Sc3ccccc32)CC1
6167,1,COc1ccc2[nH]ccc2c1,COc1ccc2[nH]ccc2c1
6168,0,O=C(N/N=C/c1ccc([N+](=O)[O-])o1)c1ccc(O)cc1,O=C(N/N=C/c1ccc([N+](=O)[O-])o1)c1ccc(O)cc1
6169,1,Oc1cc(Cl)ccc1Oc1ccc(Cl)cc1Cl,Oc1cc(Cl)ccc1Oc1ccc(Cl)cc1Cl
6170,0,c1ccc2[nH]c(-c3cscn3)nc2c1,c1ccc2[nH]c(-c3cscn3)nc2c1
6171,0,CC(C)(C)c1ccc([C@H](O)CCCN2CCC(C(O)(c3ccccc3)c3ccccc3)CC2)cc1,CC(C)(C)c1ccc([C@H](O)CCCN2CCC(C(O)(c3ccccc3)c3ccccc3)CC2)cc1
6172,0,COc1ccc(CCN(C)CCC[C@@](C#N)(c2ccc(OC)c(OC)c2)C(C)C)cc1OC,COc1ccc(CCN(C)CCC[C@@](C#N)(c2ccc(OC)c(OC)c2)C(C)C)cc1OC
6173,0,CC(=O)CC(c1ccc([N+](=O)[O-])cc1)c1c(O)c2ccccc2oc1=O,CC(=O)CC(c1ccc([N+](=O)[O-])cc1)c1c(O)c2ccccc2oc1=O
6174,0,CC(=O)CCCCn1c(=O)c2c(ncn2C)n(C)c1=O,CC(=O)CCCCn1c(=O)c2c(ncn2C)n(C)c1=O
6175,0,CC(C)(C(=O)c1cccnc1)c1cccnc1,CC(C)(C(=O)c1cccnc1)c1cccnc1
6176,0,CC(C)C(=O)Nc1ccc([N+](=O)[O-])c(C(F)(F)F)c1,CC(C)C(=O)Nc1ccc([N+](=O)[O-])c(C(F)(F)F)c1
6177,0,CC(C)NCC(O)COc1ccc(COCCOC(C)C)cc1,CC(C)NCC(O)COc1ccc(COCCOC(C)C)cc1
6178,0,CC1(C)NC(=O)N(c2ccc([N+](=O)[O-])c(C(F)(F)F)c2)C1=O,CC1(C)NC(=O)N(c2ccc([N+](=O)[O-])c(C(F)(F)F)c2)C1=O
6179,0,CC1=Nc2ccc(Cl)cc2S(=O)(=O)N1,CC1=Nc2ccc(Cl)cc2S(=O)(=O)N1
6180,0,CCC1=C(C)CN(C(=O)NCCc2ccc(S(=O)(=O)NC(=O)NC3CCC(C)CC3)cc2)C1=O,CCC1=C(C)CN(C(=O)NCCc2ccc(S(=O)(=O)NC(=O)NC3CCC(C)CC3)cc2)C1=O
6181,0,CCCCC1=NC2(CCCC2)C(=O)N1Cc1ccc(-c2ccccc2-c2nn[nH]n2)cc1,CCCCC1=NC2(CCCC2)C(=O)N1Cc1ccc(-c2ccccc2-c2nn[nH]n2)cc1
6182,1,CCCCCc1cc(O)c2c(c1)OC(C)(C)C1CCC(C)=CC21,CCCCCc1cc(O)c2c(c1)OC(C)(C)C1CCC(C)=CC21
6183,0,CCCCNc1cc(C(=O)O)cc(S(N)(=O)=O)c1Oc1ccccc1,CCCCNc1cc(C(=O)O)cc(S(N)(=O)=O)c1Oc1ccccc1
6184,0,CCN(CC)CC#CCOC(=O)C(O)(c1ccccc1)C1CCCCC1,CCN(CC)CC#CCOC(=O)C(O)(c1ccccc1)C1CCCCC1
6185,0,CCOC(=O)Nc1ccc2c(c1)N(C(=O)CCN1CCOCC1)c1ccccc1S2,CCOC(=O)Nc1ccc2c(c1)N(C(=O)CCN1CCOCC1)c1ccccc1S2
6186,0,CCOC(=O)n1ccn(C)c1=S,CCOC(=O)n1ccn(C)c1=S
6187,0,CCn1nc(C(=O)O)c(=O)c2cc3c(cc21)OCO3,CCn1nc(C(=O)O)c(=O)c2cc3c(cc21)OCO3
6188,0,CN(CCOc1ccc(NS(C)(=O)=O)cc1)CCc1ccc(NS(C)(=O)=O)cc1,CN(CCOc1ccc(NS(C)(=O)=O)cc1)CCc1ccc(NS(C)(=O)=O)cc1
6189,0,CN(Cc1cc(Br)cc(Br)c1N)C1CCCCC1,CN(Cc1cc(Br)cc(Br)c1N)C1CCCCC1
6190,0,COC(=O)Nc1nc2ccc(C(=O)c3ccccc3)cc2[nH]1,COC(=O)Nc1nc2ccc(C(=O)c3ccccc3)cc2[nH]1
6191,0,COc1cc2nc(N3CCN(C(=O)C4COc5ccccc5O4)CC3)nc(N)c2cc1OC,COc1cc2nc(N3CCN(C(=O)C4COc5ccccc5O4)CC3)nc(N)c2cc1OC
6192,0,COc1ccc2c(c1)C(=O)N(CCc1ccc(S(=O)(=O)NC(=O)NC3CCCCC3)cc1)C(=O)C2(C)C,COc1ccc2c(c1)C(=O)N(CCc1ccc(S(=O)(=O)NC(=O)NC3CCCCC3)cc1)C(=O)C2(C)C
6193,0,COc1ccnc(C[S+]([O-])c2nc3ccc(OC(F)F)cc3[nH]2)c1OC,COc1ccnc(C[S+]([O-])c2nc3ccc(OC(F)F)cc3[nH]2)c1OC
6194,0,CSc1ccc(C(=O)c2[nH]c(=O)[nH]c2C)cc1,CSc1ccc(C(=O)c2[nH]c(=O)[nH]c2C)cc1
6195,0,Cc1[nH]cnc1CN1CCc2c(c3ccccc3n2C)C1=O,Cc1[nH]cnc1CN1CCc2c(c3ccccc3n2C)C1=O
6196,0,Cc1ccc(C)c(OCCCC(C)(C)C(=O)O)c1,Cc1ccc(C)c(OCCCC(C)(C)C(=O)O)c1
6197,0,Cc1cccc(Nc2ccncc2S(=O)(=O)NC(=O)NC(C)C)c1,Cc1cccc(Nc2ccncc2S(=O)(=O)NC(=O)NC(C)C)c1
6198,0,Clc1ccc2c(c1)CCc1cccnc1C2=C1CCNCC1,Clc1ccc2c(c1)CCc1cccnc1C2=C1CCNCC1
6199,0,Clc1ccccc1CN1CCc2sccc2C1,Clc1ccccc1CN1CCc2sccc2C1
6200,0,Cn1cc[nH]c1=S,Cn1cc[nH]c1=S
6201,0,Nc1ccc(O)c(C(=O)O)c1,Nc1ccc(O)c(C(=O)O)c1
6202,0,O=C(NCCO[N+](=O)[O-])c1cccnc1,O=C(NCCO[N+](=O)[O-])c1cccnc1
6203,0,O=C(O)c1cccnc1,O=C(O)c1cccnc1
6204,0,O=C1C(CC[S+]([O-])c2ccccc2)C(=O)N(c2ccccc2)N1c1ccccc1,O=C1C(CC[S+]([O-])c2ccccc2)C(=O)N(c2ccccc2)N1c1ccccc1
6205,0,O=C1OC2(c3ccc(O)cc3Oc3cc(O)ccc32)c2ccccc21,O=C1OC2(c3ccc(O)cc3Oc3cc(O)ccc32)c2ccccc21
6206,1,CCOCCn1c(N2CCCN(C)CC2)nc2ccccc21,CCOCCn1c(N2CCCN(C)CC2)nc2ccccc21
6207,1,CN1CCC(=C2c3ccccc3CC(=O)c3sccc32)CC1,CN1CCC(=C2c3ccccc3CC(=O)c3sccc32)CC1
6208,0,Cc1[nH]c(=O)c(C#N)cc1-c1ccncc1,Cc1[nH]c(=O)c(C#N)cc1-c1ccncc1
