,BBBP,smiles,cano_smiles
0,1,[Cl].CC(C)NCC(O)COc1cccc2ccccc12,CC(C)NCC(O)COc1cccc2ccccc12.[Cl]
1,1,C1CCN(CC1)Cc1cccc(c1)OCCCNC(=O)C,CC(=O)NCCCOc1cccc(CN2CCCCC2)c1
2,1,Cc1onc(c2ccccc2Cl)c1C(=O)N[C@H]3[C@H]4SC(C)(C)[C@@H](N4C3=O)C(O)=O,Cc1onc(-c2ccccc2Cl)c1C(=O)N[C@@H]1C(=O)N2[C@@H]1SC(C)(C)[C@@H]2C(=O)O
3,1,CCN1CCN(C(=O)N[C@@H](C(=O)N[C@H]2[C@H]3SCC(=C(N3C2=O)C(O)=O)CSc4nnnn4C)c5ccc(O)cc5)C(=O)C1=O,CCN1CCN(C(=O)N[C@@H](C(=O)N[C@@H]2C(=O)N3C(C(=O)O)=C(CSc4nnnn4C)CS[C@H]23)c2ccc(O)cc2)C(=O)C1=O
4,1,CN(C)[C@H]1[C@@H]2C[C@H]3C(=C(O)c4c(O)cccc4[C@@]3(C)O)C(=O)[C@]2(O)C(=O)\C(=C(/O)NCN5CCCC5)C1=O,CN(C)[C@@H]1C(=O)/C(=C(/O)NCN2CCCC2)C(=O)[C@@]2(O)C(=O)C3=C(O)c4c(O)cccc4[C@@](C)(O)[C@H]3C[C@@H]12
5,1,Cn1c2CCC(Cn3ccnc3C)C(=O)c2c4ccccc14,Cc1nccn1CC1CCc2c(c3ccccc3n2C)C1=O
6,1,COc1ccc(cc1)[C@@H]2Sc3ccccc3N(CCN(C)C)C(=O)[C@@H]2OC(C)=O,COc1ccc([C@@H]2Sc3ccccc3N(CCN(C)C)C(=O)[C@@H]2OC(C)=O)cc1
7,0,OCC(C)(O)c1onc(c2ncn3c2CN(C)C(c4c3cccc4Cl)=O)n1,CN1Cc2c(-c3noc(C(C)(O)CO)n3)ncn2-c2cccc(Cl)c2C1=O
8,1,C(Cl)Cl,ClCCl
9,1,C1N(C(CC2CCCCC12)C(NC(C)(C)C)=O)CC(C(Cc1ccccc1)NC(C(NC(c1nc2c(cccc2)cc1)=O)CC(N)=O)=O)O,CC(C)(C)NC(=O)C1CC2CCCCC2CN1CC(O)C(Cc1ccccc1)NC(=O)C(CC(N)=O)NC(=O)c1ccc2ccccc2n1
10,1,CCC(=O)C(CC(C)N(C)C)(c1ccccc1)c2ccccc2,CCC(=O)C(CC(C)N(C)C)(c1ccccc1)c1ccccc1
11,1,CCN1N=NN(CCN2CCC(CC2)(COC)N(C(=O)CC)c3ccccc3)C1=O,CCC(=O)N(c1ccccc1)C1(COC)CCN(CCn2nnn(CC)c2=O)CC1
12,1,CN1C2CCC1CC(C2)OC(=O)[C@H](CO)c3ccccc3,CN1C2CCC1CC(OC(=O)[C@H](CO)c1ccccc1)C2
13,1,Nc1nnc(c(N)n1)c2cccc(Cl)c2Cl,Nc1nnc(-c2cccc(Cl)c2Cl)c(N)n1
14,1,C[C@H](N)Cc1ccccc1,C[C@H](N)Cc1ccccc1
15,1,CC(C)(C)NCC(O)COc1cccc2C[C@@H](O)[C@@H](O)Cc12,CC(C)(C)NCC(O)COc1cccc2c1C[C@H](O)[C@H](O)C2
16,0,CCNC(=NC#N)NCCSCc1c(cccn1)Br,CCNC(=NC#N)NCCSCc1ncccc1Br
17,1,CN(C)C(=O)Cc1n2cc(C)ccc2nc1c3ccc(C)cc3,Cc1ccc(-c2nc3ccc(C)cn3c2CC(=O)N(C)C)cc1
18,1,CN1CCN(CC1)C2=C3C=CC=CC3=Nc4ccc(Cl)cc4N2,CN1CCN(C2=c3ccccc3=Nc3ccc(Cl)cc3N2)CC1
19,1,FC(F)(F)c1c(Cl)nc(N2CCNCC2)cc1,FC(F)(F)c1ccc(N2CCNCC2)nc1Cl
20,1,C[C@H]1COc2c(N3CCN(C)CC3)c(F)cc4C(=O)C(=CN1c24)C(O)=O,C[C@H]1COc2c(N3CCN(C)CC3)c(F)cc3c(=O)c(C(=O)O)cn1c23
21,1,c1ccc(C(NCCCOc2cc(CN3CCCCC3)ccc2)=O)cc1,O=C(NCCCOc1cccc(CN2CCCCC2)c1)c1ccccc1
22,1,CC(C)(C)OC(=O)C1=C2CN(C(=O)C3=C(N2C=N1)C=CS3)C,CN1Cc2c(C(=O)OC(C)(C)C)ncn2-c2ccsc2C1=O
23,1,CCOC(=O)c1cncn1C(C)c2ccccc2,CCOC(=O)c1cncn1C(C)c1ccccc1
24,0,CN(C)c1cc(C2=NC(N)=NN2)ccn1,CN(C)c1cc(-c2nc(N)n[nH]2)ccn1
25,1,CN1CCN(CCCN2c3ccccc3Sc4ccc(Cl)cc24)CC1,CN1CCN(CCCN2c3ccccc3Sc3ccc(Cl)cc32)CC1
26,1,IC1=C(N([H])[H])C=CC(C2=NC3=CC=C(O[H])C=C3S2)=C1,Nc1ccc(-c2nc3ccc(O)cc3s2)cc1I
27,1,CN1[C@H]2CCC[C@@H]1CC(C2)NC(=O)c3nn(C)c4ccccc34,CN1[C@@H]2CCC[C@H]1CC(NC(=O)c1nn(C)c3ccccc13)C2
28,1,c1ccc(cc1)c1csc(n1)N=C(N)N,NC(N)=Nc1nc(-c2ccccc2)cs1
29,1,CCC(=O)O[C@@](Cc1ccccc1)([C@H](C)CN(C)C)c2ccccc2,CCC(=O)O[C@](Cc1ccccc1)(c1ccccc1)[C@H](C)CN(C)C
30,1,CN(C)Cc1ccc(c2cccc(NC3C([N+]([O-])=O)=CC=N3)c2)o1,CN(C)Cc1ccc(-c2cccc(NC3N=CC=C3[N+](=O)[O-])c2)o1
31,1,Cn1nnnc1SCC2=C(N3[C@H](SC2)[C@H](NC(=O)[C@H](O)c4ccccc4)C3=O)C(O)=O,Cn1nnnc1SCC1=C(C(=O)O)N2C(=O)[C@@H](NC(=O)[C@H](O)c3ccccc3)[C@H]2SC1
32,1,n(ccc1)c(c1)CCN(C)C,CN(C)CCc1ccccn1
33,1,O=C1N(CCC1)CCCCN2CCN(CC2)c3cc(C(F)(F)F)ccn3,O=C1CCCN1CCCCN1CCN(c2cc(C(F)(F)F)ccn2)CC1
34,1,COc1ccc2nccc([C@H](O)[C@H]3C[C@@H]4CCN3C[C@@H]4C=C)c2c1,C=C[C@H]1CN2CC[C@H]1C[C@@H]2[C@@H](O)c1ccnc2ccc(OC)cc12
35,1,c1ccc(cc1N)c1csc(n1)N=C(N)N,NC(N)=Nc1nc(-c2cccc(N)c2)cs1
36,1,CC[C@]1(O)C[C@H]2CN(CCc3c([nH]c4ccccc34)[C@@](C2)(C(=O)OC)c5cc6c(cc5OC)N(C)[C@H]7[C@](O)([C@H](OC(C)=O)[C@]8(CC)C=CCN9CC[C@]67[C@H]89)C(=O)OC)C1,CC[C@]1(O)C[C@H]2CN(CCc3c([nH]c4ccccc34)[C@@](C(=O)OC)(c3cc4c(cc3OC)N(C)[C@H]3[C@@](O)(C(=O)OC)[C@H](OC(C)=O)[C@]5(CC)C=CCN6CC[C@]43[C@@H]65)C2)C1
37,1,c1(c(cc(NC(CCC)=O)cc1)C(C)=O)OCC(CNC(C)C)O,CCCC(=O)Nc1ccc(OCC(O)CNC(C)C)c(C(C)=O)c1
38,1,CN(C)Cc1ccc(CSCCNC2=C([N+]([O-])=O)C(Cc3ccccc3)=CN2)o1,CN(C)Cc1ccc(CSCCNc2[nH]cc(Cc3ccccc3)c2[N+](=O)[O-])o1
39,0,CNC(=NC#N)Nc1cccc(c1)c1csc(n1)N=C(N)N,CNC(=NC#N)Nc1cccc(-c2csc(N=C(N)N)n2)c1
40,1,CC[C@]1(O)C[C@H]2CN(CCc3c([nH]c4ccccc34)[C@@](C2)(C(=O)OC)c5cc6c(cc5OC)N(C=O)[C@H]7[C@](O)([C@H](OC(C)=O)[C@]8(CC)C=CCN9CC[C@]67[C@H]89)C(=O)OC)C1,CC[C@]1(O)C[C@H]2CN(CCc3c([nH]c4ccccc34)[C@@](C(=O)OC)(c3cc4c(cc3OC)N(C=O)[C@H]3[C@@](O)(C(=O)OC)[C@H](OC(C)=O)[C@]5(CC)C=CCN6CC[C@]43[C@@H]65)C2)C1
41,1,CCC(NC(=O)c1c(c(nc2c1cccc2)c1ccccc1)C)c1ccccc1,CCC(NC(=O)c1c(C)c(-c2ccccc2)nc2ccccc12)c1ccccc1
42,1,ClC1=CC=CC(OC2CCN(CCC3CCCN3S(C4=CC(N([H])C=C5)=C5C=C4)(=O)=O)CC2)=C1,O=S(=O)(c1ccc2cc[nH]c2c1)N1CCCC1CCN1CCC(Oc2cccc(Cl)c2)CC1
43,1,CNCCCC12CCC(c3ccccc13)c4ccccc24,CNCCCC12CCC(c3ccccc31)c1ccccc12
44,1,N1(Cc2cc(OCCCNc3nccs3)ccc2)CCCCC1,c1cc(CN2CCCCC2)cc(OCCCNc2nccs2)c1
45,1,[Na+].CO\N=C(C(=O)N[C@@H]1[C@@H]2SCC(=C(N2C1=O)C([O-])=O)COC(C)=O)\c3csc(N)n3,CO/N=C(\C(=O)N[C@H]1C(=O)N2C(C(=O)[O-])=C(COC(C)=O)CS[C@@H]12)c1csc(N)n1.[Na+]
46,1,C1=CC=C2C(=C1)C3C(O3)C4=CC=CC=C4N2C(=O)N,NC(=O)N1c2ccccc2C2OC2c2ccccc21
47,1,C1CCCCC1,C1CCCCC1
48,1,Cc1csc(n1)N=C(N)N,Cc1csc(N=C(N)N)n1
49,1,Clc1cc2c(Oc3ccccc3C3CN(CC32)C)cc1,CN1CC2c3ccccc3Oc3ccc(Cl)cc3C2C1
50,0,CN(C)Cc1oc(CSCCNC2C([N+]([O-])=O)=CC=N2)cc1,CN(C)Cc1ccc(CSCCNC2N=CC=C2[N+](=O)[O-])o1
51,1,CO/N=C(C(=O)N[C@H]1[C@H]2SCC(=C(N2C1=O)C(O)=O)COC(N)=O)/c3occc3,CO/N=C(\C(=O)N[C@@H]1C(=O)N2C(C(=O)O)=C(COC(N)=O)CS[C@H]12)c1ccco1
52,1,OC12c3c(Oc4c(C)cccc4C2CN(CC1)C)cccc3,Cc1cccc2c1Oc1ccccc1C1(O)CCN(C)CC21
53,1,[O-][N+](C1=CC=NC1NCCSCc2ccccn2)=O,O=[N+]([O-])C1=CC=NC1NCCSCc1ccccn1
54,1,c12c(nc([nH]1)NC(OC)=O)cc(SCCC)cc2,CCCSc1ccc2[nH]c(NC(=O)OC)nc2c1
55,0,c1cccn2c1nc(c2)CCN,NCCc1cn2ccccc2n1
56,1,Cc1ncc(n1CC(O)CCl)[N+]([O-])=O,Cc1ncc([N+](=O)[O-])n1CC(O)CCl
57,1,CCCN(CCc1c2c(ccc1)NC(=O)C2)CCC,CCCN(CCC)CCc1cccc2c1CC(=O)N2
58,1,Clc1cc2c(Oc3ccccc3C3CNCC32)cc1,Clc1ccc2c(c1)C1CNCC1c1ccccc1O2
59,1,CO/N=C(C(=O)N[C@H]1[C@H]2SCC(=C(N2C1=O)C(O)=O)CSC3=NC(=O)C(=O)NN3C)/c4csc(N)n4,CO/N=C(\C(=O)N[C@@H]1C(=O)N2C(C(=O)O)=C(CSc3nc(=O)c(=O)[nH]n3C)CS[C@H]12)c1csc(N)n1
60,1,OC12c3c(Oc4c(C)cccc4C2CNCC1)cccc3,Cc1cccc2c1Oc1ccccc1C1(O)CCNCC21
61,1,c12c3c(C(NC(C)=O)CCc2cc(c(c1OC)OC)OC)cc(=O)c(cc3)OC,COc1cc2c(c(OC)c1OC)-c1ccc(OC)c(=O)cc1C(NC(C)=O)CC2
62,1,C1CCN(CC1)Cc1cc(OCCCO)ccc1,OCCCOc1cccc(CN2CCCCC2)c1
63,1,CCN(CC)C(=O)Nc1ccc(OCC(O)CNC(C)(C)C)c(c1)C(C)=O,CCN(CC)C(=O)Nc1ccc(OCC(O)CNC(C)(C)C)c(C(C)=O)c1
64,1,ClCC(F)(F)F,FC(F)(F)CCl
65,1,CN1C(=O)c2c(cccc2Cl)n2cnc(c2C1)c1noc(n1)C(C)C,CC(C)c1nc(-c2ncn3c2CN(C)C(=O)c2c(Cl)cccc2-3)no1
66,1,CO[C@]1(NC(=O)Cc2sccc2)[C@H]3SCC(=C(N3C1=O)C(O)=O)COC(N)=O,CO[C@@]1(NC(=O)Cc2cccs2)C(=O)N2C(C(=O)O)=C(COC(N)=O)CS[C@@H]21
67,1,NC(CC=C)c1ccccc1c2noc3c2cccc3,C=CCC(N)c1ccccc1-c1noc2ccccc12
68,1,OC1C(N2CCC1)=NC(C)=C(CCN3CCC(CC3)c4c5ccc(F)cc5on4)C2=O,Cc1nc2n(c(=O)c1CCN1CCC(c3noc4cc(F)ccc34)CC1)CCCC2O
69,1,CC(=O)Nc1ccc(O)cc1,CC(=O)Nc1ccc(O)cc1
70,0,CC(=O)Oc1ccccc1C(O)=O,CC(=O)Oc1ccccc1C(=O)O
71,0,O=C1N=CN=C2NNC=C12,O=c1ncnc2[nH][nH]cc1-2
72,0,O.O.O.CC1(C)S[C@@H]2[C@H](NC(=O)[C@H](N)c3ccc(O)cc3)C(=O)N2[C@H]1C(O)=O,CC1(C)S[C@@H]2[C@H](NC(=O)[C@H](N)c3ccc(O)cc3)C(=O)N2[C@H]1C(=O)O.O.O.O
73,0,C[C@]1(O)CC[C@H]2[C@@H]3CCC4=CC(=O)CC[C@]4(C)[C@H]3CC[C@]12C,C[C@]12CCC(=O)C=C1CC[C@@H]1[C@@H]2CC[C@@]2(C)[C@H]1CC[C@]2(C)O
74,1,OC(=O)CCC(O)=O.FC(F)(F)c1ccc2Sc3ccccc3N(CCCN4CCN(CCC5OCCCO5)CC4)c2c1,FC(F)(F)c1ccc2c(c1)N(CCCN1CCN(CCC3OCCCO3)CC1)c1ccccc1S2.O=C(O)CCC(=O)O
75,1,O=C1Nc2ccccc2N1C3CCN(CCOc4ccccc4)CC3,O=c1[nH]c2ccccc2n1C1CCN(CCOc2ccccc2)CC1
76,1,COc1ccc2C[C@H]3N(C)CC[C@@]45[C@@H](Oc1c24)C(=O)CC[C@@]35O,COc1ccc2c3c1O[C@H]1C(=O)CC[C@@]4(O)[C@@H](C2)N(C)CC[C@]314
77,1,CN1CC[C@]23[C@H]4Oc5c(O)ccc(C[C@@H]1[C@]2(O)CCC4=O)c35,CN1CC[C@]23c4c5ccc(O)c4O[C@H]2C(=O)CC[C@@]3(O)[C@H]1C5
78,1,NC1=NC(=O)C(O1)c2ccccc2,NC1=NC(=O)C(c2ccccc2)O1
79,1,C[C@@H]1[C@H]2Cc3ccc(O)cc3[C@]1(C)CCN2CC=C(C)C,CC(C)=CCN1CC[C@@]2(C)c3cc(O)ccc3C[C@@H]1[C@H]2C
80,1,CCc1cc(ccn1)C(N)=S,CCc1cc(C(N)=S)ccn1
81,0,COc1cc(cc(OC)c1O)[C@H]2[C@@H]3C(COC3=O)[C@H](O[C@@H]4O[C@@H]5CO[C@@H](C)O[C@H]5[C@H](O)[C@H]4O)c6cc7OCOc7cc26,COc1cc([C@@H]2c3cc4c(cc3[C@@H](O[C@@H]3O[C@@H]5CO[C@@H](C)O[C@H]5[C@H](O)[C@H]3O)C3COC(=O)[C@@H]32)OCO4)cc(OC)c1O
82,1,NC(N)=Nc1scc(CSCCC(N)=N[S](N)(=O)=O)n1,NC(N)=Nc1nc(CSCCC(N)=NS(N)(=O)=O)cs1
83,1,[Na+].[Na+].[Na+].[O-]C(=O)[P]([O-])([O-])=O,O=C([O-])P(=O)([O-])[O-].[Na+].[Na+].[Na+]
84,1,NCC1(CCCCC1)CC(O)=O,NCC1(CC(=O)O)CCCCC1
85,0,[Na+].CCOc1ccc2ccccc2c1C(=O)N[C@H]3[C@H]4SC(C)(C)[C@@H](N4C3=O)C([O-])=O,CCOc1ccc2ccccc2c1C(=O)N[C@@H]1C(=O)N2[C@@H]1SC(C)(C)[C@@H]2C(=O)[O-].[Na+]
86,0,CCN1C=C(C(O)=O)C(=O)c2ccc(C)nc12,CCn1cc(C(=O)O)c(=O)c2ccc(C)nc21
87,0,Cc1c(O)cccc1C(=O)N[C@@H](CSc2ccccc2)[C@H](O)CN3C[C@H]4CCCC[C@H]4C[C@H]3C(=O)NC(C)(C)C,Cc1c(O)cccc1C(=O)N[C@@H](CSc1ccccc1)[C@H](O)CN1C[C@H]2CCCC[C@H]2C[C@H]1C(=O)NC(C)(C)C
88,0,COc1ccc(CCN2CCC(CC2)Nc3nc4ccccc4n3Cc5ccc(F)cc5)cc1,COc1ccc(CCN2CCC(Nc3nc4ccccc4n3Cc3ccc(F)cc3)CC2)cc1
89,0,[Cl-].CN(C)[C@H]1[C@@H]2C[C@H]3C(=C(O)c4c(O)ccc(Cl)c4[C@@]3(C)O)C(=O)[C@]2(O)C(=O)\C(=C(N)/O)C1=O.[H+],CN(C)[C@@H]1C(=O)/C(=C(\N)O)C(=O)[C@@]2(O)C(=O)C3=C(O)c4c(O)ccc(Cl)c4[C@@](C)(O)[C@H]3C[C@@H]12.[Cl-].[H+]
90,0,C[C@H]1C[C@H]2[C@@H]3CCC4=CC(=O)C=C[C@]4(C)[C@@]3(F)[C@@H](O)C[C@]2(C)[C@@]1(O)C(=O)CO,C[C@H]1C[C@H]2[C@@H]3CCC4=CC(=O)C=C[C@]4(C)[C@@]3(F)[C@@H](O)C[C@]2(C)[C@@]1(O)C(=O)CO
91,0,CC1(C)S[C@@H]2[C@H](NC(=O)C(C(O)=O)c3ccccc3)C(=O)N2[C@H]1C(O)=O,CC1(C)S[C@@H]2[C@H](NC(=O)C(C(=O)O)c3ccccc3)C(=O)N2[C@H]1C(=O)O
92,0,C[C@@](Cc1ccc(O)c(O)c1)(NN)C(O)=O,C[C@@](Cc1ccc(O)c(O)c1)(NN)C(=O)O
93,0,CC(C)(C)NCC(O)COc1cccc2NC(=O)CCc12,CC(C)(C)NCC(O)COc1cccc2c1CCC(=O)N2
94,0,OC(=O)CCCc1ccc(cc1)N(CCCl)CCCl,O=C(O)CCCc1ccc(N(CCCl)CCCl)cc1
95,1,CCCN1C[C@H](CSC)C[C@H]2[C@H]1Cc3c[nH]c4cccc2c34,CCCN1C[C@H](CSC)C[C@@H]2c3cccc4[nH]cc(c34)C[C@H]21
96,1,CN1CCN(CC1)C2=Nc3ccccc3Cc4ccccc24,CN1CCN(C2=Nc3ccccc3Cc3ccccc32)CC1
97,1,OCCN1CCN(CCCN2c3ccccc3Sc4ccc(Cl)cc24)CC1,OCCN1CCN(CCCN2c3ccccc3Sc3ccc(Cl)cc32)CC1
98,1,CCOC(=O)C1(CCN(C)CC1)c2ccccc2,CCOC(=O)C1(c2ccccc2)CCN(C)CC1
99,1,C1CCN(CC1)C2(CCCCC2)c3ccccc3,c1ccc(C2(N3CCCCC3)CCCCC2)cc1
100,1,CCC1(C(=O)NC(=O)NC1=O)c2ccccc2,CCC1(c2ccccc2)C(=O)NC(=O)NC1=O
101,1,NC(=O)OCCCc1ccccc1,NC(=O)OCCCc1ccccc1
102,1,CNC(=O)Oc1ccc2N(C)[C@H]3N(C)CC[C@@]3(C)c2c1,CNC(=O)Oc1ccc2c(c1)[C@]1(C)CCN(C)[C@@H]1N2C
103,0,NCC(O)c1ccc(O)c(O)c1,NCC(O)c1ccc(O)c(O)c1
104,0,Cc1onc(c2ccccc2)c1C(=O)N[C@H]3[C@H]4SC(C)(C)[C@@H](N4C3=O)C(O)=O,Cc1onc(-c2ccccc2)c1C(=O)N[C@@H]1C(=O)N2[C@@H]1SC(C)(C)[C@@H]2C(=O)O
105,1,OC[C@H]1O[C@H](C[C@@H]1O)n2cnc3[C@H](O)CN=CNc23,OC[C@H]1O[C@@H](n2cnc3c2NC=NC[C@H]3O)C[C@@H]1O
106,0,CC1(C)S[C@@H]2[C@H](NC(=O)COc3ccccc3)C(=O)N2[C@H]1C([O-])=O,CC1(C)S[C@@H]2[C@H](NC(=O)COc3ccccc3)C(=O)N2[C@H]1C(=O)[O-]
107,0,OCC(NC(=O)C(Cl)Cl)C(O)c1ccc(cc1)[N+]([O-])=O,O=C(NC(CO)C(O)c1ccc([N+](=O)[O-])cc1)C(Cl)Cl
108,0,N[S](=O)(=O)c1cc2c(NC=N[S]2(=O)=O)cc1Cl,NS(=O)(=O)c1cc2c(cc1Cl)NC=NS2(=O)=O
109,0,CCCNC(=O)N[S](=O)(=O)c1ccc(Cl)cc1,CCCNC(=O)NS(=O)(=O)c1ccc(Cl)cc1
110,0,CN(C)[C@H]1[C@@H]2C[C@H]3C(=C(O)c4c(O)ccc(Cl)c4[C@@]3(C)O)C(=O)[C@]2(O)C(=O)\C(=C(N)/O)C1=O,CN(C)[C@@H]1C(=O)/C(=C(\N)O)C(=O)[C@@]2(O)C(=O)C3=C(O)c4c(O)ccc(Cl)c4[C@@](C)(O)[C@H]3C[C@@H]12
111,0,CCOC(=O)C(C)(C)Oc1ccc(Cl)cc1,CCOC(=O)C(C)(C)Oc1ccc(Cl)cc1
112,0,Clc1ccccc1C(n2ccnc2)(c3ccccc3)c4ccccc4,Clc1ccccc1C(c1ccccc1)(c1ccccc1)n1ccnc1
113,0,C[C@]12C[C@H](O)[C@H]3[C@@H](CCC4=CC(=O)CC[C@]34C)[C@@H]1CC[C@@H]2C(=O)CO,C[C@]12C[C@H](O)[C@H]3[C@@H](CCC4=CC(=O)CC[C@@]43C)[C@@H]1CC[C@@H]2C(=O)CO
114,0,C[C@]12CCC(=O)C=C1CC[C@H]3[C@@H]4CC[C@](O)(C(=O)CO)[C@@]4(C)CC(=O)[C@H]23,C[C@]12CCC(=O)C=C1CC[C@@H]1[C@@H]2C(=O)C[C@@]2(C)[C@H]1CC[C@]2(O)C(=O)CO
115,1,OCC[C@@H]1CCN(CC\C=C2/c3ccc(F)cc3Sc4ccc(cc24)C(F)(F)F)CC1,OCCC1CCN(CC/C=C2\c3ccc(F)cc3Sc3ccc(C(F)(F)F)cc32)CC1
116,1,OCCN1CCN(CC\C=C/2c3ccccc3COc4ccc(Cl)cc24)CC1,OCCN1CCN(CC/C=C2/c3ccccc3COc3ccc(Cl)cc32)CC1
117,1,NC(=O)C1(CCN(CCCC(=O)c2ccc(F)cc2)CC1)N3CCCCC3,NC(=O)C1(N2CCCCC2)CCN(CCCC(=O)c2ccc(F)cc2)CC1
118,1,Clc1ccc2N(CC3CC3)C(=O)CN=C(c4ccccc4)c2c1,O=C1CN=C(c2ccccc2)c2cc(Cl)ccc2N1CC1CC1
119,1,CCC1(C(=O)NCNC1=O)c2ccccc2,CCC1(c2ccccc2)C(=O)NCNC1=O
120,1,CCN(CC)CCOC(=O)c1ccc(N)cc1,CCN(CC)CCOC(=O)c1ccc(N)cc1
121,1,OC(CCN1CCCC1)(C2CCCCC2)c3ccccc3,OC(CCN1CCCC1)(c1ccccc1)C1CCCCC1
122,1,CN(C)CCCN1c2ccccc2Sc3ccccc13,CN(C)CCCN1c2ccccc2Sc2ccccc21
123,1,CC(C)NCC(O)COc1cccc2[nH]ccc12,CC(C)NCC(O)COc1cccc2[nH]ccc12
124,1,CO[C@@H]([C@@H]1Cc2cc3cc(O[C@H]4C[C@@H](O[C@H]5C[C@@H](O)[C@H](O)[C@@H](C)O5)[C@H](O)[C@@H](C)O4)c(C)c(O)c3c(O)c2C(=O)[C@H]1O[C@H]6C[C@@H](O[C@H]7C[C@@H](O[C@H]8C[C@](C)(O)[C@H](O)[C@@H](C)O8)[C@H](O)[C@@H](C)O7)[C@H](O)[C@@H](C)O6)C(=O)[C@@H](O)[C@@H](C)O,CO[C@H](C(=O)[C@@H](O)[C@@H](C)O)[C@@H]1Cc2cc3cc(O[C@H]4C[C@@H](O[C@H]5C[C@@H](O)[C@H](O)[C@@H](C)O5)[C@H](O)[C@@H](C)O4)c(C)c(O)c3c(O)c2C(=O)[C@H]1O[C@H]1C[C@@H](O[C@H]2C[C@@H](O[C@H]3C[C@](C)(O)[C@H](O)[C@@H](C)O3)[C@H](O)[C@@H](C)O2)[C@H](O)[C@@H](C)O1
125,0,CC[C@H](C)C(=O)O[C@H]1C[C@H](O)C=C2C=C[C@H](C)[C@H](CC[C@@H](O)C[C@@H](O)CC(O)=O)[C@@H]12,CC[C@H](C)C(=O)O[C@H]1C[C@H](O)C=C2C=C[C@H](C)[C@H](CC[C@@H](O)C[C@@H](O)CC(=O)O)[C@H]21
126,1,O=C1CN(CC2N1CCc3ccccc23)C(=O)C4CCCCC4,O=C(C1CCCCC1)N1CC(=O)N2CCc3ccccc3C2C1
127,1,COc1cc(Cc2cnc(N)nc2N)cc(OC)c1OC,COc1cc(Cc2cnc(N)nc2N)cc(OC)c1OC
128,0,COc1cc(NCc2ccc3nc(N)nc(N)c3c2C)cc(OC)c1OC,COc1cc(NCc2ccc3nc(N)nc(N)c3c2C)cc(OC)c1OC
129,0,NC(CO)(CO)CO,NC(CO)(CO)CO
130,1,NC(N)=O,NC(N)=O
131,0,O=C1Oc2ccccc2C=C1,O=c1ccc2ccccc2o1
132,0,Nc1ccc(cc1)[S](=O)(=O)c2ccc(N)cc2,Nc1ccc(S(=O)(=O)c2ccc(N)cc2)cc1
133,0,C[C@H](CCC(O)=O)[C@H]1CC[C@H]2[C@H]3[C@H](CC(=O)[C@]12C)[C@@]4(C)CCC(=O)C[C@H]4CC3=O,C[C@H](CCC(=O)O)[C@H]1CC[C@H]2[C@@H]3C(=O)C[C@@H]4CC(=O)CC[C@]4(C)[C@H]3CC(=O)[C@]12C
134,0,OC1=C(CC2=C(O)Oc3ccccc3C2=O)C(=O)c4ccccc4O1,O=c1c(Cc2c(O)oc3ccccc3c2=O)c(O)oc2ccccc12
135,0,CCN(CC)CCOC(=O)C1(CCCCC1)C2CCCCC2,CCN(CC)CCOC(=O)C1(C2CCCCC2)CCCCC1
136,0,CC\C(c1ccc(O)cc1)=C(\CC)c2ccc(O)cc2,CC/C(=C(/CC)c1ccc(O)cc1)c1ccc(O)cc1
137,0,C[C@H]1O[C@H](C[C@H](O)[C@@H]1O)O[C@H]2[C@@H](O)C[C@@H](O[C@@H]2C)O[C@H]3[C@@H](O)C[C@@H](O[C@@H]3C)O[C@H]4CC[C@@]5(C)[C@H](CC[C@@H]6[C@@H]5CC[C@]7(C)[C@@H](CC[C@]67O)C8=CC(=O)OC8)C4,C[C@H]1O[C@@H](O[C@H]2[C@@H](O)C[C@H](O[C@H]3[C@@H](O)C[C@H](O[C@H]4CC[C@@]5(C)[C@H](CC[C@@H]6[C@@H]5CC[C@]5(C)[C@H](C7=CC(=O)OC7)CC[C@]65O)C4)O[C@@H]3C)O[C@@H]2C)C[C@H](O)[C@@H]1O
138,0,C[C@H]1O[C@H](C[C@H](O)[C@@H]1O)O[C@H]2[C@@H](O)C[C@@H](O[C@@H]2C)O[C@H]3[C@@H](O)C[C@@H](O[C@@H]3C)O[C@H]4CC[C@@]5(C)[C@H](CC[C@@H]6[C@@H]5C[C@@H](O)[C@]7(C)[C@H](CC[C@]67O)C8=CC(=O)OC8)C4,C[C@H]1O[C@@H](O[C@H]2[C@@H](O)C[C@H](O[C@H]3[C@@H](O)C[C@H](O[C@H]4CC[C@@]5(C)[C@H](CC[C@@H]6[C@@H]5C[C@@H](O)[C@]5(C)[C@@H](C7=CC(=O)OC7)CC[C@]65O)C4)O[C@@H]3C)O[C@@H]2C)C[C@H](O)[C@@H]1O
139,0,Clc1ccc2N(C3CCN(CCCN4C(=O)Nc5ccccc45)CC3)C(=O)Nc2c1,O=c1[nH]c2ccccc2n1CCCN1CCC(n2c(=O)[nH]c3cc(Cl)ccc32)CC1
140,1,CC(CN1c2ccccc2Sc3ccccc13)N(C)C,CC(CN1c2ccccc2Sc2ccccc21)N(C)C
141,1,CCC(=O)c1ccc2Sc3ccccc3N(CC(C)N(C)C)c2c1,CCC(=O)c1ccc2c(c1)N(CC(C)N(C)C)c1ccccc1S2
142,1,CC(C)c1cccc(C(C)C)c1O,CC(C)c1cccc(C(C)C)c1O
143,1,CNCCCC1c2ccccc2C=Cc3ccccc13,CNCCCC1c2ccccc2C=Cc2ccccc21
144,1,O=C1C=CNN=C1,O=c1cc[nH]nc1
145,1,Fc1ccccc1C2=NCC(=S)N(CC(F)(F)F)c3ccc(Cl)cc23,Fc1ccccc1C1=NCC(=S)N(CC(F)(F)F)c2ccc(Cl)cc21
146,1,CO[C@H]1[C@@H](C[C@@H]2CN3CCc4c([nH]c5cc(OC)ccc45)[C@H]3C[C@@H]2[C@@H]1C(=O)OC)OC(=O)\C=C\c6cc(OC)c(OC)c(OC)c6,COC(=O)[C@H]1[C@H]2C[C@@H]3c4[nH]c5cc(OC)ccc5c4CCN3C[C@H]2C[C@@H](OC(=O)/C=C/c2cc(OC)c(OC)c(OC)c2)[C@@H]1OC
147,1,CO[C@H]1[C@@H](C[C@@H]2CN3CCc4c([nH]c5cc(OC)ccc45)[C@H]3C[C@@H]2[C@@H]1C(=O)OC)OC(=O)c6cc(OC)c(OC)c(OC)c6,COC(=O)[C@H]1[C@H]2C[C@@H]3c4[nH]c5cc(OC)ccc5c4CCN3C[C@H]2C[C@@H](OC(=O)c2cc(OC)c(OC)c(OC)c2)[C@@H]1OC
148,1,CCCC(C)C1(CC=C)C(=O)NC(=O)NC1=O,C=CCC1(C(C)CCC)C(=O)NC(=O)NC1=O
149,1,[H+].[Cl-].Clc1ccc2Sc3ccccc3N(CCCN4CCC5(CC4)NC(=O)CS5)c2c1,O=C1CSC2(CCN(CCCN3c4ccccc4Sc4ccc(Cl)cc43)CC2)N1.[Cl-].[H+]
150,0,OC1=C(C2CCC(CC2)c3ccc(Cl)cc3)C(=O)C(=O)c4ccccc14,O=C1C(=O)c2ccccc2C(O)=C1C1CCC(c2ccc(Cl)cc2)CC1
151,0,OC(=O)CCCCCCCC(O)=O,O=C(O)CCCCCCCC(=O)O
152,0,CCC(C)C(N)C1=NC(CS1)C(=O)N[C@@H](CC(C)C)C(=O)N[C@H](CCC(O)=O)C(=O)N[C@@H]([C@@H](C)CC)C(=O)NCCCC[C@@H]2NC(=O)[C@H](CC(N)=O)NC(=O)[C@@H](CC(O)=O)NC(=O)[C@H](Cc3[nH]cnc3)NC(=O)[C@@H](Cc4ccccc4)NC(=O)[C@@H](NC(=O)[C@@H](CCCN)NC2=O)[C@@H](C)CC,CCC(C)C(N)C1=NC(C(=O)N[C@@H](CC(C)C)C(=O)N[C@H](CCC(=O)O)C(=O)N[C@H](C(=O)NCCCC[C@@H]2NC(=O)[C@H](CC(N)=O)NC(=O)[C@@H](CC(=O)O)NC(=O)[C@H](Cc3cnc[nH]3)NC(=O)[C@@H](Cc3ccccc3)NC(=O)[C@H]([C@@H](C)CC)NC(=O)[C@@H](CCCN)NC2=O)[C@@H](C)CC)CS1
153,0,[Cl-].CC(C[N+](C)(C)C)OC(N)=O,CC(C[N+](C)(C)C)OC(N)=O.[Cl-]
154,0,CC[N+](C)(C)Cc1ccccc1Br.Cc2ccc(cc2)[S]([O-])(=O)=O,CC[N+](C)(C)Cc1ccccc1Br.Cc1ccc(S(=O)(=O)[O-])cc1
155,1,c12[C@]34[C@@]56[C@H]([N@@](CC7CC7)CC4)Cc2ccc(c1O[C@H]3[C@](OC)([C@H](C5)[C@](C(C)(C)C)(C)O)CC6)O,CO[C@]12CC[C@@]3(C[C@@H]1[C@](C)(O)C(C)(C)C)[C@H]1Cc4ccc(O)c5c4[C@@]3(CCN1CC1CC1)[C@H]2O5
156,0,NCCc1ccc(O)c(O)c1,NCCc1ccc(O)c(O)c1
157,0,COc1cccc2C(=O)c3c(O)c4C[C@](O)(C[C@H](O[C@H]5C[C@H](N)[C@H](O)[C@H](C)O5)c4c(O)c3C(=O)c12)C(=O)CO,COc1cccc2c1C(=O)c1c(O)c3c(c(O)c1C2=O)C[C@@](O)(C(=O)CO)C[C@@H]3O[C@H]1C[C@H](N)[C@H](O)[C@H](C)O1
158,0,O.C[C@@H]1[C@H]2[C@H](O)[C@H]3[C@H](N(C)C)C(=O)C(=C(N)/O)/C(=O)[C@@]3(O)C(=O)C2=C(O)c4c(O)cccc14,C[C@H]1c2cccc(O)c2C(O)=C2C(=O)[C@]3(O)C(=O)/C(=C(/N)O)C(=O)[C@@H](N(C)C)[C@@H]3[C@@H](O)[C@@H]21.O
159,0,[Cl].CCCCOc1ccc(cc1)C(=O)CCN2CCCCC2,CCCCOc1ccc(C(=O)CCN2CCCCC2)cc1.[Cl]
160,0,CN[C@@H](C)[C@H](O)c1ccccc1,CN[C@@H](C)[C@H](O)c1ccccc1
161,0,CNC[C@H](O)c1ccc(O)c(O)c1,CNC[C@H](O)c1ccc(O)c(O)c1
162,0,C[C@]12CC[C@H]3[C@@H](CCc4cc(O)ccc34)[C@@H]1CC[C@@H]2O,C[C@]12CC[C@@H]3c4ccc(O)cc4CC[C@H]3[C@@H]1CC[C@@H]2O
163,1,Nc1c2CCCCc2nc3ccccc13,Nc1c2c(nc3ccccc13)CCCC2
164,1,CN1C(=O)C(O)N=C(c2ccccc2)c3cc(Cl)ccc13,CN1C(=O)C(O)N=C(c2ccccc2)c2cc(Cl)ccc21
165,1,COc1cc2CCN3CC(CC(C)C)C(=O)CC3c2cc1OC,COc1cc2c(cc1OC)C1CC(=O)C(CC(C)C)CN1CC2
166,1,CCCCCc1cc(O)c2[C@@H]3C=C(C)CC[C@H]3C(C)(C)Oc2c1,CCCCCc1cc(O)c2c(c1)OC(C)(C)[C@@H]1CCC(C)=C[C@@H]21
167,1,COC1=CC=C2[C@H]3Cc4ccc(OC)c5O[C@@H]1[C@]2(CCN3C)c45,COC1=CC=C2[C@H]3Cc4ccc(OC)c5c4[C@@]2(CCN3C)[C@H]1O5
168,1,CSc1ccc2Sc3ccccc3N(CCC4CCCCN4C)c2c1,CSc1ccc2c(c1)N(CCC1CCCCN1C)c1ccccc1S2
169,1,[Cl-].N[C@@H]1C[C@H]1c2ccccc2.[H+],N[C@@H]1C[C@H]1c1ccccc1.[Cl-].[H+]
170,1,Clc1cccc(c1)N2CCN(CCCN3N=C4C=CC=CN4C3=O)CC2,O=c1n(CCCN2CCN(c3cccc(Cl)c3)CC2)nc2ccccn12
171,1,C[S](=O)(=O)OCCCCO[S](C)(=O)=O,CS(=O)(=O)OCCCCOS(C)(=O)=O
172,0,CC1=C(N2[C@H](SC1)[C@H](NC(=O)[C@H](N)C3=CCC=CC3)C2=O)C(O)=O,CC1=C(C(=O)O)N2C(=O)[C@@H](NC(=O)[C@H](N)C3=CCC=CC3)[C@H]2SC1
173,1,CCN(CC)CCCC(C)Nc1ccnc2cc(Cl)ccc12,CCN(CC)CCCC(C)Nc1ccnc2cc(Cl)ccc12
174,1,O.COC1CN(CCCOc2ccc(F)cc2)CCC1NC(=O)c3cc(Cl)c(N)cc3OC,COc1cc(N)c(Cl)cc1C(=O)NC1CCN(CCCOc2ccc(F)cc2)CC1OC.O
175,0,C[C@]12CC[C@H]3[C@@H](CCc4cc(O)ccc34)[C@@H]1CCC2=O,C[C@]12CC[C@@H]3c4ccc(O)cc4CC[C@H]3[C@@H]1CCC2=O
176,0,CCC(=C)C(=O)c1ccc(OCC(O)=O)c(Cl)c1Cl,C=C(CC)C(=O)c1ccc(OCC(=O)O)c(Cl)c1Cl
177,0,C[C@]12CC[C@H]3[C@@H](CCc4cc(O)ccc34)[C@@H]1CC[C@@]2(O)C#C,C#C[C@]1(O)CC[C@H]2[C@@H]3CCc4cc(O)ccc4[C@H]3CC[C@@]21C
178,0,CC(Cc1ccc(O)cc1)NCC(O)c2cc(O)cc(O)c2,CC(Cc1ccc(O)cc1)NCC(O)c1cc(O)cc(O)c1
179,0,OC[C@H]1O[C@H](C[C@@H]1O)N2C=C(F)C(=O)NC2=O,O=c1[nH]c(=O)n([C@H]2C[C@H](O)[C@@H](CO)O2)cc1F
180,0,FC1=CNC(=O)NC1=O,O=c1[nH]cc(F)c(=O)[nH]1
181,0,N[S](=O)(=O)c1cc(C(O)=O)c(NCc2occc2)cc1Cl,NS(=O)(=O)c1cc(C(=O)O)c(NCc2ccco2)cc1Cl
182,0,NC1=NC(=O)c2ncn(COC(CO)CO)c2N1,Nc1nc(=O)c2ncn(COC(CO)CO)c2[nH]1
183,0,[Br-].C[N+]1(C)CCC(C1)OC(=O)C(O)(C2CCCC2)c3ccccc3,C[N+]1(C)CCC(OC(=O)C(O)(c2ccccc2)C2CCCC2)C1.[Br-]
184,1,CN(C)CCCN1c2ccccc2Sc3ccc(cc13)C(F)(F)F,CN(C)CCCN1c2ccccc2Sc2ccc(C(F)(F)F)cc21
185,1,CN1CCN(CCCN2c3ccccc3Sc4ccc(cc24)C(F)(F)F)CC1,CN1CCN(CCCN2c3ccccc3Sc3ccc(C(F)(F)F)cc32)CC1
186,1,OC(CCN1CCCCC1)(C2CCCCC2)c3ccccc3,OC(CCN1CCCCC1)(c1ccccc1)C1CCCCC1
187,1,COc1cc(cc(OC)c1OC)C(=O)N2CCOCC2,COc1cc(C(=O)N2CCOCC2)cc(OC)c1OC
188,1,CC(CN(C)C)CN1c2ccccc2CCc3ccccc13,CC(CN(C)C)CN1c2ccccc2CCc2ccccc21
189,1,OCC1OC(C(O)C1O)N2C=CC(=O)NC2=O,O=c1ccn(C2OC(CO)C(O)C2O)c(=O)[nH]1
190,1,CCCC(CCC)C(O)=O,CCCC(CCC)C(=O)O
191,1,CN(C)C/C=C(/c1ccc(Br)cc1)c2cccnc2,CN(C)C/C=C(/c1ccc(Br)cc1)c1cccnc1
192,0,COC1=CC=C2C(=CC1=O)[C@H](CCc3cc(OC)c(OC)c(OC)c23)NC(C)=O,COc1cc2c(c(OC)c1OC)-c1ccc(OC)c(=O)cc1[C@@H](NC(C)=O)CC2
193,0,OC(COc1ccc2OC(=CC(=O)c2c1)C(O)=O)COc3cccc4OC(=CC(=O)c34)C(O)=O,O=C(O)c1cc(=O)c2cc(OCC(O)COc3cccc4oc(C(=O)O)cc(=O)c34)ccc2o1
194,1,NC(=O)NO,NC(=O)NO
195,0,[Br-].CC(C)[N+]1(C)C2CCC1CC(C2)OC(=O)C(CO)c3ccccc3,CC(C)[N+]1(C)C2CCC1CC(OC(=O)C(CO)c1ccccc1)C2.[Br-]
196,0,NC(N)=N\N=C\c1c(Cl)cccc1Cl,NC(N)=N/N=C/c1c(Cl)cccc1Cl
197,0,CN1C2CCC1CC(C2)OC(=O)C(O)c3ccccc3,CN1C2CCC1CC(OC(=O)C(O)c1ccccc1)C2
198,0,NNc1nncc2ccccc12,NNc1nncc2ccccc12
199,0,N[S](=O)(=O)c1cc2c(NCN[S]2(=O)=O)cc1Cl,NS(=O)(=O)c1cc2c(cc1Cl)NCNS2(=O)=O
200,0,C[C@]12CCC(=O)C=C1CC[C@H]3[C@@H]4CC[C@](O)(C(=O)CO)[C@@]4(C)C[C@H](O)[C@H]23,C[C@]12CCC(=O)C=C1CC[C@@H]1[C@@H]2[C@@H](O)C[C@@]2(C)[C@H]1CC[C@]2(O)C(=O)CO
201,0,N[S](=O)(=O)c1cc2c(NCN[S]2(=O)=O)cc1C(F)(F)F,NS(=O)(=O)c1cc2c(cc1C(F)(F)F)NCNS2(=O)=O
202,0,COc1ccc2n(c(C)c(CC(O)=O)c2c1)C(=O)c3ccc(Cl)cc3,COc1ccc2c(c1)c(CC(=O)O)c(C)n2C(=O)c1ccc(Cl)cc1
203,0,c12c(c(ccc1)Cl)C(N(Cc1n2cnc1c1nc(on1)[C@](CO)(C)O)C)=O,CN1Cc2c(-c3noc([C@](C)(O)CO)n3)ncn2-c2cccc(Cl)c2C1=O
204,0,NCCc1cn2c(n1)cccc2,NCCc1cn2ccccc2n1
205,1,c1(c2c(cc(F)cc2)on1)C1CCN(CCc2c(n3c([C@@H](CCC3)O)nc2C)=O)CC1,Cc1nc2n(c(=O)c1CCN1CCC(c3noc4cc(F)ccc34)CC1)CCC[C@H]2O
206,1,ClCCNC(=O)N(CCCl)N=O,O=NN(CCCl)C(=O)NCCCl
207,0,CCC(C)N1N=CN(C1=O)c2ccc(cc2)N3CCN(CC3)c4ccc(OC[C@H]5CO[C@@](Cn6cncn6)(O5)c7ccc(Cl)cc7Cl)cc4,CCC(C)n1ncn(-c2ccc(N3CCN(c4ccc(OC[C@H]5CO[C@](Cn6cncn6)(c6ccc(Cl)cc6Cl)O5)cc4)CC3)cc2)c1=O
208,0,NCC1OC(OC2C(N)CC(N)C(OC3OC(CO)C(O)C(N)C3O)C2O)C(O)C(O)C1O,NCC1OC(OC2C(N)CC(N)C(OC3OC(CO)C(O)C(N)C3O)C2O)C(O)C(O)C1O
209,1,CC(C(O)=O)c1cccc(c1)C(=O)c2ccccc2,CC(C(=O)O)c1cccc(C(=O)c2ccccc2)c1
210,0,OC(=O)C1CCn2c1ccc2C(=O)c3ccccc3,O=C(c1ccccc1)c1ccc2n1CCC2C(=O)O
211,0,C[C@H](N)[C@H](O)c1cccc(O)c1,C[C@H](N)[C@H](O)c1cccc(O)c1
212,0,NNC(=O)c1ccncc1,NNC(=O)c1ccncc1
213,0,CC(C)NCC(O)c1ccc(O)c(O)c1,CC(C)NCC(O)c1ccc(O)c(O)c1
214,0,OC[C@H]1O[C@@H](OC2=C(Oc3cc(O)cc(O)c3C2=O)c4ccc(O)c(O)c4)[C@H](O)[C@@H](O)[C@@H]1O,O=c1c(O[C@@H]2O[C@H](CO)[C@@H](O)[C@H](O)[C@H]2O)c(-c2ccc(O)c(O)c2)oc2cc(O)cc(O)c12
215,0,CC(=O)N1CCN(CC1)c2ccc(OC[C@H]3CO[C@@](Cn4ccnc4)(O3)c5ccc(Cl)cc5Cl)cc2,CC(=O)N1CCN(c2ccc(OC[C@H]3CO[C@](Cn4ccnc4)(c4ccc(Cl)cc4Cl)O3)cc2)CC1
216,0,CC(CCc1ccccc1)NCC(O)c2ccc(O)c(c2)C(N)=O,CC(CCc1ccccc1)NCC(O)c1ccc(O)c(C(N)=O)c1
217,0,N[C@@H](Cc1ccc(O)c(O)c1)C(O)=O,N[C@@H](Cc1ccc(O)c(O)c1)C(=O)O
218,0,Cc1ccc(Cl)c(Nc2ccccc2C(O)=O)c1Cl,Cc1ccc(Cl)c(Nc2ccccc2C(=O)O)c1Cl
219,0,Cc1cccc(Nc2ccccc2C(O)=O)c1C,Cc1cccc(Nc2ccccc2C(=O)O)c1C
220,0,CN=C(NCCSCc1nc[nH]c1C)NC#N,CN=C(NC#N)NCCSCc1nc[nH]c1C
221,1,Clc1cccc(Cl)c1NC2=NCCN2,Clc1cccc(Cl)c1NC1=NCCN1
222,1,COCCc1ccc(OCC(O)CNC(C)C)cc1,COCCc1ccc(OCC(O)CNC(C)C)cc1
223,1,Cc1ncc(n1CCO)[N+]([O-])=O,Cc1ncc([N+](=O)[O-])n1CCO
224,0,CC#C[C@]1(O)CC[C@H]2[C@@H]3CCC4=CC(=O)CCC4=C3[C@H](C[C@]12C)c5ccc(cc5)N(C)C,CC#C[C@]1(O)CC[C@H]2[C@@H]3CCC4=CC(=O)CCC4=C3[C@@H](c3ccc(N(C)C)cc3)C[C@@]21C
225,1,Clc1ccc(cc1)C(=O)NCCN2CCOCC2,O=C(NCCN1CCOCC1)c1ccc(Cl)cc1
226,0,[Br-].CC(C)[N+](C)(CCOC(=O)C1c2ccccc2Oc3ccccc13)C(C)C,CC(C)[N+](C)(CCOC(=O)C1c2ccccc2Oc2ccccc21)C(C)C.[Br-]
227,1,CCc1nc(N)nc(N)c1c2ccc(Cl)cc2,CCc1nc(N)nc(N)c1-c1ccc(Cl)cc1
228,0,COc1ccc2nccc([C@@H](O)[C@@H]3C[C@H]4CCN3C[C@@H]4C=C)c2c1,C=C[C@H]1CN2CC[C@@H]1C[C@H]2[C@H](O)c1ccnc2ccc(OC)cc12
229,0,NC(Cc1ccc(cc1)N(CCCl)CCCl)C(O)=O,NC(Cc1ccc(N(CCCl)CCCl)cc1)C(=O)O
230,0,[Br-].C[N+]1(C)CCCC(C1)OC(=O)C(O)(c2ccccc2)c3ccccc3,C[N+]1(C)CCCC(OC(=O)C(O)(c2ccccc2)c2ccccc2)C1.[Br-]
231,0,C1CN2CCC1C(C2)CN3c4ccccc4Sc5ccccc35,c1ccc2c(c1)Sc1ccccc1N2CC1CN2CCC1CC2
232,0,COc1ccc2[C@H]3CC[C@@]4(C)[C@@H](CC[C@@]4(O)C#C)[C@@H]3CCc2c1,C#C[C@]1(O)CC[C@H]2[C@@H]3CCc4cc(OC)ccc4[C@H]3CC[C@@]21C
233,0,CN(Cc1cnc2nc(N)nc(N)c2n1)c3ccc(cc3)C(=O)N[C@@H](CCC(O)=O)C(O)=O,CN(Cc1cnc2nc(N)nc(N)c2n1)c1ccc(C(=O)N[C@@H](CCC(=O)O)C(=O)O)cc1
234,0,C[C@](N)(Cc1ccc(O)c(O)c1)C(O)=O,C[C@](N)(Cc1ccc(O)c(O)c1)C(=O)O
235,0,[Cl-].[Cl-].[Cl-].COc1cccnc1CCCCNC2=NC=C(Cc3ccc(C)nc3)C(=O)N2.[H+].[H+].[H+],COc1cccnc1CCCCNc1ncc(Cc2ccc(C)nc2)c(=O)[nH]1.[Cl-].[Cl-].[Cl-].[H+].[H+].[H+]
236,1,CC(C)c1onc(n1)c2ncn3c2CN(C)C(=O)c4c(Cl)cccc34,CC(C)c1nc(-c2ncn3c2CN(C)C(=O)c2c(Cl)cccc2-3)no1
237,0,Cc1ccc(CC2=CN=C(NCCSCc3oc(cc3)C(C)(C)N)NC2=O)cn1,Cc1ccc(Cc2cnc(NCCSCc3ccc(C(C)(C)N)o3)[nH]c2=O)cn1
238,1,CN1CCN2C(C1)c3ccccc3Cc4ccccc24,CN1CCN2c3ccccc3Cc3ccccc3C2C1
239,1,Cc1ncc2CN=C(c3ccccc3F)c4cc(Cl)ccc4n12,Cc1ncc2n1-c1ccc(Cl)cc1C(c1ccccc1F)=NC2
240,0,CC(C)[C@H](NC(=O)N(C)Cc1csc(n1)C(C)C)C(=O)N[C@H](C[C@H](O)[C@H](Cc2ccccc2)NC(=O)OCc3scnc3)Cc4ccccc4,CC(C)c1nc(CN(C)C(=O)N[C@H](C(=O)N[C@@H](Cc2ccccc2)C[C@H](O)[C@H](Cc2ccccc2)NC(=O)OCc2cncs2)C(C)C)cs1
241,1,FCOC(C(F)(F)F)C(F)(F)F,FCOC(C(F)(F)F)C(F)(F)F
242,1,CC(C)NCC(O)c1ccc(N[S](C)(=O)=O)cc1,CC(C)NCC(O)c1ccc(NS(C)(=O)=O)cc1
243,1,CC1=CN([C@@H]2O[C@H](CO)C=C2)C(=O)NC1=O,Cc1cn([C@H]2C=C[C@@H](CO)O2)c(=O)[nH]c1=O
244,0,CN[C@H]1[C@H](O)[C@@H](O)[C@H](CO)O[C@H]1O[C@H]2[C@@H](O[C@@H](C)[C@]2(O)C=O)O[C@H]3[C@H](O)[C@@H](O)[C@H](N=C(N)N)[C@@H](O)[C@@H]3N=C(N)N,CN[C@@H]1[C@H](O[C@H]2[C@H](O[C@H]3[C@H](O)[C@@H](O)[C@H](N=C(N)N)[C@@H](O)[C@@H]3N=C(N)N)O[C@@H](C)[C@]2(O)C=O)O[C@@H](CO)[C@H](O)[C@H]1O
245,0,C[C@H]1C[C@H]2[C@@H]3CC[C@](O)(C(=O)CO)[C@@]3(C)C[C@H](O)[C@@H]2[C@@]4(C)C=CC(=O)C=C14,C[C@H]1C[C@@H]2[C@H]([C@@H](O)C[C@@]3(C)[C@H]2CC[C@]3(O)C(=O)CO)[C@@]2(C)C=CC(=O)C=C12
246,0,Clc1ccc(COC(Cn2ccnc2)c3ccc(Cl)cc3Cl)c(Cl)c1,Clc1ccc(COC(Cn2ccnc2)c2ccc(Cl)cc2Cl)c(Cl)c1
247,0,CCOC(=O)C(C1=C(O)Oc2ccccc2C1=O)C3=C(O)Oc4ccccc4C3=O,CCOC(=O)C(c1c(O)oc2ccccc2c1=O)c1c(O)oc2ccccc2c1=O
248,0,OCc1cccnc1,OCc1cccnc1
249,0,NCC(O)c1cccc(O)c1,NCC(O)c1cccc(O)c1
250,0,OC(=O)CCc1oc(c2ccccc2)c(n1)c3ccccc3,O=C(O)CCc1nc(-c2ccccc2)c(-c2ccccc2)o1
251,1,CN1CCN2C(C1)c3ccccc3Cc4cccnc24,CN1CCN2c3ncccc3Cc3ccccc3C2C1
252,1,Cc1ccnc2N(C3CC3)c4ncccc4C(=O)Nc12,Cc1ccnc2c1NC(=O)c1cccnc1N2C1CC1
253,1,c1c2c(cc(c1)Cl)[C@@H]1[C@H](c3ccccc3O2)CNC1,Clc1ccc2c(c1)[C@H]1CNC[C@H]1c1ccccc1O2
254,1,c1c2c(ccc1)[C@@]1([C@@H](c3cccc(c3O2)C)CNCC1)O,Cc1cccc2c1Oc1ccccc1[C@@]1(O)CCNC[C@H]21
255,1,c1ccc(c(c1)[C@H](CC=C)N)c1c2c(on1)cccc2,C=CC[C@H](N)c1ccccc1-c1noc2ccccc12
256,1,c1c2c(ccc1)[C@@]1([C@@H](c3cccc(c3O2)C)C[N@](CC1)C)O,Cc1cccc2c1Oc1ccccc1[C@@]1(O)CCN(C)C[C@H]21
257,1,c1c2c(cc(c1)Cl)[C@@H]1[C@H](c3ccccc3O2)CN(C1)C,CN1C[C@@H]2c3cc(Cl)ccc3Oc3ccccc3[C@@H]2C1
258,0,CNC(/NCCSCc1oc(CN(C)C)cc1)=C\[N+]([O-])=O,CN/C(=C\[N+](=O)[O-])NCCSCc1ccc(CN(C)C)o1
259,1,Cc1onc(N[S](=O)(=O)c2ccc(N)cc2)c1,Cc1cc(NS(=O)(=O)c2ccc(N)cc2)no1
260,1,CC/C(c1ccccc1)=C(c2ccccc2)/c3ccc(OCCN(C)C)cc3,CC/C(=C(\c1ccccc1)c1ccc(OCCN(C)C)cc1)c1ccccc1
261,1,NC1=NC(=O)N(C=C1)[C@H]2CC[C@@H](CO)O2,Nc1ccn([C@H]2CC[C@@H](CO)O2)c(=O)n1
262,1,[Ca++].NC1=NC(=O)C2=C(NCC(CNc3ccc(cc3)C(=O)N[C@@H](CCC([O-])=O)C([O-])=O)N2C=O)N1,Nc1nc(=O)c2c([nH]1)NCC(CNc1ccc(C(=O)N[C@@H](CCC(=O)[O-])C(=O)[O-])cc1)N2C=O.[Ca+2]
263,0,O.O.CN(C)[C@H]1[C@@H]2[C@@H](O)[C@H]3C(=C(O)c4c(O)cccc4[C@@]3(C)O)C(=O)[C@]2(O)C(=O)\C(=C(N)/O)C1=O,CN(C)[C@@H]1C(=O)/C(=C(\N)O)C(=O)[C@@]2(O)C(=O)C3=C(O)c4c(O)cccc4[C@@](C)(O)[C@H]3[C@H](O)[C@@H]12.O.O
264,0,COc1ccc(Cc2nccc3cc(OC)c(OC)cc23)cc1OC,COc1ccc(Cc2nccc3cc(OC)c(OC)cc23)cc1OC
265,0,CC1(C)S[C@@H]2[C@H](NC(=O)Cc3ccccc3)C(=O)N2[C@H]1C(O)=O,CC1(C)S[C@@H]2[C@H](NC(=O)Cc3ccccc3)C(=O)N2[C@H]1C(=O)O
266,0,CCOc1ccc(NC(C)=O)cc1,CCOc1ccc(NC(C)=O)cc1
267,0,Nc1ccc(N=Nc2ccccc2)c(N)n1,Nc1ccc(N=Nc2ccccc2)c(N)n1
268,0,CN(C)CCC(c1ccccc1)c2ccccn2,CN(C)CCC(c1ccccc1)c1ccccn1
269,0,Oc1ccc(cc1)C2(OC(=O)c3ccccc23)c4ccc(O)cc4,O=C1OC(c2ccc(O)cc2)(c2ccc(O)cc2)c2ccccc21
270,0,CCCCC1C(=O)N(N(C1=O)c2ccccc2)c3ccccc3,CCCCC1C(=O)N(c2ccccc2)N(c2ccccc2)C1=O
271,0,CC(C)(C)NCC(O)c1ccc(O)c(CO)n1,CC(C)(C)NCC(O)c1ccc(O)c(CO)n1
272,1,CC1=C(CCN2CCC(CC2)c3noc4cc(F)ccc34)C(=O)N5CCCCC5=N1,Cc1nc2n(c(=O)c1CCN1CCC(c3noc4cc(F)ccc34)CC1)CCCC2
273,1,CN1CC[C@]2(C)[C@H]1N(C)c3ccc(OC(=O)Nc4ccccc4)cc23,CN1CC[C@@]2(C)c3cc(OC(=O)Nc4ccccc4)ccc3N(C)[C@@H]12
274,0,Cc1ccc(CC2=CN=C(NCCCCc3ncc(Br)cc3C)NC2=O)cn1,Cc1ccc(Cc2cnc(NCCCCc3ncc(Br)cc3C)[nH]c2=O)cn1
275,1,C[C@@H]1CC2=C(CCC(=O)C2)[C@H]3CC[C@@]4(C)[C@@H](CC[C@@]4(O)C#C)[C@H]13,C#C[C@]1(O)CC[C@H]2[C@@H]3[C@H](C)CC4=C(CCC(=O)C4)[C@H]3CC[C@@]21C
276,1,NC1=C(F)C=NC(=O)N1,Nc1[nH]c(=O)ncc1F
277,0,NC(N)=NCC1COC2(CCCCC2)O1,NC(N)=NCC1COC2(CCCCC2)O1
278,0,[Na+].[O-][S](=O)(=O)CCS,O=S(=O)([O-])CCS.[Na+]
279,0,CN(N=O)C(=O)N[C@H]1[C@@H](O)O[C@H](CO)[C@@H](O)[C@@H]1O,CN(N=O)C(=O)N[C@@H]1[C@@H](O)[C@H](O)[C@@H](CO)O[C@@H]1O
280,1,COc1cc(cc(OC)c1O)[C@H]2[C@@H]3[C@H](COC3=O)[C@H](OC4OC5COC(OC5C(O)C4O)c6sccc6)c7cc8OCOc8cc27,COc1cc([C@@H]2c3cc4c(cc3[C@@H](OC3OC5COC(c6cccs6)OC5C(O)C3O)[C@H]3COC(=O)[C@H]23)OCO4)cc(OC)c1O
281,0,C[C@]12CC(=O)[C@H]3[C@@H](CCC4=CC(=O)C=C[C@]34C)[C@@H]1CC[C@]2(O)C(=O)CO,C[C@]12C=CC(=O)C=C1CC[C@@H]1[C@@H]2C(=O)C[C@@]2(C)[C@H]1CC[C@]2(O)C(=O)CO
282,0,CCCN(CCC)[S](=O)(=O)c1ccc(cc1)C(O)=O,CCCN(CCC)S(=O)(=O)c1ccc(C(=O)O)cc1
283,0,CC(=O)[C@H]1CC[C@H]2[C@@H]3CCC4=CC(=O)CC[C@]4(C)[C@H]3CC[C@]12C,CC(=O)[C@H]1CC[C@H]2[C@@H]3CCC4=CC(=O)CC[C@]4(C)[C@H]3CC[C@]12C
284,0,CC(C)NCC(O)COc1cccc2ccccc12,CC(C)NCC(O)COc1cccc2ccccc12
285,0,CC1OC(O[C@H]2CC[C@]3(C)[C@H]4CC[C@]5(C)[C@H](CC[C@]5(O)[C@@H]4CCC3=C2)C6=COC(=O)C=C6)C(O)C(O)C1O,CC1OC(O[C@@H]2C=C3CC[C@@H]4[C@H](CC[C@]5(C)[C@@H](c6ccc(=O)oc6)CC[C@]45O)[C@@]3(C)CC2)C(O)C(O)C1O
286,0,COc1ccc(C[C@H](N)C(=O)NC2[C@@H](O)[C@@H](O[C@@H]2CO)n3cnc4c(ncnc34)N(C)C)cc1,COc1ccc(C[C@H](N)C(=O)NC2[C@@H](O)[C@H](n3cnc4c(N(C)C)ncnc43)O[C@@H]2CO)cc1
287,0,NC(=O)c1ncn(n1)[C@@H]2O[C@H](CO)[C@@H](O)[C@H]2O,NC(=O)c1ncn([C@@H]2O[C@H](CO)[C@@H](O)[C@H]2O)n1
288,1,CN=C(NCCSCc1csc(N=C(N)N)n1)NC#N,CN=C(NC#N)NCCSCc1csc(N=C(N)N)n1
289,1,OC(=O)\C=C/C(O)=O.OC(=O)\C=C/C(O)=O.C1CCN(CC1)Cc2cccc(OCCCNc3sc4ccccc4n3)c2,O=C(O)/C=C\C(=O)O.O=C(O)/C=C\C(=O)O.c1cc(CN2CCCCC2)cc(OCCCNc2nc3ccccc3s2)c1
290,1,OCc1ncc2CN=C(c3ccccc3F)c4cc(Cl)ccc4n12,OCc1ncc2n1-c1ccc(Cl)cc1C(c1ccccc1F)=NC2
291,1,CC(Cl)(Cl)Cl,CC(Cl)(Cl)Cl
292,1,C(CCl)(F)(F)F,FC(F)(F)CCl
293,1,CC(C)CO,CC(C)CO
294,1,CCC(C)(C)C,CCC(C)(C)C
295,1,Nc1ncnc2n(cnc12)C3OC(CO)C(O)C3O,Nc1ncnc2c1ncn2C1OC(CO)C(O)C1O
296,0,c12c(C(N(Cc3n1cnc3c1noc(n1)C(CO)(CO)C)C)=O)c(ccc2)Cl,CN1Cc2c(-c3noc(C(C)(CO)CO)n3)ncn2-c2cccc(Cl)c2C1=O
297,0,CC1C=CC=C(C(=O)NC2=C(C3=C(C(=C4C(=C3C(=O)C2=CNN5CCN(CC5)C)C(=O)C(O4)(OC=CC(C(C(C(C(C(C1O)C)O)C)OC(=O)C)C)OC)C)C)O)O)C,COC1C=COC2(C)Oc3c(C)c(O)c4c(c3C2=O)C(=O)C(=CNN2CCN(C)CC2)C(=C4O)NC(=O)C(C)=CC=CC(C)C(O)C(C)C(O)C(C)C(OC(C)=O)C1C
298,0,OC(=O)c1ccccc1O,O=C(O)c1ccccc1O
299,0,CC(=O)S[C@@H]1CC2=CC(=O)CC[C@]2(C)[C@H]3CC[C@@]4(C)[C@@H](CC[C@@]45CCC(=O)O5)[C@H]13,CC(=O)S[C@@H]1CC2=CC(=O)CC[C@]2(C)[C@H]2CC[C@@]3(C)[C@@H](CC[C@@]34CCC(=O)O4)[C@H]12
300,0,OC(=O)C1=C\C(C=CC1=O)=N/Nc2ccc(cc2)[S](=O)(=O)Nc3ccccn3,O=C(O)C1=C/C(=N\Nc2ccc(S(=O)(=O)Nc3ccccn3)cc2)C=CC1=O
301,0,CC(C)N1CCN(CC1)c2ccc(OC[C@H]3CO[C@@](Cn4cncn4)(O3)c5ccc(Cl)cc5Cl)cc2,CC(C)N1CCN(c2ccc(OC[C@H]3CO[C@](Cn4cncn4)(c4ccc(Cl)cc4Cl)O3)cc2)CC1
302,0,C[C@]12CC[C@H]3[C@@H](CCC4=CC(=O)C=C[C@]34C)[C@@H]1CCC(=O)O2,C[C@]12C=CC(=O)C=C1CC[C@@H]1[C@@H]2CC[C@]2(C)OC(=O)CC[C@@H]12
303,0,C[C@]12CC[C@H]3[C@@H](CCC4=CC(=O)CC[C@]34C)[C@@H]1CC[C@@H]2O,C[C@]12CC[C@H]3[C@@H](CCC4=CC(=O)CC[C@@]43C)[C@@H]1CC[C@@H]2O
304,0,CN(C)[C@H]1[C@@H]2C[C@H]3C(=C(O)c4c(O)cccc4[C@@]3(C)O)C(=O)[C@]2(O)C(=O)\C(=C(N)/O)C1=O,CN(C)[C@@H]1C(=O)/C(=C(\N)O)C(=O)[C@@]2(O)C(=O)C3=C(O)c4c(O)cccc4[C@@](C)(O)[C@H]3C[C@@H]12
305,1,CCCC(C)CC,CCCC(C)CC
306,1,Cc1ncc2C(O)N=C(c3ccccc3F)c4cc(Cl)ccc4n12,Cc1ncc2n1-c1ccc(Cl)cc1C(c1ccccc1F)=NC2O
307,0,CC(C)NCC(O)COc1ccc(CC(N)=O)cc1,CC(C)NCC(O)COc1ccc(CC(N)=O)cc1
308,1,c1ccccc1,c1ccccc1
309,1,CC(C)(C)OC(=O)c1ncn2c3cccc(Br)c3C(=O)N4CCC[C@H]4c12,CC(C)(C)OC(=O)c1ncn2c1[C@@H]1CCCN1C(=O)c1c(Br)cccc1-2
310,1,OC1(CCN(CCCC(=O)c2ccc(F)cc2)CC1)c3ccc(Br)cc3,O=C(CCCN1CCC(O)(c2ccc(Br)cc2)CC1)c1ccc(F)cc1
311,1,OC(C1CCCCN1)c2cc(nc3c2cccc3C(F)(F)F)C(F)(F)F,OC(c1cc(C(F)(F)F)nc2c(C(F)(F)F)cccc12)C1CCCCN1
312,1,CC1COc2c(N3CCN(C)CC3)c(F)cc4C(=O)C(=CN1c24)C(O)=O,CC1COc2c(N3CCN(C)CC3)c(F)cc3c(=O)c(C(=O)O)cn1c23
313,1,CN1C(CNC(=O)c2cscc2)CN=C(c3ccccc3F)c4ccccc14,CN1c2ccccc2C(c2ccccc2F)=NCC1CNC(=O)c1ccsc1
314,0,C[C@]12CCC(=O)C=C1CC[C@H]3[C@@H]4CC[C@H](C(=O)CO)[C@]4(C[C@H](O)[C@H]23)C=O,C[C@]12CCC(=O)C=C1CC[C@@H]1[C@@H]2[C@@H](O)C[C@]2(C=O)[C@@H](C(=O)CO)CC[C@@H]12
315,1,c1(cc(c(cc1)Cl)Cl)CC(N1CCCC[C@H]1CN1CCCC1)=O,O=C(Cc1ccc(Cl)c(Cl)c1)N1CCCC[C@H]1CN1CCCC1
316,1,c1(cc(c(cc1)Cl)Cl)CC(N1[C@@H](c2c(CC1)cccc2)CN1CCCC1)=O,O=C(Cc1ccc(Cl)c(Cl)c1)N1CCc2ccccc2[C@H]1CN1CCCC1
317,1,c1(ccc(cc1)C(F)(F)F)CC(N1[C@@H](CCCC1)CN1CCCC1)=O,O=C(Cc1ccc(C(F)(F)F)cc1)N1CCCC[C@H]1CN1CCCC1
318,1,c1(ccc(c(c1)Cl)Cl)CC(N1[C@@H](c2c(CC1)scc2)CN1CCCC1)=O,O=C(Cc1ccc(Cl)c(Cl)c1)N1CCc2sccc2[C@H]1CN1CCCC1
319,0,CN1C(=O)N(C)c2nc[nH]c2C1=O,Cn1c(=O)c2[nH]cnc2n(C)c1=O
320,0,NC1=NC(=S)c2[nH]cnc2N1,Nc1nc(=S)c2[nH]cnc2[nH]1
321,0,Cc1ccc(cc1)[S](=O)(=O)NC(=O)NN2CCCCCC2,Cc1ccc(S(=O)(=O)NC(=O)NN2CCCCCC2)cc1
322,0,CCCCNC(=O)N[S](=O)(=O)c1ccc(C)cc1,CCCCNC(=O)NS(=O)(=O)c1ccc(C)cc1
323,0,C[C@]12C[C@H](O)[C@@]3(F)[C@@H](CCC4=CC(=O)C=C[C@]34C)[C@@H]1C[C@@H](O)[C@]2(O)C(=O)CO,C[C@]12C=CC(=O)C=C1CC[C@H]1[C@@H]3C[C@@H](O)[C@](O)(C(=O)CO)[C@@]3(C)C[C@H](O)[C@@]12F
324,0,Nc1nc(N)c2nc(c3ccccc3)c(N)nc2n1,Nc1nc(N)c2nc(-c3ccccc3)c(N)nc2n1
325,0,N[S](=O)(=O)c1cc2c(NC(N[S]2(=O)=O)C(Cl)Cl)cc1Cl,NS(=O)(=O)c1cc2c(cc1Cl)NC(C(Cl)Cl)NS2(=O)=O
326,0,CC(C)[C@@H]1NC(=O)[C@H](C)OC(=O)C(NC(=O)[C@H](OC(=O)[C@@H](NC(=O)[C@H](C)OC(=O)[C@H](NC(=O)[C@H](OC(=O)[C@@H](NC(=O)[C@H](C)OC(=O)[C@H](NC(=O)[C@H](OC1=O)C(C)C)C(C)C)C(C)C)C(C)C)C(C)C)C(C)C)C(C)C)C(C)C,CC(C)C1NC(=O)[C@@H](C(C)C)OC(=O)[C@H](C(C)C)NC(=O)[C@H](C)OC(=O)[C@@H](C(C)C)NC(=O)[C@@H](C(C)C)OC(=O)[C@H](C(C)C)NC(=O)[C@H](C)OC(=O)[C@@H](C(C)C)NC(=O)[C@@H](C(C)C)OC(=O)[C@H](C(C)C)NC(=O)[C@H](C)OC1=O
327,0,COc1ccc(CCN(C)CCCC(C#N)(C(C)C)c2ccc(OC)c(OC)c2)cc1OC,COc1ccc(CCN(C)CCCC(C#N)(c2ccc(OC)c(OC)c2)C(C)C)cc1OC
328,0,CC(=O)CC(c1ccccc1)C2=C(O)Oc3ccccc3C2=O,CC(=O)CC(c1ccccc1)c1c(O)oc2ccccc2c1=O
329,1,CCC(C)=O,CCC(C)=O
330,1,C1CC1,C1CC1
331,1,N1(c2c(CCc3c1cccc3)cccc2)CCCN,NCCCN1c2ccccc2CCc2ccccc21
332,1,ClCCl,ClCCl
333,1,CCOCC,CCOCC
334,1,C=COC=C,C=COC=C
335,1,FC(F)OC(F)(F)C(F)Cl,FC(F)OC(F)(F)C(F)Cl
336,0,c1(ccc(c(c1)Cl)Cl)CC(N1[C@@H](c2c(CC1)[nH]cn2)CN1CCCC1)=O,O=C(Cc1ccc(Cl)c(Cl)c1)N1CCc2[nH]cnc2[C@H]1CN1CCCC1
337,1,c1(ccc(c(c1)Cl)Cl)CC(N1[C@@H](CN2CCCC2)CC(CC1)(C)C)=O,CC1(C)CCN(C(=O)Cc2ccc(Cl)c(Cl)c2)[C@@H](CN2CCCC2)C1
338,0,CC(C)(C(O)=O)c1ccc(cc1)C(=O)CCCN2CCC(CC2)OC(c3ccccc3)c4ccccc4,CC(C)(C(=O)O)c1ccc(C(=O)CCCN2CCC(OC(c3ccccc3)c3ccccc3)CC2)cc1
339,0,OC(=O)C1=CN(C2CC2)c3cc(N4CCNCC4)c(F)cc3C1=O,O=C(O)c1cn(C2CC2)c2cc(N3CCNCC3)c(F)cc2c1=O
340,0,c1cn(CCO)c(CC)c(O)c1=O,CCc1c(O)c(=O)ccn1CCO
341,0,c1cn(CCCCO)c(CC)c(O)c1=O,CCc1c(O)c(=O)ccn1CCCCO
342,0,COC(=O)[C@H]1[C@@H](O)CC[C@H]2CN3CCc4c([nH]c5ccccc45)[C@@H]3C[C@H]12,COC(=O)[C@@H]1[C@H]2C[C@H]3c4[nH]c5ccccc5c4CCN3C[C@@H]2CC[C@@H]1O
343,0,CC1=CN([C@H]2C[C@H](N=[N+]=[N-])[C@@H](CO)O2)C(=O)NC1=O,Cc1cn([C@H]2C[C@H](N=[N+]=[N-])[C@@H](CO)O2)c(=O)[nH]c1=O
344,1,CN(C)CCCN1c2ccccc2Sc3ccc(cc13)C(C)=O,CC(=O)c1ccc2c(c1)N(CCCN(C)C)c1ccccc1S2
345,1,CC(=O)c1ccc2Sc3ccccc3N(CCCN4CCN(CCO)CC4)c2c1,CC(=O)c1ccc2c(c1)N(CCCN1CCN(CCO)CC1)c1ccccc1S2
346,1,CC(=O)Nc1sc(nn1)[S](N)(=O)=O,CC(=O)Nc1nnc(S(N)(=O)=O)s1
347,1,[Cl-].NC12CC3CC(CC(C3)C1)C2.[H+],NC12CC3CC(CC(C3)C1)C2.[Cl-].[H+]
348,1,CN(C)CCC=C1c2ccccc2CCc3ccccc13,CN(C)CCC=C1c2ccccc2CCc2ccccc21
349,1,CC(N)Cc1ccccc1,CC(N)Cc1ccccc1
350,1,CCO,CCO
351,1,CCc1ccccc1,CCc1ccccc1
352,1,CCOC(=O)c1ncn2c1CN(C)C(=O)c3cc(F)ccc23,CCOC(=O)c1ncn2c1CN(C)C(=O)c1cc(F)ccc1-2
353,1,CN1C(=O)CN=C(c2ccccc2F)c3cc(ccc13)[N+]([O-])=O,CN1C(=O)CN=C(c2ccccc2F)c2cc([N+](=O)[O-])ccc21
354,1,FC(F)(F)C(Cl)Br,FC(F)(F)C(Cl)Br
355,1,CCCCCCC,CCCCCCC
356,1,CCCCCC,CCCCCC
357,1,CN1C=CC(=O)C(=C1C)O,Cc1c(O)c(=O)ccn1C
358,1,CCCCN1C=CC(=O)C(=C1C)O,CCCCn1ccc(=O)c(O)c1C
359,1,CCCCCN1C=CC(=O)C(=C1C)O,CCCCCn1ccc(=O)c(O)c1C
360,0,c1cn(CCCO)c(C)c(O)c1=O,Cc1c(O)c(=O)ccn1CCCO
361,1,CCN1C=CC(=O)C(=C1CC)O,CCc1c(O)c(=O)ccn1CC
362,0,CN1CCN(CC1)c2cc3N(C=C(C(O)=O)C(=O)c3cc2F)c4ccc(F)cc4,CN1CCN(c2cc3c(cc2F)c(=O)c(C(=O)O)cn3-c2ccc(F)cc2)CC1
363,1,CN1N(C(=O)C=C1C)c2ccccc2,Cc1cc(=O)n(-c2ccccc2)n1C
364,1,CN1CCc2cccc3c2[C@H]1Cc4ccc(O)c(O)c34,CN1CCc2cccc3c2[C@H]1Cc1ccc(O)c(O)c1-3
365,1,Fc1ccc(cc1)C(=O)CCCN2CCN(CC2)c3ccccn3,O=C(CCCN1CCN(c2ccccn2)CC1)c1ccc(F)cc1
366,1,[H+].[Cl-].CCN(CC)CCOC(=O)C(O)(c1ccccc1)c2ccccc2,CCN(CC)CCOC(=O)C(O)(c1ccccc1)c1ccccc1.[Cl-].[H+]
367,1,Fc1ccc(cc1)C(=O)CCCN2CCC(CC2)N3C(=O)Nc4ccccc34,O=C(CCCN1CCC(n2c(=O)[nH]c3ccccc32)CC1)c1ccc(F)cc1
368,1,CCOC(=O)c1ccc(N)cc1,CCOC(=O)c1ccc(N)cc1
369,1,CCN(CC)C(=O)C1CN2CCc3cc(OC)c(OC)cc3C2CC1OC(C)=O,CCN(CC)C(=O)C1CN2CCc3cc(OC)c(OC)cc3C2CC1OC(C)=O
370,1,OC(CCN1CCCCC1)(C2CC3CC2C=C3)c4ccccc4,OC(CCN1CCCCC1)(c1ccccc1)C1CC2C=CC1C2
371,1,CC(C)(C)NC(=O)[C@@H]1CN(CCN1C[C@@H](O)C[C@@H](Cc2ccccc2)C(=O)N[C@@H]3[C@H](O)Cc4ccccc34)Cc5cccnc5,CC(C)(C)NC(=O)[C@@H]1CN(Cc2cccnc2)CCN1C[C@@H](O)C[C@@H](Cc1ccccc1)C(=O)N[C@H]1c2ccccc2C[C@H]1O
372,1,FC(F)OC(Cl)C(F)(F)F,FC(F)OC(Cl)C(F)(F)F
373,1,CCC#CC(C)C1(CC=C)C(=O)NC(=O)N(C)C1=O,C=CCC1(C(C)C#CCC)C(=O)NC(=O)N(C)C1=O
374,1,COC(F)(F)C(Cl)Cl,COC(F)(F)C(Cl)Cl
375,1,CC1CCCC1,CC1CCCC1
376,1,N1(c2c(Sc3c1cccc3)ccc(c2)Cl)CCCN,NCCCN1c2ccccc2Sc2ccc(Cl)cc21
377,1,CN(C)CCOC(C)(c1ccccc1)c2ccccn2,CN(C)CCOC(C)(c1ccccc1)c1ccccn1
378,0,c1ccc([C@H](C[N@]2CC[C@H](C2)O)N(C(Cc2ccccc2N)=O)C)cc1,CN(C(=O)Cc1ccccc1N)[C@@H](CN1CC[C@@H](O)C1)c1ccccc1
379,0,CCN1C=C(C(O)=O)C(=O)c2cc(F)c(nc12)N3CCNCC3,CCn1cc(C(=O)O)c(=O)c2cc(F)c(N3CCNCC3)nc21
380,0,CN1CCN(CC1)c2c(F)cc3C(=O)C(=CN(CCF)c3c2F)C(O)=O,CN1CCN(c2c(F)cc3c(=O)c(C(=O)O)cn(CCF)c3c2F)CC1
381,1,c1(ccc(c(c1)Cl)Cl)CC(N1[C@H](CN(CC1)C(=O)OC)CN1CCCC1)=O,COC(=O)N1CCN(C(=O)Cc2ccc(Cl)c(Cl)c2)[C@@H](CN2CCCC2)C1
382,1,Brc1ccc2NC(=O)CN=C(c3ccccn3)c2c1,O=C1CN=C(c2ccccn2)c2cc(Br)ccc2N1
383,1,CC(C)(C)c1ccc(CN2CCN(CC2)C(c3ccccc3)c4ccc(Cl)cc4)cc1,CC(C)(C)c1ccc(CN2CCN(C(c3ccccc3)c3ccc(Cl)cc3)CC2)cc1
384,1,CN(C)CCc1c[nH]c2ccc(O)cc12,CN(C)CCc1c[nH]c2ccc(O)cc12
385,1,CC(NC(C)(C)C)C(=O)c1cccc(Cl)c1,CC(NC(C)(C)C)C(=O)c1cccc(Cl)c1
386,1,OCCOC(=O)NCc1ccccc1,O=C(NCc1ccccc1)OCCO
387,1,CCC(C)C1(CC)C(=O)NC(=O)NC1=O,CCC(C)C1(CC)C(=O)NC(=O)NC1=O
388,1,Cn1cnc2N(C)C(=O)N(C)C(=O)c12,Cn1c(=O)c2c(ncn2C)n(C)c1=O
389,1,CCC(C)C(CC)C(=O)NC(N)=O,CCC(C)C(CC)C(=O)NC(N)=O
390,1,NC(=O)N1c2ccccc2C=Cc3ccccc13,NC(=O)N1c2ccccc2C=Cc2ccccc21
391,1,CSc1ccc2Sc3ccccc3N(CCC4CCCNC4)c2c1,CSc1ccc2c(c1)N(CCC1CCCNC1)c1ccccc1S2
392,1,Cn1cnc2NC(=O)N(C)C(=O)c12,Cn1c(=O)[nH]c2ncn(C)c2c1=O
393,1,CCCCC,CCCCC
394,1,CCCO,CCCO
395,1,c1(ccc(c(c1)Cl)Cl)CC(N1[C@H](CN(CC1)C(=O)OCC)CN1CCCC1)=O,CCOC(=O)N1CCN(C(=O)Cc2ccc(Cl)c(Cl)c2)[C@@H](CN2CCCC2)C1
396,1,c1(CC(N2[C@H](CN(CC2)C(=O)OCCC)CN2CCCC2)=O)cc(c(cc1)Cl)Cl,CCCOC(=O)N1CCN(C(=O)Cc2ccc(Cl)c(Cl)c2)[C@@H](CN2CCCC2)C1
397,1,c1(ccc(c(c1)Cl)Cl)CC(N1[C@@H](c2c(CC1)occ2)C[N@@]1C[C@@H](CC1)O)=O,O=C(Cc1ccc(Cl)c(Cl)c1)N1CCc2occc2[C@H]1CN1CC[C@@H](O)C1
398,0,c1(ccc(c(c1)Cl)Cl)CC(=O)N1[C@H](CN(C(=O)C)CC1)C[N@@]1C[C@H](O)CC1,CC(=O)N1CCN(C(=O)Cc2ccc(Cl)c(Cl)c2)[C@@H](CN2CC[C@@H](O)C2)C1
399,0,c1(CC(N2[C@H](CN(CC2)C(=O)C)C[N@]2CC[C@H](C2)O)=O)ccc(C(F)(F)F)cc1,CC(=O)N1CCN(C(=O)Cc2ccc(C(F)(F)F)cc2)[C@@H](CN2CC[C@@H](O)C2)C1
400,0,c1(ccc(cc1)SC)CC(N1[C@H](CN(CC1)C(=O)C)C[N@]1CC[C@H](C1)O)=O,CSc1ccc(CC(=O)N2CCN(C(C)=O)C[C@@H]2CN2CC[C@@H](O)C2)cc1
401,0,c1(CC(N2[C@H](CN(CC2)C(=O)C)C[N@]2CC[C@H](C2)O)=O)cc(cc(c1)F)F,CC(=O)N1CCN(C(=O)Cc2cc(F)cc(F)c2)[C@@H](CN2CC[C@@H](O)C2)C1
402,0,c1(CC(N2[C@H](CN(CC2)C(=O)C)C[N@]2CC[C@H](C2)O)=O)cc(ccc1)OC,COc1cccc(CC(=O)N2CCN(C(C)=O)C[C@@H]2CN2CC[C@@H](O)C2)c1
403,0,c1(CC(N2[C@H](CN(CC2)C(=O)C)C[N@]2CC[C@H](O)C2)=O)ccc(N(=O)=O)cc1,CC(=O)N1CCN(C(=O)Cc2ccc([N+](=O)[O-])cc2)[C@@H](CN2CC[C@H](O)C2)C1
404,1,CCC(=O)c1ccc2Sc3ccccc3N(CCCN4CCN(CCO)CC4)c2c1,CCC(=O)c1ccc2c(c1)N(CCCN1CCN(CCO)CC1)c1ccccc1S2
405,1,CCCCNc1c(cnc2n(CC)ncc12)C(=O)OCC,CCCCNc1c(C(=O)OCC)cnc2c1cnn2CC
406,1,OC(O)C(Cl)(Cl)Cl,OC(O)C(Cl)(Cl)Cl
407,1,CN(C)CC\C=C/1c2ccccc2Sc3ccc(Cl)cc13,CN(C)CC/C=C1/c2ccccc2Sc2ccc(Cl)cc21
408,1,C[N+](C)(C)CCO,C[N+](C)(C)CCO
409,1,CN1C(=O)CC(=O)N(c2ccccc2)c3cc(Cl)ccc13,CN1C(=O)CC(=O)N(c2ccccc2)c2cc(Cl)ccc21
410,1,CN1Cc2n(cnc2C(=O)OC(C)(C)C)c3ccsc3C1=O,CN1Cc2c(C(=O)OC(C)(C)C)ncn2-c2ccsc2C1=O
411,1,C1C(Nc2c1c(ccc2O)CCN(CCC)CCC)=O,CCCN(CCC)CCc1ccc(O)c2c1CC(=O)N2
412,1,OC(=O)CNC(=O)c1ccccc1O,O=C(O)CNC(=O)c1ccccc1O
413,1,CN1CCCCC1CCN2c3ccccc3Sc4ccc(cc24)[S](C)(=O)=O,CN1CCCCC1CCN1c2ccccc2Sc2ccc(S(C)(=O)=O)cc21
414,1,FC(Br)C(F)(F)F,FC(Br)C(F)(F)F
415,1,Cn1cnc2N(C)C(=O)NC(=O)c12,Cn1cnc2c1c(=O)[nH]c(=O)n2C
416,0,CCCC(C)C1(CC)C(=O)NC(=S)NC1=O,CCCC(C)C1(CC)C(=O)NC(=S)NC1=O
417,1,Cc1ccccc1,Cc1ccccc1
418,1,Cc1nnc2CN=C(c3ccccc3Cl)c4cc(Cl)ccc4n12,Cc1nnc2n1-c1ccc(Cl)cc1C(c1ccccc1Cl)=NC2
419,0,c1(CC(N2[C@H](CN(CC2)C(=O)C)C[N@]2CC[C@H](O)C2)=O)cc(ccc1)N(=O)=O,CC(=O)N1CCN(C(=O)Cc2cccc([N+](=O)[O-])c2)[C@@H](CN2CC[C@H](O)C2)C1
420,0,c1(CC(N2[C@H](CN(CC2)C(=O)C)C[N@]2CC[C@H](O)C2)=O)ccc(S(=O)(=O)C)cc1,CC(=O)N1CCN(C(=O)Cc2ccc(S(C)(=O)=O)cc2)[C@@H](CN2CC[C@H](O)C2)C1
421,1,CC(C)[C@@H](CN1CCCC1)N(C)C(=O)Cc2ccc(Cl)c(Cl)c2,CC(C)[C@@H](CN1CCCC1)N(C)C(=O)Cc1ccc(Cl)c(Cl)c1
422,1,Oc1ccc2C[C@@H]3[C@@H]4CCCC[C@]4(CCN3CC=C)c2c1,C=CCN1CC[C@]23CCCC[C@H]2[C@H]1Cc1ccc(O)cc13
423,0,CCN1C=C(C(O)=O)C(=O)c2cc(F)c(N3CCNC(C)C3)c(F)c12,CCn1cc(C(=O)O)c(=O)c2cc(F)c(N3CCNC(C)C3)c(F)c21
424,0,CN(C)C(=O)C(CCN1CCC(O)(CC1)c2ccc(Cl)cc2)(c3ccccc3)c4ccccc4,CN(C)C(=O)C(CCN1CCC(O)(c2ccc(Cl)cc2)CC1)(c1ccccc1)c1ccccc1
425,1,[O-][N+](=O)c1ccc2NC(=O)CN=C(c3ccccc3Cl)c2c1,O=C1CN=C(c2ccccc2Cl)c2cc([N+](=O)[O-])ccc2N1
426,1,Fc1ccc(cc1)C(CCCN2CCC(CC2)N3C(=O)Nc4cc(Cl)ccc34)c5ccc(F)cc5,O=c1[nH]c2cc(Cl)ccc2n1C1CCN(CCCC(c2ccc(F)cc2)c2ccc(F)cc2)CC1
427,1,COC(=O)[C@H]1[C@H](CC2CCC1N2C)OC(=O)c3ccccc3,COC(=O)[C@@H]1C2CCC(C[C@@H]1OC(=O)c1ccccc1)N2C
428,1,COc1ccc2C[C@@H]3[C@@H]4C=C[C@H](O)[C@@H]5Oc1c2[C@]45CCN3C,COc1ccc2c3c1O[C@H]1[C@@H](O)C=C[C@H]4[C@@H](C2)N(C)CC[C@@]341
429,1,CN(C)CCO,CN(C)CCO
430,1,[H+].[Cl-].CCOC(=O)C1(CCN(C)CC1)c2ccccc2,CCOC(=O)C1(c2ccccc2)CCN(C)CC1.[Cl-].[H+]
431,1,ClC=C(Cl)Cl,ClC=C(Cl)Cl
432,1,ClC(Cl)Cl,ClC(Cl)Cl
433,1,c1c(nccc1)CCN(C)C,CN(C)CCc1ccccn1
434,0,n1c(scc1c1ccccc1)CCN,NCCc1nc(-c2ccccc2)cs1
435,1,Cc1cccc(C)c1,Cc1cccc(C)c1
436,0,CCOC(=O)N1CCC(CC1)=C2c3ccc(Cl)cc3CCc4cccnc24,CCOC(=O)N1CCC(=C2c3ccc(Cl)cc3CCc3cccnc32)CC1
437,0,CN1C(=C(/O)Nc2sc(C)cn2)/C(=O)c3ccccc3[S]1(=O)=O,Cc1cnc(N/C(O)=C2/C(=O)c3ccccc3S(=O)(=O)N2C)s1
438,1,O[C@H]1C=C[C@H]2[C@H]3Cc4ccc(O)c5O[C@@H]1[C@]2(CCN3CC=C)c45,C=CCN1CC[C@]23c4c5ccc(O)c4O[C@H]2[C@@H](O)C=C[C@H]3[C@H]1C5
439,0,CCN1C=C(C(O)=O)C(=O)c2cc(F)c(cc12)N3CCNCC3,CCn1cc(C(=O)O)c(=O)c2cc(F)c(N3CCNCC3)cc21
440,0,CCN1C=C(C(O)=O)C(=O)c2cc(F)c(cc12)N3CCN(C)CC3,CCn1cc(C(=O)O)c(=O)c2cc(F)c(N3CCN(C)CC3)cc21
441,0,CN1C(=C(/O)Nc2ccccn2)/C(=O)c3ccccc3[S]1(=O)=O,CN1/C(=C(/O)Nc2ccccn2)C(=O)c2ccccc2S1(=O)=O
442,1,C[S](O)(=O)=O.Oc1ccc2[nH]cc(CCCCN3CCC(=CC3)c4ccccc4)c2c1,CS(=O)(=O)O.Oc1ccc2[nH]cc(CCCCN3CC=C(c4ccccc4)CC3)c2c1
443,1,CO[C@H]1[C@@H](C[C@@H]2CN3CCc4c([nH]c5ccccc45)[C@H]3C[C@@H]2[C@@H]1C(=O)OC)OC(=O)c6cc(OC)c(OC)c(OC)c6,COC(=O)[C@H]1[C@H]2C[C@@H]3c4[nH]c5ccccc5c4CCN3C[C@H]2C[C@@H](OC(=O)c2cc(OC)c(OC)c(OC)c2)[C@@H]1OC
444,1,CNCCCN1c2ccccc2CCc3ccccc13,CNCCCN1c2ccccc2CCc2ccccc21
445,1,CN1C(=O)CN=C(c2ccccc2)c3cc(Cl)ccc13,CN1C(=O)CN=C(c2ccccc2)c2cc(Cl)ccc21
446,1,CN1CCC23C4CCC(O)C2Oc5c(O)ccc(CC14)c35,CN1CCC23c4c5ccc(O)c4OC2C(O)CCC3C1C5
447,1,CN(C)CCOC(c1ccccc1)c2ccccc2,CN(C)CCOC(c1ccccc1)c1ccccc1
448,1,O=C1NC(=O)C(N1)(c2ccccc2)c3ccccc3,O=C1NC(=O)C(c2ccccc2)(c2ccccc2)N1
449,1,CC(CN1CCN(CCOCCO)CC1)CN2c3ccccc3Sc4ccccc24,CC(CN1CCN(CCOCCO)CC1)CN1c2ccccc2Sc2ccccc21
450,1,COC(=O)c1ccc(cc1)C(=O)OC,COC(=O)c1ccc(C(=O)OC)cc1
451,1,Cc1ccccc1C,Cc1ccccc1C
452,1,Cc1ccc(C)cc1,Cc1ccc(C)cc1
453,1,CC(C)O,CC(C)O
454,1,NC(=O)N1c2ccccc2C3OC3c4ccccc14,NC(=O)N1c2ccccc2C2OC2c2ccccc21
455,1,c1cc(ccc1CCCC(OC(C)(C)C)=O)N(CCCl)CCCl,CC(C)(C)OC(=O)CCCc1ccc(N(CCCl)CCCl)cc1
456,0,CC(C)Nc1cccnc1N2CCN(CC2)C(=O)c3[nH]c4ccc(N[S](C)(=O)=O)cc4c3,CC(C)Nc1cccnc1N1CCN(C(=O)c2cc3cc(NS(C)(=O)=O)ccc3[nH]2)CC1
457,0,CC(C)(C)c1ccc(cc1)C(=O)CCCN2CCC(CC2)OC(c3ccccc3)c4ccccc4,CC(C)(C)c1ccc(C(=O)CCCN2CCC(OC(c3ccccc3)c3ccccc3)CC2)cc1
458,1,CN1CCN(CC1)CC(=O)N2c3ccccc3C(=O)Nc4cccnc24,CN1CCN(CC(=O)N2c3ccccc3C(=O)Nc3cccnc32)CC1
459,1,c1ccc2N([C@H](CN3CCCC3)C)c3c(ccc(C(=O)NCCC)c3)Sc2c1,CCCNC(=O)c1ccc2c(c1)N([C@@H](C)CN1CCCC1)c1ccccc1S2
460,0,CN1CCN(CC1)c2c(F)cc3C(=O)C(=CN4CCSc2c34)C(O)=O,CN1CCN(c2c(F)cc3c(=O)c(C(=O)O)cn4c3c2SCC4)CC1
461,1,c1(ccc(c(c1)Cl)Cl)CC(N1[C@H](CN2CCCC2)c2n(CC1)ccn2)=O,O=C(Cc1ccc(Cl)c(Cl)c1)N1CCn2ccnc2[C@H]1CN1CCCC1
462,0,c1(ccc(c(c1)Cl)Cl)CC(N1[C@H](C[C@]2(CC1)NC(NC2=O)=O)CN1CCCC1)=O,O=C1NC(=O)[C@@]2(CCN(C(=O)Cc3ccc(Cl)c(Cl)c3)[C@@H](CN3CCCC3)C2)N1
463,0,c1(ccc(c(c1)Cl)Cl)CC(N1[C@H](C[N@@]2C[C@@H](CC2)O)c2n(CC1)ccn2)=O,O=C(Cc1ccc(Cl)c(Cl)c1)N1CCn2ccnc2[C@H]1CN1CC[C@@H](O)C1
464,1,[H+].[Cl-].CN(C)CC\C=C/1c2ccccc2COc3ccccc13,CN(C)CC/C=C1/c2ccccc2COc2ccccc21.[Cl-].[H+]
465,1,Fc1ccc(cc1)C(=O)CCCN2CCC(=CC2)N3C(=O)Nc4ccccc34,O=C(CCCN1CC=C(n2c(=O)[nH]c3ccccc32)CC1)c1ccc(F)cc1
466,1,CC\C(=C/C)C(=O)NC(N)=O,C/C=C(\CC)C(=O)NC(N)=O
467,1,CCC(C)(CC)OC(N)=O,CCC(C)(CC)OC(N)=O
468,1,Clc1ccc2n3cnnc3CN=C(c4ccccc4)c2c1,Clc1ccc2c(c1)C(c1ccccc1)=NCc1nncn1-2
469,1,CCc1ccccc1N2C(=Nc3ccccc3C2=O)C,CCc1ccccc1-n1c(C)nc2ccccc2c1=O
470,1,CCOC(=O)c1cnc2n(CC)ncc2c1NN=C(C)C,CCOC(=O)c1cnc2c(cnn2CC)c1NN=C(C)C
471,1,CCC(O)(\C=C\Cl)C#C,C#CC(O)(/C=C/Cl)CC
472,1,NC(=O)OC1(CCCCC1)C#C,C#CC1(OC(N)=O)CCCCC1
473,1,c1cc(CCNC)ncc1,CNCCc1ccccn1
474,1,c1cc(CCN(C)C)ncc1,CN(C)CCc1ccccn1
475,1,s1c(ncc1)CCN,NCCc1nccs1
476,1,c1nc(C2CCN(CC2)C(NC2CCCCC2)=S)c[nH]1,S=C(NC1CCCCC1)N1CCC(c2c[nH]cn2)CC1
477,1,c1ccc2Oc3c(cc(cc3)Cl)[C@@H]3[C@@H](c2c1)C[N@](CC3)C,CN1CC[C@@H]2c3cc(Cl)ccc3Oc3ccccc3[C@H]2C1
478,1,c1ccc2Oc3c(cc(cc3)Cl)[C@@H]3[C@@H](c2c1)CNCC3,Clc1ccc2c(c1)[C@H]1CCNC[C@@H]1c1ccccc1O2
479,1,c1cc2c(C(N[C@@H](CC)c3ccccc3)=O)c(c(nc2cc1)c1ccccc1)OCCCN(C)C,CC[C@H](NC(=O)c1c(OCCCN(C)C)c(-c2ccccc2)nc2ccccc12)c1ccccc1
480,0,c1cc2c(C(N[C@@H](CC)c3ccccc3)=O)c(c(nc2cc1)c1ccccc1)OCC(O)=O,CC[C@H](NC(=O)c1c(OCC(=O)O)c(-c2ccccc2)nc2ccccc12)c1ccccc1
481,0,c1cc2c(C(N[C@@H](CC)c3ccccc3)=O)c(c(c3ccccc3)nc2cc1)OCCCC(O)=O,CC[C@H](NC(=O)c1c(OCCCC(=O)O)c(-c2ccccc2)nc2ccccc12)c1ccccc1
482,0,c1cc2c(c(OCCNC(Cc3ncccc3)=O)c(c3ccccc3)nc2cc1)C(N[C@@H](CC)c1ccccc1)=O,CC[C@H](NC(=O)c1c(OCCNC(=O)Cc2ccccn2)c(-c2ccccc2)nc2ccccc12)c1ccccc1
483,0,c1cc2c(c(c(c3ccccc3)nc2cc1)OCCNC([C@@H]1CCCN1)=O)C(=O)N[C@@H](CC)c1ccccc1,CC[C@H](NC(=O)c1c(OCCNC(=O)[C@@H]2CCCN2)c(-c2ccccc2)nc2ccccc12)c1ccccc1
484,0,c1cc2c(C(N[C@@H](CC)c3ccccc3)=O)c(c(nc2cc1)c1ccccc1)Cn1cncc1,CC[C@H](NC(=O)c1c(Cn2ccnc2)c(-c2ccccc2)nc2ccccc12)c1ccccc1
485,0,C[C@H]1CN(C[C@@H](C)N1)c2c(F)c(N)c3C(=O)C(=CN(C4CC4)c3c2F)C(O)=O,C[C@@H]1CN(c2c(F)c(N)c3c(=O)c(C(=O)O)cn(C4CC4)c3c2F)C[C@H](C)N1
486,1,CCC1(C)CC(=O)NC1=O,CCC1(C)CC(=O)NC1=O
487,1,CCc1ccc2Sc3ccccc3N(CC(C)CN(C)C)c2c1,CCc1ccc2c(c1)N(CC(C)CN(C)C)c1ccccc1S2
488,1,OCCN1CCN(CCCN2c3ccccc3Sc4ccc(cc24)C(F)(F)F)CC1,OCCN1CCN(CCCN2c3ccccc3Sc3ccc(C(F)(F)F)cc32)CC1
489,1,CCN(CC)CCN1C(=O)CN=C(c2ccccc2F)c3cc(Cl)ccc13,CCN(CC)CCN1C(=O)CN=C(c2ccccc2F)c2cc(Cl)ccc21
490,1,COc1cc2CCN(C)C3CC4(C=CC(=O)C=C4)c(c1O)c23,COc1cc2c3c(c1O)C1(C=CC(=O)C=C1)CC3N(C)CC2
491,1,CC1=C2NC3=CC(=O)C=CC3=C2C=CN1,Cc1[nH]ccc2c1[nH]c1cc(=O)ccc12
492,1,Cc1nccc2c1[nH]c3ccccc23,Cc1nccc2c1[nH]c1ccccc12
493,1,c1(cc(nc(c1C)C)C(SC(CNc1c(cc[nH]1)[N+](=O)[O-])(C)C)(C)C)C,Cc1cc(C(C)(C)SC(C)(C)CNc2[nH]ccc2[N+](=O)[O-])nc(C)c1C
494,1,c1(c(oc(c1C)C(N(C(C)(N)C)C(N)(C)C)(C)C)C)C.C[NH+]O.[OH-],C[NH+]O.Cc1oc(C(C)(C)N(C(C)(C)N)C(C)(C)N)c(C)c1C.[OH-]
495,1,[NH]C(CC(C)C([N@@](C(C)(C)C)C(N)(C)N)(C)C)c1c(c(c[nH+][o+]1)C)[O-],Cc1c[nH+][o+]c(C([NH])CC(C)C(C)(C)N(C(C)(C)C)C(C)(N)N)c1[O-]
496,1,CCNCc1c(O)c(C)ncc1CSC,CCNCc1c(CSC)cnc(C)c1O
497,0,CN1C(=C(\O)Nc2ccccn2)/C(=O)c3sccc3[S]1(=O)=O,CN1/C(=C(\O)Nc2ccccn2)C(=O)c2sccc2S1(=O)=O
498,1,CN1CC[C@]23[C@H]4Oc5c(OC(C)=O)ccc(C[C@@H]1[C@@H]2C=C[C@@H]4OC(C)=O)c35,CC(=O)Oc1ccc2c3c1O[C@H]1[C@@H](OC(C)=O)C=C[C@H]4[C@@H](C2)N(C)CC[C@@]341
499,1,NC(=O)OC1(CCCCC1)CC#C,C#CCC1(OC(N)=O)CCCCC1
500,1,[H+].[H+].[Cl-].[Cl-].OCCN1CCCN(CCCN2c3ccccc3Sc4cc(ccc24)C(F)(F)F)CC1,OCCN1CCCN(CCCN2c3ccccc3Sc3cc(C(F)(F)F)ccc32)CC1.[Cl-].[Cl-].[H+].[H+]
501,1,CCC(O)(COC(N)=O)c1ccccc1,CCC(O)(COC(N)=O)c1ccccc1
502,1,OCCOCCN1CCN(CC1)C(c2ccccc2)c3ccc(Cl)cc3,OCCOCCN1CCN(C(c2ccccc2)c2ccc(Cl)cc2)CC1
503,1,CNC1(CCCCC1=O)c2ccccc2Cl,CNC1(c2ccccc2Cl)CCCCC1=O
504,1,OC(=O)C1=CC(=O)c2ccccc2N1,O=C(O)c1cc(=O)c2ccccc2[nH]1
505,1,C1CN(CCC1)Cc1cccc(c1)OCCCNC(=O)C,CC(=O)NCCCOc1cccc(CN2CCCCC2)c1
506,1,C1CN(CCC1)Cc1cccc(c1)OCCCNC(=O)c1ccccc1,O=C(NCCCOc1cccc(CN2CCCCC2)c1)c1ccccc1
507,1,C1CN(CCC1)Cc1cccc(c1)OCCCO,OCCCOc1cccc(CN2CCCCC2)c1
508,1,C1CN(CCC1)Cc1cccc(c1)OCCCNc1ncccc1,c1ccc(NCCCOc2cccc(CN3CCCCC3)c2)nc1
509,1,C1CN(CCC1)Cc1cccc(c1)OCCCNc1nccs1,c1cc(CN2CCCCC2)cc(OCCCNc2nccs2)c1
510,1,C1CN(CCC1)Cc1cccc(c1)OCCCNc1nc2c(o1)cccc2,c1cc(CN2CCCCC2)cc(OCCCNc2nc3ccccc3o2)c1
511,0,CN(C)Cc1oc(cc1)CSCCNC=1NC=C(CN1)Cc1cnc(cc1)C,Cc1ccc(CC2=CNC(NCCSCc3ccc(CN(C)C)o3)=NC2)cn1
512,0,c1(nccc(c1)c1nc([nH]n1)N)N(C)C,CN(C)c1cc(-c2n[nH]c(N)n2)ccn1
513,1,n1(c(c2nc[nH]c2n(c1=O)C)=O)C,Cn1c(=O)c2nc[nH]c2n(C)c1=O
514,1,Fc1ccc(cc1)C(=O)CCCN2CCC(CC2)C(=O)c3ccc(F)cc3,O=C(CCCN1CCC(C(=O)c2ccc(F)cc2)CC1)c1ccc(F)cc1
515,1,CN1CC[C@]23CCCC[C@H]2[C@H]1Cc4ccc(O)cc34,CN1CC[C@]23CCCC[C@H]2[C@H]1Cc1ccc(O)cc13
516,1,CCN(CC)CC(=O)Nc1c(C)cccc1C,CCN(CC)CC(=O)Nc1c(C)cccc1C
517,1,OC1N=C(c2ccccc2Cl)c3cc(Cl)ccc3NC1=O,O=C1Nc2ccc(Cl)cc2C(c2ccccc2Cl)=NC1O
518,1,CC(C)N1CCC(CC1)N(C(=O)Cc2ccccc2)c3ccc(Cl)cc3,CC(C)N1CCC(N(C(=O)Cc2ccccc2)c2ccc(Cl)cc2)CC1
519,1,CN(C)CCOC(=O)COc1ccc(Cl)cc1,CN(C)CCOC(=O)COc1ccc(Cl)cc1
520,1,CN1CCN=C(c2ccccc2)c3cc(Cl)ccc13,CN1CCN=C(c2ccccc2)c2cc(Cl)ccc21
521,1,CCCC(C)(COC(N)=O)COC(N)=O,CCCC(C)(COC(N)=O)COC(N)=O
522,1,c1(c(cc2n(ncc2c1)CCN)Cl)Cl,NCCn1ncc2cc(Cl)c(Cl)cc21
523,1,Nc1nc(NC2CC2)c3ncn([C@@H]4C[C@H](CO)C=C4)c3n1,Nc1nc(NC2CC2)c2ncn([C@H]3C=C[C@@H](CO)C3)c2n1
524,1,CCCC(=O)Nc1ccc(OCC(O)CNC(C)C)c(c1)C(C)=O,CCCC(=O)Nc1ccc(OCC(O)CNC(C)C)c(C(C)=O)c1
525,1,NC1=NC(=O)c2ncn(COCCO)c2N1,Nc1nc(=O)c2ncn(COCCO)c2[nH]1
526,1,CCCSc1ccc2nc(NC(=O)OC)[nH]c2c1,CCCSc1ccc2nc(NC(=O)OC)[nH]c2c1
527,0,NCCCNCCS[P](O)(O)=O,NCCCNCCSP(=O)(O)O
528,1,COc1cc(CCN)cc(OC)c1OC,COc1cc(CCN)cc(OC)c1OC
529,1,CN1CCCCC1CCN2c3ccccc3Sc4ccc(cc24)[S](C)=O,CN1CCCCC1CCN1c2ccccc2Sc2ccc(S(C)=O)cc21
530,1,CN[C@@H](C)Cc1ccccc1,CN[C@@H](C)Cc1ccccc1
531,1,Cc1ccccc1N2C(=Nc3ccccc3C2=O)C,Cc1ccccc1-n1c(C)nc2ccccc2c1=O
532,1,COc1ccccc1OCC(O)COC(N)=O,COc1ccccc1OCC(O)COC(N)=O
533,1,CCC(C)(O)C#C,C#CC(C)(O)CC
534,1,COC(=O)C(C1CCCCN1)c2ccccc2,COC(=O)C(c1ccccc1)C1CCCCN1
535,1,CCC1(CC)C(=O)NCC(C)C1=O,CCC1(CC)C(=O)NCC(C)C1=O
536,1,NCC[C@H](O)C(=O)N[C@@H]1C[C@H](N)[C@@H](O[C@H]2O[C@H](CN)[C@@H](O)[C@H](O)[C@H]2O)[C@H](O)[C@H]1O[C@H]3O[C@H](CO)[C@@H](O)[C@H](N)[C@H]3O,NCC[C@H](O)C(=O)N[C@@H]1C[C@H](N)[C@@H](O[C@H]2O[C@H](CN)[C@@H](O)[C@H](O)[C@H]2O)[C@H](O)[C@H]1O[C@H]1O[C@H](CO)[C@@H](O)[C@H](N)[C@H]1O
537,0,Nc1ccc(C(O)=O)c(O)c1,Nc1ccc(C(=O)O)c(O)c1
538,1,NC1=NC(=O)N(C=C1)[C@@H]2O[C@H](CO)[C@@H](O)[C@@H]2O,Nc1ccn([C@@H]2O[C@H](CO)[C@@H](O)[C@@H]2O)c(=O)n1
539,1,CN(C)N\N=C/1N=CN=C1C(N)=O,CN(C)N/N=C1/N=CN=C1C(N)=O
540,0,COc1cccc2C(=O)c3c(O)c4C[C@](O)(C[C@H](O[C@H]5C[C@H](N)[C@H](O)[C@H](C)O5)c4c(O)c3C(=O)c12)C(C)=O,COc1cccc2c1C(=O)c1c(O)c3c(c(O)c1C2=O)C[C@@](O)(C(C)=O)C[C@@H]3O[C@H]1C[C@H](N)[C@H](O)[C@H](C)O1
541,1,Clc1ccc2NC(=O)CC(=O)N(c3ccccc3)c2c1,O=C1CC(=O)N(c2ccccc2)c2cc(Cl)ccc2N1
542,1,CNCCCN1c2ccccc2Sc3ccccc13,CNCCCN1c2ccccc2Sc2ccccc21
543,1,Cc1ccc(cc1)C2(O)CCN(CCCC(=O)c3ccc(F)cc3)CC2,Cc1ccc(C2(O)CCN(CCCC(=O)c3ccc(F)cc3)CC2)cc1
544,1,CN1CC[C@]23[C@H]4Oc5c(O)ccc(C[C@@H]1[C@@H]2C=CC4O)c35,CN1CC[C@]23c4c5ccc(O)c4O[C@H]2C(O)C=C[C@H]3[C@H]1C5
545,1,CN1CCC(=CC1)c2ccccc2,CN1CC=C(c2ccccc2)CC1
546,1,Oc1ccc2C[C@H]3N(CC[C@@]45[C@@H](Oc1c24)C(=O)CC[C@@]35O)CC=C,C=CCN1CC[C@]23c4c5ccc(O)c4O[C@H]2C(=O)CC[C@@]3(O)[C@H]1C5
547,1,CN1CCC[C@H]1c2cccnc2,CN1CCC[C@H]1c1cccnc1
548,1,[O-][N+](=O)c1ccc2NC(=O)CN=C(c3ccccc3)c2c1,O=C1CN=C(c2ccccc2)c2cc([N+](=O)[O-])ccc2N1
549,1,Clc1ccc2NC(=O)CN=C(c3ccccc3)c2c1,O=C1CN=C(c2ccccc2)c2cc(Cl)ccc2N1
550,1,CNCCC=C1c2ccccc2CCc3ccccc13,CNCCC=C1c2ccccc2CCc2ccccc21
551,1,CN(C)CCOC(c1ccccc1)c2ccccc2C,Cc1ccccc1C(OCCN(C)C)c1ccccc1
552,1,COc1ccc2C[C@H]3[C@H]4CCCC[C@@]4(CCN3C)c2c1,COc1ccc2c(c1)[C@]13CCCC[C@@H]1[C@H](C2)N(C)CC3
553,0,CN1C[C@@H](C[C@H]2[C@H]1Cc3c[nH]c4cccc2c34)C(=O)N[C@]5(C)O[C@@]6(O)[C@@H]7CCCN7C(=O)[C@H](Cc8ccccc8)N6C5=O,CN1C[C@H](C(=O)N[C@]2(C)O[C@@]3(O)[C@@H]4CCCN4C(=O)[C@H](Cc4ccccc4)N3C2=O)C[C@@H]2c3cccc4[nH]cc(c34)C[C@H]21
554,1,CCN(CC)C(=S)SSC(=S)N(CC)CC,CCN(CC)C(=S)SSC(=S)N(CC)CC
555,0,FC(F)(F)[C@]1(OC(=O)Nc2ccc(Cl)cc12)C#CC3CC3,O=C1Nc2ccc(Cl)cc2[C@@](C#CC2CC2)(C(F)(F)F)O1
556,0,CC[C@@H](CO)NCCN[C@@H](CC)CO,CC[C@@H](CO)NCCN[C@@H](CC)CO
557,0,CC1(C)S[C@@H]2[C@H](NC(=O)CCC[C@@H](N)C(O)=O)C(=O)N2[C@H]1C(O)=O,CC1(C)S[C@@H]2[C@H](NC(=O)CCC[C@@H](N)C(=O)O)C(=O)N2[C@H]1C(=O)O
558,0,CNCC(O)c1ccc(O)c(O)c1,CNCC(O)c1ccc(O)c(O)c1
559,0,COc1cccc2C(=O)c3c(O)c4CC(O)(CC(O)c4c(O)c3C(=O)c12)C(=O)CO,COc1cccc2c1C(=O)c1c(O)c3c(c(O)c1C2=O)CC(O)(C(=O)CO)CC3O
560,0,CC1(C)S[C@@H]2[C@H](NC(=O)C34C[C@H]5C[C@H](CC(N)(C5)C3)C4)C(=O)N2[C@H]1C(O)=O,CC1(C)S[C@@H]2[C@H](NC(=O)C34C[C@@H]5C[C@@H](CC(N)(C5)C3)C4)C(=O)N2[C@H]1C(=O)O
561,0,CC(C)(C)C(=O)OCOC(=O)C1N2[C@H](SC1(C)C)[C@H](N=CN3CCCCCC3)C2=O,CC(C)(C)C(=O)OCOC(=O)C1N2C(=O)[C@@H](N=CN3CCCCCC3)[C@H]2SC1(C)C
562,0,[Cl-].CC(=O)[C@@]1(N)C[C@H](O[C@H]2C[C@H](O)[C@H](O)CO2)c3c(O)c4C(=O)c5ccccc5C(=O)c4c(O)c3C1.[H+],CC(=O)[C@]1(N)Cc2c(O)c3c(c(O)c2[C@@H](O[C@H]2C[C@H](O)[C@H](O)CO2)C1)C(=O)c1ccccc1C3=O.[Cl-].[H+]
563,0,CC1(C)S[C@@H]2C(NC(=O)[C@H](NC(=O)C3=CNc4cccnc4C3=O)c5ccccc5)C(=O)N2[C@H]1C(O)=O,CC1(C)S[C@@H]2C(NC(=O)[C@H](NC(=O)c3c[nH]c4cccnc4c3=O)c3ccccc3)C(=O)N2[C@H]1C(=O)O
564,0,CN[C@H]1[C@@H](O)[C@H]2O[C@@H](O[C@@H]3[C@@H](N)C[C@@H](N)[C@H](O)[C@H]3O)[C@H](N)C[C@@H]2O[C@@H]1O[C@H]4O[C@H](CO)[C@@H](N)[C@H](O)[C@H]4O,CN[C@@H]1[C@@H](O[C@H]2O[C@H](CO)[C@@H](N)[C@H](O)[C@H]2O)O[C@H]2C[C@@H](N)[C@H](O[C@H]3[C@H](O)[C@@H](O)[C@H](N)C[C@@H]3N)O[C@@H]2[C@@H]1O
565,0,NCC[C@H](O)C(=O)N[C@@H]1C[C@H](N)[C@@H](O[C@H]2O[C@H](CN)CC[C@H]2N)[C@H](O)[C@H]1O[C@H]3O[C@H](CO)[C@@H](O)[C@H](N)[C@H]3O,NCC[C@H](O)C(=O)N[C@@H]1C[C@H](N)[C@@H](O[C@H]2O[C@H](CN)CC[C@H]2N)[C@H](O)[C@H]1O[C@H]1O[C@H](CO)[C@@H](O)[C@H](N)[C@H]1O
566,0,CNC(=O)C[C@@H](N)C(=O)N[C@@H](C(=O)N[C@H]1[C@H]2SC(C)(C)[C@@H](N2C1=O)C(O)=O)c3ccc(O)cc3,CNC(=O)C[C@@H](N)C(=O)N[C@@H](C(=O)N[C@@H]1C(=O)N2[C@@H]1SC(C)(C)[C@@H]2C(=O)O)c1ccc(O)cc1
567,0,CO[C@H]1[C@@H](O)[C@H](N)[C@@H](O[C@H]2O[C@@H](CC[C@H]2N)C(C)N)[C@H](O)[C@@H]1N(C)C(=O)CN,CO[C@H]1[C@@H](O)[C@H](N)[C@@H](O[C@H]2O[C@H](C(C)N)CC[C@H]2N)[C@H](O)[C@@H]1N(C)C(=O)CN
568,0,C[C@H]1[C@H](NC(=O)C(=N/OC(C)(C)C(O)=O)\c2csc([NH3+])n2)C(=O)N1[S]([O-])(=O)=O,C[C@H]1[C@H](NC(=O)/C(=N\OC(C)(C)C(=O)O)c2csc([NH3+])n2)C(=O)N1S(=O)(=O)[O-]
569,0,CCOC(=O)OC(C)OC(=O)[C@@H]1N2[C@H](SC1(C)C)[C@H](N=CN3CCCCCC3)C2=O,CCOC(=O)OC(C)OC(=O)[C@@H]1N2C(=O)[C@@H](N=CN3CCCCCC3)[C@H]2SC1(C)C
570,0,NCC1OC(OC2C(N)CC(N)C(OC3OC(CO)C(O)C(N)C3O)C2O)C(N)C(O)C1O,NCC1OC(OC2C(N)CC(N)C(OC3OC(CO)C(O)C(N)C3O)C2O)C(N)C(O)C1O
571,0,NC(CO)C(=O)NNCc1ccc(O)c(O)c1O,NC(CO)C(=O)NNCc1ccc(O)c(O)c1O
572,0,CC(C)COCC(CN(Cc1ccccc1)c2ccccc2)N3CCCC3,CC(C)COCC(CN(Cc1ccccc1)c1ccccc1)N1CCCC1
573,0,CC[C@H]1OC(=O)[C@H](C)[C@@H](OC2CC(C)(OC)C(O)C(C)O2)C(C)[C@@H](OC3OC(C)CC(C3O)N(C)C)[C@](C)(O)C[C@@H](C)C(=O)[C@H](C)[C@@H](O)[C@H]1C,CC[C@H]1OC(=O)[C@H](C)[C@@H](OC2CC(C)(OC)C(O)C(C)O2)C(C)[C@@H](OC2OC(C)CC(N(C)C)C2O)[C@](C)(O)C[C@@H](C)C(=O)[C@H](C)[C@@H](O)[C@H]1C
574,0,NCCC(O)CNC1CC(N)C(OC2OC(CN)C(O)C(O)C2O)C(O)C1OC3OC(CO)C(O)C(N)C3O,NCCC(O)CNC1CC(N)C(OC2OC(CN)C(O)C(O)C2O)C(O)C1OC1OC(CO)C(O)C(N)C1O
575,0,CC(C)(C)NCC(O)c1ccc(O)c(NC(N)=O)c1,CC(C)(C)NCC(O)c1ccc(O)c(NC(N)=O)c1
576,0,CC1(C)S[C@@H]2[C@H](NC(=O)C(C(=O)Oc3ccccc3)c4ccccc4)C(=O)N2[C@H]1C(O)=O,CC1(C)S[C@@H]2[C@H](NC(=O)C(C(=O)Oc3ccccc3)c3ccccc3)C(=O)N2[C@H]1C(=O)O
577,0,CC1(C)S[C@@H]2[C@H](NC(=O)C(C(=O)Oc3ccc4CCCc4c3)c5ccccc5)C(=O)N2[C@H]1C(O)=O,CC1(C)S[C@@H]2[C@H](NC(=O)C(C(=O)Oc3ccc4c(c3)CCC4)c3ccccc3)C(=O)N2[C@H]1C(=O)O
578,0,CC1OC(CC(N)C1O)OC2C[C@@](O)(Cc3c(O)c4C(=O)c5cccc(O)c5C(=O)c4c(O)c23)C(C)=O,CC(=O)[C@]1(O)Cc2c(O)c3c(c(O)c2C(OC2CC(N)C(O)C(C)O2)C1)C(=O)c1c(O)cccc1C3=O
579,0,NC(=O)OCC1[C@H](NC(=O)C(=N/OCC(O)=O)\c2csc(N)n2)C(=O)N1[S](O)(=O)=O,NC(=O)OCC1[C@H](NC(=O)/C(=N\OCC(=O)O)c2csc(N)n2)C(=O)N1S(=O)(=O)O
580,0,CC1=C(N2[C@H](SC1)[C@H](NC(=O)[C@H](N)c3ccc(O)cc3)C2=O)C(O)=O,CC1=C(C(=O)O)N2C(=O)[C@@H](NC(=O)[C@H](N)c3ccc(O)cc3)[C@H]2SC1
581,0,CC1=C(N2[C@H](SC1)[C@H](NC(=O)[C@H](N)c3ccccc3)C2=O)C(O)=O,CC1=C(C(=O)O)N2C(=O)[C@@H](NC(=O)[C@H](N)c3ccccc3)[C@H]2SC1
582,0,CC(=O)OCC1=C(N2[C@H](SC1)[C@H](NC(=O)Cc3ccccc3)C2=O)C(O)=O,CC(=O)OCC1=C(C(=O)O)N2C(=O)[C@@H](NC(=O)Cc3ccccc3)[C@H]2SC1
583,0,Cc1sc(SCC2=C(N3[C@H](SC2)[C@H](NC(=O)C(N)c4ccc(O)cc4)C3=O)C(O)=O)nn1,Cc1nnc(SCC2=C(C(=O)O)N3C(=O)[C@@H](NC(=O)C(N)c4ccc(O)cc4)[C@H]3SC2)s1
584,0,NC(C(=O)N[C@H]1[C@H]2SCC(=C(N2C1=O)C(O)=O)CSc3cn[nH]n3)c4ccc(O)cc4,NC(C(=O)N[C@@H]1C(=O)N2C(C(=O)O)=C(CSc3cn[nH]n3)CS[C@H]12)c1ccc(O)cc1
585,0,Cc1sc(SCC2=C(N3[C@H](SC2)[C@H](NC(=O)CN4C=C(Cl)C(=O)C(=C4)Cl)C3=O)C(O)=O)nn1,Cc1nnc(SCC2=C(C(=O)O)N3C(=O)[C@@H](NC(=O)Cn4cc(Cl)c(=O)c(Cl)c4)[C@H]3SC2)s1
586,0,Cc1sc(SCC2=C(N3[C@H](SC2)[C@H](NC(=O)[C@H](O)c4ccccc4)C3=O)C(O)=O)nn1,Cc1nnc(SCC2=C(C(=O)O)N3C(=O)[C@@H](NC(=O)[C@H](O)c4ccccc4)[C@H]3SC2)s1
587,0,CC(N)C(=O)OC(C(=O)NC1C2SCC(=C(N2C1=O)C(=O)OCC3=C(C)OC(=O)O3)CSc4sc(C)nn4)c5ccccc5,Cc1nnc(SCC2=C(C(=O)OCc3oc(=O)oc3C)N3C(=O)C(NC(=O)C(OC(=O)C(C)N)c4ccccc4)C3SC2)s1
588,0,CC/C=C(C(=O)N[C@H]1[C@H]2SCC(=C(N2C1=O)C(O)=O)COC(N)=O)/c3csc(N)n3,CC/C=C(\C(=O)N[C@@H]1C(=O)N2C(C(=O)O)=C(COC(N)=O)CS[C@H]12)c1csc(N)n1
589,0,COCC1=C(N2[C@H](SC1)[C@H](NC(=O)C(=N\O)/c3csc(N)n3)C2=O)C(O)=O,COCC1=C(C(=O)O)N2C(=O)[C@@H](NC(=O)/C(=N\O)c3csc(N)n3)[C@H]2SC1
590,0,Nc1scc(n1)\C(=N\O)C(=O)N[C@H]2[C@H]3SCC(=C(N3C2=O)C(O)=O)C=C,C=CC1=C(C(=O)O)N2C(=O)[C@@H](NC(=O)/C(=N\O)c3csc(N)n3)[C@H]2SC1
591,0,CO\N=C(C(=O)NC1[C@H]2SCC(=C(N2C1=O)C(O)=O)\C=C/c3scnc3C)\c4csc(N)n4,CO/N=C(\C(=O)NC1C(=O)N2C(C(=O)O)=C(/C=C\c3scnc3C)CS[C@H]12)c1csc(N)n1
592,0,CC1=C(N2[C@H](SC1)[C@H](NC(=O)[C@H](N)c3ccc(O)c(Cl)c3)C2=O)C(O)=O,CC1=C(C(=O)O)N2C(=O)[C@@H](NC(=O)[C@H](N)c3ccc(O)c(Cl)c3)[C@H]2SC1
593,0,OC(=O)C1=C(CS[C@@H]2[C@H](NC(=O)Cc3sccc3)C(=O)N12)CSc4[nH]ncn4,O=C(Cc1cccs1)N[C@@H]1C(=O)N2C(C(=O)O)=C(CSc3ncn[nH]3)CS[C@H]12
594,0,Cn1nnnc1SCC2=C(N3[C@H](SC2)[C@H](NC(=O)CS\C=C/C#N)C3=O)C(O)=O,Cn1nnnc1SCC1=C(C(=O)O)N2C(=O)[C@@H](NC(=O)CS/C=C\C#N)[C@H]2SC1
595,0,Nc1scc(n1)\C(=N\OCC(O)=O)C(=O)N[C@H]2[C@H]3SCC(=C(N3C2=O)C(O)=O)C=C,C=CC1=C(C(=O)O)N2C(=O)[C@@H](NC(=O)/C(=N\OCC(=O)O)c3csc(N)n3)[C@H]2SC1
596,0,CO[C@]1(NC(=O)CSCC#N)[C@H]2SCC(=C(N2C1=O)C(O)=O)CSc3nnnn3C,CO[C@@]1(NC(=O)CSCC#N)C(=O)N2C(C(=O)O)=C(CSc3nnnn3C)CS[C@@H]21
597,0,CO[C@]1(NC(=O)CSC[C@@H](N)C(O)=O)[C@H]2SCC(=C(N2C1=O)C(O)=O)CSc3nnnn3C,CO[C@@]1(NC(=O)CSC[C@@H](N)C(=O)O)C(=O)N2C(C(=O)O)=C(CSc3nnnn3C)CS[C@@H]21
598,0,CO\N=C(C(=O)N[C@H]1[C@H]2SCC(=C(N2C1=O)C(O)=O)CSc3sc(CC(O)=O)c(C)n3)/c4csc(N)n4,CO/N=C(/C(=O)N[C@@H]1C(=O)N2C(C(=O)O)=C(CSc3nc(C)c(CC(=O)O)s3)CS[C@H]12)c1csc(N)n1
599,0,OC(C(=O)N[C@H]1[C@H]2SCC(=C(N2C1=O)C(O)=O)CSc3nnnn3C[S](O)(=O)=O)c4ccccc4,O=C(O)C1=C(CSc2nnnn2CS(=O)(=O)O)CS[C@@H]2[C@H](NC(=O)C(O)c3ccccc3)C(=O)N12
600,0,CO[C@]1(NC(=O)C2S\C(S2)=C(\C(N)=O)C(O)=O)[C@H]3SCC(=C(N3C1=O)C(O)=O)CSc4nnnn4C,CO[C@@]1(NC(=O)C2SC(=C(C(N)=O)C(=O)O)S2)C(=O)N2C(C(=O)O)=C(CSc3nnnn3C)CS[C@@H]21
601,0,CN(C)CCn1nnnc1SCC2=C(N3[C@H](SC2)[C@H](NC(=O)Cc4csc(N)n4)C3=O)C(O)=O,CN(C)CCn1nnnc1SCC1=C(C(=O)O)N2C(=O)[C@@H](NC(=O)Cc3csc(N)n3)[C@H]2SC1
602,0,Cn1nnnc1SCC2=C(N3[C@H](SC2)C(NC(=O)[C@H](NC(=O)C4=CNC(=CC4=O)C)c5ccc(O)cc5)C3=O)C(O)=O,Cc1cc(=O)c(C(=O)N[C@@H](C(=O)NC2C(=O)N3C(C(=O)O)=C(CSc4nnnn4C)CS[C@H]23)c2ccc(O)cc2)c[nH]1
603,0,[Na+].COCC1=C(N2[C@H](SC1)[C@H](NC(=O)C(=N/OC)\c3csc(N)n3)C2=O)C([O-])=O,COCC1=C(C(=O)[O-])N2C(=O)[C@@H](NC(=O)/C(=N\OC)c3csc(N)n3)[C@H]2SC1.[Na+]
604,0,CC1=C(N2[C@H](SC1)[C@H](NC(=O)Cc3ccc(cc3)C4=NCCCN4)C2=O)C(O)=O,CC1=C(C(=O)O)N2C(=O)[C@@H](NC(=O)Cc3ccc(C4=NCCCN4)cc3)[C@H]2SC1
605,0,COC1=C(N3C(SC1)C(NC(=O)C(N)C2C=CCC=C2)C3=O)C(O)=O,COC1=C(C(=O)O)N2C(=O)C(NC(=O)C(N)C3C=CCC=C3)C2SC1
606,0,CC1=C(N2[C@H](SC1)[C@H](NC(=O)[C@H](N)c3cccc(N[S](C)(=O)=O)c3)C2=O)C(O)=O,CC1=C(C(=O)O)N2C(=O)[C@@H](NC(=O)[C@H](N)c3cccc(NS(C)(=O)=O)c3)[C@H]2SC1
607,0,CO/N=C(C(=O)N[C@H]1[C@H]2SCC(=C(N2C1=O)C(O)=O)Cn3nnc(C)n3)/c4csc(N)n4,CO/N=C(\C(=O)N[C@@H]1C(=O)N2C(C(=O)O)=C(Cn3nnc(C)n3)CS[C@H]12)c1csc(N)n1
608,0,OC(=O)C1=C(CS[C@@H]2[C@H](NC(=O)Cn3cnnn3)C(=O)N12)CSc4scnn4,O=C(Cn1cnnn1)N[C@@H]1C(=O)N2C(C(=O)O)=C(CSc3nncs3)CS[C@H]12
609,0,O.O.Nc1scc(n1)\C(=C\CC(O)=O)C(=O)N[C@H]2[C@H]3SCC=C(N3C2=O)C(O)=O,Nc1nc(/C(=C/CC(=O)O)C(=O)N[C@@H]2C(=O)N3C(C(=O)O)=CCS[C@H]23)cs1.O.O
610,0,CO/N=C(C(=O)N[C@H]1[C@H]2SCC(=C(N2C1=O)C(O)=O)CSC(=O)c3occc3)/c4csc(N)n4,CO/N=C(\C(=O)N[C@@H]1C(=O)N2C(C(=O)O)=C(CSC(=O)c3ccco3)CS[C@H]12)c1csc(N)n1
611,0,CO/N=C(C(=O)N[C@H]1[C@H]2SCC(=C(N2C1=O)C(O)=O)\C=C\SC3=NNC(=O)C(=O)N3CC=O)/c4csc(N)n4,CO/N=C(\C(=O)N[C@@H]1C(=O)N2C(C(=O)O)=C(/C=C/Sc3n[nH]c(=O)c(=O)n3CC=O)CS[C@H]12)c1csc(N)n1
612,0,CO/N=C(C(=O)N[C@H]1[C@H]2SCC=C(N2C1=O)C(O)=O)/c3csc(N)n3,CO/N=C(\C(=O)N[C@@H]1C(=O)N2C(C(=O)O)=CCS[C@H]12)c1csc(N)n1
613,0,CO/N=C(C(=O)N[C@H]1[C@H]2SCC(=C(N2C1=O)C(O)=O)COC(C)=O)/c3occc3,CO/N=C(\C(=O)N[C@@H]1C(=O)N2C(C(=O)O)=C(COC(C)=O)CS[C@H]12)c1ccco1
614,0,CO/N=C(C(=O)N[C@H]1[C@H]2SCC(=C(N2C1=O)C(=O)OC(C)OC(C)=O)COC(N)=O)/c3occc3,CO/N=C(\C(=O)N[C@@H]1C(=O)N2C(C(=O)OC(C)OC(C)=O)=C(COC(N)=O)CS[C@H]12)c1ccco1
615,0,COCCCC(=O)OC(C)OC(=O)C1=C(COC(N)=O)CS[C@@H]2[C@H](NC(=O)C(=N/OC)\c3occc3)C(=O)N12,COCCCC(=O)OC(C)OC(=O)C1=C(COC(N)=O)CS[C@@H]2[C@H](NC(=O)/C(=N\OC)c3ccco3)C(=O)N12
616,0,O.O.CC(=O)OCC1=C(N2[C@H](SC1)[C@H](NC(=O)[C@H](N)c3ccccc3)C2=O)C(O)=O,CC(=O)OCC1=C(C(=O)O)N2C(=O)[C@@H](NC(=O)[C@H](N)c3ccccc3)[C@H]2SC1.O.O
617,0,CC(=O)OCC1=C(N2[C@H](SC1)[C@H](NC(=O)CCC[C@@H](N)C(O)=O)C2=O)C(O)=O,CC(=O)OCC1=C(C(=O)O)N2C(=O)[C@@H](NC(=O)CCC[C@@H](N)C(=O)O)[C@H]2SC1
618,0,CC(=O)OCC1=C(N2[C@H](SC1)[C@H](NC(=O)Cc3sccc3)C2=O)C(O)=O,CC(=O)OCC1=C(C(=O)O)N2C(=O)[C@@H](NC(=O)Cc3cccs3)[C@H]2SC1
619,0,CC(=O)C1=C(O)[C@]2(O)[C@@H](Cc3c(C)c4ccc(C)c(O)c4c(O)c3C2=O)[C@@H](N)C1=O,CC(=O)C1=C(O)[C@@]2(O)C(=O)c3c(c(C)c4ccc(C)c(O)c4c3O)C[C@H]2[C@@H](N)C1=O
620,0,CC[C@H]1OC(=O)[C@H](C)[C@@H](O[C@H]2C[C@@](C)(OC)[C@@H](O)[C@H](C)O2)[C@H](C)[C@@H](O[C@@H]3O[C@H](C)C[C@@H]([C@H]3O)N(C)C)[C@@](C)(C[C@@H](C)C(=O)[C@H](C)[C@@H](O)[C@]1(C)O)OC,CC[C@H]1OC(=O)[C@H](C)[C@@H](O[C@H]2C[C@@](C)(OC)[C@@H](O)[C@H](C)O2)[C@H](C)[C@@H](O[C@@H]2O[C@H](C)C[C@H](N(C)C)[C@H]2O)[C@](C)(OC)C[C@@H](C)C(=O)[C@H](C)[C@@H](O)[C@]1(C)O
621,0,CCC[C@@H]1C[C@H](N(C)C1)C(=O)NC(C(C)Cl)[C@H]2O[C@H](SC)[C@H](O)[C@@H](O)[C@H]2O,CCC[C@@H]1C[C@@H](C(=O)NC(C(C)Cl)[C@H]2O[C@H](SC)[C@H](O)[C@@H](O)[C@H]2O)N(C)C1
622,0,CN(C)[C@H]1[C@@H]2C[C@H]3C(=C(O)c4c(O)ccc(Cl)c4[C@@]3(C)O)C(=O)[C@]2(O)C(=O)\C(=C(/O)NCO)C1=O,CN(C)[C@@H]1C(=O)/C(=C(/O)NCO)C(=O)[C@@]2(O)C(=O)C3=C(O)c4c(O)ccc(Cl)c4[C@@](C)(O)[C@H]3C[C@@H]12
623,0,CC1(C)S[C@@H]2[C@H](NC(=O)C3(N)CCCCC3)C(=O)N2[C@H]1C(O)=O,CC1(C)S[C@@H]2[C@H](NC(=O)C3(N)CCCCC3)C(=O)N2[C@H]1C(=O)O
624,0,CCC1C(=O)N(CC(=O)N(C(C(=O)NC(C(=O)N(C(C(=O)NC(C(=O)NC(C(=O)N(C(C(=O)N(C(C(=O)N(C(C(=O)N(C(C(=O)N1)C(C(C)CC=CC)O)C)C(C)C)C)CC(C)C)C)CC(C)C)C)C)C)CC(C)C)C)C(C)C)CC(C)C)C)C,CC=CCC(C)C(O)C1C(=O)NC(CC)C(=O)N(C)CC(=O)N(C)C(CC(C)C)C(=O)NC(C(C)C)C(=O)N(C)C(CC(C)C)C(=O)NC(C)C(=O)NC(C)C(=O)N(C)C(CC(C)C)C(=O)N(C)C(CC(C)C)C(=O)N(C)C(C(C)C)C(=O)N1C
625,0,CC(C)C1NC(=O)C(NC(=O)c2ccc(C)c3OC4=C(C)C(=O)C(=C(C(=O)NC5C(C)OC(=O)C(C(C)C)N(C)C(=O)CN(C)C(=O)C6CCCN6C(=O)C(NC5=O)C(C)C)C4=Nc23)N)C(C)OC(=O)C(C(C)C)N(C)C(=O)CN(C)C(=O)C7CCCN7C1=O,Cc1c2oc3c(C)ccc(C(=O)NC4C(=O)NC(C(C)C)C(=O)N5CCCC5C(=O)N(C)CC(=O)N(C)C(C(C)C)C(=O)OC4C)c3nc-2c(C(=O)NC2C(=O)NC(C(C)C)C(=O)N3CCCC3C(=O)N(C)CC(=O)N(C)C(C(C)C)C(=O)OC2C)c(N)c1=O
626,0,CN(C)[C@H]1[C@@H]2C[C@@H]3[C@H](O)c4cccc(O)c4C(=C3C(=O)[C@]2(O)C(=O)\C(=C(N)/O)C1=O)O,CN(C)[C@@H]1C(=O)/C(=C(\N)O)C(=O)[C@@]2(O)C(=O)C3=C(O)c4c(O)cccc4[C@@H](O)[C@H]3C[C@@H]12
627,0,CCOC(OCC)C(=O)OCC(=O)C1(O)CC(OC2CC(N)C(O)C(C)O2)c3c(O)c4C(=O)c5c(OC)cccc5C(=O)c4c(O)c3C1,CCOC(OCC)C(=O)OCC(=O)C1(O)Cc2c(O)c3c(c(O)c2C(OC2CC(N)C(O)C(C)O2)C1)C(=O)c1c(OC)cccc1C3=O
628,0,NCC1CCC(N)C(O1)OC2C(N)CC(N)C(OC3OC(CO)C(O)C(N)C3O)C2O,NCC1CCC(N)C(OC2C(N)CC(N)C(OC3OC(CO)C(O)C(N)C3O)C2O)O1
629,0,Cc1onc(c1C(=O)N[C@H]2[C@H]3SC(C)(C)[C@@H](N3C2=O)C(O)=O)c4c(Cl)cccc4Cl,Cc1onc(-c2c(Cl)cccc2Cl)c1C(=O)N[C@@H]1C(=O)N2[C@@H]1SC(C)(C)[C@@H]2C(=O)O
630,0,CN[C@H]1[C@H](O)[C@@H](O)[C@H](CO)O[C@H]1O[C@H]2[C@@H](O[C@@H](C)[C@]2(O)CO)O[C@@H]3[C@@H](O)[C@H](O)[C@@H](N=C(N)N)[C@H](O)[C@H]3N=C(N)N,CN[C@@H]1[C@H](O[C@H]2[C@H](O[C@@H]3[C@@H](O)[C@H](O)[C@@H](N=C(N)N)[C@H](O)[C@H]3N=C(N)N)O[C@@H](C)[C@]2(O)CO)O[C@@H](CO)[C@H](O)[C@H]1O
631,0,COc1ccc(cc1O)C2=CC(=O)c3c(O)cc(O[C@@H]4O[C@H](CO[C@@H]5O[C@@H](C)[C@H](O)[C@@H](O)[C@H]5O)[C@@H](O)[C@H](O)[C@H]4O)cc3O2,COc1ccc(-c2cc(=O)c3c(O)cc(O[C@@H]4O[C@H](CO[C@@H]5O[C@@H](C)[C@H](O)[C@@H](O)[C@H]5O)[C@@H](O)[C@H](O)[C@H]4O)cc3o2)cc1O
632,0,CCC(=O)O[C@H]1[C@@H](C)[C@@H](C)OC(=O)C(C)[C@@H](O[C@H]2C[C@H](OC)[C@@H](OC(=O)CC)[C@H](C)O2)[C@H](C)[C@@H](O[C@@H]3O[C@H](C)C[C@@H]([C@H]3O)N(C)C)C(C)C[C@@]4(CO4)C(=O)[C@@H]1C,CCC(=O)O[C@H]1[C@H](C)O[C@@H](O[C@@H]2C(C)C(=O)O[C@H](C)[C@H](C)[C@H](OC(=O)CC)[C@@H](C)C(=O)[C@]3(CO3)CC(C)[C@H](O[C@@H]3O[C@H](C)C[C@H](N(C)C)[C@H]3O)[C@H]2C)C[C@@H]1OC
633,0,OCCN(CCO)c1nc(N2CCCCC2)c3nc(nc(N4CCCCC4)c3n1)N(CCO)CCO,OCCN(CCO)c1nc(N2CCCCC2)c2nc(N(CCO)CCO)nc(N3CCCCC3)c2n1
634,0,CC[C@H]1OC(=O)[C@H](C)[C@@H](O[C@H]2C[C@@](C)(OC)[C@@H](O)[C@H](C)O2)[C@H](C)[C@@H](O[C@@H]3O[C@H](C)C[C@@H]([C@H]3O)N(C)C)[C@](C)(O)C[C@@H](C)[C@@H]4N[C@@H](COCCOC)O[C@H]([C@H]4C)[C@]1(C)O,CC[C@H]1OC(=O)[C@H](C)[C@@H](O[C@H]2C[C@@](C)(OC)[C@@H](O)[C@H](C)O2)[C@H](C)[C@@H](O[C@@H]2O[C@H](C)C[C@H](N(C)C)[C@H]2O)[C@](C)(O)C[C@@H](C)[C@@H]2N[C@@H](COCCOC)O[C@H]([C@H]2C)[C@]1(C)O
635,0,CC(=O)O[C@@]12CO[C@@H]1C[C@H](O)[C@]3(C)[C@@H]2[C@H](OC(=O)c4ccccc4)[C@]5(O)C[C@H](OC(=O)[C@H](O)[C@@H](NC(=O)OC(C)(C)C)c6ccccc6)C(=C([C@@H](O)C3=O)C5(C)C)C,CC(=O)O[C@@]12CO[C@@H]1C[C@H](O)[C@@]1(C)C(=O)[C@H](O)C3=C(C)[C@@H](OC(=O)[C@H](O)[C@@H](NC(=O)OC(C)(C)C)c4ccccc4)C[C@@](O)([C@@H](OC(=O)c4ccccc4)[C@H]21)C3(C)C
636,0,CCC(C(=O)NC\C=C\C=C(/C)C(OC)C(C)C1OC(\C=C\C=C\C=C(/C)C(=O)C2=C(O)N(C)C=CC2=O)C(O)C1O)C3(O)OC(\C=C\C=C\C)C(C)(C)C(OC4OC(C)C(OC5OC(C)C(OC)C(O)C5OC)C(OC)C4O)C3O,C/C=C/C=C/C1OC(O)(C(CC)C(=O)NC/C=C/C=C(\C)C(OC)C(C)C2OC(/C=C/C=C/C=C(\C)C(=O)c3c(O)n(C)ccc3=O)C(O)C2O)C(O)C(OC2OC(C)C(OC3OC(C)C(OC)C(O)C3OC)C(OC)C2O)C1(C)C
637,0,[Cl].CC[C@H]1CN2CCc3cc(OC)c(OC)cc3[C@@H]2C[C@@H]1C[C@H]4NCCc5cc(OC)c(OC)cc45,CC[C@H]1CN2CCc3cc(OC)c(OC)cc3[C@@H]2C[C@@H]1C[C@H]1NCCc2cc(OC)c(OC)cc21.[Cl]
638,0,CC1(C)S[C@@H]2[C@H](NC(=O)[C@H](N)C3=CCC=CC3)C(=O)N2[C@H]1C(O)=O,CC1(C)S[C@@H]2[C@H](NC(=O)[C@H](N)C3=CCC=CC3)C(=O)N2[C@H]1C(=O)O
639,0,COc1cccc2C(=O)c3c(O)c4C[C@@](O)(C[C@@H](OC5CC(N)CC(C)O5)c4c(O)c3C(=O)c12)C(=O)CO,COc1cccc2c1C(=O)c1c(O)c3c(c(O)c1C2=O)C[C@](O)(C(=O)CO)C[C@H]3OC1CC(N)CC(C)O1
640,0,CN(C)[C@H]1[C@@H]2C[C@H]3C(=C(O)c4c(O)cccc4[C@@]3(C)O)C(=O)[C@]2(O)C(=O)\C(=C(/O)NCN(C)CCN(C)CNC(/O)=C/5C(=O)[C@H]([C@@H]6C[C@H]7C(=C(O)c8c(O)cccc8[C@@]7(C)O)C(=O)[C@]6(O)C5=O)N(C)C)C1=O,CN(CCN(C)CN/C(O)=C1\C(=O)[C@@H](N(C)C)[C@@H]2C[C@H]3C(=C(O)c4c(O)cccc4[C@@]3(C)O)C(=O)[C@]2(O)C1=O)CN/C(O)=C1\C(=O)[C@@H](N(C)C)[C@@H]2C[C@H]3C(=C(O)c4c(O)cccc4[C@@]3(C)O)C(=O)[C@]2(O)C1=O
641,0,CCOC(=O)C1=C(C)NC(=C(C1c2cccc(Cl)c2Cl)C(=O)OC)C,CCOC(=O)C1=C(C)NC(C)=C(C(=O)OC)C1c1cccc(Cl)c1Cl
642,0,CC1(C)S[C@@H]2[C@H](NC(=O)C(Oc3ccccc3)c4ccccc4)C(=O)N2[C@H]1C(O)=O,CC1(C)S[C@@H]2[C@H](NC(=O)C(Oc3ccccc3)c3ccccc3)C(=O)N2[C@H]1C(=O)O
643,0,CC(C)c1ccccc1OCC2=NCCN2,CC(C)c1ccccc1OCC1=NCCN1
644,0,CC(C)(C(O)=O)c1ccc(cc1)C(O)CCCN2CCC(CC2)C(O)(c3ccccc3)c4ccccc4,CC(C)(C(=O)O)c1ccc(C(O)CCCN2CCC(C(O)(c3ccccc3)c3ccccc3)CC2)cc1
645,0,CC1(C)S[C@@H]2[C@H](NC(=O)[C@H](NC(=O)C(C)(C)Oc3ccc(Cl)cc3)c4ccccc4)C(=O)N2[C@H]1C(O)=O,CC(C)(Oc1ccc(Cl)cc1)C(=O)N[C@@H](C(=O)N[C@@H]1C(=O)N2[C@@H]1SC(C)(C)[C@@H]2C(=O)O)c1ccccc1
646,0,[Na].CO[C@]1(NC(=O)CSC(F)(F)F)[C@H]2OCC(=C(N2C1=O)C(O)=O)CSc3nnnn3CCO,CO[C@@]1(NC(=O)CSC(F)(F)F)C(=O)N2C(C(=O)O)=C(CSc3nnnn3CCO)CO[C@@H]21.[Na]
647,0,CC[C@H]1OC(=O)[C@H](C)[C@@H](O[C@H]2C[C@@](C)(OC)[C@@H](O)[C@H](C)O2)[C@H](C)[C@@H](O[C@@H]3O[C@H](C)C[C@@H]([C@H]3O)N(C)C)[C@](C)(O)C[C@](C)(F)C(=O)[C@H](C)[C@@H](O)[C@]1(C)O,CC[C@H]1OC(=O)[C@H](C)[C@@H](O[C@H]2C[C@@](C)(OC)[C@@H](O)[C@H](C)O2)[C@H](C)[C@@H](O[C@@H]2O[C@H](C)C[C@H](N(C)C)[C@H]2O)[C@](C)(O)C[C@](C)(F)C(=O)[C@H](C)[C@@H](O)[C@]1(C)O
648,0,C[C@@H](O)[C@@H]1[C@H]2SC(=C(N2C1=O)C(O)=O)[C@H]3CCCO3,C[C@@H](O)[C@H]1C(=O)N2C(C(=O)O)=C([C@H]3CCCO3)S[C@H]12
649,0,CC1(C)S[C@@H]2[C@H](NC(=O)[C@@H](N=Cc3occc3)c4ccc(O)cc4)C(=O)N2[C@H]1C(O)=O,CC1(C)S[C@@H]2[C@H](NC(=O)[C@@H](N=Cc3ccco3)c3ccc(O)cc3)C(=O)N2[C@H]1C(=O)O
650,0,CC(C)CC(OC(=O)c1occc1)C(=O)N[C@H]2[C@H]3SC(C)(C)[C@@H](N3C2=O)C(O)=O,CC(C)CC(OC(=O)c1ccco1)C(=O)N[C@@H]1C(=O)N2[C@@H]1SC(C)(C)[C@@H]2C(=O)O
651,0,CNC(C)C1CCC(N)C(O1)OC2C(N)CC(N)C(OC3OCC(C)(O)C(NC)C3O)C2O,CNC(C)C1CCC(N)C(OC2C(N)CC(N)C(OC3OCC(C)(O)C(NC)C3O)C2O)O1
652,0,CO/N=C(C(=O)N[C@H]1[C@H](C)N(OCC(=O)OCC(=O)OC(C)(C)C)C1=O)/c2csc(N)n2,CO/N=C(\C(=O)N[C@@H]1C(=O)N(OCC(=O)OCC(=O)OC(C)(C)C)[C@H]1C)c1csc(N)n1
653,0,CC1CN(CCN1)c2cc3N(C=C(C(O)=O)C(=O)c3c(C)c2F)C4CC4,Cc1c(F)c(N2CCNC(C)C2)cc2c1c(=O)c(C(=O)O)cn2C1CC1
654,0,CN(C)C1C2CC3C(=C(O)c4c(O)cccc4C3(C)O)C(=O)C2(O)C(=O)\C(=C(/O)NCN5CCN(CC5)C(=N)N=C(N)N)C1=O,CN(C)C1C(=O)/C(=C(/O)NCN2CCN(C(=N)N=C(N)N)CC2)C(=O)C2(O)C(=O)C3=C(O)c4c(O)cccc4C(C)(O)C3CC12
655,0,CC1(C)N[C@@H](C(=O)N1[C@H]2[C@H]3SC(C)(C)[C@@H](N3C2=O)C(O)=O)c4ccccc4,CC1(C)S[C@@H]2[C@H](N3C(=O)[C@@H](c4ccccc4)NC3(C)C)C(=O)N2[C@H]1C(=O)O
656,0,CC(Cc1ccccc1)NO,CC(Cc1ccccc1)NO
657,0,CNC(C)C(O)c1ccc(O)cc1,CNC(C)C(O)c1ccc(O)cc1
658,0,CC1=CC(=O)Oc2cc(O)ccc12,Cc1cc(=O)oc2cc(O)ccc12
659,0,C[C@@H]1O[C@H](C[C@H](N)[C@@H]1O)O[C@H]2C[C@@](O)(Cc3c(O)c4C(=O)c5ccccc5C(=O)c4c(O)c23)C(C)=O,CC(=O)[C@]1(O)Cc2c(O)c3c(c(O)c2[C@@H](O[C@H]2C[C@H](N)[C@H](O)[C@H](C)O2)C1)C(=O)c1ccccc1C3=O
660,0,O.C[C@H](O)[C@@H]1[C@H]2CC(=C(N2C1=O)C(O)=O)SCCN=CN,C[C@H](O)[C@H]1C(=O)N2C(C(=O)O)=C(SCCN=CN)C[C@H]12.O
661,0,CNC1C(O)C(OCC1(C)O)OC2C(O)C(OC3OC(CN)C(O)C(O)C3O)C(N)CC2NC(=O)C(O)CN,CNC1C(O)C(OC2C(NC(=O)C(O)CN)CC(N)C(OC3OC(CN)C(O)C(O)C3O)C2O)OCC1(C)O
662,0,CC1(C)S[C@@H]2[C@H](NC(=O)C(C)(C)Oc3ccccc3)C(=O)N2[C@H]1C(O)=O,CC(C)(Oc1ccccc1)C(=O)N[C@@H]1C(=O)N2[C@@H]1SC(C)(C)[C@@H]2C(=O)O
663,0,CO[C@H]1[C@@H](CC(=O)O[C@H](C)C/C=C/C=C/[C@H](O)[C@H](C)C[C@H](CC=O)[C@@H]1O[C@@H]2O[C@H](C)[C@@H](O[C@H]3C[C@@](C)(O)[C@@H](OC(=O)CC(C)C)[C@H](C)O3)[C@@H]([C@H]2O)N(C)C)OC(C)=O,CO[C@@H]1[C@@H](O[C@@H]2O[C@H](C)[C@@H](O[C@H]3C[C@@](C)(O)[C@@H](OC(=O)CC(C)C)[C@H](C)O3)[C@H](N(C)C)[C@H]2O)[C@@H](CC=O)C[C@@H](C)[C@@H](O)/C=C/C=C/C[C@@H](C)OC(=O)C[C@H]1OC(C)=O
664,0,CC1=C(COC(=O)[C@@H]2N3[C@H](SC2(C)C)[C@H](NC(=O)[C@H](N)c4ccccc4)C3=O)OC(=O)O1,Cc1oc(=O)oc1COC(=O)[C@@H]1N2C(=O)[C@@H](NC(=O)[C@H](N)c3ccccc3)[C@H]2SC1(C)C
665,0,CNCC[C@@H](O)[C@@H]1C[C@@H](CN1)SC2=C(N3[C@H]([C@H]2C)[C@@H]([C@@H](C)O)C3=O)C(O)=O,CNCC[C@@H](O)[C@@H]1C[C@H](SC2=C(C(=O)O)N3C(=O)[C@H]([C@@H](C)O)[C@H]3[C@H]2C)CN1
666,0,CC[C@H]1OC(=O)[C@H](C)[C@@H](OC2CC(C)(OC)C(O)C(C)O2)C(C)[C@@H](OC3OC(C)CC(C3O)N(C)C)[C@](C)(O)C[C@@H](C)\C(=N/OC)[C@H](C)[C@@H](O)[C@]1(C)O,CC[C@H]1OC(=O)[C@H](C)[C@@H](OC2CC(C)(OC)C(O)C(C)O2)C(C)[C@@H](OC2OC(C)CC(N(C)C)C2O)[C@](C)(O)C[C@@H](C)/C(=N\OC)[C@H](C)[C@@H](O)[C@]1(C)O
667,0,CCCC1CC(N(C)C1)C(=O)NC(C(C)O)C2OC(SC)C(O)C(O)C2O,CCCC1CC(C(=O)NC(C(C)O)C2OC(SC)C(O)C(O)C2O)N(C)C1
668,0,O.N[C@@H](C(=O)NC1C2CCC(=C(N2C1=O)C(O)=O)Cl)c3ccccc3,N[C@@H](C(=O)NC1C(=O)N2C(C(=O)O)=C(Cl)CCC12)c1ccccc1.O
669,0,[Cl-].CN(C)[C@H]1[C@@H]2C[C@H]3C(=C(O)c4c(O)ccc(Cl)c4[C@@]3(C)O)C(=O)[C@]2(O)C(=O)\C(=C(N)\O)C1=O.[H+],CN(C)[C@@H]1C(=O)/C(=C(/N)O)C(=O)[C@@]2(O)C(=O)C3=C(O)c4c(O)ccc(Cl)c4[C@@](C)(O)[C@H]3C[C@@H]12.[Cl-].[H+]
670,0,CC1OC(CC(N)C1O)OC2CC(O)(Cc3c(O)c4C(=O)c5ccccc5C(=O)c4c(O)c23)C(=O)CO,CC1OC(OC2CC(O)(C(=O)CO)Cc3c(O)c4c(c(O)c32)C(=O)c2ccccc2C4=O)CC(N)C1O
671,0,O.O.O.C[C@H](O)C1C2[C@@H](C)C(=C(N2C1=O)C(O)=O)S[C@@H]3CN[C@@H](C3)C(=O)N(C)C,C[C@H](O)C1C(=O)N2C(C(=O)O)=C(S[C@@H]3CN[C@H](C(=O)N(C)C)C3)[C@H](C)C12.O.O.O
672,0,CC1(C)SC2C(NC(=O)C(N=C)c3ccccc3)C(=O)N2C1C(O)=O,C=NC(C(=O)NC1C(=O)N2C1SC(C)(C)C2C(=O)O)c1ccccc1
673,0,CN(C)[C@H]1[C@@H]2[C@@H](O)[C@@H]3C(=C)c4cccc(O)c4C(=C3C(=O)[C@]2(O)C(=O)\C(=C(N)/O)C1=O)O,C=C1c2cccc(O)c2C(O)=C2C(=O)[C@]3(O)C(=O)/C(=C(/N)O)C(=O)[C@@H](N(C)C)[C@@H]3[C@@H](O)[C@H]12
674,0,CNC(C)C(=O)c1ccc(OC)cc1,CNC(C)C(=O)c1ccc(OC)cc1
675,0,COc1cccc(OC)c1C(=O)N[C@H]2[C@H]3SC(C)(C)[C@@H](N3C2=O)C(O)=O,COc1cccc(OC)c1C(=O)N[C@@H]1C(=O)N2[C@@H]1SC(C)(C)[C@@H]2C(=O)O
676,0,CC1(C)S[C@@H]2[C@H](NC(=O)[C@H](NC(=O)N3CCN(C3=O)[S](C)(=O)=O)c4ccccc4)C(=O)N2[C@H]1C(O)=O,CC1(C)S[C@@H]2[C@H](NC(=O)[C@H](NC(=O)N3CCN(S(C)(=O)=O)C3=O)c3ccccc3)C(=O)N2[C@H]1C(=O)O
677,0,COCC(=O)O[C@]1(CCN(C)CCCc2[nH]c3ccccc3n2)CCc4cc(F)ccc4[C@@H]1C(C)C,COCC(=O)O[C@]1(CCN(C)CCCc2nc3ccccc3[nH]2)CCc2cc(F)ccc2[C@@H]1C(C)C
678,0,CCC(=O)OC1CC(=O)OC(C)C\C=C\C=C/C(O)C(C)CC(CC=O)C(O[C@@H]2O[C@H](C)[C@@H](O[C@H]3C[C@@](C)(O)[C@H](OC(=O)CC)[C@@H](C)O3)[C@@H]([C@H]2O)N(C)C)C1OC,CCC(=O)OC1CC(=O)OC(C)C/C=C/C=C\C(O)C(C)CC(CC=O)C(O[C@@H]2O[C@H](C)[C@@H](O[C@H]3C[C@@](C)(O)[C@H](OC(=O)CC)[C@@H](C)O3)[C@H](N(C)C)[C@H]2O)C1OC
679,0,CCC1NC(=O)C(NC(=O)c2ncccc2O)C(C)OC(=O)C(NC(=O)C3CC(=O)CCN3C(=O)C(Cc4ccc(cc4)N(C)C)N(C)C(=O)C5CCCN5C1=O)c6ccccc6,CCC1NC(=O)C(NC(=O)c2ncccc2O)C(C)OC(=O)C(c2ccccc2)NC(=O)C2CC(=O)CCN2C(=O)C(Cc2ccc(N(C)C)cc2)N(C)C(=O)C2CCCN2C1=O
680,0,CCCCCC1CNC(C1)C(=O)NC(C(C)Cl)C2OC(SC)C(O)C(O)C2O,CCCCCC1CNC(C(=O)NC(C(C)Cl)C2OC(SC)C(O)C(O)C2O)C1
681,0,CO[C@@]12[C@H](COC(N)=O)C3=C(N1C[C@@H]4N[C@H]24)C(=O)C(=C(N)C3=O)C,CO[C@@]12[C@H](COC(N)=O)C3=C(C(=O)C(C)=C(N)C3=O)N1C[C@@H]1N[C@@H]12
682,0,NC[C@H]1O[C@H](O[C@@H]2[C@@H](N)C[C@@H](N)[C@H](O)[C@H]2O)[C@H](N)[C@@H](O)[C@@H]1O,NC[C@H]1O[C@H](O[C@H]2[C@H](O)[C@@H](O)[C@H](N)C[C@@H]2N)[C@H](N)[C@@H](O)[C@@H]1O
683,0,CCN[C@@H]1C[C@H](N)[C@@H](O[C@H]2OC(=CC[C@H]2N)CN)[C@H](O)[C@H]1O[C@H]3OC[C@](C)(O)[C@H](NC)[C@H]3O,CCN[C@@H]1C[C@H](N)[C@@H](O[C@H]2OC(CN)=CC[C@H]2N)[C@H](O)[C@H]1O[C@H]1OC[C@](C)(O)[C@H](NC)[C@H]1O
684,0,COC(=O)C1=C(C)NC(=C(C1c2cccc(c2)[N+]([O-])=O)C(=O)OCCN(C)Cc3ccccc3)C,COC(=O)C1=C(C)NC(C)=C(C(=O)OCCN(C)Cc2ccccc2)C1c1cccc([N+](=O)[O-])c1
685,0,COC(=O)C1=C(C)NC(=C(C1c2ccccc2[N+]([O-])=O)C(=O)OC)C,COC(=O)C1=C(C)NC(C)=C(C(=O)OC)C1c1ccccc1[N+](=O)[O-]
686,0,CCOC(=O)C1=C(C)NC(=C(C1c2cccc(c2)[N+]([O-])=O)C(=O)OC)C,CCOC(=O)C1=C(C)NC(C)=C(C(=O)OC)C1c1cccc([N+](=O)[O-])c1
687,0,CN(C)[C@H]1[C@@H]2C[C@@H]3Cc4c(ccc(O)c4C(=C3C(=O)[C@]2(O)C(=O)\C(=C(N)/O)C1=O)O)[N+]([O-])=O,CN(C)[C@@H]1C(=O)/C(=C(\N)O)C(=O)[C@@]2(O)C(=O)C3=C(O)c4c(O)ccc([N+](=O)[O-])c4C[C@H]3C[C@@H]12
688,0,CO[C@@H]1[C@@H](OC(N)=O)[C@@H](O)[C@H](Oc2ccc3C(=O)C(=C(O)Oc3c2C)NC(=O)c4ccc(O)c(CC=C(C)C)c4)OC1(C)C,CO[C@@H]1[C@@H](OC(N)=O)[C@@H](O)[C@H](Oc2ccc3c(=O)c(NC(=O)c4ccc(O)c(CC=C(C)C)c4)c(O)oc3c2C)OC1(C)C
689,0,COC1CC(OC(C)C1O)O[C@H]2[C@H](C)[C@@H](OC3OC(C)CC(C3O)N(C)C)[C@@H](C)C[C@]4(CO4)C(=O)[C@H](C)[C@@H](O)[C@@H](C)[C@@H](C)OC(=O)[C@@H]2C,COC1CC(O[C@H]2[C@H](C)[C@@H](OC3OC(C)CC(N(C)C)C3O)[C@@H](C)C[C@]3(CO3)C(=O)[C@H](C)[C@@H](O)[C@@H](C)[C@@H](C)OC(=O)[C@@H]2C)OC(C)C1O
690,0,CC1(C)NC(C(=O)[NH+]1[C@H]2[C@H]3SC(C)(C)[C@@H](N3C2=O)C(O)=O)c4ccc(O)cc4,CC1(C)S[C@@H]2[C@H]([NH+]3C(=O)C(c4ccc(O)cc4)NC3(C)C)C(=O)N2[C@H]1C(=O)O
691,0,CN(C)[C@H]1[C@@H]2C[C@H]3C(=C(O)c4c(O)cccc4[C@@]3(C)O)C(=O)[C@]2(O)C(=O)\C(=C(/O)NCN5CCCC(C5)C(O)=O)C1=O,CN(C)[C@@H]1C(=O)/C(=C(/O)NCN2CCCC(C(=O)O)C2)C(=O)[C@@]2(O)C(=O)C3=C(O)c4c(O)cccc4[C@@](C)(O)[C@H]3C[C@@H]12
692,0,CC(=O)OCOC(=O)C1N2C(SC1(C)C)C(NC(=O)Cc3ccccc3)C2=O,CC(=O)OCOC(=O)C1N2C(=O)C(NC(=O)Cc3ccccc3)C2SC1(C)C
693,0,[Na].CC1(C)SC2C(NC(=O)Cc3ccccc3)C(=O)N2C1C(O)=O,CC1(C)SC2C(NC(=O)Cc3ccccc3)C(=O)N2C1C(=O)O.[Na]
694,0,CN(C)[C@H]1[C@@H]2C[C@H]3C(=C(O)c4c(O)cccc4[C@@]3(C)O)C(=O)[C@]2(O)C(=O)\C(=C(/O)NCNC(C(=O)NC5C6SC(C)(C)C(N6C5=O)C(O)=O)c7ccccc7)C1=O,CN(C)[C@@H]1C(=O)/C(=C(/O)NCNC(C(=O)NC2C(=O)N3C2SC(C)(C)C3C(=O)O)c2ccccc2)C(=O)[C@@]2(O)C(=O)C3=C(O)c4c(O)cccc4[C@@](C)(O)[C@H]3C[C@@H]12
695,0,CC(Oc1ccccc1)C(=O)NC2C3SC(C)(C)C(N3C2=O)C(O)=O,CC(Oc1ccccc1)C(=O)NC1C(=O)N2C1SC(C)(C)C2C(=O)O
696,0,CN(C)C1C2CC3C(=C(O)c4c(O)cccc4C3(C)O)C(=O)C2(O)C(=O)\C(=C(/O)NCN5CCN(CCO)CC5)C1=O,CN(C)C1C(=O)/C(=C(/O)NCN2CCN(CCO)CC2)C(=O)C2(O)C(=O)C3=C(O)c4c(O)cccc4C(C)(O)C3CC12
697,0,CC1(C)S[C@@H]2[C@H](NC(=O)[C@H](NC(=O)NC3=CN=C(NC3=O)Nc4ccc(cc4)[S](N)(=O)=O)c5ccc(O)cc5)C(=O)N2[C@H]1C(O)=O,CC1(C)S[C@@H]2[C@H](NC(=O)[C@H](NC(=O)Nc3cnc(Nc4ccc(S(N)(=O)=O)cc4)[nH]c3=O)c3ccc(O)cc3)C(=O)N2[C@H]1C(=O)O
698,0,CC(C)(C)C(=O)OCOC(=O)[C@@H]1N2[C@H](SC1(C)C)[C@H](NC(=O)[C@H](N)c3ccccc3)C2=O,CC(C)(C)C(=O)OCOC(=O)[C@@H]1N2C(=O)[C@@H](NC(=O)[C@H](N)c3ccccc3)[C@H]2SC1(C)C
699,0,CNCC(O)c1cccc(OC(=O)C(C)(C)C)c1,CNCC(O)c1cccc(OC(=O)C(C)(C)C)c1
700,0,CCCNCC(O)COc1ccccc1C(=O)CCc2ccccc2,CCCNCC(O)COc1ccccc1C(=O)CCc1ccccc1
701,0,CCC(Oc1ccccc1)C(=O)NC2C3SC(C)(C)C(N3C2=O)C(O)=O,CCC(Oc1ccccc1)C(=O)NC1C(=O)N2C1SC(C)(C)C2C(=O)O
702,0,NCC1OC(OC2C(N)CC(NC(CO)CO)C(OC3OC(CO)C(O)C(N)C3O)C2O)C(N)C(O)C1O,NCC1OC(OC2C(N)CC(NC(CO)CO)C(OC3OC(CO)C(O)C(N)C3O)C2O)C(N)C(O)C1O
703,0,CC1(C)S[C@@H]2[C@H](NC(=O)c3nc4ccccc4nc3C(O)=O)C(=O)N2[C@H]1C(O)=O,CC1(C)S[C@@H]2[C@H](NC(=O)c3nc4ccccc4nc3C(=O)O)C(=O)N2[C@H]1C(=O)O
704,0,CO[C@H]1/C=C/O[C@@]2(C)Oc3c(C)c(O)c4C(=O)C(=C5NC6(CCN(CC6)CC(C)C)N=C5c4c3C2=O)NC(=O)C(=C\C=C\[C@H](C)[C@H](O)[C@@H](C)[C@@H](O)[C@@H](C)[C@H](OC(C)=O)[C@@H]1C)/C,CO[C@H]1/C=C/O[C@@]2(C)Oc3c(C)c(O)c4c(c3C2=O)C2=NC3(CCN(CC(C)C)CC3)NC2=C(NC(=O)/C(C)=C\C=C\[C@H](C)[C@H](O)[C@@H](C)[C@@H](O)[C@@H](C)[C@H](OC(C)=O)[C@@H]1C)C4=O
705,0,CCN(CC)C(C)=NN=Cc1c(O)c2c3C(=O)C4(C)OC=CC(OC)C(C)C(OC(C)=O)C(C)C(O)C(C)C(O)C(C)C=CC=C(C)C(=O)Nc1c(O)c2c(O)c(C)c3O4,CCN(CC)C(C)=NN=Cc1c2c(O)c3c(O)c(C)c4c(c3c1O)C(=O)C(C)(OC=CC(OC)C(C)C(OC(C)=O)C(C)C(O)C(C)C(O)C(C)C=CC=C(C)C(=O)N2)O4
706,0,COC1C=COC5(C)Oc4c(C)c(O)c3c(O)c(NC(=O)C(=CC=CC(C)C(O)C(C)C(O)C(C)C(OC(C)=O)C1C)C)c(C=NN2CCN(C)CC2)c(O)c3c4C5=O,COC1C=COC2(C)Oc3c(C)c(O)c4c(O)c(c(C=NN5CCN(C)CC5)c(O)c4c3C2=O)NC(=O)C(C)=CC=CC(C)C(O)C(C)C(O)C(C)C(OC(C)=O)C1C
707,0,CO[C@H]1/C=C/O[C@@]2(C)Oc3c(C)c(O)c4c(O)c(NC(=O)C(=C\C=C\[C@H](C)[C@H](O)[C@@H](C)[C@@H](O)[C@@H](C)[C@H](OC(C)=O)[C@@H]1C)/C)cc(O)c4c3C2=O,CO[C@H]1/C=C/O[C@@]2(C)Oc3c(C)c(O)c4c(O)c(cc(O)c4c3C2=O)NC(=O)/C(C)=C\C=C\[C@H](C)[C@H](O)[C@@H](C)[C@@H](O)[C@@H](C)[C@H](OC(C)=O)[C@@H]1C
708,0,CO[C@H]1/C=C/O[C@@]2(C)Oc3c(C)c(O)c4c(O)c(NC(=O)C(=C\C=C\[C@H](C)[C@H](O)[C@@H](C)[C@@H](O)[C@@H](C)[C@H](OC(C)=O)[C@@H]1C)/C)c5n6ccc(C)cc6nc5c4c3C2=O,CO[C@H]1/C=C/O[C@@]2(C)Oc3c(C)c(O)c4c(O)c(c5c(nc6cc(C)ccn65)c4c3C2=O)NC(=O)/C(C)=C\C=C\[C@H](C)[C@H](O)[C@@H](C)[C@@H](O)[C@@H](C)[C@H](OC(C)=O)[C@@H]1C
709,0,CC[C@@]1(O)C[C@H](O[C@H]2C[C@@H]([C@H](O[C@H]3C[C@@H]4O[C@H]5CC(=O)[C@H](C)O[C@H]5O[C@@H]4[C@H](C)O3)[C@H](C)O2)N(C)C)c6c(O)c7C(=O)c8c(O)cccc8C(=O)c7c(O)c6[C@H]1O[C@H]9C[C@@H]([C@H](O)[C@H](C)O9)N(C)C,CC[C@@]1(O)C[C@H](O[C@H]2C[C@H](N(C)C)[C@H](O[C@H]3C[C@@H]4O[C@H]5CC(=O)[C@H](C)O[C@H]5O[C@@H]4[C@H](C)O3)[C@H](C)O2)c2c(O)c3c(c(O)c2[C@H]1O[C@H]1C[C@H](N(C)C)[C@H](O)[C@H](C)O1)C(=O)c1cccc(O)c1C3=O
710,0,CC1(C)S[C@@H]2[C@H](NC(=O)[C@H](NC(=O)Cc3ccc(cc3)C4=NCCCN4)c5ccccc5)C(=O)N2[C@H]1C(O)=O,CC1(C)S[C@@H]2[C@H](NC(=O)[C@H](NC(=O)Cc3ccc(C4=NCCCN4)cc3)c3ccccc3)C(=O)N2[C@H]1C(=O)O
711,0,CC[C@H]1OC(=O)[C@H](C)[C@@H](O[C@H]2C[C@@](C)(OC)[C@@H](O)[C@H](C)O2)[C@H](C)[C@@H](O[C@@H]3O[C@H](C)C[C@@H]([C@H]3O)N(C)C)[C@](C)(O)C[C@@H](C)\C(=N\OCOCCOC)[C@H](C)[C@@H](O)[C@]1(C)O,CC[C@H]1OC(=O)[C@H](C)[C@@H](O[C@H]2C[C@@](C)(OC)[C@@H](O)[C@H](C)O2)[C@H](C)[C@@H](O[C@@H]2O[C@H](C)C[C@H](N(C)C)[C@H]2O)[C@](C)(O)C[C@@H](C)/C(=N/OCOCCOC)[C@H](C)[C@@H](O)[C@]1(C)O
712,0,COC1CCCC2C3C(C(C)O)C(=O)N3C(=C12)C([O-])=O,COC1CCCC2C1=C(C(=O)[O-])N1C(=O)C(C(C)O)C21
713,0,COCOC(=O)[C@@H]1N2[C@H](SC1(C)C)[C@H](N3C(=O)C(NC3(C)C)c4ccccc4)C2=O,COCOC(=O)[C@@H]1N2C(=O)[C@@H](N3C(=O)C(c4ccccc4)NC3(C)C)[C@H]2SC1(C)C
714,0,CC1C2CC(OC(C)=O)\C=C\C(=C\CC(O)/C=C/C(=C/C(NC(=O)C(C)=O)C(C)(C(=O)O2)C1=O)C)C,CC(=O)OC1/C=C/C(C)=C/CC(O)/C=C/C(C)=C/C(NC(=O)C(C)=O)C2(C)C(=O)OC(C1)C(C)C2=O
715,0,CN[C@@H]1[C@@H](O)[C@H](OC[C@]1(C)O)O[C@H]2[C@H](N)C[C@H](N)[C@@H](O[C@H]3OC(=CC[C@H]3N)CN)[C@@H]2O,CN[C@@H]1[C@@H](O)[C@@H](O[C@@H]2[C@@H](O)[C@H](O[C@H]3OC(CN)=CC[C@H]3N)[C@@H](N)C[C@H]2N)OC[C@]1(C)O
716,0,COC1C(O)CC(=O)OC(C)C\C=C\C=C\C(OC2CCC(C(C)O2)N(C)C)C(C)CC(CC=O)C1OC3OC(C)C(OC4CC(C)(O)C(O)C(C)O4)C(C3O)N(C)C,COC1C(O)CC(=O)OC(C)C/C=C/C=C/C(OC2CCC(N(C)C)C(C)O2)C(C)CC(CC=O)C1OC1OC(C)C(OC2CC(C)(O)C(O)C(C)O2)C(N(C)C)C1O
717,0,C[C@@H](O)[C@@H]1[C@H]2SC(=C(N2C1=O)C(O)=O)SC3CC[S](=O)C3,C[C@@H](O)[C@H]1C(=O)N2C(C(=O)O)=C(SC3CCS(=O)C3)S[C@H]12
718,0,CC1(C)S[C@@H]2[C@H](NC(=O)[C@H](N)c3ccccc3)C(=O)N2[C@H]1C(O)=O.CC4(C)[C@@H](N5[C@@H](CC5=O)[S]4(=O)=O)C(O)=O,CC1(C)S[C@@H]2[C@H](NC(=O)[C@H](N)c3ccccc3)C(=O)N2[C@H]1C(=O)O.CC1(C)[C@H](C(=O)O)N2C(=O)C[C@H]2S1(=O)=O
719,0,CO[C@@H]1C[C@@H](CC[C@H]1O)/C=C(C)/[C@H]2OC(=O)[C@@H]3CCCCN3C(=O)C(=O)[C@]4(O)O[C@H]([C@H](C[C@@H](C)CC(=C/[C@@H](CC=C)C(=O)C[C@H](O)[C@H]2C)/C)OC)[C@H](C[C@H]4C)OC,C=CC[C@@H]1/C=C(\C)C[C@H](C)C[C@H](OC)[C@H]2O[C@@](O)(C(=O)C(=O)N3CCCC[C@H]3C(=O)O[C@H](/C(C)=C/[C@@H]3CC[C@@H](O)[C@H](OC)C3)[C@H](C)[C@@H](O)CC1=O)[C@H](C)C[C@@H]2OC
720,0,CC1(C)S[C@@H]2[C@H](NC(=O)[C@H](N)c3ccccc3)C(=O)N2[C@H]1C(=O)OC4OC(=O)c5ccccc45,CC1(C)S[C@@H]2[C@H](NC(=O)[C@H](N)c3ccccc3)C(=O)N2[C@H]1C(=O)OC1OC(=O)c2ccccc21
721,0,C[C@]1(Cn2ccnn2)[C@@H](N3[C@@H](CC3=O)[S]1(=O)=O)C(O)=O,C[C@]1(Cn2ccnn2)[C@H](C(=O)O)N2C(=O)C[C@H]2S1(=O)=O
722,0,CO[C@]1(NC(=O)C(C(O)=O)c2cscc2)[C@H]3SC(C)(C)[C@@H](N3C1=O)C(O)=O,CO[C@@]1(NC(=O)C(C(=O)O)c2ccsc2)C(=O)N2[C@@H](C(=O)O)C(C)(C)S[C@@H]21
723,0,CN1C(=O)N(C)c2ncn(CCNCC(O)c3ccc(O)c(O)c3)c2C1=O,Cn1c(=O)c2c(ncn2CCNCC(O)c2ccc(O)c(O)c2)n(C)c1=O
724,0,CC1(C)SC2C(NC(=O)CSc3ccccc3)C(=O)N2C1C(O)=O,CC1(C)SC2C(NC(=O)CSc3ccccc3)C(=O)N2C1C(=O)O
725,0,Cc1ccc(cc1)C(=O)c2cc(O)c(O)c(c2)[N+]([O-])=O,Cc1ccc(C(=O)c2cc(O)c(O)c([N+](=O)[O-])c2)cc1
726,0,CO[C@H]1C[C@@H](O[C@@H](C)[C@@H]1OC(C)=O)O[C@H]2[C@H](C)[C@@H](O[C@@H]3O[C@H](C)C[C@@H]([C@H]3OC(C)=O)N(C)C)[C@@H](C)C[C@@]4(CO4)C(=O)[C@H](C)[C@@H](OC(C)=O)[C@@H](C)[C@@H](C)OC(=O)[C@@H]2C,CO[C@H]1C[C@H](O[C@H]2[C@H](C)[C@@H](O[C@@H]3O[C@H](C)C[C@H](N(C)C)[C@H]3OC(C)=O)[C@@H](C)C[C@@]3(CO3)C(=O)[C@H](C)[C@@H](OC(C)=O)[C@@H](C)[C@@H](C)OC(=O)[C@@H]2C)O[C@@H](C)[C@@H]1OC(C)=O
727,0,CCCC[C@@H]1CC(=O)[C@]2(O)O[C@@H]3[C@@H](NC)[C@@H](O)[C@@H](NC)[C@H](O)[C@H]3O[C@@H]2O1,CCCC[C@@H]1CC(=O)[C@]2(O)O[C@@H]3[C@@H](NC)[C@@H](O)[C@@H](NC)[C@H](O)[C@H]3O[C@@H]2O1
728,0,CC(C)c1ccc(C)cc1OCC2=NCCN2,Cc1ccc(C(C)C)c(OCC2=NCCN2)c1
729,0,CC[C@]1(O)C[C@H]2CN(CCc3c([nH]c4ccccc34)[C@@](C2)(C(=O)OC)c5cc6c(cc5OC)N(C)[C@H]7[C@](O)([C@H](O)[C@]8(CC)C=CCN9CC[C@]67[C@H]89)C(N)=O)C1,CC[C@]1(O)C[C@H]2CN(CCc3c([nH]c4ccccc34)[C@@](C(=O)OC)(c3cc4c(cc3OC)N(C)[C@H]3[C@@](O)(C(N)=O)[C@H](O)[C@]5(CC)C=CCN6CC[C@]43[C@@H]65)C2)C1
730,0,CC(C)C1OC(=O)C2=CCCN2C(=O)c3coc(CC(=O)CC(O)\C=C(C)/C=C\CNC(=O)\C=C/C1C)n3,CC1=C/C(O)CC(=O)Cc2nc(co2)C(=O)N2CCC=C2C(=O)OC(C(C)C)C(C)/C=C\C(=O)NC/C=C\1
731,0,[Cl-].COc1cccc2C(=O)c3c(O)c4C[C@](O)(C[C@H](O[C@H]5C[C@H](N)[C@H](O)[C@H](C)O5)c4c(O)c3C(=O)c12)/C(C)=N/NC(=O)c6ccccc6.[H+],COc1cccc2c1C(=O)c1c(O)c3c(c(O)c1C2=O)C[C@@](O)(/C(C)=N/NC(=O)c1ccccc1)C[C@@H]3O[C@H]1C[C@H](N)[C@H](O)[C@H](C)O1.[Cl-].[H+]
732,1,ClC(C(F)(F)Cl)(F)F,FC(F)(Cl)C(F)(F)Cl
733,1,[C@@]3(C1=CC=CS1)(N2CCCCC2)[C@H](CCCC3)C,C[C@H]1CCCC[C@@]1(c1cccs1)N1CCCCC1
734,1,[H+].C1=NC3=C([N]1CCNC(CC2=CC=CC=C2)C)C(=O)N(C(=O)N3C)C.[Cl-],CC(Cc1ccccc1)NCCn1cnc2c1c(=O)n(C)c(=O)n2C.[Cl-].[H+]
735,1,C1=C(Cl)C=CC(=C1N2CCN(CCCNC(C)=O)CC2)Cl,CC(=O)NCCCN1CCN(c2cc(Cl)ccc2Cl)CC1
736,1,[C@]34([C@H]([C@H]2[C@@H]([C@@]1(C([C@@H](C(CC1)OC(C)=O)Br)[C@@H](C2)Br)C)CC3)CC[C@@H]4[C@@H](CCCC(C)C)C)C,CC(=O)OC1CC[C@@]2(C)C([C@@H]1Br)[C@H](Br)C[C@H]1[C@@H]3CC[C@H]([C@H](C)CCCC(C)C)[C@@]3(C)CC[C@@H]12
737,1,C(C(C(NC(NC(C)=O)=O)=O)(CC)Br)C,CCC(Br)(CC)C(=O)NC(=O)NC(C)=O
738,1,C(C(NC(C)=O)C(O)=O)CC(N)=O,CC(=O)NC(CCC(N)=O)C(=O)O
739,1,C1=CC=CC=C1C3(CCN(CCCC(C2=CC=C(F)C=C2)=O)CC3)CNC(C)=O,CC(=O)NCC1(c2ccccc2)CCN(CCCC(=O)c2ccc(F)cc2)CC1
740,1,C2=C(C(OC1=CC=C(C=C1)NC(C)=O)=O)C(=CC=C2)O,CC(=O)Nc1ccc(OC(=O)c2ccccc2O)cc1
741,1,CC(NC1=NN=C(S1)[S](N)(=O)=O)=O,CC(=O)Nc1nnc(S(N)(=O)=O)s1
742,1,C1=NC(=NC(=C1CN(C(=C(\CCOC(C)=O)SC(C)=O)/C)C=O)N)C,CC(=O)OCC/C(SC(C)=O)=C(/C)N(C=O)Cc1cnc(C)nc1N
743,1,[C@H]23OC1=C(OC(=O)C)C=CC6=C1C25C4(C[C@@H](C3(OC)C=C4)[C@](O)(CCC)C)C(N(CC5)C)C6,CCC[C@@](C)(O)[C@H]1CC23C=CC1(OC)[C@H]1Oc4c(OC(C)=O)ccc5c4C12CCN(C)C3C5
744,1,C2=C(C(C1=CC=CC=C1)(C(OC(=O)C)CC)CC(N(C)C)C)C=CC=C2,CCC(OC(C)=O)C(CC(C)N(C)C)(c1ccccc1)c1ccccc1
745,1,[C@]12(OC1)[C@@H]3C(=C[C@@H]2OC(=O)CC(OC(=O)C)(C)C)C(=CO[C@H]3OC(=O)CC(C)C)COC(=O)C,CC(=O)OCC1=CO[C@@H](OC(=O)CC(C)C)[C@H]2C1=C[C@H](OC(=O)CC(C)(C)OC(C)=O)[C@]21CO1
746,1,[C@]12(OC(O[C@@H]1CC3C2(CC(O)C4(F)C3CCC5=CC(=O)C=CC45C)C)C=C)C(=O)CO,C=CC1O[C@@H]2CC3C4CCC5=CC(=O)C=CC5(C)C4(F)C(O)CC3(C)[C@]2(C(=O)CO)O1
747,1,C1=NC2=C([N]1COCCO)NC(=NC2=O)N,Nc1nc(=O)c2ncn(COCCO)c2[nH]1
748,1,C1=NC(=NC=C1)N5CCN(CCNC(C23CC4CC(C2)CC(C3)C4)=O)CC5,O=C(NCCN1CCN(c2ncccn2)CC1)C12CC3CC(CC(C3)C1)C2
749,1,C1=CC(=CC=C1CC(OC(C(C)N)=O)(C)C)Cl,CC(N)C(=O)OC(C)(C)Cc1ccc(Cl)cc1
750,1,[C@@]4([C@@]3([C@H]([C@H]2[C@@H]([C@@]1(C(=CC(=O)C=C1)C[C@H]2Cl)C)[C@H](C3)O)C[C@H]4C)C)(C(COC(CC)=O)=O)OC(CC)=O,CCC(=O)OCC(=O)[C@@]1(OC(=O)CC)[C@H](C)C[C@H]2[C@H]3[C@H]([C@@H](O)C[C@@]21C)[C@@]1(C)C=CC(=O)C=C1C[C@H]3Cl
751,1,C1=C3C2=C(C=C1O)C=CC=C2CC(C3)N(CCC)CCC,CCCN(CCC)C1Cc2cccc3cc(O)cc(c23)C1
752,1,CC14C5(C(CC1C3C(C2(C(=CC(=O)CC2)CC3)C)CC4)OC(O5)(C)C)C(C)=O,CC(=O)C12OC(C)(C)OC1CC1C3CCC4=CC(=O)CCC4(C)C3CCC12C
753,1,COC1(C(F)(F)C1(F)Cl)F,COC1(F)C(F)(F)C1(F)Cl
754,1,[C@@](O)(C5C6(OC)C2OC1=C(O)C=CC4=C1C23C(C(N(CC3)CC=C)C4)(C5)C=C6)(CCC)C,C=CCN1CCC23c4c5ccc(O)c4OC2C2(OC)C=CC3(CC2[C@](C)(O)CCC)C1C5
755,1,[C@H]3(CN(C2=CC=C(OCC1=CC=CC(=C1)Cl)C=C2)C(O3)=O)CNC,CNC[C@@H]1CN(c2ccc(OCc3cccc(Cl)c3)cc2)C(=O)O1
756,1,[H+].C4=C3OCC(N(CCCCN1C(=O)CC2(CC1=O)CCCC2)CCC)CC3=C(OC)C=C4.[Cl-],CCCN(CCCCN1C(=O)CC2(CCCC2)CC1=O)C1COc2cccc(OC)c2C1.[Cl-].[H+]
757,1,C1=CC=CC3=C1C2(C(NC(=O)CC2)=O)CCC3=O,O=C1CCC2(CCC(=O)c3ccccc32)C(=O)N1
758,1,C1=C([N](C(=C1C=O)C)CCNC(C)=O)C,CC(=O)NCCn1c(C)cc(C=O)c1C
759,1,C1=C(C(=CC=C1Cl)N(C(CN(C(CC#N)C)C)=O)C)C(C2=C(C=CC=C2)F)=O,CC(CC#N)N(C)CC(=O)N(C)c1ccc(Cl)cc1C(=O)c1ccccc1F
760,1,C1=C(C(=CC(=C1[S](NC)(=O)=O)N)OC)C(NCC2N(CCC2)CC=C)=O,C=CCN1CCCC1CNC(=O)c1cc(S(=O)(=O)NC)c(N)cc1OC
761,1,C1=CC=C3C2=C1C(N(CC(O)=O)C(C2=CC=C3)=O)=O,O=C(O)CN1C(=O)c2cccc3cccc(c23)C1=O
762,1,[C@H]23C([C@@]1(OC(O[C@@H]1C2)(CC)CC)C(=O)CO)(C[C@H](O)[C@@]4(F)C3CCC5=CC(=O)C=CC45C)C,CCC1(CC)O[C@@H]2C[C@H]3C4CCC5=CC(=O)C=CC5(C)[C@@]4(F)[C@@H](O)CC3(C)[C@]2(C(=O)CO)O1
763,1,[C@H]24C([C@@]1(O[C@@](O[C@@H]1C2)(C3=CC=CC=C3)C)C(=O)CO)(C[C@H](O)[C@@]5(F)C4CCC6=CC(=O)C=CC56C)C,CC12C[C@H](O)[C@@]3(F)C(CCC4=CC(=O)C=CC43C)[C@@H]1C[C@H]1O[C@@](C)(c3ccccc3)O[C@]12C(=O)CO
764,1,C1=C(C(=C(C=C1)C)NC(C2=CC=C(N)C=C2)=O)C,Cc1cccc(C)c1NC(=O)c1ccc(N)cc1
765,1,[C@H]4(CC3C2=C1C(=C[N](C1=CC=C2)C(C)C)CC3N(C4)C)C(NC5CCCCC5)=O,CC(C)n1cc2c3c(cccc31)C1C[C@@H](C(=O)NC3CCCCC3)CN(C)C1C2
766,1,C2=C(C(NC(CC1=CC=CC=C1)C)C#N)C=CC=C2,CC(Cc1ccccc1)NC(C#N)c1ccccc1
767,1,C3=C2C([NH2+]CCCCCCC(O)=O)C1=CC=CC=C1CCC2=CC=C3.[Cl-],O=C(O)CCCCCC[NH2+]C1c2ccccc2CCc2ccccc21.[Cl-]
768,1,C1=CC=CC2=C1C(C3=C(CC2)C=CC=C3)=CCC[N+](C)(C)[O-],C[N+](C)([O-])CCC=C1c2ccccc2CCc2ccccc21
769,1,C1=CC=CC=C1C(CN2CCCC2)OCCC(C)C,CC(C)CCOC(CN1CCCC1)c1ccccc1
770,1,C3=C(C(C1=CC=C(C=C1)F)CCCN2CCN(C(NCC)=O)CC2)C=CC(=C3)F,CCNC(=O)N1CCN(CCCC(c2ccc(F)cc2)c2ccc(F)cc2)CC1
771,1,C1=C(C=CC=C1N2C(C=CC=C2)=O)N,Nc1cccc(-n2ccccc2=O)c1
772,1,CN(C)c1cnccn1,CN(C)c1cnccn1
773,1,C(C(C)(C)O)C,CCC(C)(C)O
774,1,C3=C(CCN1CCC(CC1)(C2=CC=CC=C2)C(OCC)=O)C=CC(=C3)N,CCOC(=O)C1(c2ccccc2)CCN(CCc2ccc(N)cc2)CC1
775,1,C1=CC(=CC=C1C(N2C(CCC2)=O)=O)OC,COc1ccc(C(=O)N2CCCC2=O)cc1
776,1,COc2cc1oc(=O)c(C)c(C)c1cc2OCCCN3CCN(CC3)c4ccccc4OC,COc1cc2oc(=O)c(C)c(C)c2cc1OCCCN1CCN(c2ccccc2OC)CC1
777,1,[C@H](N1C3=C(SC2=C1C=CC=C2)C=CC(=C3)C(=O)NCCC)(CN4CCCC4)C,CCCNC(=O)c1ccc2c(c1)N([C@H](C)CN1CCCC1)c1ccccc1S2
778,1,C(C1(C(NC(=O)NC1=O)=O)C(C)C)C=C,C=CCC1(C(C)C)C(=O)NC(=O)NC1=O
779,1,C1=C4C(=CC=C1OCCCCN3CCN(C2=CC=CC(=C2Cl)Cl)CC3)CCC(N4)=O,O=C1CCc2ccc(OCCCCN3CCN(c4cccc(Cl)c4Cl)CC3)cc2N1
780,1,C1=CC=CC(=C1C(NC2=C(C=C(N(CC)CC)C=C2)C)=O)N,CCN(CC)c1ccc(NC(=O)c2ccccc2N)c(C)c1
781,1,C1=CC=CC=C1C(C(OC2CC3N(C)C(C2)CC3)=O)(CO)C,CN1C2CCC1CC(OC(=O)C(C)(CO)c1ccccc1)C2
782,1,C1=CC=CC=C1C(C(OC2CC3[N+](C(C2)CC3)(C)[O-])=O)CO,C[N+]1([O-])C2CCC1CC(OC(=O)C(CO)c1ccccc1)C2
783,1,[C@@H](C(NCC(N(C1=CC=C(C=C1C(C2=CC=CC=C2)=O)Cl)C)=O)=O)(CCCCN)N,CN(C(=O)CNC(=O)[C@@H](N)CCCCN)c1ccc(Cl)cc1C(=O)c1ccccc1
784,1,C1=CC(=CC5=C1N(C4CCN(CC3OC2=C(C=CC=C2)OC3)CC4)C(N5)=O)Cl,O=c1[nH]c2cc(Cl)ccc2n1C1CCN(CC2COc3ccccc3O2)CC1
785,1,C1=CC(=CC=C1[S](N2CC3CCC(C2)CC3)(=O)=O)N,Nc1ccc(S(=O)(=O)N2CC3CCC(CC3)C2)cc1
786,1,C1=CC(=CC=C1C(CCCN2CC3N(CC2)CCC3)=O)F,O=C(CCCN1CCN2CCCC2C1)c1ccc(F)cc1
787,1,O=C1NCCN1C4CCN(CCC3COc2ccccc2O3)CC4,O=C1NCCN1C1CCN(CCC2COc3ccccc3O2)CC1
788,1,C1=CC=CC2=C1C3N(CC2)CCNC3,c1ccc2c(c1)CCN1CCNCC21
789,1,C1=CC=CC2=C1[N]3C(=C2)CNCCC3,c1ccc2c(c1)cc1n2CCCNC1
790,1,CN(CCc2cc3cccc4CCc1ccccc1n2c34)Cc5ccccc5,CN(CCc1cc2cccc3c2n1-c1ccccc1CC3)Cc1ccccc1
791,1,[C@H]13[C@H](C[C@@H]1C2=CC=C(F)C=C2)CN(C3)CCN4C(=O)C5=C(NC4=O)C=CC=C5,O=c1[nH]c2ccccc2c(=O)n1CCN1C[C@H]2C[C@H](c3ccc(F)cc3)[C@H]2C1
792,1,C1=CC=CC=C1CC2=NC3=C([N]2CCN(CCO)CC)C(N(C)C(N3C)=O)=O,CCN(CCO)CCn1c(Cc2ccccc2)nc2c1c(=O)n(C)c(=O)n2C
793,1,C(C1(C(NC(=O)NC1=O)=O)CC)C,CCC1(CC)C(=O)NC(=O)NC1=O
794,1,C1=CC=CC3=C1N=C([N]2C(=NC(=N2)C)C3)N4CCN(C)CC4,Cc1nc2n(n1)C(N1CCN(C)CC1)=Nc1ccccc1C2
795,1,C1=CC=CC=C1CNC(CCCl)=O,O=C(CCCl)NCc1ccccc1
796,1,[C@@H]2(CN(C1=CC=C(C=C1)OCC[C@H](C(F)(F)F)O)C(O2)=O)COC,COC[C@H]1CN(c2ccc(OCC[C@@H](O)C(F)(F)F)cc2)C(=O)O1
797,1,C(C1(CC(NC(C1)=O)=O)C)C,CCC1(C)CC(=O)NC(=O)C1
798,1,C2=C(CN(C(=C(SC(=O)C1=CC=CC=C1)/CCO[P](=O)(O)O)/C)C=O)C(=NC(=N2)C)N,C/C(=C(\CCOP(=O)(O)O)SC(=O)c1ccccc1)N(C=O)Cc1cnc(C)nc1N
799,1,C4=C(C2=C1C3=C(SC1=NC(=O)CN2)CCCC3)C=CC=C4,O=C1CNC(c2ccccc2)=c2c3c(sc2=N1)CCCC3
800,1,C1=CC=C(Cl)C3=C1\C(C2=CC=CC=C2C=C3)=C/CC[N+]([O-])(C)C,C[N+](C)([O-])CC/C=C1/c2ccccc2C=Cc2c(Cl)cccc21
801,1,[C@@H]4(C1=C2C(=CC(=C1)Br)CCO2)C3=C(C=C(Cl)C(=C3)O)CCN(C4)C,CN1CCc2cc(Cl)c(O)cc2[C@@H](c2cc(Br)cc3c2OCC3)C1
802,1,[C@H](O)(/C=C/C1=C(C3=C(OC12CCCC2)C=CC=C3)C4=CC=C(F)C=C4)C[C@H](O)CC(OCC)=O,CCOC(=O)C[C@@H](O)C[C@@H](O)/C=C/C1=C(c2ccc(F)cc2)c2ccccc2OC12CCCC2
803,1,[C@]4([C@@]3([C@H]([C@H]2[C@]([C@@]1(C(=CC(=O)C=C1)CC2)C)(F)[C@H](C3)O)C[C@@H]4C)C)(OC(C5=CC=CC=C5)=O)C(CO)=O,C[C@H]1C[C@H]2[C@@H]3CCC4=CC(=O)C=C[C@]4(C)[C@@]3(F)[C@@H](O)C[C@]2(C)[C@@]1(OC(=O)c1ccccc1)C(=O)CO
804,1,[C@]14([C@@]([C@@H](C)C[C@H]1[C@H]3[C@]([C@@]2(C(=CC(=O)C=C2)CC3)C)(F)[C@H](C4)O)(OC(CCCC)=O)C(CO)=O)C,CCCCC(=O)O[C@]1(C(=O)CO)[C@@H](C)C[C@H]2[C@@H]3CCC4=CC(=O)C=C[C@]4(C)[C@@]3(F)[C@@H](O)C[C@@]21C
805,1,O=C2CC1(CCCC1)CC(=O)N2CCNCC4COc3ccccc3O4,O=C1CC2(CCCC2)CC(=O)N1CCNCC1COc2ccccc2O1
806,1,C(C2C1C(NC(N1)=O)CS2)CCCC(O)=O,O=C(O)CCCCC1SCC2NC(=O)NC21
807,1,S1[C@H]4N(CC1(C2CN3[C@H](S2)CC3=O)O)C(C4)=O,O=C1C[C@H]2SC(C3(O)CN4C(=O)C[C@H]4S3)CN12
808,1,C1=CC=CC2=C1C4=C([NH]2)CN3CCN(CC3C4)CCCC(C5=CC=C(C=C5)F)=O,O=C(CCCN1CCN2Cc3[nH]c4ccccc4c3CC2C1)c1ccc(F)cc1
809,1,C1=NC(=NC(=C1CN(C(=C(SSC(=C(\C)N(C=O)CC2=C(N)N=C(C)N=C2)/CCOC(=O)C3=CC=CC=C3)/CCOC(=O)C4=CC=CC=C4)\C)C=O)N)C,C/C(=C(/CCOC(=O)c1ccccc1)SS/C(CCOC(=O)c1ccccc1)=C(\C)N(C=O)Cc1cnc(C)nc1N)N(C=O)Cc1cnc(C)nc1N
810,1,[C@H](CCCNC(C)=O)(C(O)=O)NC(C)=O,CC(=O)NCCC[C@H](NC(C)=O)C(=O)O
811,1,C1=C(C3=C(N=C1N2CCN(CC)CC2)CCCCCC3)C4=CC=C(F)C=C4,CCN1CCN(c2cc(-c3ccc(F)cc3)c3c(n2)CCCCCC3)CC1
812,1,C1=CC(=CC2=C1NC(=O)OC2(C)C)Br,CC1(C)OC(=O)Nc2ccc(Br)cc21
813,1,CC(C(C(NC(N)=O)=O)Br)C,CC(C)C(Br)C(=O)NC(N)=O
814,1,C1=C(C(=C(C=C1Br)C)O)C(N)=O,Cc1cc(Br)cc(C(N)=O)c1O
815,1,C2=C(C1C(NC(C1)=O)=O)C=CC=C2Br,O=C1CC(c2cccc(Br)c2)C(=O)N1
816,1,C1=C(Br)SC2=C1C(=NCC3=NN=C([N]23)C)C4=C(C=CC=C4)Cl,Cc1nnc2n1-c1sc(Br)cc1C(c1ccccc1Cl)=NC2
817,1,[C@@H](CC[N]2C1=C(C(N=C(N1)N)=O)N=C2)(CO)O,Nc1nc(=O)c2ncn(CC[C@@H](O)CO)c2[nH]1
818,1,C1=C(C=CC(=C1)NC(C)=O)OC(C)(C)C,CC(=O)Nc1ccc(OC(C)(C)C)cc1
819,1,[C@]1(O)(C[C@@H]4N(CC1)C[C@@H]2C5=C(CCC3=CC=CC=C23)C=CC=C45)C(C)(C)C.[H+].[Cl-],CC(C)(C)[C@]1(O)CCN2C[C@H]3c4ccccc4CCc4cccc(c43)[C@@H]2C1.[Cl-].[H+]
820,1,[C@]235[C@]([C@H](N(CC1CCC1)CC2)CC4=C3C=C(O)C=C4)(CCCC5)O,Oc1ccc2c(c1)[C@@]13CCCC[C@@]1(O)[C@@H](C2)N(CC1CCC1)CC3
821,1,C1=NC3=C([N]1CCNC(C(C2=CC=CC=C2)O)C)C(N(C)C(N3C)=O)=O,CC(NCCn1cnc2c1c(=O)n(C)c(=O)n2C)C(O)c1ccccc1
822,1,C1=C(Cl)C=CC2=C1C(=NC(OC(N(C)C)=O)C(N2C)=O)C3=CC=CC=C3,CN(C)C(=O)OC1N=C(c2ccccc2)c2cc(Cl)ccc2N(C)C1=O
823,1,CC12C(C(CC1=O)CC2)(C)C,CC12CCC(CC1=O)C2(C)C
824,1,C1=CC(=CC=C1C(C2=CC=CC=C2)SCCN(C)C)SCCCC,CCCCSc1ccc(C(SCCN(C)C)c2ccccc2)cc1
825,1,C1=C(Cl)C=CC2=C1C(N(CC(=O)N2C)C(N)=O)C3=CC=CC=C3,CN1C(=O)CN(C(N)=O)C(c2ccccc2)c2cc(Cl)ccc21
826,1,C1=C(C(OC(N)=O)C#C)C=CC=C1,C#CC(OC(N)=O)c1ccccc1
827,1,O=C(C4N(C12CC3CC(C1)CC(C2)C3)CC4)O,O=C(O)C1CCN1C12CC3CC(CC(C3)C1)C2
828,1,C1=CC=CC2=C1CN(CC(N)=O)C(O2)=O,NC(=O)CN1Cc2ccccc2OC1=O
829,1,C2=C(C(CCCN1CCC(OC(NC(C)C)=O)CC1)=O)C=CC(=C2)F,CC(C)NC(=O)OC1CCN(CCCC(=O)c2ccc(F)cc2)CC1
830,1,C1=C(C=CC(=C1)[S](N)(=O)=O)C(O)=O,NS(=O)(=O)c1ccc(C(=O)O)cc1
831,1,[C@@H](C(C1=CC=CC=C1)=O)(C)N,C[C@H](N)C(=O)c1ccccc1
832,1,C1=CC(=CC=C1C3CN(CC(N2CC(NCC2)=O)=O)C(C3)=O)Cl,O=C1CN(C(=O)CN2CC(c3ccc(Cl)cc3)CC2=O)CCN1
833,1,OC1OC(COCCOC(O)C(Cl)(Cl)Cl)C(OC2OC(COCCOCCOC(O)C(Cl)(Cl)Cl)CC(OC(O)C(Cl)(Cl)Cl)C2O)C(OCCOCCOC(O)C(Cl)(Cl)Cl)C1O,OC1OC(COCCOC(O)C(Cl)(Cl)Cl)C(OC2OC(COCCOCCOC(O)C(Cl)(Cl)Cl)CC(OC(O)C(Cl)(Cl)Cl)C2O)C(OCCOCCOC(O)C(Cl)(Cl)Cl)C1O
834,1,[C@@H](/C=C/C1=C(N=C(C(=C1C2=CC=C(C=C2)F)COC)C(C)C)C(C)C)(C[C@H](CC(O)=O)O)O,COCc1c(C(C)C)nc(C(C)C)c(/C=C/[C@@H](O)C[C@@H](O)CC(=O)O)c1-c1ccc(F)cc1
835,1,C1=C(C(O)C(CO)NC(C(Cl)Cl)=O)C=CC(=C1)C(=O)C,CC(=O)c1ccc(C(O)C(CO)NC(=O)C(Cl)Cl)cc1
836,1,C1=C(CN(C(=C(SC(OCC)=O)/CCOC(OCC)=O)/C)C=O)C(=NC(=N1)C)N,CCOC(=O)OCC/C(SC(=O)OCC)=C(\C)N(C=O)Cc1cnc(C)nc1N
837,1,[C@@H]2(OC1O[C@@H](O[C@@H]1[C@H]2O)C(Cl)(Cl)Cl)[C@H](O)CO,OC[C@@H](O)[C@H]1OC2O[C@H](C(Cl)(Cl)Cl)O[C@@H]2[C@H]1O
838,1,C(C(OC(C(Cl)(Cl)Cl)O)C)C(C)(C)O,CC(CC(C)(C)O)OC(O)C(Cl)(Cl)Cl
839,1,C1=CC(=CC=C1C2[S](CCC(N2C)=O)(=O)=O)Cl,CN1C(=O)CCS(=O)(=O)C1c1ccc(Cl)cc1
840,1,C1=C(SC2=C1C(=NCC3=NN=C([N]23)C4CCCCC4)C5=CC=CC=C5Cl)Br,Clc1ccccc1C1=NCc2nnc(C3CCCCC3)n2-c2sc(Br)cc21
841,1,[C@H]23C([C@@]1(OC(O[C@@H]1C2)(C)C)C(=O)COC(=O)C)(CC(O)[C@@]4(F)C3CC(=C5C4(CCC(=C5)OCCCl)C)C#N)C,CC(=O)OCC(=O)[C@@]12OC(C)(C)O[C@@H]1C[C@H]1C3CC(C#N)=C4C=C(OCCCl)CCC4(C)[C@@]3(F)C(O)CC12C
842,1,[C@@]1([C@H](C2CCC1CC2)NC(C)C)(C3=CC(=C(C=C3)Cl)Cl)O,CC(C)N[C@H]1C2CCC(CC2)[C@]1(O)c1ccc(Cl)c(Cl)c1
843,1,C(C1CCCCC1)NN,NNCC1CCCCC1
844,1,CC(C(C1CCCCC1)O)C,CC(C)C(O)C1CCCCC1
845,1,C1=CC(=CC=C1N2CC(COC)OC2=O)OCC3=CC(=CC=C3)C#N,COCC1CN(c2ccc(OCc3cccc(C#N)c3)cc2)C(=O)O1
846,1,C1=C(C(=C(C=C1\C=C\C(N2CCCCCCC2)=O)OC)OC)OC,COc1cc(/C=C/C(=O)N2CCCCCCC2)cc(OC)c1OC
847,1,C1=C(Cl)C=CC2=C1C(=NC(O)C(N2CCC#N)=O)C3=CC=CC=C3F,N#CCCN1C(=O)C(O)N=C(c2ccccc2F)c2cc(Cl)ccc21
848,1,C1=C(Cl)C=CC(=C1C(C2=C(C=CC=C2)Cl)=O)N(C(CNC3CC3)=O)C,CN(C(=O)CNC1CC1)c1ccc(Cl)cc1C(=O)c1ccccc1Cl
849,1,C1=C(C#N)C=CC3=C1C4=C(C2=C(C=CC=C2)S3)CCN(CC4)C,CN1CCC2=C(CC1)c1cc(C#N)ccc1Sc1ccccc12
850,1,[C@@]23(F)[C@H]([C@H]1[C@@]([C@@]([C@H](C1)C)(O)C(=O)CCl)(CC2=O)C)CCC4=CC(=O)C=C[C@]34C,C[C@H]1C[C@H]2[C@@H]3CCC4=CC(=O)C=C[C@]4(C)[C@@]3(F)C(=O)C[C@]2(C)[C@@]1(O)C(=O)CCl
851,1,[C@]4([C@@]3([C@H]([C@H]2[C@]([C@@]1(C(=CC(=O)C=C1)CC2)C)(F)C(C3)=O)C[C@@H]4C)C)(OC(CCC)=O)C(CCl)=O,CCCC(=O)O[C@]1(C(=O)CCl)[C@@H](C)C[C@H]2[C@@H]3CCC4=CC(=O)C=C[C@]4(C)[C@@]3(F)C(=O)C[C@@]21C
852,1,C1=C(Cl)C=CC4=C1N(CCCN3CCC(N2CCCCC2)(CC3)C(N)=O)C5=C(CC4)C=CC=C5,NC(=O)C1(N2CCCCC2)CCN(CCCN2c3ccccc3CCc3ccc(Cl)cc32)CC1
853,1,[C@@]24(Cl)C1(C(=CC(=O)C=C1)[C@@H](F)CC2C3C(C([C@@H](C3)C)C(=O)CO)(CC4O)C)C,C[C@@H]1CC2C3C[C@H](F)C4=CC(=O)C=CC4(C)[C@@]3(Cl)C(O)CC2(C)C1C(=O)CO
854,1,[C@H]2(C1=CC(C=C[C@@]1(C4([C@@H](C2)[C@@H]3C[C@H]([C@H](C(COC(=O)C)=O)[C@@]3(C)C[C@@H]4O)C)Cl)C)=O)F,CC(=O)OCC(=O)[C@H]1[C@H](C)C[C@H]2[C@@H]3C[C@H](F)C4=CC(=O)C=C[C@]4(C)C3(Cl)[C@@H](O)C[C@@]21C
855,1,[C@@]24(Cl)C1(C(=CC(=O)C=C1)[C@@H](F)CC2C3C(C([C@@H](C3)C)C(=O)COC(=O)C(C)(C)C)(CC4O)C)C,C[C@@H]1CC2C3C[C@H](F)C4=CC(=O)C=CC4(C)[C@@]3(Cl)C(O)CC2(C)C1C(=O)COC(=O)C(C)(C)C
856,1,C1=C(Cl)C=CC3=C1N(C2=CC=CC=C2)C(=O)N3CCCN(C)C,CN(C)CCCn1c(=O)n(-c2ccccc2)c2cc(Cl)ccc21
857,1,C1=C(C(=CC=C1C3(CCN(CCCC(C2=CC=C(F)C=C2)=O)CC3)O)Cl)C(F)(F)F,O=C(CCCN1CCC(O)(c2ccc(Cl)c(C(F)(F)F)c2)CC1)c1ccc(F)cc1
858,1,C1=C(Cl)C=CC3=C1\C(C2=C(C=CC=C2)S3)=C/CCN4CCN(CCO)CC4,OCCN1CCN(CC/C=C2/c3ccccc3Sc3ccc(Cl)cc32)CC1
859,1,C1=CC=CC4=C1C(N(CCCN3CCN(C2=CC(=CC=C2)Cl)CC3)C(N4)=O)=O,O=c1[nH]c2ccccc2c(=O)n1CCCN1CCN(c2cccc(Cl)c2)CC1
860,1,[C@H]24[C@H]1[C@@]([C@](C(CO)=O)(O)CC1)(C[C@@H]([C@@H]2[C@@]3(C(=CC(=O)C=C3)C(=C4)Cl)C)O)C,C[C@]12C=CC(=O)C=C1C(Cl)=C[C@@H]1[C@@H]2[C@@H](O)C[C@@]2(C)[C@H]1CC[C@]2(O)C(=O)CO
861,1,C(C(Cl)(Cl)Cl)OC(OCC(Cl)(Cl)Cl)=O,O=C(OCC(Cl)(Cl)Cl)OCC(Cl)(Cl)Cl
862,1,C3=C(C(C2CCN(CCCC(C1=CC=C(F)C=C1)=O)CC2)=O)C=CC(=C3)Cl,O=C(CCCN1CCC(C(=O)c2ccc(Cl)cc2)CC1)c1ccc(F)cc1
863,1,C1=C(CC)SC2=C1C(=NCC(N2C)=O)C3=CC=CC=C3Cl,CCc1cc2c(s1)N(C)C(=O)CN=C2c1ccccc1Cl
864,1,[C@]34([C@H](C2[C@@](F)([C@@]1(C(=CC(=O)C=C1)[C@@H](F)C2)C)[C@@H](O)C3)C[C@H]([C@]4(OC(=O)CC)C(SCCl)=O)C)C,CCC(=O)O[C@]1(C(=O)SCCl)[C@H](C)C[C@H]2C3C[C@H](F)C4=CC(=O)C=C[C@]4(C)[C@@]3(F)[C@@H](O)C[C@@]21C
865,1,CNC(=O)CCN1CCN(CCC=C2c3ccccc3Sc3ccc(cc23)Cl)CC1,CNC(=O)CCN1CCN(CCC=C2c3ccccc3Sc3ccc(Cl)cc32)CC1
866,1,C1=C(O)C=CC4=C1C3(C(C(N(CC2CCC2)CC3)C4)(C)C)CC,CCC12CCN(CC3CCC3)C(Cc3ccc(O)cc31)C2(C)C
867,1,[C@H]12C5CC4=C3[C@]1([C@H](C(C[C@@H]2CC)=O)OC3=C(C=C4)OC)CCN5CC6CC6,CC[C@H]1CC(=O)[C@@H]2Oc3c(OC)ccc4c3[C@@]23CCN(CC2CC2)C(C4)[C@H]13
868,1,CC1CC2C3CC(F)(F)C4=CC(=O)C=C[C@]4(C)C3(F)C(O)CC2(C)C1(O)C(=O)CO,CC1CC2C3CC(F)(F)C4=CC(=O)C=C[C@]4(C)C3(F)C(O)CC2(C)C1(O)C(=O)CO
869,1,C(O)C(=O)C4(O)C3(C(C2C(C1(C(=CC(=O)CC1)CC2)C)CC3)CC4)C,CC12CCC(=O)C=C1CCC1C2CCC2(C)C1CCC2(O)C(=O)CO
870,1,[C@]34([C@H]([C@H]2[C@@H]([C@@]1(C(=CC(=O)CC1)CC2)C)C(C3)=O)CC[C@@]4(C(COC(C)=O)=O)O)C,CC(=O)OCC(=O)[C@@]1(O)CC[C@H]2[C@@H]3CCC4=CC(=O)CC[C@]4(C)[C@H]3C(=O)C[C@@]21C
871,1,[C@H]37[C@H]2[C@@]([C@](C(COC(C1=CC(=CC=C1)[S](O)(=O)=O)=O)=O)(O)[C@@H](C2)C)(C[C@@H]([C@@H]3[C@@]4(C(=CC5=C(C4)C=N[N]5C6=CC=CC=C6)C(=C7)C)C)O)C,CC1=C[C@@H]2[C@H]([C@@H](O)C[C@@]3(C)[C@H]2C[C@@H](C)[C@]3(O)C(=O)COC(=O)c2cccc(S(=O)(=O)O)c2)[C@@]2(C)Cc3cnn(-c4ccccc4)c3C=C12
872,1,C1=CC=NC=C1C2N(C(=O)CC2)C,CN1C(=O)CCC1c1cccnc1
873,1,C1=CC=CC2=C1C(C3=C(CC2)C=CC=C3)=CC(CN(C)C)=O,CN(C)CC(=O)C=C1c2ccccc2CCc2ccccc21
874,1,CC2(CC(OC(C1NC(=O)CC1)=O)CC(C2)C)C,CC1CC(OC(=O)C2CCC(=O)N2)CC(C)(C)C1
875,1,C1=CC=CC=C1NC(OCC3(COC(NC2=CC=CC=C2)=O)CCCC3)=O,O=C(Nc1ccccc1)OCC1(COC(=O)Nc2ccccc2)CCCC1
876,1,C1=CC=CC2=C1C3=C([NH]2)CCC(C3)N(C)C,CN(C)C1CCc2[nH]c3ccccc3c2C1
877,1,C(C2(C1=CCCCC1)C(NC(=O)NC2=O)=O)C,CCC1(C2=CCCCC2)C(=O)NC(=O)NC1=O
878,1,C1=CC=CC2=C1C(C3=C(C=C2)C=CC=C3)=CCCN(C)C,CN(C)CCC=C1c2ccccc2C=Cc2ccccc21
879,1,[C@]23(C1(C(C1)CC2)[C@H](O)C[C@@H]4[C@@H]3CC[C@]5([C@H]4CC[C@@H]5C(=O)C)C)C,CC(=O)[C@H]1CC[C@H]2[C@@H]3C[C@@H](O)C45CC4CC[C@]5(C)[C@H]3CC[C@]12C
880,1,C1=NC(=NC(=C1CN(C(/C)=C2\CCOC(=O)S2)C=O)N)C,C/C(=C1/CCOC(=O)S1)N(C=O)Cc1cnc(C)nc1N
881,1,[C@@]135C67[C@@H](N(CC1)CC2CC2)CC4=CC=C(O)C(=C34)O[C@@H]5C(OC)(C(C6)C(O)(C)C)C=C7,COC12C=CC3(CC1C(C)(C)O)[C@@H]1Cc4ccc(O)c5c4[C@]3(CCN1CC1CC1)[C@@H]2O5
882,1,C(C1CCCCC1)CC(OCCN(C)C)=O,CN(C)CCOC(=O)CCC1CCCCC1
883,1,C4=C(C(C2C(C1=CC=NC=C1)C2)(C3=CC=CC=C3)O)C=CC=C4,OC(c1ccccc1)(c1ccccc1)C1CC1c1ccncc1
884,1,C1=CC(=CC=C1C23C(C(=O)NC2=O)C3)Cl,O=C1NC(=O)C2(c3ccc(Cl)cc3)CC12
885,1,C1=CC(=CC=C1C(C2=NCCN2)(C3=NC=CC=C3)O)Cl,OC(C1=NCCN1)(c1ccc(Cl)cc1)c1ccccn1
886,1,C1=C(C(N)=O)C=C(C(=C1OC)OCCCCCCCCCC)OC,CCCCCCCCCCOc1c(OC)cc(C(N)=O)cc1OC
887,1,C1=NC2=C([N]1CC(C)=O)C(N(CCCC)C(N2CCCC)=O)=O,CCCCn1c(=O)c2c(ncn2CC(C)=O)n(CCCC)c1=O
888,1,CC(=O)C3(O)CCC4C2CCC1=CC(=O)C=CC1(C)C2C(O)CC34C,CC(=O)C1(O)CCC2C3CCC4=CC(=O)C=CC4(C)C3C(O)CC21C
889,1,C1=NC(=NC2=C1N=C[N]2COCCO)N,Nc1ncc2ncn(COCCO)c2n1
890,1,[C@H]34[C@H]2[C@@](F)([C@@]1(C(=CC(=O)C=C1)CC2)C)[C@@H](O)C[C@@]3([C@](O)([C@H](O)C4)C(=O)C)C,CC(=O)[C@@]1(O)[C@H](O)C[C@H]2[C@@H]3CCC4=CC(=O)C=C[C@]4(C)[C@@]3(F)[C@@H](O)C[C@@]21C
891,1,[C@]12(OC(O[C@@H]1C[C@@H]3C2(CC(O)[C@H]4C3CCC5=CC(=O)C=CC45C)C)(C)C)C(=O)CO,CC1(C)O[C@@H]2C[C@H]3C4CCC5=CC(=O)C=CC5(C)[C@H]4C(O)CC3(C)[C@]2(C(=O)CO)O1
892,1,[C@H]23[C@@]([C@@]1(C(=CC(=O)C=C1)CC2)C)([C@H](C[C@]4([C@H]3C[C@@H](C)[C@@H]4C(CO)=O)C)O)F,C[C@@H]1C[C@H]2[C@@H]3CCC4=CC(=O)C=C[C@]4(C)[C@@]3(F)[C@@H](O)C[C@]2(C)[C@H]1C(=O)CO
893,1,C2=C(CC1=CN=C[NH]1)C(=C(C=C2)C)C,Cc1cccc(Cc2cnc[nH]2)c1C
894,1,[C@]4([C@@]3([C@H]([C@H]2[C@]([C@@]1(C(=CC(=O)C=C1)CC2)C)(F)[C@H](C3)O)C[C@H]4C)C)(OC(C5=CC=CO5)=O)C(COC(C)=O)=O,CC(=O)OCC(=O)[C@@]1(OC(=O)c2ccco2)[C@H](C)C[C@H]2[C@@H]3CCC4=CC(=O)C=C[C@]4(C)[C@@]3(F)[C@@H](O)C[C@@]21C
895,1,C3=C(C1N2C(=NC1)NCC2)C=CC=C3,c1ccc(C2CN=C3NCCN32)cc1
896,1,[C@@H]1(NCCCC1)[C@@H]2OC(OC2)(C3=CC=CC=C3)C4=CC=CC=C4,c1ccc(C2(c3ccccc3)OC[C@H]([C@@H]3CCCCN3)O2)cc1
897,1,[C@@]23(Cl)C(C1C([C@](O)(CC1)C(=O)COC(=O)C)(CC2Cl)C)CCC4=CC(=O)C=CC34C,CC(=O)OCC(=O)[C@@]1(O)CCC2C3CCC4=CC(=O)C=CC4(C)[C@@]3(Cl)C(Cl)CC21C
898,1,C1=C(Cl)C=C(C(=C1C(NCCN(CC)CC)=O)OC)Cl,CCN(CC)CCNC(=O)c1cc(Cl)cc(Cl)c1OC
899,1,[C@]23([C@@H]1[C@@H](C(=CO[C@H]1OC(=O)CC(C)C)COC(=O)CC(C)C)C[C@@H]2OC(=O)C)OC3,CC(=O)O[C@H]1C[C@@H]2C(COC(=O)CC(C)C)=CO[C@@H](OC(=O)CC(C)C)[C@@H]2[C@@]12CO2
900,1,C2=C(C1(C(N(C(=O)N(C1=O)CC(COCCCC)OC(N)=O)CC(COCCCC)OC(N)=O)=O)CC)C=CC=C2,CCCCOCC(CN1C(=O)N(CC(COCCCC)OC(N)=O)C(=O)C(CC)(c2ccccc2)C1=O)OC(N)=O
901,1,C4=C(C(C1=CC=C(C=C1)F)CCCN3CCN(CCNC2=CC=CC=C2)CC3)C=CC(=C4)F,Fc1ccc(C(CCCN2CCN(CCNc3ccccc3)CC2)c2ccc(F)cc2)cc1
902,1,[C@@]24(F)C1(C(=CC(=O)C=C1)[C@@H](F)CC2C3C(C([C@@H](C3)C)C(=O)CO)(CC4O)C)C,C[C@@H]1CC2C3C[C@H](F)C4=CC(=O)C=CC4(C)[C@@]3(F)C(O)CC2(C)C1C(=O)CO
903,1,[C@H]23[C@@]([C@@]1(C(=CC(=O)C=C1)[C@H](C2)F)C)([C@H](C[C@]4([C@H]3C[C@@H](C)[C@@H]4C(COC(C(C)(C)C)=O)=O)C)O)F,C[C@@H]1C[C@H]2[C@@H]3C[C@H](F)C4=CC(=O)C=C[C@]4(C)[C@@]3(F)[C@@H](O)C[C@]2(C)[C@H]1C(=O)COC(=O)C(C)(C)C
904,1,C1=CC=CC3=C1N(C2=C(C=CC=C2)S3)CC4(CN(C)CC4)C,CN1CCC(C)(CN2c3ccccc3Sc3ccccc32)C1
905,1,CC1(C(NC(O1)=O)=O)C,CC1(C)OC(=O)NC1=O
906,1,C1=NC2=C([N]1CCN(C)C)C(N(C)C(N2C)=O)=O,CN(C)CCn1cnc2c1c(=O)n(C)c(=O)n2C
907,1,CN(C(C)CC1=CC=CC=C1)C,CC(Cc1ccccc1)N(C)C
908,1,O=C2N1C(NC(=O)C1)CC2,O=C1CN2C(=O)CCC2N1
909,1,C(C1(OC(COC(N)=O)CO1)C)CCCCCCCC,CCCCCCCCCC1(C)OCC(COC(N)=O)O1
910,1,C2=C(C(C1=CC=CC=C1)(CC(NNC(C)=O)=O)O)C=CC=C2,CC(=O)NNC(=O)CC(O)(c1ccccc1)c1ccccc1
911,1,[C@]235[C@@]67[C@H](N(CC1CC1)CC2)CC4=C3C(=C(C=C4)O)O[C@H]5[C@](OC)([C@H](C6)C(C)(C)O)CC7,CO[C@]12CC[C@@]3(C[C@@H]1C(C)(C)O)[C@H]1Cc4ccc(O)c5c4[C@@]3(CCN1CC1CC1)[C@H]2O5
912,1,C1=C(N=C2[N]1C(=C(CC)C(=N2)OC)C)C(C3=CC=CC=C3)=O,CCc1c(OC)nc2nc(C(=O)c3ccccc3)cn2c1C
913,1,C1=CC=CC2=C1C3(C4=C(CC2N3)C=CC=C4)C,CC12NC(Cc3ccccc31)c1ccccc12
914,1,[C@]4([C@@]3([C@H]([C@H]2[C@@H]([C@@]1(C(=CC(=O)C=C1)CC2)C)[C@H](C3)O)CCC4)C)(OC(CCC)=O)C(C)=O,CCCC(=O)O[C@]1(C(C)=O)CCC[C@H]2[C@@H]3CCC4=CC(=O)C=C[C@]4(C)[C@H]3[C@@H](O)C[C@@]21C
915,1,C4=C(CCNC(C12CC3CC(C1)CC(C2)C3)=O)C=CC(=C4O)O,O=C(NCCc1ccc(O)c(O)c1)C12CC3CC(CC(C3)C1)C2
916,1,C1=CC=CC=C1C2(C(CN(C2=O)CC)CCN3CCOCC3)C4=CC=CC=C4,CCN1CC(CCN2CCOCC2)C(c2ccccc2)(c2ccccc2)C1=O
917,1,[C@@]123C4=C(C[C@H]([C@@]1(CC[C@H](C2)O)O)N(CC3)C)C=CC(=C4OC)OC,COc1ccc2c(c1OC)[C@]13CCN(C)[C@H](C2)[C@]1(O)CC[C@@H](O)C3
918,1,C1=CC=C3C(=C1OC(C2=CC=CS2)CCNC)C=CC=C3,CNCCC(Oc1cccc2ccccc12)c1cccs1
919,1,C(N1C(CCC1)=O)C(NNC(CN2C(CCC2)=O)=O)=O,O=C(CN1CCCC1=O)NNC(=O)CN1CCCC1=O
920,1,C2=C(N1N=C(C)CC1=O)C=CC=C2,CC1=NN(c2ccccc2)C(=O)C1
921,1,C1=CC=CC=C1C(C)[N]2C=CN=C2C,Cc1nccn1C(C)c1ccccc1
922,1,C1=CC(=CC3=C1\C(C2=CC=CC=C2N3)=C/CN(CC)CC)Cl,CCN(CC)C/C=C1/c2ccccc2Nc2cc(Cl)ccc21
923,1,C1=C(Cl)C=CC2=C1C(=NCC(N2CC[S](CC)(=O)=O)=O)C3=CC=CC=C3F,CCS(=O)(=O)CCN1C(=O)CN=C(c2ccccc2F)c2cc(Cl)ccc21
924,1,C1=C(C2=C(C=C1)C=CO2)N5CCN(CC3=CC=C([NH]3)C4=CC=C(C=C4)F)CC5,Fc1ccc(-c2ccc(CN3CCN(c4cccc5ccoc45)CC3)[nH]2)cc1
925,1,C1=C(C2=C(C=C1)OCCO2)N3CCNCC3,c1cc2c(c(N3CCNCC3)c1)OCCO2
926,1,C1=C(C=CC=C1C(CNC(CCCO)=O)(CC)CC)OC,CCC(CC)(CNC(=O)CCCO)c1cccc(OC)c1
927,1,C3=C(N2CCN(CC(COC1=CC(=C(OC)C(=C1)OC)OC)O)CC2)C(=CC=C3)OC,COc1ccccc1N1CCN(CC(O)COc2cc(OC)c(OC)c(OC)c2)CC1
928,1,C3=C(C2=CC=C(N1CCC(O)CC1)N=N2)C(=CC(=C3)Cl)Cl,OC1CCN(c2ccc(-c3ccc(Cl)cc3Cl)nn2)CC1
929,1,CC3CC2C1CCC(C(C)=O)C1(C)CC(O)C2C4(C)C=CC(=O)C=C34,CC(=O)C1CCC2C3CC(C)C4=CC(=O)C=CC4(C)C3C(O)CC12C
930,1,C3=C(OC2C1(NC(=O)C(O1)C)CCCC2)C=CC=C3Cl,CC1OC2(CCCCC2Oc2cccc(Cl)c2)NC1=O
931,1,[C@@]12(C3=C(N(C)[C@H]1N(C)CC2)C=CC(=C3)OC(NCCCCCCC)=O)C,CCCCCCCNC(=O)Oc1ccc2c(c1)[C@]1(C)CCN(C)[C@@H]1N2C
932,1,C1=CC=CC3=C1C4=C(C2=C(C=CC=C2)N3C)CCN(CC4)C,CN1CCC2=C(CC1)c1ccccc1N(C)c1ccccc12
933,1,C1=C(C(C)=O)C=CC(=C1C(NCC2N(CCC2)CC)=O)OC,CCN1CCCC1CNC(=O)c1cc(C(C)=O)ccc1OC
934,1,C1=NC2=C([N]1CCN(CC)CC)C(N(C)C(N2C)=O)=O,CCN(CC)CCn1cnc2c1c(=O)n(C)c(=O)n2C
935,1,C1=C(Cl)C=CC3=C1C(C2=CC=CC=C2)SC(=N3)NCC,CCNC1=Nc2ccc(Cl)cc2C(c2ccccc2)S1
936,1,C1=CC=CC2=C1C(C3=C(N(C)C2=O)C=CC=C3)OCC,CCOC1c2ccccc2C(=O)N(C)c2ccccc21
937,1,[H+].C2=C1OCC(OC1=C(C=C2)OCC)CNCCCC.[Cl-],CCCCNCC1COc2cccc(OCC)c2O1.[Cl-].[H+]
938,1,C(C)Cl,CCCl
939,1,C(C1(C(C(=CNC1=O)C)=O)CC)C,CCC1(CC)C(=O)NC=C(C)C1=O
940,1,C2=C(C1(CCCCC1)NCC)C=CC=C2,CCNC1(c2ccccc2)CCCCC1
941,1,[H+].C2=C1C(OC(=NC1=CC=C2Cl)NCC)(C3=CC=CC=C3)C.[Cl-],CCNC1=Nc2ccc(Cl)cc2C(C)(c2ccccc2)O1.[Cl-].[H+]
942,1,C(C(N1C(CCC1)=O)C(N)=O)C,CCC(C(N)=O)N1CCCC1=O
943,1,C3=C(C(N1CCN(CC1)CCOCCOCCO)C2=CC=CC=C2)C=CC(=C3)Cl.O=C(O)\C=C\C(O)=O,O=C(O)/C=C/C(=O)O.OCCOCCOCCN1CCN(C(c2ccccc2)c2ccc(Cl)cc2)CC1
944,1,C1=C(C=CC=C1N3CCN(CCCN2C(N(C(=N2)CC)CC)=O)CC3)Cl,CCc1nn(CCCN2CCN(c3cccc(Cl)c3)CC2)c(=O)n1CC
945,1,C2=CC(=C3OC5C14C6(C(N(CC1)C)CC2=C34)CC(C5(OC)C=C6)C(O)(CCC)C)O,CCCC(C)(O)C1CC23C=CC1(OC)C1Oc4c(O)ccc5c4C12CCN(C)C3C5
946,1,C3=C(C2(OC(C1CCCCN1)CO2)CC)C=CC=C3,CCC1(c2ccccc2)OCC(C2CCCCN2)O1
947,1,C1=NC2=C([N]1CCC(COC(C)=O)COC(C)=O)N=C(N)N=C2,CC(=O)OCC(CCn1cnc2cnc(N)nc21)COC(C)=O
948,1,C1=CC=CC2=C1C3=C(C(=O)N2CCCN(C)C)C=CC=C3,CN(C)CCCn1c(=O)c2ccccc2c2ccccc21
949,1,C1=C(N=C2[N]1C(=C(CC)C(=N2)OC)C)C3=NOC(=N3)C,CCc1c(OC)nc2nc(-c3noc(C)n3)cn2c1C
950,1,[C@H]1(NC(=O)CC1)C(=O)N2CCCCC2,O=C1CC[C@H](C(=O)N2CCCCC2)N1
951,1,C2=C(C1(C(N(CC(COCCCC)OC(N)=O)C(=O)NC1=O)=O)CC)C=CC=C2,CCCCOCC(CN1C(=O)NC(=O)C(CC)(c2ccccc2)C1=O)OC(N)=O
952,1,C1=C(C(COC(N)=O)COC(N)=O)C=CC=C1,NC(=O)OCC(COC(N)=O)c1ccccc1
953,1,C3=C(C2C(COC1=CC=C(OC)C=C1)CN(C)CC2)C=CC=C3,COc1ccc(OCC2CN(C)CCC2c2ccccc2)cc1
954,1,C1=CC(=CC=C1C(CCCN3CCN(C(OC2CCCCC2)=O)CC3)=O)F,O=C(CCCN1CCN(C(=O)OC2CCCCC2)CC1)c1ccc(F)cc1
955,1,C3=C(C1C(N(CCO1)CCOC(C(C2=CC=CC=C2)CC)=O)C)C=CC=C3,CCC(C(=O)OCCN1CCOC(c2ccccc2)C1C)c1ccccc1
956,1,C2=C(\C(NCCCC)=C\1C=C(Cl)C=CC1=O)C(=CC=C2)Cl,CCCCN/C(=C1/C=C(Cl)C=CC1=O)c1ccccc1Cl
957,1,C4=C3[NH]C1=C(CCNC1CC2=CC=CC=C2)C3=CC=C4,c1ccc(CC2NCCc3c2[nH]c2ccccc32)cc1
958,1,C2=C(C1(C(C(=O)NC1=O)CC)C)C=CC=C2,CCC1C(=O)NC(=O)C1(C)c1ccccc1
959,1,C1=C(C(=CC=C1OCC2=NCCN2)Cl)Cl,Clc1ccc(OCC2=NCCN2)cc1Cl
960,1,C1=CC=CC=C1C2C(NC(=O)CO2)C,CC1NC(=O)COC1c1ccccc1
961,1,C1=CC=CC=C1C2C(N=C(O2)NCC)=O,CCNC1=NC(=O)C(c2ccccc2)O1
962,1,C1=CC(=CC=C1C(CC(C)(C)O)(C)O)Cl,CC(C)(O)CC(C)(O)c1ccc(Cl)cc1
963,1,C3=C(C1=NC(=N[N]1C)C2=CC=CN=C2)C(=CC=C3)CO,Cn1nc(-c2cccnc2)nc1-c1ccccc1CO
964,1,C1=C4C(=CC(=C1)CN3CCN(C(COC2=CC=C(Cl)C=C2)=O)CC3)OCO4,O=C(COc1ccc(Cl)cc1)N1CCN(Cc2ccc3c(c2)OCO3)CC1
965,1,C1=C(C(CNC(C)(C)C)O)C(=CC=C1)F,CC(C)(C)NCC(O)c1ccccc1F
966,1,[C@@]34(F)C(C2C(C1(N=C(OC1C2)C)C(=O)COC(=O)C)(CC3O)C)CCC5=CC(=O)C=CC45C,CC(=O)OCC(=O)C12N=C(C)OC1CC1C3CCC4=CC(=O)C=CC4(C)[C@@]3(F)C(O)CC12C
967,1,CCOC(=O)N(CCN(C)C)c1cccc(c1)C(F)(F)F,CCOC(=O)N(CCN(C)C)c1cccc(C(F)(F)F)c1
968,1,C1=C(C(=CC=C1[S](N)(=O)=O)OC)C(NCC3N(CC2=CC=C(F)C=C2)CCC3)=O,COc1ccc(S(N)(=O)=O)cc1C(=O)NCC1CCCN1Cc1ccc(F)cc1
969,1,[C@@]23(Cl)C1(C(=CC(=O)C=C1)[C@@H](F)CC2C5C(CC3Cl)([C@]4(C(=O)CO)OC(O[C@@H]4C5)(C)C)C)C,CC1(C)O[C@@H]2CC3C4C[C@H](F)C5=CC(=O)C=CC5(C)[C@@]4(Cl)C(Cl)CC3(C)[C@]2(C(=O)CO)O1
970,1,[C@H]23[C@@]([C@@]1(C(=CC(=O)CC1)CC2)C)([C@H](C[C@]4([C@H]3CC[C@@]4(C(CO)=O)O)C)O)F,C[C@]12CCC(=O)C=C1CC[C@H]1[C@@H]3CC[C@](O)(C(=O)CO)[C@@]3(C)C[C@H](O)[C@@]12F
971,1,[C@H]23[C@@]([C@@]1(C(=CC(=O)CC1)CC2)C)([C@H](C[C@]4([C@H]3CC[C@@]4(C(COC(C)=O)=O)O)C)O)F,CC(=O)OCC(=O)[C@@]1(O)CC[C@H]2[C@@H]3CCC4=CC(=O)CC[C@]4(C)[C@@]3(F)[C@@H](O)C[C@@]21C
972,1,C1=C(F)C=CC2=C1NC(=C3C(=N2)SC(=C3)C)N4CCN(CC4)C,Cc1cc2c(s1)=Nc1ccc(F)cc1NC=2N1CCN(C)CC1
973,1,[C@]12(OC(O[C@@H]1CC3C2(CC(O)[C@@]4(F)C3C[C@H](F)C5=CC(=O)C=CC45C)C)(C)C)C(=O)C(OC)OC,COC(OC)C(=O)[C@@]12OC(C)(C)O[C@@H]1CC1C3C[C@H](F)C4=CC(=O)C=CC4(C)[C@@]3(F)C(O)CC12C
974,1,[C@@]45([C@@]3([C@H]([C@H]2[C@]([C@@]1(C(=CC(=O)C=C1)[C@H](C2)F)C)(F)[C@H](C3)O)C[C@H]4OC(O5)(C)C)C)C(COC(C)=O)=O,CC(=O)OCC(=O)[C@@]12OC(C)(C)O[C@@H]1C[C@H]1[C@@H]3C[C@H](F)C4=CC(=O)C=C[C@]4(C)[C@@]3(F)[C@@H](O)C[C@@]12C
975,1,CCCCOC(=O)C(=O)C3C(C)CC4C2CC(F)C1=CC(=O)C=CC1(C)C2C(O)CC34C,CCCCOC(=O)C(=O)C1C(C)CC2C3CC(F)C4=CC(=O)C=CC4(C)C3C(O)CC21C
976,1,CCCCCC(=O)OCC(=O)C3C(C)CC4C2CC(F)C1=CC(=O)C=CC1(C)C2C(O)CC34C,CCCCCC(=O)OCC(=O)C1C(C)CC2C3CC(F)C4=CC(=O)C=CC4(C)C3C(O)CC21C
977,1,[C@]23([C@H]([C@H]1[C@]([C@@](OC(C)=O)(C(C)=O)CC1)(C)C[C@@H]2O)C[C@H](C)C4=CC(=O)C=C[C@]34C)F,CC(=O)O[C@]1(C(C)=O)CC[C@H]2[C@@H]3C[C@H](C)C4=CC(=O)C=C[C@]4(C)[C@@]3(F)[C@@H](O)C[C@@]21C
978,1,[C@@H]1(C3=C([C@H](C2=C1C=CC=C2)C)C=CC(=C3)C(F)(F)F)CCCN(C)C,C[C@H]1c2ccccc2[C@@H](CCCN(C)C)c2cc(C(F)(F)F)ccc21
979,1,C1=C(C(F)(F)F)C=CC3=C1N(C2=C(C=CC=C2)S3)CCCN4CCN(CCOC(CCCCCC)=O)CC4,CCCCCCC(=O)OCCN1CCN(CCCN2c3ccccc3Sc3ccc(C(F)(F)F)cc32)CC1
980,1,C1=CC=CC3=C1N(CCCN2CCC(OCCO)CC2)C4=C(S3)C=CC(=C4)C(F)(F)F,OCCOC1CCN(CCCN2c3ccccc3Sc3ccc(C(F)(F)F)cc32)CC1
981,1,C1=CC=CC=C1N2C5(C(NC2)=O)CCN(CCCC(C3=CC=C(C=C3)F)C4=CC=C(C=C4)F)CC5,O=C1NCN(c2ccccc2)C12CCN(CCCC(c1ccc(F)cc1)c1ccc(F)cc1)CC2
982,1,C1=C(Cl)C=CC2=C1C3(N(CC(=O)N2CCO)CCO3)C4=CC=CC=C4F,O=C1CN2CCOC2(c2ccccc2F)c2cc(Cl)ccc2N1CCO
983,1,CC4CC3C2CC(F)C1=CC(=O)C=CC1(C)C2(F)C(O)CC3(C)C4(O)C(=O)SCF,CC1CC2C3CC(F)C4=CC(=O)C=CC4(C)C3(F)C(O)CC2(C)C1(O)C(=O)SCF
984,1,[C@]4([C@@]3([C@H]([C@H]2[C@]([C@@]1(C(=CC(=O)C=C1)[C@H](C2)F)C)(F)[C@H](C3)O)C[C@H]4C)C)(OC(CC)=O)C(SCF)=O,CCC(=O)O[C@]1(C(=O)SCF)[C@H](C)C[C@H]2[C@@H]3C[C@H](F)C4=CC(=O)C=C[C@]4(C)[C@@]3(F)[C@@H](O)C[C@@]21C
985,1,C1=C(C(OCC)=O)[N](C=N1)C(C)C2=CC=C(C=C2)F,CCOC(=O)c1cncn1C(C)c1ccc(F)cc1
986,1,C1=CC(=CC2=C1[N](C4=C2CN(CCCC(C3=CC=C(C=C3)F)O)CC4)C5=CC=C(F)C=C5)F,OC(CCCN1CCc2c(c3cc(F)ccc3n2-c2ccc(F)cc2)C1)c1ccc(F)cc1
987,1,[C@@H](O)(/C=C/C1=C(C2=C([N]1C(C)C)C=CC=C2)C3=CC=C(F)C=C3)C[C@H](O)CC(=O)O,CC(C)n1c(/C=C/[C@@H](O)C[C@H](O)CC(=O)O)c(-c2ccc(F)cc2)c2ccccc21
988,1,C1=C(C(F)(F)F)C=CC(=C1)C(=N/OCCN)/CCCCOC.O=C(O)\C=C/C(=O)O,COCCCC/C(=N\OCCN)c1ccc(C(F)(F)F)cc1.O=C(O)/C=C\C(=O)O
989,1,C2=C(OC1CN(C(NC)=O)C1)C=CC=C2C(F)(F)F,CNC(=O)N1CC(Oc2cccc(C(F)(F)F)c2)C1
990,1,[C@H](NC(C3=CC=C(NCC1=NC2=C(N=C1)NC(=NC2=O)N)C=C3)=O)(CCC(O)=O)C(O)=O,Nc1nc(=O)c2nc(CNc3ccc(C(=O)N[C@@H](CCC(=O)O)C(=O)O)cc3)cnc2[nH]1
991,1,[C@]12(OC(O[C@@H]1CC3C2(CC(O)[C@@]4(F)C3CC(=C5C4(CCC(=C5)OCCCl)C)C=O)C)(C)C)C(=O)COC(=O)C,CC(=O)OCC(=O)[C@@]12OC(C)(C)O[C@@H]1CC1C3CC(C=O)=C4C=C(OCCCl)CCC4(C)[C@@]3(F)C(O)CC12C
992,1,C1=CC(=CC2=C1N(C(CN=C2C3=CC=CC=C3)=O)C[P](C)(C)=O)Cl,CP(C)(=O)CN1C(=O)CN=C(c2ccccc2)c2cc(Cl)ccc21
993,1,C1=CC=CC=C1[P](C2=CC=CC=C2)(CC(NN)=O)=O,NNC(=O)CP(=O)(c1ccccc1)c1ccccc1
994,1,[C@@H]1([P](O)(O)=O)[C@H](C)O1,C[C@@H]1O[C@@H]1P(=O)(O)O
995,1,C1=CC=CC=C1C3(C2=CC=CC=C2)C(N(CO[P](O)(O)=O)C(N3)=O)=O,O=C1NC(c2ccccc2)(c2ccccc2)C(=O)N1COP(=O)(O)O
996,1,C1=C(C(F)(F)F)C=CC3=C1N(C2=C(C=CC=C2)S3)C(CCN4CCN(C)CC4)=O,CN1CCN(CCC(=O)N2c3ccccc3Sc3ccc(C(F)(F)F)cc32)CC1
997,1,C1=C(C(F)(F)F)C=CC3=C1N(C2=C(C=CC=C2)S3)C(CCN4CCN(CCO)CC4)=O,O=C(CCN1CCN(CCO)CC1)N1c2ccccc2Sc2ccc(C(F)(F)F)cc21
998,1,C1=C(Cl)C=CC3=C1N(C2=C(C=CC=C2)S3)CCCN5CCC(C4C(OCC4)=O)(O)CC5,O=C1OCCC1C1(O)CCN(CCCN2c3ccccc3Sc3ccc(Cl)cc32)CC1
999,1,C1=NC(=NC(=C1CN(C(=C(SSCC2CCCO2)\CCO)/C)C=O)N)C,C/C(=C(/CCO)SSCC1CCCO1)N(C=O)Cc1cnc(C)nc1N
1000,1,O=C2C1=C(CNCC1)ON2,O=c1[nH]oc2c1CCNC2
1001,1,[C@H]13[C@@H]([C@@]2([C@@H](CC1)C[C@](O)(CC2)C)C)CC[C@]4([C@H]3CC[C@@H]4C(=O)C)C,CC(=O)[C@H]1CC[C@H]2[C@@H]3CC[C@H]4C[C@](C)(O)CC[C@]4(C)[C@H]3CC[C@]12C
1002,1,C1=NC(=C(C2=C1[NH]C3=C2C(=CC=C3)OC4=CC=C(C=C4)Cl)COC)C(OC(C)C)=O,COCc1c(C(=O)OC(C)C)ncc2[nH]c3cccc(Oc4ccc(Cl)cc4)c3c12
1003,1,C1=C(O)C=CC4=C1C3(C(C(N(CC2CC2)CC3)C4)(C)C)CC,CCC12CCN(CC3CC3)C(Cc3ccc(O)cc31)C2(C)C
1004,1,[H+].C1=CC=NC(=N1)N2CCN(CC2)CCCCN3C(=O)CC(CC3=O)(C)C.[Cl-],CC1(C)CC(=O)N(CCCCN2CCN(c3ncccn3)CC2)C(=O)C1.[Cl-].[H+]
1005,1,C1=C(OC)C(=CC2=C1C(=NN=C(C2)C)C3=CC=CC(=C3)Cl)OC,COc1cc2c(cc1OC)C(c1cccc(Cl)c1)=NN=C(C)C2
1006,1,C1=CC(=CC4=C1N(C3CCN(CCNC(C2=CC=C(F)C=C2)=O)CC3)C(N4)=O)Cl,O=C(NCCN1CCC(n2c(=O)[nH]c3cc(Cl)ccc32)CC1)c1ccc(F)cc1
1007,1,C1=CC(=CC=C1C3(CCN(CCCC(C2=CC=C(C=C2)F)=O)CC3)OC(CCCCCCCCC)=O)Cl,CCCCCCCCCC(=O)OC1(c2ccc(Cl)cc2)CCN(CCCC(=O)c2ccc(F)cc2)CC1
1008,1,[C@]34([C@H]([C@H]2C([C@@]1(C(=CC(C(=C1)Br)=O)[C@@H](C2)F)C)([C@H](C3)O)F)CCC4(C(=O)CO)O)C,C[C@]12C=C(Br)C(=O)C=C1[C@H](F)C[C@H]1[C@@H]3CCC(O)(C(=O)CO)[C@@]3(C)C[C@H](O)C12F
1009,1,C1=C(Br)C=CC3=C1C2(N(CCO2)CC(=O)N3)C4=C(C=CC=C4)F,O=C1CN2CCOC2(c2ccccc2F)c2cc(Br)ccc2N1
1010,1,C2=C(C(C1=CC=CC=C1)(C(CCCCC)N)O)C=CC=C2,CCCCCC(N)C(O)(c1ccccc1)c1ccccc1
1011,1,C3=C2N(C1=CC=CC=C1C=CC2=CC=C3)CCCN4C=CN(CC=C4)CCO,OCCN1C=CN(CCCN2c3ccccc3C=Cc3ccccc32)C=CC1
1012,1,C1=CC(=C5C2=C1CC6C34C2(C(C(OC)(C(C3)C(CC)(C)O)C=C4)O5)CCN6CC7CC7)OC,CCC(C)(O)C1CC23C=CC1(OC)C1Oc4c(OC)ccc5c4C12CCN(CC1CC1)C3C5
1013,1,[C@H](C(NCCCC(O)=O)=O)(C(CO)(C)C)O,CC(C)(CO)[C@@H](O)C(=O)NCCCC(=O)O
1014,1,[C@]34([C@H]([C@H]2[C@@H]([C@@]1(C(=CC(=O)CC1)CC2)C)[C@@H](O)C3)CC[C@]4(O)C(=O)COC(=O)CCC(O)=O)C.O,C[C@]12CCC(=O)C=C1CC[C@@H]1[C@@H]2[C@@H](O)C[C@@]2(C)[C@H]1CC[C@]2(O)C(=O)COC(=O)CCC(=O)O.O
1015,1,[C@@]4(OC(=O)CCCC)(C3(C(C2C(C1(C(=CC(=O)CC1)CC2)C)C(O)C3)CC4)C)C(=O)CO,CCCCC(=O)O[C@]1(C(=O)CO)CCC2C3CCC4=CC(=O)CCC4(C)C3C(O)CC21C
1016,1,[C@@]125C3=C4C[C@H]([C@@]1(CC[C@@H]([C@@H]2OC3=C(C=C4)O)O)O)N(C)CC5,CN1CC[C@]23c4c5ccc(O)c4O[C@H]2[C@@H](O)CC[C@@]3(O)[C@H]1C5
1017,1,C(C(C(C)C)(C(N)=O)Br)C,CCC(Br)(C(N)=O)C(C)C
1018,1,C1=C(Cl)C=CC2=C1C(=NCC(N2CCOCC3CC3)=O)C4=CC=CC=C4,O=C1CN=C(c2ccccc2)c2cc(Cl)ccc2N1CCOCC1CC1
1019,1,[C@@H]2(OC1=C(C(=CC=C1)C)C)[C@@H](CNCC2)O,Cc1cccc(O[C@H]2CCNC[C@H]2O)c1C
1020,1,C1=C3C(=CC=C1\C=C\C(N2CCCCC2)=O)OCO3,O=C(/C=C/c1ccc2c(c1)OCO2)N1CCCCC1
1021,1,C1=CC(=CC2=C1C(=NO2)C4CCN(CCCOC3=C(C=C(C(C)=O)C=C3)OC)CC4)F,COc1cc(C(C)=O)ccc1OCCCN1CCC(c2noc3cc(F)ccc23)CC1
1022,1,C1=C(Cl)C=CC3=C1N(C2=C(C=CC=C2)S3)CCCN5CCN(CCN4C(N(C)CC4)=O)CC5,CN1CCN(CCN2CCN(CCCN3c4ccccc4Sc4ccc(Cl)cc43)CC2)C1=O
1023,1,[C@@H]2(C1=CC=CC=C1[C@H](NC)C2)C3=CC=C(Cl)C(=C3)Cl.[H+].[Cl-],CN[C@@H]1C[C@@H](c2ccc(Cl)c(Cl)c2)c2ccccc21.[Cl-].[H+]
1024,1,C2=C(C1=C(C=CC1)C=C2)OCC3CNCCO3,C1=Cc2cccc(OCC3CNCCO3)c2C1
1025,1,C1=CC(=CC2=C1[N](C(=C2CC(O)=O)C)C(C3=CC=C(Cl)C=C3)=O)OC,COc1ccc2c(c1)c(CC(=O)O)c(C)n2C(=O)c1ccc(Cl)cc1
1026,1,C1=CC=CC3=C1C(C2=CC=CC=C2)(C=C3)CCN(C)C,CN(C)CCC1(c2ccccc2)C=Cc2ccccc21
1027,1,C1=CC(=CC=C1OCC(NNC(C)C)=O)Cl,CC(C)NNC(=O)COc1ccc(Cl)cc1
1028,1,CSC1=C(N=C(N=C1N2CCN(C)CC2)NC(C)C)Cl,CSc1c(Cl)nc(NC(C)C)nc1N1CCN(C)CC1
1029,1,C(C(C1(CCC2C4C(C(CC12C)O)(F)C3(C=CC(C=C3CC4)=O)C)O)=O)O,CC12C=CC(=O)C=C1CCC1C3CCC(O)(C(=O)CO)C3(C)CC(O)C12F
1030,1,[C@H]23[C@@]([C@@]1(C(=CC(=O)C=C1)CC2)C)([C@H](C[C@]4([C@H]3CC[C@@]4(C(COC(C)=O)=O)O)C)O)F,CC(=O)OCC(=O)[C@@]1(O)CC[C@H]2[C@@H]3CCC4=CC(=O)C=C[C@]4(C)[C@@]3(F)[C@@H](O)C[C@@]21C
1031,1,[C@H]3(CCCC1=C2C(=NC=C1)C=CC(=C2)OC)[C@@H](CNCC3)C=C,C=C[C@@H]1CNCC[C@H]1CCCc1ccnc2ccc(OC)cc12
1032,1,[C@H]12N(CC[C@](C1C)(C3=C(C2=O)C=CC(=C3)O)C)CC4CC4,CC1[C@H]2C(=O)c3ccc(O)cc3[C@]1(C)CCN2CC1CC1
1033,1,C1=C(Cl)C=CC2=C1C3(N(CC(=O)N2C)C(C=C(O3)C)=O)C4=CC=CC=C4,CC1=CC(=O)N2CC(=O)N(C)c3ccc(Cl)cc3C2(c2ccccc2)O1
1034,1,C1=C(C=CC=C1C2(CCN(C)CC2)C(CC)=O)O,CCC(=O)C1(c2cccc(O)c2)CCN(C)CC1
1035,1,C1=CC=NC(=N1)N3CCN(CCCC[N]2C=C(Cl)C=N2)CC3,Clc1cnn(CCCCN2CCN(c3ncccn3)CC2)c1
1036,1,C5=C(C(CN1C2C4C(CC1)(C3=C(C2)C=CC(=C3)O)CCCC4)=O)C=CC=C5,O=C(CN1CCC23CCCCC2C1Cc1ccc(O)cc13)c1ccccc1
1037,1,C1=CC=CC2=C1C(C(N2C3=CC=CC=C3)=O)(CC4=CC=NC=C4)CC5=CC=NC=C5,O=C1N(c2ccccc2)c2ccccc2C1(Cc1ccncc1)Cc1ccncc1
1038,1,[C@@H]14C(=C[C@H](NC(N(CC)CC)=O)CN1C)C2=CC=CC3=C2C(=C[NH]3)C4,CCN(CC)C(=O)N[C@H]1C=C2c3cccc4[nH]cc(c34)C[C@H]2N(C)C1
1039,1,C1=CC=CC3=C1C(C2=C(C=CC=C2)C3(C)C)=CCCNC,CNCCC=C1c2ccccc2C(C)(C)c2ccccc21
1040,1,C1=C(Cl)C=CC3=C1N(C2=CC=CC=C2)C(CCN3)=O,O=C1CCNc2ccc(Cl)cc2N1c1ccccc1
1041,1,[C@]3(N(C1=CC=CC=C1)C(=O)CC)(C(=O)OC)[C@H](CN(CCC2=CC=CC=C2)CC3)C,CCC(=O)N(c1ccccc1)[C@]1(C(=O)OC)CCN(CCc2ccccc2)C[C@@H]1C
1042,1,C1=C(C2=C(C(=C1)OC)CCCC2N(C)C)Cl,COc1ccc(Cl)c2c1CCCC2N(C)C
1043,1,C3=C(C1=NC(C(=O)NC2=C1N=C(Cl)C=C2)O)C(=CC=C3)Cl,O=C1Nc2ccc(Cl)nc2C(c2ccccc2Cl)=NC1O
1044,1,C1=CC(=CC4=C1N2C(=NC(/C2=O)=C\N3CCN(C)CC3)CN=C4C5=C(C=CC=C5)Cl)[N+](=O)[O-],CN1CCN(/C=C2\N=C3CN=C(c4ccccc4Cl)c4cc([N+](=O)[O-])ccc4N3C2=O)CC1
1045,1,C1=CC(=CC2=C1C(C3=C(CC2)C=CC=N3)=C4CCN(C(OCC)=O)CC4)Cl,CCOC(=O)N1CCC(=C2c3ccc(Cl)cc3CCc3cccnc32)CC1
1046,1,C1=C(Cl)C=CC2=C1C(=NC(O)C(N2C)=O)C3=CC=CC=C3Cl,CN1C(=O)C(O)N=C(c2ccccc2Cl)c2cc(Cl)ccc21
1047,1,[C@@]123OC4=C(C(C1CN(CC2)C)CC(=O)N3)C=C(Cl)C=C4,CN1CC[C@]23NC(=O)CC(c4cc(Cl)ccc4O2)C3C1
1048,1,C2=C(C(C1C(=CC(O1)=O)OC)O)C(=CC=C2)Cl,COC1=CC(=O)OC1C(O)c1ccccc1Cl
1049,1,CCOC(=O)OC3(CCC4C2CCC1=CC(=O)C=CC1(C)C2C(O)CC34C)C(=O)OCCl,CCOC(=O)OC1(C(=O)OCCl)CCC2C3CCC4=CC(=O)C=CC4(C)C3C(O)CC21C
1050,1,C1=C(Cl)C=CC2=C1C(=NC3=C(O2)C=CC=C3)N4CCN(CC4)C,CN1CCN(C2=Nc3ccccc3Oc3ccc(Cl)cc32)CC1
1051,1,C1=CC=CC2=C1C(N3C2=NCC3)(C4=CC=C(C=C4)Cl)O,OC1(c2ccc(Cl)cc2)c2ccccc2C2=NCCN21
1052,1,C1=CC=CC=C1C(NN)C,CC(NN)c1ccccc1
1053,1,C(C(C(CC)C)(COC(N)=O)C)OC(N)=O,CCC(C)C(C)(COC(N)=O)COC(N)=O
1054,1,[C@H]2(N=C(C1=C(C=CC(=C1)[N+](=O)[O-])NC2=O)C3=CC=CC=C3Cl)C,C[C@@H]1N=C(c2ccccc2Cl)c2cc([N+](=O)[O-])ccc2NC1=O
1055,1,CNC(NC(C(Cl)(Cl)Cl)O)=O,CNC(=O)NC(O)C(Cl)(Cl)Cl
1056,1,[C@@]23(Cl)C(C1C([C@](O)([C@@H](C1)C)C(=O)CO)(CC2Cl)C)CCC4=CC(=O)C=CC34C,C[C@@H]1CC2C3CCC4=CC(=O)C=CC4(C)[C@@]3(Cl)C(Cl)CC2(C)[C@@]1(O)C(=O)CO
1057,1,[C@@H]23[C@H]([C@H]1[C@]([C@@H](C(C)=O)CC1)(C)C[C@@H]2O)C[C@H](C)C4=CC(=O)CC[C@]34C,CC(=O)[C@H]1CC[C@H]2[C@@H]3C[C@H](C)C4=CC(=O)CC[C@]4(C)[C@H]3[C@@H](O)C[C@]12C
1058,1,[H+].C1=C(OCC(=O)NCCN(CC)CC)C=CC(=C1)OC.[Cl-],CCN(CC)CCNC(=O)COc1ccc(OC)cc1.[Cl-].[H+]
1059,1,C1=CC(=CC=C1C(CCCN2CCC(C)CC2)=O)F,CC1CCN(CCCC(=O)c2ccc(F)cc2)CC1
1060,1,CC12CC3(CC(C1)(CC(C2)C3)N)C,CC12CC3CC(C)(C1)CC(N)(C3)C2
1061,1,C1=C(OC)C=CC3=C1C(C2=C(C=CC=C2)S3)(CCCN(C)C)O,COc1ccc2c(c1)C(O)(CCCN(C)C)c1ccccc1S2
1062,1,C1=C(C=CC=C1O)NC(C)=O,CC(=O)Nc1cccc(O)c1
1063,1,C1=C(C(C(C)(C)O)(C)O)C=CC=C1Cl,CC(C)(O)C(C)(O)c1cccc(Cl)c1
1064,1,C2=C(N(CC1=CC=CS1)CCN(C)C)N=CC=C2,CN(C)CCN(Cc1cccs1)c1ccccn1
1065,1,C(C1(C(NC(=S)NC1=O)=O)C(CCC)C)CSC,CCCC(C)C1(CCSC)C(=O)NC(=S)NC1=O
1066,1,[C@@H]25CC1=CC=C(C4=C1[C@@]3([C@H]2CC[C@@H]([C@@H]3O4)OC)CCN5C)O,CO[C@H]1CC[C@H]2[C@H]3Cc4ccc(O)c5c4[C@@]2(CCN3C)[C@H]1O5
1067,1,[C@@]4([C@@]3([C@H]([C@H]2[C@@H]([C@@]1(C(=CC(=O)C=C1)[C@H](C2)C)C)[C@H](C3)O)CC4)C)(C(COC(C)=O)=O)OC(CC)=O,CCC(=O)O[C@]1(C(=O)COC(C)=O)CC[C@H]2[C@@H]3C[C@H](C)C4=CC(=O)C=C[C@]4(C)[C@H]3[C@@H](O)C[C@@]21C
1068,1,C1=C(C)C=CC3=C1C(=NC2=C(C=CC=C2)S3)N4CCN(C)CC4,Cc1ccc2c(c1)C(N1CCN(C)CC1)=Nc1ccccc1S2
1069,1,C1=C(Cl)C=CC3=C1N(C2=C(C=CC=C2)S3)CCCN5CCN(CCOC(C4=CC(=C(OC)C(=C4)OC)OC)=O)CC5,COc1cc(C(=O)OCCN2CCN(CCCN3c4ccccc4Sc4ccc(Cl)cc43)CC2)cc(OC)c1OC
1070,1,C1=C([S](C)(=O)=O)C=CC3=C1N(C2=C(C=CC=C2)S3)CCCN4CCC(C(N)=O)CC4,CS(=O)(=O)c1ccc2c(c1)N(CCCN1CCC(C(N)=O)CC1)c1ccccc1S2
1071,1,[C@@]125C3=C4C[C@H]([C@@H]1CCC([C@@]2(OC3=C(C=C4)O)C)=O)N(C)CC5,CN1CC[C@]23c4c5ccc(O)c4O[C@@]2(C)C(=O)CC[C@H]3[C@H]1C5
1072,1,C5=C4C3=C(C2N(CC1CC(OC)C(C(C1C2)C(OC)=O)OC)CC3)[NH]C4=CC(=C5)OC,COC(=O)C1C2CC3c4[nH]c5cc(OC)ccc5c4CCN3CC2CC(OC)C1OC
1073,1,C1=C(OC)C=CC2=C1C4=C3[N]2CCN(C3=NCC4)C,COc1ccc2c(c1)c1c3n2CCN(C)C3=NCC1
1074,1,[C@@H]23[C@@H](CC[C@@H]1C[C@H](CC(O1)=O)O)[C@H](C=CC2=CCC[C@@H]3OC([C@H](CC)C)=O)C,CC[C@H](C)C(=O)O[C@H]1CCC=C2C=C[C@H](C)[C@H](CC[C@@H]3C[C@@H](O)CC(=O)O3)[C@H]21
1075,1,C1=C(Cl)C=CC3=C1C2(N(C(C)CO2)CC(=O)N3)C4=CC=CC=C4Cl,CC1COC2(c3ccccc3Cl)c3cc(Cl)ccc3NC(=O)CN12
1076,1,CSC2=C(N1CCN(C)CC1)N=C(NC)N=C2Cl,CNc1nc(Cl)c(SC)c(N2CCN(C)CC2)n1
1077,1,C1(=NC(NC1(C(F)(F)F)C(F)(F)F)(C(F)(F)F)C(F)(F)F)N,NC1=NC(C(F)(F)F)(C(F)(F)F)NC1(C(F)(F)F)C(F)(F)F
1078,1,C(NCC(N)=O)CCCC,CCCCCNCC(N)=O
1079,1,CN1CC(=CCC1)\C=N\OC,CO/N=C/C1=CCCN(C)C1
1080,1,C1=C(C(=NN=C1C2=CC=CC=C2)NCCN3CCOCC3)C,Cc1cc(-c2ccccc2)nnc1NCCN1CCOCC1
1081,1,[C@@H]45N([C@@H](CC(NC(=O)C1=CN(C2=C(C1=O)C=CC=C2)C3CCCCC3)C4)CC5)C,CN1[C@@H]2CC[C@H]1CC(NC(=O)c1cn(C3CCCCC3)c3ccccc3c1=O)C2
1082,1,C2=C(C(NCCN1CCOCC1)=O)C=CC(=C2)Cl,O=C(NCCN1CCOCC1)c1ccc(Cl)cc1
1083,1,C2=C(C(C1=CC=CC=C1)[S](CC(N)=O)=O)C=CC=C2,NC(=O)CS(=O)C(c1ccccc1)c1ccccc1
1084,1,[C@H]34[C@H]2[C@@](Cl)([C@@]1(C(=CC(=O)C=C1)CC2)C)[C@@H](O)C[C@@]3([C@](O)([C@@H](C4)C)C(=O)CCl)C,C[C@@H]1C[C@H]2[C@@H]3CCC4=CC(=O)C=C[C@]4(C)[C@@]3(Cl)[C@@H](O)C[C@]2(C)[C@@]1(O)C(=O)CCl
1085,1,C3=C(C2(C(N(CN1CCOCC1)C(C2)=O)=O)C)C=CC=C3,CC1(c2ccccc2)CC(=O)N(CN2CCOCC2)C1=O
1086,1,C1=C(Cl)C=CC5=C1N(CCCN4CCC3(N2C(CCCC2)NC3=O)CC4)C6=C(CC5)C=CC=C6,O=C1NC2CCCCN2C12CCN(CCCN1c3ccccc3CCc3ccc(Cl)cc31)CC2
1087,1,C1=C([N+](=O)[O-])C=CC2=C1C(=NCC(N2COC)=O)C3=CC=CC=C3,COCN1C(=O)CN=C(c2ccccc2)c2cc([N+](=O)[O-])ccc21
1088,1,[C@@H]13C=C[C@@H]([C@@]2([C@H]1[C@H](OC2=O)OC(NC)=O)C)C3,CNC(=O)O[C@H]1OC(=O)[C@@]2(C)[C@@H]1[C@H]1C=C[C@@H]2C1
1089,1,C(N1CCOCC1)CNC2=NNC(C=C2C)=C3C=CC(=O)C=C3,CC1=CC(=C2C=CC(=O)C=C2)NN=C1NCCN1CCOCC1
1090,1,[C@@]126C3=C4C[C@H]([C@@H]1C=C[C@@H]([C@@H]2OC3=C(C=C4)OCC5=CC=CC=C5)OC(CCCCCCCCCCCCC)=O)N(CC6)C,CCCCCCCCCCCCCC(=O)O[C@H]1C=C[C@H]2[C@H]3Cc4ccc(OCc5ccccc5)c5c4[C@@]2(CCN3C)[C@H]1O5
1091,1,C1=C(C(C(CCCCC)C)C)C=C(C2=C1OC(C3=C2CC(C)CC3)(C)C)OC(CCCN4CCCCCC4)=O,CCCCCC(C)C(C)c1cc(OC(=O)CCCN2CCCCCC2)c2c(c1)OC(C)(C)C1=C2CC(C)CC1
1092,1,[C@H]23C1=C(C=C(C(CCCCCC)(C)C)C=C1O)OC([C@@H]2CCC(C3)=O)(C)C,CCCCCCC(C)(C)c1cc(O)c2c(c1)OC(C)(C)[C@@H]1CCC(=O)C[C@@H]21
1093,1,C2=C(C(C[N]1C=CN=C1)=O)C=CC3=CC=CC=C23,O=C(Cn1ccnc1)c1ccc2ccccc2c1
1094,1,OC1CCC2(O)C3Cc5ccc(O)c6OC1C2(CCN3CC4CCC4)c56,Oc1ccc2c3c1OC1C(O)CCC4(O)C(C2)N(CC2CCC2)CCC314
1095,1,[C@@]126C3=C4C[C@H]([C@@]1(CCC([C@@H]2OC3=C(C=C4)O)=C)O)N(CC5CC5)CC6,C=C1CC[C@@]2(O)[C@H]3Cc4ccc(O)c5c4[C@@]2(CCN3CC2CC2)[C@H]1O5
1096,1,[C@@]125C3=C4C[C@H]([C@@]1(CCC([C@@H]2OC3=C(C=C4)O)=O)O)N(CC=C(C)C)CC5,CC(C)=CCN1CC[C@]23c4c5ccc(O)c4O[C@H]2C(=O)CC[C@@]3(O)[C@H]1C5
1097,1,C1=C(C=CC2=C1C=CC=C2)CC([NH2+]C)=NC.[Cl-],CN=C(Cc1ccc2ccccc2c1)[NH2+]C.[Cl-]
1098,1,C1=C2C(=CC=C1)CCC(=C2)CC3=NCNC3,C1=C(CC2=NCNC2)CCc2ccccc21
1099,1,C2=C1C(=CC=CC1=CC=C2)OC(\C(=N\O)N)C,CC(Oc1cccc2ccccc12)/C(N)=N/O
1100,1,[H+].C4=C(N3CCN(CCCN1N=C(N(C1=O)CCOC2=CC=CC=C2)CC)CC3)C=CC=C4Cl.[Cl-],CCc1nn(CCCN2CCN(c3cccc(Cl)c3)CC2)c(=O)n1CCOc1ccccc1.[Cl-].[H+]
1101,1,C1=CN=CC=C1C(NNCCC(NCC2=CC=CC=C2)=O)=O,O=C(CCNNC(=O)c1ccncc1)NCc1ccccc1
1102,1,[C@]125OC(O[C@@]([C@]1(C[C@H](O)[C@H]3[C@H]2CCC4=CC(=O)CC[C@]34C)C)(CC5)C(=O)COC(=O)C6=CC=NC=C6)\C=C/C,C/C=C\C1O[C@]2(C(=O)COC(=O)c3ccncc3)CC[C@@]3(O1)[C@@H]1CCC4=CC(=O)CC[C@]4(C)[C@H]1[C@@H](O)C[C@]23C
1103,1,[C@@]127C3=C4C[C@H]([C@@H]1C=C[C@@H]([C@@H]2OC3=C(C=C4)OC(C5=CN=CC=C5)=O)OC(C6=CN=CC=C6)=O)N(C)CC7,CN1CC[C@]23c4c5ccc(OC(=O)c6cccnc6)c4O[C@H]2[C@@H](OC(=O)c2cccnc2)C=C[C@H]3[C@H]1C5
1104,1,C1=CC=NC=C1C(N2CCOCC2)=O,O=C(c1cccnc1)N1CCOCC1
1105,1,C(C1=CN=CC=C1)(=O)N,NC(=O)c1cccnc1
1106,1,C1=CC=NC=C1C(N(CC)CC)=O,CCN(CC)C(=O)c1cccnc1
1107,1,C1=C([N+]([O-])=O)C=CC2=C1C(=NCC(=O)N2C)C3=CC=CC=C3,CN1C(=O)CN=C(c2ccccc2)c2cc([N+](=O)[O-])ccc21
1108,1,C(C(COC(N)=O)(C(CC)C)C)OC(NC(C)C)=O,CCC(C)C(C)(COC(N)=O)COC(=O)NC(C)C
1109,1,C1=CC=CC=C1C(OC2=CC=CC=C2OC)CCNC,CNCCC(Oc1ccccc1OC)c1ccccc1
1110,1,NC(=N)c1ccc(o1)c2ccccc2N(=O)=O,N=C(N)c1ccc(-c2ccccc2[N+](=O)[O-])o1
1111,1,[C@H]12C([C@@](O)(CC1)C#C)(CC[C@H]3C2CCC4=CC5=C(CC34C)C=N[N]5C6=CC=C(F)C=C6)C,C#C[C@]1(O)CC[C@H]2C3CCC4=Cc5c(cnn5-c5ccc(F)cc5)CC4(C)[C@H]3CCC21C
1112,1,C1=CC=C(C3=C1C(C2=CC=CC=C2)CN(C)C3)N,CN1Cc2c(N)cccc2C(c2ccccc2)C1
1113,1,C1=C[NH]C2=C1C(=NC=N2)NCCCCCCCCC,CCCCCCCCCNc1ncnc2[nH]ccc12
1114,1,C1=CC(=C3C2=C1CC5C4C2(C(O3)C(O)C=C4)CCN5)O,Oc1ccc2c3c1OC1C(O)C=CC4C(C2)NCCC341
1115,1,C1=C(Cl)C=CC2=C1C(=NCC(=O)N2)C3=CCCCC3,O=C1CN=C(C2=CCCCC2)c2cc(Cl)ccc2N1
1116,1,[C@@H]3(C1=C(C=C2C(=C1OC)OCO2)CCN3C)[C@@H]5C4=C(C(=C(OC)C=C4)OC)C(O5)=O,COc1ccc2c(c1OC)C(=O)O[C@@H]2[C@H]1c2c(cc3c(c2OC)OCO3)CCN1C
1117,1,C1=C(Cl)C=CC3=C1\C(C2=C(C=CC=C2)S3)=C\C4C5CCN(C4)CC5,Clc1ccc2c(c1)/C(=C/C1CN3CCC1CC3)c1ccccc1S2
1118,1,C1=N[N]3C(=C1C(C2=NC=CC=C2)=O)N=CC=C3C4=CC=NC=C4,O=C(c1ccccn1)c1cnn2c(-c3ccncc3)ccnc12
1119,1,CNCCC=C3c1ccccc1C2CC2c4ccccc34,CNCCC=C1c2ccccc2C2CC2c2ccccc21
1120,1,[C@H]2([C@H](CN(CC(C1=CC=C(F)C=C1)=O)CC2)COC4=CC3=C(OCO3)C=C4)C5=CC=C(F)C=C5,O=C(CN1CC[C@H](c2ccc(F)cc2)[C@@H](COc2ccc3c(c2)OCO3)C1)c1ccc(F)cc1
1121,1,C2=C(C1CN(CCO1)C(C)C)C=CC(=C2)C(F)(F)F,CC(C)N1CCOC(c2ccc(C(F)(F)F)cc2)C1
1122,1,C1=CC=CC3=C1N(C2=C(C=CC=C2)CC3=O)C(N)=O,NC(=O)N1c2ccccc2CC(=O)c2ccccc21
1123,1,C1=CC=CC=C1C[N+](C(CC2=CC=CC=C2)C)(C)[O-],CC(Cc1ccccc1)[N+](C)([O-])Cc1ccccc1
1124,1,C(N1CC(O)CC1=O)C(N)=O,NC(=O)CN1CC(O)CC1=O
1125,1,[C@H]34C1[C@@H](C2(C(C(=O)CC1)C(=O)C=C2)C)C(O)CC3([C@](O)(CC4)C(OC)=O)C,COC(=O)[C@@]1(O)CC[C@H]2C3CCC(=O)C4C(=O)C=CC4(C)[C@H]3C(O)CC21C
1126,1,C1=C(O)C=CC2=C1C(=C[NH]2)CC(C(O)=O)N,NC(Cc1c[nH]c2ccc(O)cc12)C(=O)O
1127,1,CN(C)C(=O)COC2c1ccccc1CCc3ccccc23,CN(C)C(=O)COC1c2ccccc2CCc2ccccc21
1128,1,C4=C3C(N(C1=CC=C2C(=N1)N=C(Cl)C=C2)C(=O)C3=CC=C4)CC(CCC(C)C)=O,CC(C)CCC(=O)CC1c2ccccc2C(=O)N1c1ccc2ccc(Cl)nc2n1
1129,1,C1=NC(=C3[N]1C2=C(C=CC=C2)N(C3=O)C(C)C)C4=NOC(=N4)C5CC5,CC(C)n1c(=O)c2c(-c3noc(C4CC4)n3)ncn2c2ccccc21
1130,1,[C@H]5(CN3CCC(C2=CC1=C(OCO1)C=C2)(CC3)O)CN(C4=CC=C(OC)C=C4)C(O5)=O,COc1ccc(N2C[C@H](CN3CCC(O)(c4ccc5c(c4)OCO5)CC3)OC2=O)cc1
1131,1,C3=C(C(NC1C2CCN(C1)CC2)=O)C(=CC(=C3Cl)N)OCC4CC4,Nc1cc(OCC2CC2)c(C(=O)NC2CN3CCC2CC3)cc1Cl
1132,1,C1=C4C(=CC=C1CN3CCC(NC(NC(C2=CC=CC=C2)=O)=O)CC3)C=CC=C4,O=C(NC(=O)c1ccccc1)NC1CCN(Cc2ccc3ccccc3c2)CC1
1133,1,CC1OC(C)OC(O1)C,CC1OC(C)OC(C)O1
1134,1,[C@]34([C@H]([C@H]2[C@@H]([C@@]1(C(=CC(=O)C=C1)[C@H](C2)F)C)[C@H](C3)O)C[C@H]([C@@]4(C(COC(C)=O)=O)O)C)C,CC(=O)OCC(=O)[C@@]1(O)[C@H](C)C[C@H]2[C@@H]3C[C@H](F)C4=CC(=O)C=C[C@]4(C)[C@H]3[C@@H](O)C[C@@]21C
1135,1,C1=CC=CC=C1CN(CC#C)C,C#CCN(C)Cc1ccccc1
1136,1,[C@@H]3([C@H](COC1=CC=C2C(=C1)OCO2)CNCC3)C4=CC=C(C=C4)F,Fc1ccc([C@@H]2CCNC[C@H]2COc2ccc3c(c2)OCO3)cc1
1137,1,C1=CC=CC2=C1C(N(C2=O)C3=NC4=C(C=C3)C=CC(=N4)Cl)CC(=O)N6CCC5(OCCO5)CC6,O=C(CC1c2ccccc2C(=O)N1c1ccc2ccc(Cl)nc2n1)N1CCC2(CC1)OCCO2
1138,1,C4=C(C(CCCN1CCC(CC1)(C2=CC=C(C(=C2)C(F)(F)F)Cl)O)C3=CC=C(C=C3)F)C=CC(=C4)F,OC1(c2ccc(Cl)c(C(F)(F)F)c2)CCN(CCCC(c2ccc(F)cc2)c2ccc(F)cc2)CC1
1139,1,CC(C(C(OC(N)=O)C)C)OC(N)=O,CC(OC(N)=O)C(C)C(C)OC(N)=O
1140,1,[C@]135[C@@]4([C@@H](CC2=C1C(=C(C=C2)O)O[C@H]3C(=O)C=C4)N(C)CC5)NCCCCC,CCCCCN[C@@]12C=CC(=O)[C@@H]3Oc4c(O)ccc5c4[C@@]31CCN(C)[C@@H]2C5
1141,1,CN1CCN(CC1)C3=Nc2ccccc2Sc4nccn34,CN1CCN(C2=Nc3ccccc3Sc3nccn32)CC1
1142,1,C2=C1C(=NC(=CC1=CC=C2)N3CCNCC3)C4=CC=CC=C4,c1ccc(-c2nc(N3CCNCC3)cc3ccccc23)cc1
1143,1,C1=C(Cl)C=CC3=C1N(C2=C(C=CC=C2)S3)CCCN4CCN(CCO)CC4,OCCN1CCN(CCCN2c3ccccc3Sc3ccc(Cl)cc32)CC1
1144,1,C(C(COC(C(Cl)(Cl)Cl)O)(COC(C(Cl)(Cl)Cl)O)COC(C(Cl)(Cl)Cl)O)OC(C(Cl)(Cl)Cl)O,OC(OCC(COC(O)C(Cl)(Cl)Cl)(COC(O)C(Cl)(Cl)Cl)COC(O)C(Cl)(Cl)Cl)C(Cl)(Cl)Cl
1145,1,C1=CC=CC=C1CC(NC(N)=O)=O,NC(=O)NC(=O)Cc1ccccc1
1146,1,C1=CC=CC=C1C(C(NC(N)=O)=O)CC,CCC(C(=O)NC(N)=O)c1ccccc1
1147,1,C2=C(C1C(C)NCCO1)C=CC=C2,CC1NCCOC1c1ccccc1
1148,1,C1=C(OCC(NN)C)C=CC=C1,CC(COc1ccccc1)NN
1149,1,C1=CC=CC=C1C2C(N(C)C(C2)=O)=O,CN1C(=O)CC(c2ccccc2)C1=O
1150,1,C1=CC=CC=C1C3(C2=CC=CC=C2)NC(=O)NC3=O,O=C1NC(=O)C(c2ccccc2)(c2ccccc2)N1
1151,1,C3=C(C(N2CCN(CC1=CC=CC=C1)CC2)=O)N=CC=C3,O=C(c1ccccn1)N1CCN(Cc2ccccc2)CC1
1152,1,[C@]2(C1=CC(=CC=C1)O)([C@H](CN(C)CC2)C)CCC,CCC[C@]1(c2cccc(O)c2)CCN(C)C[C@@H]1C
1153,1,[C@H]2(C(OC1=CC=C(NC(C)=O)C=C1)=O)NC(=O)CC2,CC(=O)Nc1ccc(OC(=O)[C@@H]2CCC(=O)N2)cc1
1154,1,C2=C(C1=CC=CC=C1)N=C4C(=C2CCC3CCNCC3)C=CC=C4,c1ccc(-c2cc(CCC3CCNCC3)c3ccccc3n2)cc1
1155,1,C1=C(C(C)=O)C=CC3=C1N(C2=C(C=CC=C2)S3)CCCN4CCC(CCO)CC4,CC(=O)c1ccc2c(c1)N(CCCN1CCC(CCO)CC1)c1ccccc1S2
1156,1,C3=C(C(C1=CC=CC=C1)(C(OCCN2CCCCC2)=O)O)C=CC=C3,O=C(OCCN1CCCCC1)C(O)(c1ccccc1)c1ccccc1
1157,1,C2=C(N1CCN(C)CC1)N=NC3=C2N(C4=C(O3)C=CC=C4)C,CN1CCN(c2cc3c(nn2)Oc2ccccc2N3C)CC1
1158,1,C1=C([S](N(C)C)(=O)=O)C=CC3=C1N(C2=C(C=CC=C2)S3)CCCN4CCC(CCOC(CCCCCCCCCCCCCCC)=O)CC4,CCCCCCCCCCCCCCCC(=O)OCCC1CCN(CCCN2c3ccccc3Sc3ccc(S(=O)(=O)N(C)C)cc32)CC1
1159,1,C(N1C(CCC1)=O)C(N)=O,NC(=O)CN1CCCC1=O
1160,1,C1=CC=CC2=C1C3=C(C2)CCOC3(CCN(C)C)C,CN(C)CCC1(C)OCCC2=C1c1ccccc1C2
1161,1,C1=CC=CC=C1C(C2=CC=CC=C2)(CCN4CCC(N3CCCCC3)(C(N)=O)CC4)C#N,N#CC(CCN1CCC(C(N)=O)(N2CCCCC2)CC1)(c1ccccc1)c1ccccc1
1162,1,[N]14C3=C(C2=C1C=CC(=C2)C)CCCC3NCC4.[H+].[Cl-],Cc1ccc2c(c1)c1c3n2CCNC3CCC1.[Cl-].[H+]
1163,1,C(NC(C(C)(C)C)=O)CCC(O)=O,CC(C)(C)C(=O)NCCCC(=O)O
1164,1,C1=C(Cl)C=CC2=C1C(=NC(C(=O)N2)OC(C(C)(C)C)=O)C3=CC=CC=C3,CC(C)(C)C(=O)OC1N=C(c2ccccc2)c2cc(Cl)ccc2NC1=O
1165,1,C1=CC=CC=C1C3(CC2CCCCN2)C(NC(=O)NC3=O)=O,O=C1NC(=O)C(CC2CCCCN2)(c2ccccc2)C(=O)N1
1166,1,[C@@]4([C@@]3([C@H]([C@H]2[C@@H]([C@@]1(C(=CC(=O)C=C1)CC2)C)[C@H](C3)O)CC4)C)(C(COC(CC)=O)=O)OC(OCC)=O,CCOC(=O)O[C@]1(C(=O)COC(=O)CC)CC[C@H]2[C@@H]3CCC4=CC(=O)C=C[C@]4(C)[C@H]3[C@@H](O)C[C@@]21C
1167,1,C(C(C4(C3(C(C2C(C1(C(=CC(=O)C=C1)CC2)C)C(C3)O)CC4)C)O)=O)OC(CN(CC)CC)=O,CCN(CC)CC(=O)OCC(=O)C1(O)CCC2C3CCC4=CC(=O)C=CC4(C)C3C(O)CC21C
1168,1,[C@H]34[C@H]2[C@@H]([C@@]1(C(=CC(=O)C=C1)CC2)C)[C@@H](O)C[C@@]3([C@](C(COC(COC(CCCCCCCCCCCCCCCCC)=O)=O)=O)(O)CC4)C,CCCCCCCCCCCCCCCCCC(=O)OCC(=O)OCC(=O)[C@@]1(O)CC[C@H]2[C@@H]3CCC4=CC(=O)C=C[C@]4(C)[C@H]3[C@@H](O)C[C@@]21C
1169,1,C(C(C3(C(CC4C2CCC1=CC(C=CC1(C)C2C(CC34C)O)=O)=C)O)=O)O,C=C1CC2C3CCC4=CC(=O)C=CC4(C)C3C(O)CC2(C)C1(O)C(=O)CO
1170,1,[C@@H](CC(=O)O)(CC(C)C)CN,CC(C)C[C@H](CN)CC(=O)O
1171,1,[H+].C3=C(C(=C1CCN(C1)CC)C2=CC=CC=C2)C=CC=C3.[Cl-],CCN1CCC(=C(c2ccccc2)c2ccccc2)C1.[Cl-].[H+]
1172,1,C1=CC(=CC=C1C(NC(C)C)=O)CNNC,CNNCc1ccc(C(=O)NC(C)C)cc1
1173,1,C(C(C1CCCCC1)OC(N)=O)C,CCC(OC(N)=O)C1CCCCC1
1174,1,C1=C(Cl)C=CC2=C1C(=NCC(N2CC(CO)O)=O)C3=CC=CC=C3F,O=C1CN=C(c2ccccc2F)c2cc(Cl)ccc2N1CC(O)CO
1175,1,C2=C(\C(NCCCC(=O)N)=C/1C=C(F)C=CC1=O)C=CC(=C2)Cl,NC(=O)CCCN/C(=C1\C=C(F)C=CC1=O)c1ccc(Cl)cc1
1176,1,C1=CC=CC=C1CC(N2CCCC2)CCC,CCCC(Cc1ccccc1)N1CCCC1
1177,1,C1=CC=CC2=C1N(C(C3=C(N2)N=CC=C3)=O)CC(N(C)C)C,CC(CN1C(=O)c2cccnc2Nc2ccccc21)N(C)C
1178,1,C1=CC=C(C(=C1C(C)C)O)C(C)C,CC(C)c1cccc(C(C)C)c1O
1179,1,C1=CC(=CC=C1C(CCCN3CCC(N2CCCCC2)(CC3)C(CC)=O)=O)F,CCC(=O)C1(N2CCCCC2)CCN(CCCC(=O)c2ccc(F)cc2)CC1
1180,1,C1=CC=CC3=C1C(C2=C(C=CC=C2)S3)=CCCN(C)C,CN(C)CCC=C1c2ccccc2Sc2ccccc21
1181,1,C(C1(C(NC(=O)NC1=O)=O)CC=C)C(C)O,C=CCC1(CC(C)O)C(=O)NC(=O)NC1=O
1182,1,Oc5ccc4CC2C1CCOCC1(CCN2CC3CC3)c4c5,Oc1ccc2c(c1)C13CCN(CC4CC4)C(C2)C1CCOC3
1183,1,C1=NC2=C([N]1CC(C)O)C(N(C)C(N2C)=O)=O,CC(O)Cn1cnc2c1c(=O)n(C)c(=O)n2C
1184,1,C1=CC=C(C2=C1[NH]C=C2CCN(C)C)O[P](O)(O)=O,CN(C)CCc1c[nH]c2cccc(OP(=O)(O)O)c12
1185,1,C2=C(C1=CC=NC=C1)OC3=C2C=CC=C3,c1ccc2oc(-c3ccncc3)cc2c1
1186,1,C1=C(C(=C(C(=N1)C)O)CO)CSSCC2=CN=C(C(=C2CO)O)C,Cc1ncc(CSSCc2cnc(C)c(O)c2CO)c(CO)c1O
1187,1,[C@@]45(C1=C(C=CC(=C1)OC(N3CC2=CC=CC=C2CC3)=O)N([C@H]4N(C)CC5)C)C,CN1CC[C@@]2(C)c3cc(OC(=O)N4CCc5ccccc5C4)ccc3N(C)[C@@H]12
1188,1,C1=CC=C(C2=C1CC3C(C2)CC(N[S](N(CC)CC)(=O)=O)CN3CCC)O,CCCN1CC(NS(=O)(=O)N(CC)CC)CC2Cc3c(O)cccc3CC21
1189,1,C1=CC=CC=C1CC2(C3(C(C)(C)C(C2)CC3)C)OCCN(C)C,CN(C)CCOC1(Cc2ccccc2)CC2CCC1(C)C2(C)C
1190,1,[C@@H]1(C2=C(CC1)C=CC=C2)NCC#C,C#CCN[C@@H]1CCc2ccccc21
1191,1,C1=CC(=CC3=C1N(C2=NC(=O)CO2)CCN=C3C4=CC=CC=C4Cl)Cl,O=C1COC(N2CCN=C(c3ccccc3Cl)c3cc(Cl)ccc32)=N1
1192,1,C1=CC=CC=C1N(C2(CCN(CCC(OC)=O)CC2)C(OC)=O)C(CC)=O,CCC(=O)N(c1ccccc1)C1(C(=O)OC)CCN(CCC(=O)OC)CC1
1193,1,CCC(=O)C1(O)CCC2C3CCC4=CC(=O)CCC4(C)C3C(O)CC21C,CCC(=O)C1(O)CCC2C3CCC4=CC(=O)CCC4(C)C3C(O)CC21C
1194,1,C1=CC(=CC(=C1NC(OCC)=O)N)NCC2=CC=C(C=C2)F,CCOC(=O)Nc1ccc(NCc2ccc(F)cc2)cc1N
1195,1,C3(NC(N1C2=C(C(C)(C)C1)C=CC=C2)=O)C[C@@H]4N(C)[C@H](C3)CC4,CN1[C@@H]2CC[C@H]1CC(NC(=O)N1CC(C)(C)c3ccccc31)C2
1196,1,C2=C([N]1C(=NC(=N1)C(N(C)C)=O)CNC(CN)=O)C(=CC(=C2)Cl)C(C3=C(C=CC=C3)Cl)=O,CN(C)C(=O)c1nc(CNC(=O)CN)n(-c2ccc(Cl)cc2C(=O)c2ccccc2Cl)n1
1197,1,CC4CN(CCCn2c1ccccc1c3ccccc23)CC(C)N4,CC1CN(CCCn2c3ccccc3c3ccccc32)CC(C)N1
1198,1,[C@H]12[C@@]([C@](C(CC)=O)(C)[C@@H](C1)C)(C[C@H](O)[C@H]3[C@H]2CCC4=CC(=O)C=C[C@]34C)C,CCC(=O)[C@@]1(C)[C@H](C)C[C@H]2[C@@H]3CCC4=CC(=O)C=C[C@]4(C)[C@H]3[C@@H](O)C[C@@]21C
1199,1,C1=CC=CC=C1C2=NCC(NC3=C2[N](N=C3C)CC)=O,CCn1nc(C)c2c1C(c1ccccc1)=NCC(=O)N2
1200,1,[C@H](C1=CC(=CC=C1)OC(N(CC)C)=O)(N(C)C)C,CCN(C)C(=O)Oc1cccc([C@H](C)N(C)C)c1
1201,1,[C@@H]3(N(C1CCC1)C2CCC2)CC4=C(OC3)C(=CC=C4C(=O)N)F,NC(=O)c1ccc(F)c2c1C[C@@H](N(C1CCC1)C1CCC1)CO2
1202,1,[C@H]23[C@@]([C@@]1(O[C@@H](O[C@@H]1C2)CCC)C(=O)CO)(C[C@H](O)[C@@]4(F)[C@H]3C[C@H](F)C5=CC(=O)CC[C@]45C)C,CCC[C@@H]1O[C@@H]2C[C@H]3[C@@H]4C[C@H](F)C5=CC(=O)CC[C@]5(C)[C@@]4(F)[C@@H](O)C[C@]3(C)[C@]2(C(=O)CO)O1
1203,1,C1=C(C(=C(C=C1)Br)NC2=NCCN2)F,Fc1cccc(Br)c1NC1=NCCN1
1204,1,C2=C(C1=C(NC(C1)=O)C=C2)CCN(CCC)CCC,CCCN(CCC)CCc1cccc2c1CC(=O)N2
1205,1,C1=CC(=CC=C1C(CCCN3CCC2(C(N(C)C(C2)=O)=O)CC3)=O)F,CN1C(=O)CC2(CCN(CCCC(=O)c3ccc(F)cc3)CC2)C1=O
1206,1,CON=C(C#N)C1CN2CCC1CC2,CON=C(C#N)C1CN2CCC1CC2
1207,1,[C@@H]2(OC1=C(C=CC=C1)CO)O[C@@H]([C@@H](O)[C@@H]([C@H]2O)O)CO,OCc1ccccc1O[C@@H]1O[C@H](CO)[C@@H](O)[C@H](O)[C@H]1O
1208,1,C(C1=CC=CC=C1O)(=O)N,NC(=O)c1ccccc1O
1209,1,C1=CC=CC(=C1OC(C2=C(C=CC=C2)O)=O)C(O)=O,O=C(Oc1ccccc1C(=O)O)c1ccccc1O
1210,1,C1=CC=CC=C1C2(C(N(CC)C)=O)CCN(CCCCCC)CC2,CCCCCCN1CCC(C(=O)N(C)CC)(c2ccccc2)CC1
1211,1,C3=C(C1=C([N]2C(=N1)C=CC=C2)CN(C(CCC)=O)C)C=CC(=C3)Cl,CCCC(=O)N(C)Cc1c(-c2ccc(Cl)cc2)nc2ccccn12
1212,1,N#Cc5ccc4Oc1ccccc1C2=C(CCN(CC2)CC3CCCC3)c4c5,N#Cc1ccc2c(c1)C1=C(CCN(CC3CCCC3)CC1)c1ccccc1O2
1213,1,[C@@H](CC1=CC=CC=C1)(N(CC#C)C)C,C#CCN(C)[C@H](C)Cc1ccccc1
1214,1,[C@@]125C3=C4C[C@H]([C@@]1(CCC([C@@H]2OC3=C(C=C4)O)=O)O)N(CCOC)CC5,COCCN1CC[C@]23c4c5ccc(O)c4O[C@H]2C(=O)CC[C@@]3(O)[C@H]1C5
1215,1,C1=CC=NC2=C1C(C3=C2N=CC=C3)(CC4=CC=NC=C4)CC5=CN=CC=C5.O,O.c1cncc(CC2(Cc3ccncc3)c3cccnc3-c3ncccc32)c1
1216,1,C1=CC(=CC=C1C2(C(CC(C)C)N(C)C)CCC2)Cl,CC(C)CC(N(C)C)C1(c2ccc(Cl)cc2)CCC1
1217,1,C1=CC=CC(=C1N2CCN(C)CC2)CC3=CC=CC=C3,CN1CCN(c2ccccc2Cc2ccccc2)CC1
1218,1,C1=CC=CC=C1N2C4(C(NC2)=O)CCN(CCCC(C3=CC=C(F)C=C3)=O)CC4,O=C(CCCN1CCC2(CC1)C(=O)NCN2c1ccccc1)c1ccc(F)cc1
1219,1,[C@]24(C[C@@H]([C@@H](N(C(CC1=CC(=C(Cl)C=C1)Cl)=O)C)CC2)N3CCCC3)CCCO4,CN(C(=O)Cc1ccc(Cl)c(Cl)c1)[C@H]1CC[C@@]2(CCCO2)C[C@@H]1N1CCCC1
1220,1,C4=C(N1C3(C(NC1)=O)CCN(CCCOC2=CC=C(C=C2)F)CC3)C=CC=C4,O=C1NCN(c2ccccc2)C12CCN(CCCOc1ccc(F)cc1)CC2
1221,1,C1=CC=CC=C1N2C4(C(NC2)=O)CCN(CC\C=C(C3=CC=C(F)C=C3)\C)CC4,C/C(=C/CCN1CCC2(CC1)C(=O)NCN2c1ccccc1)c1ccc(F)cc1
1222,1,C1=CC=CC2=C1C4(C3=C(OC2)C=CC=C3)OC(CN(C)C)CO4,CN(C)CC1COC2(O1)c1ccccc1COc1ccccc12
1223,1,C3=C(N2C(C(C1=CC=CC=C1)CC2=O)=O)C(=CC(=C3)[S](N)(=O)=O)Cl,NS(=O)(=O)c1ccc(N2C(=O)CC(c3ccccc3)C2=O)c(Cl)c1
1224,1,C1=CC(=CC=C1[S](NC2=NOC(=C2)C)(=O)=O)N,Cc1cc(NS(=O)(=O)c2ccc(N)cc2)no1
1225,1,C([S](C(C)(C)[S](=O)(=O)CC)(=O)=O)C,CCS(=O)(=O)C(C)(C)S(=O)(=O)CC
1226,1,C1=C(C(=CC=C1[S](N)(=O)=O)OC)C(NCC2N(CCC2)C)=O,COc1ccc(S(N)(=O)=O)cc1C(=O)NCC1CCCN1C
1227,1,C1=CC(=CC=C1N2[S](CCCC2)(=O)=O)[S](N)(=O)=O,NS(=O)(=O)c1ccc(N2CCCCS2(=O)=O)cc1
1228,1,C1=C([S](CC)(=O)=O)C=CC(=C1C(NCC2N(CCC2)CC)=O)OC,CCN1CCCC1CNC(=O)c1cc(S(=O)(=O)CC)ccc1OC
1229,1,[C@H](C(=O)OC1=CC=C(C=C1)NC(=O)C)(NC(=O)C)CCSC,CSCC[C@H](NC(C)=O)C(=O)Oc1ccc(NC(C)=O)cc1
1230,1,O=C1CCC(=O)N1CC1CCC2CN(CCN2C1)c1ncccn1,O=C1CCC(=O)N1CC1CCC2CN(c3ncccn3)CCN2C1
1231,1,C4=C(N2C(C1=C(SCCS1)C2=O)OC(N3CCN(C(CC)=O)CC3)=O)N=C5C(=C4)C=CC(=N5)Cl,CCC(=O)N1CCN(C(=O)OC2C3=C(SCCS3)C(=O)N2c2ccc3ccc(Cl)nc3n2)CC1
1232,1,C4=C(N2C(C1=C(SCCS1)C2=O)OC(N3CCN(C)CC3)=O)N=C5C(=C4)C=CC(=N5)Cl,CN1CCN(C(=O)OC2C3=C(SCCS3)C(=O)N2c2ccc3ccc(Cl)nc3n2)CC1
1233,1,O=C3C1C(C2CCC1C2)C(=O)N3C4C(NC(=O)CC4)=O,O=C1CCC(N2C(=O)C3C4CCC(C4)C3C2=O)C(=O)N1
1234,1,C1=CC=CC3=C1C(C2=CC=CC=C2)(OC3(C)C)CCCNC,CNCCCC1(c2ccccc2)OC(C)(C)c2ccccc21
1235,1,C1=CC=CC2=C1C(N(CC[S](NC(C)C)(=O)=O)C2=O)=O,CC(C)NS(=O)(=O)CCN1C(=O)c2ccccc2C1=O
1236,1,C1=NC5=C([N]1CCN4CCC(C2=C[NH]C3=C2C=CC=C3)CC4)C(N(C)C(N5C)=O)=O,Cn1c(=O)c2c(ncn2CCN2CCC(c3c[nH]c4ccccc34)CC2)n(C)c1=O
1237,1,CNC2CCC(c1ccccc1)c3ccccc23,CNC1CCC(c2ccccc2)c2ccccc21
1238,1,C4=C(C(N2CCN(CC(C1=CC=C(C(=C1)OC)OC)O)CC2)C3=CC=CC=C3)C=CC=C4,COc1ccc(C(O)CN2CCN(C(c3ccccc3)c3ccccc3)CC2)cc1OC
1239,1,CN(C)CCCN2c1ccccc1C(=Nc3cccnc23)c4ccccc4,CN(C)CCCN1c2ccccc2C(c2ccccc2)=Nc2cccnc21
1240,1,C1=CC=CC2=C1C3=C([N]2CC)C(SCC3)(CCN(C)C)C,CCn1c2c(c3ccccc31)CCSC2(C)CCN(C)C
1241,1,[C@H]13[C@H]([C@H]2C[C@@H]1CC2)C(=O)N(C3=O)CCCCN4CCN(CC4)C5=NC=CC=N5.C(C(O)(C(=O)O)CC(=O)O)C(=O)O,O=C(O)CC(O)(CC(=O)O)C(=O)O.O=C1[C@@H]2[C@H]3CC[C@H](C3)[C@@H]2C(=O)N1CCCCN1CCN(c2ncccn2)CC1
1242,1,C2=C(C1=NOC(=N1)C)N=C3[N]2C4=C(C(=N3)OC)CCCC4,COc1nc2nc(-c3noc(C)n3)cn2c2c1CCCC2
1243,1,C3=C(CN2C1=NC(=NC(=C1CCC2=O)C)C)C=CC(=C3)C4=CC=CC=C4C5=N[NH]N=N5,Cc1nc(C)c2c(n1)N(Cc1ccc(-c3ccccc3-c3nn[nH]n3)cc1)C(=O)CC2
1244,1,C(SC1=NSN=C1C2=CCCN(C2)C)CCCCC,CCCCCCSc1nsnc1C1=CCCN(C)C1
1245,1,[C@@H]2(C3=C([C@H](C1=CC=C(C=C1)F)C2)C=CC(=C3)C(F)(F)F)N4CCN(CCO)CC4,OCCN1CCN([C@@H]2C[C@@H](c3ccc(F)cc3)c3ccc(C(F)(F)F)cc32)CC1
1246,1,C1=C(C(F)(F)F)C=CC3=C1C(C2=C(C=C(F)C=C2)S3)CCCN4CCN(CCO)CC4,OCCN1CCN(CCCC2c3ccc(F)cc3Sc3ccc(C(F)(F)F)cc32)CC1
1247,1,C3=C(C1=CCN(CCC)CC1)C2=CC(=CC=C2[NH]3)Cl,CCCN1CC=C(c2c[nH]c3ccc(Cl)cc23)CC1
1248,1,[C@@H]34C1=CC=CC2=C1C(=C[NH]2)C[C@H]3N(C[C@H](C4)NC(N(CC)CC)=O)C,CCN(CC)C(=O)N[C@H]1C[C@@H]2c3cccc4[nH]cc(c34)C[C@H]2N(C)C1
1249,1,C(C1(C(CCC)CC)C(NC(=O)NC1=O)=O)C,CCCC(CC)C1(CC)C(=O)NC(=O)NC1=O
1250,1,C1=C(OC)C(=CC3=C1C2N(CC(CC(C)C)C(C2)=O)CC3)OC,COc1cc2c(cc1OC)C1CC(=O)C(CC(C)C)CN1CC2
1251,1,C1=CC=CC2=C1CC3(CC2)NC(=O)NC3=O,O=C1NC(=O)C2(CCc3ccccc3C2)N1
1252,1,C1=CC(=C4C2=C1CC5C3C2(C(C(=CC3)OC(C)=O)O4)CCN5C)OC,COc1ccc2c3c1OC1C(OC(C)=O)=CCC4C(C2)N(C)CCC314
1253,1,C(C2(C1CCCC=C1)C(NC(=S)NC2=O)=O)C=C,C=CCC1(C2C=CCCC2)C(=O)NC(=S)NC1=O
1254,1,C(C1(C(NC(=S)NC1=O)=O)C(CCC)C)C=C,C=CCC1(C(C)CCC)C(=O)NC(=S)NC1=O
1255,1,C1=CC=CC2=C1N(C(CC(S2)C3=CC=CC=C3)=O)CCN(C)C,CN(C)CCN1C(=O)CC(c2ccccc2)Sc2ccccc21
1256,1,C1=C(Cl)C=CC3=C1N(C2=C(C=CC=C2)S3)CCCN4CCN(CCOC(C)=O)CC4,CC(=O)OCCN1CCN(CCCN2c3ccccc3Sc3ccc(Cl)cc32)CC1
1257,1,C1=CC=CC2=C1N(C3=C(S2)C=CC(=C3)[S](N(C)C)(=O)=O)CCCN4CCN(CC4)C,CN1CCN(CCCN2c3ccccc3Sc3ccc(S(=O)(=O)N(C)C)cc32)CC1
1258,1,C1=CC=CC=C1C2OC(=NC2=O)N(C)C,CN(C)C1=NC(=O)C(c2ccccc2)O1
1259,1,[C@@H]3(CN(CCC=C(C1=C(C=CS1)C)C2=C(C=CS2)C)CCC3)C(O)=O,Cc1ccsc1C(=CCCN1CCC[C@@H](C(=O)O)C1)c1sccc1C
1260,1,C1=CC(=CC2=C1C(C3=C(N(C)[S]2(=O)=O)C=CC=C3)NCCCCCCC(O)=O)Cl,CN1c2ccccc2C(NCCCCCCC(=O)O)c2ccc(Cl)cc2S1(=O)=O
1261,1,C2=C(OCC1OC(NCC1)=S)C=CC=C2,S=C1NCCC(COc2ccccc2)O1
1262,1,[H+].C2=C(C1(C(N(C)C)C=CCC1)C(OCC)=O)C=CC=C2.[Cl-],CCOC(=O)C1(c2ccccc2)CCC=CC1N(C)C.[Cl-].[H+]
1263,1,C1=C(F)C=CC2=C1N4C(CN=C2C3=CC=CS3)CN(C)CC4,CN1CCN2c3cc(F)ccc3C(c3cccs3)=NCC2C1
1264,1,C1=CC=CC4=C1N(C3CCN(CCCC(C2=CC=C(F)C=C2)=O)CC3)C(N4)=S,O=C(CCCN1CCC(n2c(=S)[nH]c3ccccc32)CC1)c1ccc(F)cc1
1265,1,C2=C(N1C(SCC1)=N)C(=CC(=C2)Cl)N,N=C1SCCN1c1ccc(Cl)cc1N
1266,1,[C@H]12[C@@](C(OC(=O)C)([C@H](C1)C)C(SC)=O)(C[C@H](O)C3(F)[C@H]2CCC4=CC(=O)C=C[C@]34C)C,CSC(=O)C1(OC(C)=O)[C@@H](C)C[C@H]2[C@@H]3CCC4=CC(=O)C=C[C@]4(C)C3(F)[C@@H](O)C[C@@]21C
1267,1,C1=C([N](CC[S](CC)(=O)=O)C(=N1)C)[N+](=O)[O-],CCS(=O)(=O)CCn1c([N+](=O)[O-])cnc1C
1268,1,C5=C2C1=C([NH]C=C1CC4C2=CC(CSC3=NC=CC=C3)CN4C)C=C5,CN1CC(CSc2ccccn2)C=C2c3cccc4[nH]cc(c34)CC21
1269,1,C4=C(N3CCN(CCCCN2C(C1=C(C=CC=C1)NC2=O)=O)CC3)C(=CC=C4)SCCC,CCCSc1ccccc1N1CCN(CCCCn2c(=O)[nH]c3ccccc3c2=O)CC1
1270,1,C2=C1C(=NSC1=CC=C2)N5CCN(CCCCN3C(CC4(CC3=O)CCCC4)=O)CC5,O=C1CC2(CCCC2)CC(=O)N1CCCCN1CCN(c2nsc3ccccc23)CC1
1271,1,[C@]23([C@H]([C@H]1[C@]([C@@](SCC)(SC)CC1)(C)C[C@@H]2O)CCC4=CC(=O)C=C[C@]34C)F,CCS[C@]1(SC)CC[C@H]2[C@@H]3CCC4=CC(=O)C=C[C@]4(C)[C@@]3(F)[C@@H](O)C[C@@]21C
1272,1,C1=C(OC)C(=CC2=C1[S](OC(C2)C(NC(CC(N(C)C)(C)C)C)=O)(=O)=O)OC,COc1cc2c(cc1OC)S(=O)(=O)OC(C(=O)NC(C)CC(C)(C)N(C)C)C2
1273,1,C1=CC=CC=C1CC(C)NCCC3C2=C(C=CC=C2)SC4=C3C=CC=C4,CC(Cc1ccccc1)NCCC1c2ccccc2Sc2ccccc21
1274,1,[C@H]34[C@H]2[C@@H]([C@@]1(C(=CC(=O)CC1)CC2)C)[C@@H](O)C[C@@]3([C@](C(CS)=O)(O)CC4)C,C[C@]12CCC(=O)C=C1CC[C@@H]1[C@@H]2[C@@H](O)C[C@@]2(C)[C@H]1CC[C@]2(O)C(=O)CS
1275,1,[C@@H]23[C@H]([C@H]1[C@]([C@](C(CSC(C(C)(C)C)=O)=O)(O)CC1)(C)C[C@@H]2O)CCC4=CC(=O)CC[C@]34C,CC(C)(C)C(=O)SCC(=O)[C@@]1(O)CC[C@H]2[C@@H]3CCC4=CC(=O)CC[C@]4(C)[C@H]3[C@@H](O)C[C@@]21C
1276,1,C2=C(C(C1=CC=CC=C1)OCCNC)C(=CC=C2)C,CNCCOC(c1ccccc1)c1ccccc1C
1277,1,C1=C(OC)C(=CC2=C1C(=NN=C(C2CC)C)C3=CC=C(C(=C3)OC)OC)OC,CCC1C(C)=NN=C(c2ccc(OC)c(OC)c2)c2cc(OC)c(OC)cc21
1278,1,C1=CC=CC(=C1OCC(COC(C(Cl)(Cl)Cl)O)OC(C(Cl)(Cl)Cl)O)C,Cc1ccccc1OCC(COC(O)C(Cl)(Cl)Cl)OC(O)C(Cl)(Cl)Cl
1279,1,C1=C(C=CC=C1N3CCN(CCC2=N[NH]C(=C2)C)CC3)C,Cc1cccc(N2CCN(CCc3cc(C)[nH]n3)CC2)c1
1280,1,C1=C(C)C=CC2=C1C3N(CC2)CCC(C3)(CC)O,CCC1(O)CCN2CCc3ccc(C)cc3C2C1
1281,1,C1=C(Cl)C=CC2=C1C(=NCC(N2CC[S](C3=CC=C(C)C=C3)(=O)=O)=O)C4=CC=CC=C4Cl,Cc1ccc(S(=O)(=O)CCN2C(=O)CN=C(c3ccccc3Cl)c3cc(Cl)ccc32)cc1
1282,1,[C@]1([C@]2(C3=C(C[C@@H]1N(CC2)C)C=CC(=C3)O)C)(CCC(=O)CCCCC)C,CCCCCC(=O)CC[C@]1(C)[C@@H]2Cc3ccc(O)cc3[C@@]1(C)CCN2C
1283,1,C1=N[N](C2=C1C(=C(C(=N2)C)C(OCC)=O)NCCCC)CC,CCCCNc1c(C(=O)OCC)c(C)nc2c1cnn2CC
1284,1,[C@]12(OC(O[C@@H]1CC3C2(C[C@H](Cl)[C@@]4(Cl)C3C[C@H](F)C5=CC(=O)C=CC45C)C)(C)C)C(=O)CF,CC1(C)O[C@@H]2CC3C4C[C@H](F)C5=CC(=O)C=CC5(C)[C@@]4(Cl)[C@@H](Cl)CC3(C)[C@]2(C(=O)CF)O1
1285,1,[C@H]1([C@](O)(CCCC1)C2=CC(=CC=C2)OC)CN(C)C.[H+].[Cl-],COc1cccc([C@@]2(O)CCCC[C@@H]2CN(C)C)c1.[Cl-].[H+]
1286,1,C1=CC=CC2=C1CC(N(C)C)C(O2)C,CC1Oc2ccccc2CC1N(C)C
1287,1,[H+].C4=C(C2(N(C1=C(F)C=CC=C1)C(=O)CC)CCN(CC2)CCN3N=NN(C3=O)CC)C=CC=C4.[Cl-],CCC(=O)N(c1ccccc1F)C1(c2ccccc2)CCN(CCn2nnn(CC)c2=O)CC1.[Cl-].[H+]
1288,1,BrCC(O)(Br)Br,OC(Br)(Br)CBr
1289,1,C1=C(C(=C(C=C1C(NCC(N(CC)CC)=O)=O)OC)OC)OC,CCN(CC)C(=O)CNC(=O)c1cc(OC)c(OC)c(OC)c1
1290,1,C3=C(C2(C1=CC=CC=C1)C(N(C(C(Cl)(Cl)Cl)O)CN2)=O)C=CC=C3,O=C1N(C(O)C(Cl)(Cl)Cl)CNC1(c1ccccc1)c1ccccc1
1291,1,O=[P](O)(OCC(Cl)(Cl)Cl)O,O=P(O)(O)OCC(Cl)(Cl)Cl
1292,1,[C@H]23C([C@@]1(OC(O[C@@H]1C2)(C)C)C(=O)CCl)(C[C@H](Cl)[C@@]4(Cl)C3C[C@H](F)C5=CC(=O)C=CC45C)C,CC1(C)O[C@@H]2C[C@H]3C4C[C@H](F)C5=CC(=O)C=CC5(C)[C@@]4(Cl)[C@@H](Cl)CC3(C)[C@]2(C(=O)CCl)O1
1293,1,C3=C2N(CC1=CC=CC=C1)C(=O)\C(NNC2=CC=C3)=C(\N)N=O,N/C(N=O)=C1\NNc2ccccc2N(Cc2ccccc2)C1=O
1294,1,C2=C(C(N1CCCCCCC1)=O)C=C(OC)C(=C2OC)OC,COc1cc(C(=O)N2CCCCCCC2)cc(OC)c1OC
1295,1,N[C@@H](CC1=C[NH]C2=CC=CC=C12)C(=O)O,N[C@@H](Cc1c[nH]c2ccccc12)C(=O)O
1296,1,C1=C(Cl)C=CC2=C1C(=NCC(=N2)NOCC=C)C3=CC=CC=C3Cl,C=CCONC1=Nc2ccc(Cl)cc2C(c2ccccc2Cl)=NC1
1297,1,C4=C(N3CCN(CCCCN1C(C2C(C(C1=O)C(=O)N(C2=O)CCCC)(C)C)=O)CC3)C(=CC=C4)OC,CCCCN1C(=O)C2C(=O)N(CCCCN3CCN(c4ccccc4OC)CC3)C(=O)C(C1=O)C2(C)C
1298,1,NC(=O)OCC,CCOC(N)=O
1299,1,[C@@H](N)(C(OCCOC[N]1C2=C(N=C1)C(=O)N=C(N2)N)=O)C(C)C,CC(C)[C@H](N)C(=O)OCCOCn1cnc2c(=O)nc(N)[nH]c21
1300,1,C(C(C(N)=O)(CCC)CCC)CC,CCCC(CCC)(CCC)C(N)=O
1301,1,[C@@H](N)(C(OCC(OC[N]1C2=C(N=C1)C(=O)N=C(N2)N)CO)=O)C(C)C,CC(C)[C@H](N)C(=O)OCC(CO)OCn1cnc2c(=O)nc(N)[nH]c21
1302,1,C(C(C(OCOC(C(C)(C)C)=O)=O)CCC)CC,CCCC(CCC)C(=O)OCOC(=O)C(C)(C)C
1303,1,[C@@]13([C@@H]2C(=C[C@@H]1OC(CC(C)C)=O)C(=CO[C@H]2OC(CC(C)C)=O)COC(C)=O)CO3,CC(=O)OCC1=CO[C@@H](OC(=O)CC(C)C)[C@H]2C1=C[C@H](OC(=O)CC(C)C)[C@]21CO1
1304,1,C1=CC=CC2=C1C(=C3C(=N2)CCCC3O)N,Nc1c2c(nc3ccccc13)CCCC2O
1305,1,C1=CC(=CC=C1C(C2(CCCCC2)O)CN(C)C)OC,COc1ccc(C(CN(C)C)C2(O)CCCCC2)cc1
1306,1,C(C(C=C)N)CC(O)=O,C=CC(N)CCC(=O)O
1307,1,C1=CC=CC(=C1OCC2CNCCO2)OCC,CCOc1ccccc1OCC1CNCCO1
1308,1,[C@]2(OC1=C(C(=C(C(=C1CC2)C)O)C)C)(CCC[C@@H](CCC[C@@H](CCCC(C)C)C)C)C,Cc1c(C)c2c(c(C)c1O)CC[C@@](C)(CCC[C@H](C)CCC[C@H](C)CCCC(C)C)O2
1309,1,OCCCN4CCN(CCCC2c1ccccc1Sc3ccc(Cl)cc23)CC4,OCCCN1CCN(CCCC2c3ccccc3Sc3ccc(Cl)cc32)CC1
1310,1,[C@]135[C@H]([C@H](N(CC1)CC2CCC2)CC4=C3C=C(O)C=C4)[C@H](CC(C5)=C)C,C=C1C[C@H](C)[C@H]2[C@H]3Cc4ccc(O)cc4[C@@]2(CCN3CC2CCC2)C1
1311,1,C1=C(C(=C(C=C1)C)NC2=NCCCS2)C,Cc1cccc(C)c1NC1=NCCCS1
1312,1,C1=CC(=CC=C1CNC(C(C)C)CCCCCC(O)=O)F,CC(C)C(CCCCCC(=O)O)NCc1ccc(F)cc1
1313,1,[C@H]14[C@H]([C@@H]2[C@@H]3[C@H]([C@H]1C=C2)C=C3)C(=O)N(C4=O)CCCCN6CCN(C5=NC=CC=N5)CC6,O=C1[C@@H]2[C@@H]3C=C[C@@H]([C@H]4C=C[C@H]43)[C@@H]2C(=O)N1CCCCN1CCN(c2ncccn2)CC1
1314,1,C1=C(C=CC=C1N3C(N(CCN2CC(C)(C)C2)CC3)=O)Cl,CC1(C)CN(CCN2CCN(c3cccc(Cl)c3)C2=O)C1
1315,1,C1=CC=CC2=C1C(=NS2)N5CCN(CCC4=CC3=C(NC(C3)=O)C=C4Cl)CC5,O=C1Cc2cc(CCN3CCN(c4nsc5ccccc45)CC3)c(Cl)cc2N1
1316,1,C1=CC=CC(=C1C2=NCC(N(C3=C2C(=N[N]3C)C)C)=O)F,Cc1nn(C)c2c1C(c1ccccc1F)=NCC(=O)N2C
1317,1,C4=C(C3=C(CCN2CCN(C1=C(C=CC=C1)OC)CC2)OC(N3)=O)C=CC(=C4)F,COc1ccccc1N1CCN(CCc2oc(=O)[nH]c2-c2ccc(F)cc2)CC1
1318,1,C1=C(Cl)C=CC2=C1C(=NO2)C([N]3C=CN=C3)C,CC(c1noc2ccc(Cl)cc12)n1ccnc1
1319,1,C1=C(Cl)C=CC2=C1C(=CC3=C(S2)C=CC=C3)OCCN(C)C,CN(C)CCOC1=Cc2ccccc2Sc2ccc(Cl)cc21
1320,1,[C@@H]1(CCCO1)[C@@H](CC2=CC=CC=C2)NCC,CCN[C@H](Cc1ccccc1)[C@H]1CCCO1
1321,1,C1=CC(=CC3=C1[N]2C(=NN=C2CN(C)C)CN=C3C4=CC=CC=C4)Cl,CN(C)Cc1nnc2n1-c1ccc(Cl)cc1C(c1ccccc1)=NC2
1322,1,C(N1C(C(CC(C)C)NC1=S)=O)C=C,C=CCN1C(=O)C(CC(C)C)NC1=S
1323,1,[C@H]24[C@H]1[C@@]([C@](O)([C@@H](C1)C)C(=O)CO)(C[C@H](O)[C@@H]2[C@@]3(C(=CC(=O)C=C3)C[C@H]4Cl)C)C,C[C@@H]1C[C@H]2[C@H]3[C@H]([C@@H](O)C[C@]2(C)[C@@]1(O)C(=O)CO)[C@@]1(C)C=CC(=O)C=C1C[C@H]3Cl
1324,1,C1=C(CC(CC=C)N)C=CC=C1,C=CCC(N)Cc1ccccc1
1325,1,C1=CC=CC3=C1N(C2=C(C=CC=C2)S3)CC(CN(C)C)C,CC(CN(C)C)CN1c2ccccc2Sc2ccccc21
1326,1,C1=C(OC)C(=CC2=C1C(=C(C(OCC)=O)[NH]2)CCN4CCN(C3=CC=CC=C3)CC4)OC,CCOC(=O)c1[nH]c2cc(OC)c(OC)cc2c1CCN1CCN(c2ccccc2)CC1
1327,1,C3=C(C1=C([N]2C(=N1)C=CC(=C2)Cl)CC(N(CCC)CCC)=O)C=CC(=C3)Cl,CCCN(CCC)C(=O)Cc1c(-c2ccc(Cl)cc2)nc2ccc(Cl)cn12
1328,1,[C@@]4([C@@]3([C@H]([C@H]2[C@@H]([C@@]1(C(=CC(=O)CC1)[C@H](C2)C)C)[C@H](C3)O)CC4)C)(C(COC(C)=O)=O)OC(CCC)=O,CCCC(=O)O[C@]1(C(=O)COC(C)=O)CC[C@H]2[C@@H]3C[C@H](C)C4=CC(=O)CC[C@]4(C)[C@H]3[C@@H](O)C[C@@]21C
1329,1,[C@@H](O)([C@@H](O)C(=O)O)C(=O)O.[C@@H](N)(CC1=CC=C(N(C)C)C=C1C)C,Cc1cc(N(C)C)ccc1C[C@H](C)N.O=C(O)[C@H](O)[C@@H](O)C(=O)O
1330,1,C1=CC(=CC=C1C2(C(NC(=O)CC2)=O)CC)N,CCC1(c2ccc(N)cc2)CCC(=O)NC1=O
1331,1,C1=CC=CC3=C1N(C2=C(C=CC=C2)S3)CC(CN(C)C)N(C)C,CN(C)CC(CN1c2ccccc2Sc2ccccc21)N(C)C
1332,1,C1=CC(=CC=C1C3(CCN(CCCC(C2=CC=C(F)C=C2)=O)CC3)C(N(C)C)=O)Cl,CN(C)C(=O)C1(c2ccc(Cl)cc2)CCN(CCCC(=O)c2ccc(F)cc2)CC1
1333,1,C1=C(Cl)C=CC2=C1C(=NC3=C(O2)C=CC=C3)N4CCNCC4,Clc1ccc2c(c1)C(N1CCNCC1)=Nc1ccccc1O2
1334,1,C3=C(N2CCN(CCCC(C1=CC=C(F)C=C1)O)CC2)C(=CC=C3)OC,COc1ccccc1N1CCN(CCCC(O)c2ccc(F)cc2)CC1
1335,1,[C@H](N(C(C(C1=CC=CC=C1)C2=CC=CC=C2)=O)C)(C3=CC=CC=C3)CN4CC[C@@H](C4)O,CN(C(=O)C(c1ccccc1)c1ccccc1)[C@H](CN1CC[C@H](O)C1)c1ccccc1
1336,1,C2=C(OCC1=NN=C(S1)C(C)C)C=CC3=C2OC(=O)C(=C3C)C,Cc1c(C)c2ccc(OCc3nnc(C(C)C)s3)cc2oc1=O
1337,1,C1=CC=CC=C1C(C(OC2CC3N(C)C(C2)CC3)=O)CO,CN1C2CCC1CC(OC(=O)C(CO)c1ccccc1)C2
1338,1,[C@@]4([C@@]3([C@H]([C@H]2[C@]([C@@]1(C(=CC(=O)C=C1)CC2)C)(Cl)[C@H](C3)O)C[C@@H]4C)C)(C(COC(CC)=O)=O)OC(CC)=O,CCC(=O)OCC(=O)[C@@]1(OC(=O)CC)[C@@H](C)C[C@H]2[C@@H]3CCC4=CC(=O)C=C[C@]4(C)[C@@]3(Cl)[C@@H](O)C[C@@]21C
1339,1,[C@@H]24[C@@](C1=CC=CC=C1OC3=C(C=CC=C23)C)(CCN(C4)C)O,Cc1cccc2c1Oc1ccccc1[C@@]1(O)CCN(C)C[C@@H]21
1340,1,C2=C(C(NNC(C1=CC=CC=C1)=O)C)C=CC=C2,CC(NNC(=O)c1ccccc1)c1ccccc1
1341,1,C3=C(C(OC1C2CCN(C1)CC2)=O)C=CC=C3,O=C(OC1CN2CCC1CC2)c1ccccc1
1342,1,C1=CC=C2C(=C1)C3C4=C(C2(CNC)CC3)C=CC=C4,CNCC12CCC(c3ccccc31)c1ccccc12
1343,1,C1=CC(=CC=C1)CC(N(C)CC2=CC=CC=C2)C,CC(Cc1ccccc1)N(C)Cc1ccccc1
1344,1,[H+].C1=CC3=C([N]1N(C2=CC=NC=C2)CCC)C=CC=C3.[Cl-],CCCN(c1ccncc1)n1ccc2ccccc21.[Cl-].[H+]
1345,1,C2=C(C(CC(N(C)C)C)(C(CC)O)C1=CC=CC=C1)C=CC=C2,CCC(O)C(CC(C)N(C)C)(c1ccccc1)c1ccccc1
1346,1,[C@@]4([C@@]3([C@H]([C@H]2[C@]([C@@]1(C(=CC(=O)C=C1)CC2)C)(F)[C@H](C3)O)C[C@@H]4C)C)(C(COC(C)=O)=O)OC(C(C)C)=O,CC(=O)OCC(=O)[C@@]1(OC(=O)C(C)C)[C@@H](C)C[C@H]2[C@@H]3CCC4=CC(=O)C=C[C@]4(C)[C@@]3(F)[C@@H](O)C[C@@]21C
1347,1,[C@H]34[C@H]2[C@@]([C@@]1(C(=CC(=O)C=C1)CC2)C)([C@@H](O)C[C@@]3([C@](C(COC(C)=O)=O)(O)[C@H](C4)C)C)F,CC(=O)OCC(=O)[C@@]1(O)[C@@H](C)C[C@H]2[C@@H]3CCC4=CC(=O)C=C[C@]4(C)[C@@]3(F)[C@@H](O)C[C@@]21C
1348,1,[C@@]4([C@@]3([C@H]([C@H]2[C@]([C@@]1(C(=CC(=O)C=C1)CC2)C)(F)[C@H](C3)O)C[C@@H]4C)C)(C(COC(CC)=O)=O)OC(CC)=O,CCC(=O)OCC(=O)[C@@]1(OC(=O)CC)[C@@H](C)C[C@H]2[C@@H]3CCC4=CC(=O)C=C[C@]4(C)[C@@]3(F)[C@@H](O)C[C@@]21C
1349,1,[H+].C2=C(CC1=CC=CC=C1)C(=CC=C2)OCCCCNC.[Cl-],CNCCCCOc1ccccc1Cc1ccccc1.[Cl-].[H+]
1350,1,C2=C(C1=C(C=CC=C1)[N]2N(CCN(C)C)C)C3=CC=CC=C3,CN(C)CCN(C)n1cc(-c2ccccc2)c2ccccc21
1351,1,[C@@H]3(N(C1=C(C=CC=C1)F)C(COC)=O)[C@@H](CN(CCN2C(N(CC)N=N2)=O)CC3)C,CCn1nnn(CCN2CC[C@H](N(C(=O)COC)c3ccccc3F)[C@H](C)C2)c1=O
1352,1,C2=C(C1CCNCC1)OC3=C2C=C(OC)C=C3Br,COc1cc(Br)c2oc(C3CCNCC3)cc2c1
1353,1,C1=CC(=CC=C1NCCC(N(C)C)=O)Br,CN(C)C(=O)CCNc1ccc(Br)cc1
1354,1,C2=C(C(OCCN(C)C)C1=CC=CC=C1)C=CC(=C2)Br,CN(C)CCOC(c1ccccc1)c1ccc(Br)cc1
1355,1,C1=C(Br)C(=CC(=C1C(NCCN(CC)CC)=O)OC)N,CCN(CC)CCNC(=O)c1cc(Br)c(N)cc1OC
1356,1,C1=CC(=CC=C1C3(CCN(CCCC(C2=CC=C(C=C2)F)=O)CC3)OC(CCCCCCCCC)=O)Br,CCCCCCCCCC(=O)OC1(c2ccc(Br)cc2)CCN(CCCC(=O)c2ccc(F)cc2)CC1
1357,1,[C@@]45([C@@]3([C@H]([C@H]2[C@@H]([C@@]1(C(=CC(=O)C=C1)CC2)C)[C@H](C3)O)C[C@H]4OC(O5)CCC)C)C(CO)=O,CCCC1O[C@@H]2C[C@H]3[C@@H]4CCC5=CC(=O)C=C[C@]5(C)[C@H]4[C@@H](O)C[C@]3(C)[C@]2(C(=O)CO)O1
1358,1,C1=CC=CC=C1C3(C2=CC=CC=C2)CCN(C(C)(C)C)CC3,CC(C)(C)N1CCC(c2ccccc2)(c2ccccc2)CC1
1359,1,C2=C(C(C1=CC=CC=C1)OCCN(C)C)C(=CC=C2)C(C)(C)C,CN(C)CCOC(c1ccccc1)c1ccccc1C(C)(C)C
1360,1,C1=CC=CC2=C1OC(CNCCCC)CO2,CCCCNCC1COc2ccccc2O1
1361,1,C1=CC=CC3=C1C(C2=CC=CC=C2CC3)CC(CN(C)C)C,CC(CC1c2ccccc2CCc2ccccc21)CN(C)C
1362,1,C1=CC=CC=C1C(NNC(OCC)=O)C,CCOC(=O)NNC(C)c1ccccc1
1363,1,C(OC(NC(C(Cl)(Cl)Cl)O)=O)C,CCOC(=O)NC(O)C(Cl)(Cl)Cl
1364,1,C1=CC=CC=C1N(C3(CCN(CCC2=CC=CC=C2)CC3)C(OC)=O)C(CC)=O,CCC(=O)N(c1ccccc1)C1(C(=O)OC)CCN(CCc2ccccc2)CC1
1365,1,C1=CC=CC4=C1N(CCCN3CCC(N2CCCCC2)(CC3)C(N)=O)C5=C(CC4)C=CC=C5,NC(=O)C1(N2CCCCC2)CCN(CCCN2c3ccccc3CCc3ccccc32)CC1
1366,1,C1=C(F)C=CC2=C1C3=C([NH]2)CCN(C3)CCC4=CC=NC=C4,Fc1ccc2[nH]c3c(c2c1)CN(CCc1ccncc1)CC3
1367,1,[H+].C1=C(CC(N(C)C)(CO)C)C=CC(=C1Cl)Cl.[Cl-],CN(C)C(C)(CO)Cc1ccc(Cl)c(Cl)c1.[Cl-].[H+]
1368,1,C3=C(C(N1CCN(C)CC1)C2=CC=CC=C2)C=CC(=C3)Cl,CN1CCN(C(c2ccccc2)c2ccc(Cl)cc2)CC1
1369,1,ClC(CCC)O,CCCC(O)Cl
1370,1,[C@@H]36C2=C(C1=CC(=CC=C1[NH]2)Cl)CCN3C[C@H]5C[C@@H](OC(C4=CC(=C(C(=C4)OC)OC)OC)=O)[C@@H]([C@H]([C@H]5C6)C(OC)=O)OC,COC(=O)[C@H]1[C@H]2C[C@@H]3c4[nH]c5ccc(Cl)cc5c4CCN3C[C@H]2C[C@@H](OC(=O)c2cc(OC)c(OC)c(OC)c2)[C@@H]1OC
1371,1,C1=CC(=CC=C1OCC(COC(N)=O)O)Cl,NC(=O)OCC(O)COc1ccc(Cl)cc1
1372,1,C1=C2C(=CC=C1)OC(CCCl)NC2=O,O=C1NC(CCCl)Oc2ccccc21
1373,1,C1=C(C#N)C=CC3=C1N(C2=C(C=CC=C2)CC3)CCCN(C)C,CN(C)CCCN1c2ccccc2CCc2ccc(C#N)cc21
1374,1,C4=C2C1=C(CCC3=C(N1CCC2NC)C=CC=C3)C=C4,CNC1CCN2c3ccccc3CCc3cccc1c32
1375,1,CN(C)CCC=C2c1ccccc1COc3ccccc23,CN(C)CCC=C1c2ccccc2COc2ccccc21
1376,1,[C@@H](CN2CCN(C1=CC=CC=CC1=O)CC2)(C3=CC(=C(OC)C=C3)OC)O,COc1ccc([C@H](O)CN2CCN(c3cccccc3=O)CC2)cc1OC
1377,1,C1=CC=CC=C1C(C2=CC=CC=C2)OCCN(C\C=C\C3=CC=CC=C3)C,CN(C/C=C/c1ccccc1)CCOC(c1ccccc1)c1ccccc1
1378,1,C1=C(C(=CC(=C1[N+](=O)[O-])N)OCC)C(NC3CCN(CC2CCC=CC2)CC3)=O,CCOc1cc(N)c([N+](=O)[O-])cc1C(=O)NC1CCN(CC2CC=CCC2)CC1
1379,1,C1=CC=CC=C1C4(C3CCN(C\C=C\C2=CC=CC=C2)CC3)C(NC(=O)CC4)=O,O=C1CCC(c2ccccc2)(C2CCN(C/C=C/c3ccccc3)CC2)C(=O)N1
1380,1,C1=C(C=CC=C1Br)\C=C\C(NCC)=O,CCNC(=O)/C=C/c1cccc(Br)c1
1381,1,C1=C(C(=C(C=C1\C=C\C(N)=O)OC)OC)OC,COc1cc(/C=C/C(N)=O)cc(OC)c1OC
1382,1,C3=C(N2CCN(CCCC(C1=CC=C(F)C=C1)=O)CC2)N=CC4=CC=CC=C34,O=C(CCCN1CCN(c2cc3ccccc3cn2)CC1)c1ccc(F)cc1
1383,1,C1=CC(=CC3=C1C(C2=CC=C(F)C=C2)(OC3)CCCN(C)C)C#N,CN(C)CCCC1(c2ccc(F)cc2)OCc2cc(C#N)ccc21
1384,1,C1=CC=CC3=C1C(C2=C(C=CC=C2)C=C3)C(N)=O,NC(=O)C1c2ccccc2C=Cc2ccccc21
1385,1,C1=C(Cl)C=CC4=C1C3C2=CC=CC=C2CCN3CC(=O)N4C,CN1C(=O)CN2CCc3ccccc3C2c2cc(Cl)ccc21
1386,1,C1=CC(=CC3=C1[N]2C(=CN=C2C)CN=C3C4=CC=CC=C4Cl)Cl,Cc1ncc2n1-c1ccc(Cl)cc1C(c1ccccc1Cl)=NC2
1387,1,[C@@]23(F)C(C1C([C@](O)(C(C1)C)C(=O)CCl)(CC2O)C)CCC4=CC(=O)C=CC34C,CC1CC2C3CCC4=CC(=O)C=CC4(C)[C@@]3(F)C(O)CC2(C)[C@@]1(O)C(=O)CCl
1388,1,[C@]4([C@@]3([C@H]([C@H]2[C@]([C@@]1(C(=CC(=O)C=C1)CC2)C)(F)[C@H](C3)O)C[C@@H]4C)C)(OC(CC)=O)C(CCl)=O,CCC(=O)O[C@]1(C(=O)CCl)[C@@H](C)C[C@H]2[C@@H]3CCC4=CC(=O)C=C[C@]4(C)[C@@]3(F)[C@@H](O)C[C@@]21C
1389,1,C1=CC(=CC=C1OCC(NCCN(CC)CC)=O)Cl,CCN(CC)CCNC(=O)COc1ccc(Cl)cc1
1390,1,C1=C(Cl)C=CC3=C1C(C2=C(C=CC=C2)N3)CCCN(C)C,CN(C)CCCC1c2ccccc2Nc2ccc(Cl)cc21
1391,1,CN1CCC(CC1)=C3c2ccccc2Oc4ccc(Cl)cc34,CN1CCC(=C2c3ccccc3Oc3ccc(Cl)cc32)CC1
1392,1,C1=C(Cl)C=CC2=C1C(=NC3=C(S2)C=CC=C3)N4CCN(CC4)C,CN1CCN(C2=Nc3ccccc3Sc3ccc(Cl)cc32)CC1
1393,1,C1=C(C(=N/OCCN)/CCCCOC)C=CC(=C1)Cl,COCCCC/C(=N\OCCN)c1ccc(Cl)cc1
1394,1,C1=C(Cl)C=CC3=C1C2(OCCN2CC(=O)N3)C4=C(Cl)C=CC=C4,O=C1CN2CCOC2(c2ccccc2Cl)c2cc(Cl)ccc2N1
1395,1,C1=C(Cl)C=NC2=C1SC4=C(N2CCCN3CCN(CCO)CC3)C=CC=C4,OCCN1CCN(CCCN2c3ccccc3Sc3cc(Cl)cnc32)CC1
1396,1,CC4CC3C2CC(F)(F)C1=CC(=O)C=CC1(C)C2(F)C(O)CC3(C)C4(O)C(=O)COC(C)=O,CC(=O)OCC(=O)C1(O)C(C)CC2C3CC(F)(F)C4=CC(=O)C=CC4(C)C3(F)C(O)CC21C
1397,1,C(C(N(C(\C=C\C)=O)CCC)C(N(C)C)=O)C,C/C=C/C(=O)N(CCC)C(CC)C(=O)N(C)C
1398,1,C1=C(C#N)C=CC3=C1N(C2=C(C=CC=C2)S3)CC(CN(C)C)C,CC(CN(C)C)CN1c2ccccc2Sc2ccc(C#N)cc21
1399,1,C3=C(C1OC(=NC1=O)NC2CC2)C=CC=C3,O=C1N=C(NC2CC2)OC1c1ccccc1
1400,1,C2=C(C1C(CCC1)N)C=CC=C2,NC1CCCC1c1ccccc1
1401,1,C4=C(C2=C3C(=NC(=NCC1CC1)CN2O)C=CC(=C3)Cl)C=CC=C4,ON1CC(=NCC2CC2)N=c2ccc(Cl)cc2=C1c1ccccc1
1402,1,C1=CC=C3C(=C1OCC2CNCCO2)N(CCC3)C,CN1CCCc2cccc(OCC3CNCCO3)c21
1403,1,C1=CC=CC3=C1N(C2=CC=CC=C2)CC3(CCCNC)C,CNCCCC1(C)CN(c2ccccc2)c2ccccc21
1404,1,C1=CC=CC3=C1SC2=C(C=CC=C2)C=C3CN(C)C,CN(C)CC1=Cc2ccccc2Sc2ccccc21
1405,1,[C@](OC(=O)CC)([C@@H](CN(C)C)C)(CC1=CC=CC=C1)C2=CC=CC=C2.[H+].[Cl-],CCC(=O)O[C@](Cc1ccccc1)(c1ccccc1)[C@H](C)CN(C)C.[Cl-].[H+]
1406,1,CN2C(Cc1ccccc1N=C2C)c3ccccc3,CC1=Nc2ccccc2CC(c2ccccc2)N1C
1407,1,[C@@]45([C@@]3([C@H]([C@H]2[C@@H]([C@@]1(C(=CC(=O)C=C1)CC2)C)[C@H](C3)O)C[C@H]4OC(=N5)C)C)C(COC(C)=O)=O,CC(=O)OCC(=O)[C@@]12N=C(C)O[C@@H]1C[C@H]1[C@@H]3CCC4=CC(=O)C=C[C@]4(C)[C@H]3[C@@H](O)C[C@@]12C
1408,1,C1=CC=CC2=C1C(C3=C(C=C2)C=CC=C3)=NOCCNC,CNCCON=c1c2ccccc2ccc2ccccc12
1409,1,C1=CC(=CC=C1C(C[N]2C=CN=C2)O)CCC3=CC=CC=C3,OC(Cn1ccnc1)c1ccc(CCc2ccccc2)cc1
1410,1,C1=CC=CC2=C1N(C3=C(C=C2)C=CC=C3)CCCN(C)C,CN(C)CCCN1c2ccccc2C=Cc2ccccc21
1411,1,C1=CC(=C3C2=C1CC5C4C2(C(O3)CCC4)CCN5C)O,CN1CCC23c4c5ccc(O)c4OC2CCCC3C1C5
1412,1,[C@H]15C3=C(CCC2=C1C=CC=C2)C=CC=C3[C@H]4C[C@](C(C)C)(O)CCN4C5,CC(C)[C@@]1(O)CCN2C[C@@H]3c4ccccc4CCc4cccc(c43)[C@H]2C1
1413,1,[C@]134[C@@H]([C@H](CC2=C1C=C(O)C=C2)N(C)CC3)CCCC4,CN1CC[C@@]23CCCC[C@@H]2[C@@H]1Cc1ccc(O)cc13
1414,1,C1=C(C=CC=C1OC2CN(C(N)=O)C2)C(F)(F)F,NC(=O)N1CC(Oc2cccc(C(F)(F)F)c2)C1
1415,1,CC13CCCCCC(Cc2ccc(O)cc12)C3N,CC12CCCCCC(Cc3ccc(O)cc31)C2N
1416,1,C1=CC(=C3C2=C1CC5C4C2(C(O3)C(C=C4)OC(C)=O)CCN5CC=C)OC(C)=O,C=CCN1CCC23c4c5ccc(OC(C)=O)c4OC2C(OC(C)=O)C=CC3C1C5
1417,1,C1=CC=CC2=C1N(C(C3=C(N2C)C=CC=C3)=O)CCN(C)C,CN(C)CCN1C(=O)c2ccccc2N(C)c2ccccc21
1418,1,C1=C(C)C=CC3=C1C2C(CCN(C2)C)N3,Cc1ccc2c(c1)C1CN(C)CCC1N2
1419,1,C2=C(C1[S](CCC(N1C)=O)(=O)=O)C=CC(=C2Cl)Cl,CN1C(=O)CCS(=O)(=O)C1c1ccc(Cl)c(Cl)c1
1420,1,C1=CC(=CC3=C1C(C2=CC(=C(Cl)C=C2)Cl)CN(C)C3)OC,COc1ccc2c(c1)CN(C)CC2c1ccc(Cl)c(Cl)c1
1421,1,C1=CC=CC3=C1N(C2=C(C=CC=C2)S3)CCN(CC)CC,CCN(CC)CCN1c2ccccc2Sc2ccccc21
1422,1,Clc1ccc(cc1)C(OCCN2CCOCC2)c3ccccc3,Clc1ccc(C(OCCN2CCOCC2)c2ccccc2)cc1
1423,1,[C@@]4([C@@]3([C@H]([C@H]2[C@]([C@@]1(C(=CC(=O)C=C1)[C@H](C2)F)C)(F)[C@H](C3)O)CC4)C)(C(COC(C)=O)=O)OC(CCC)=O,CCCC(=O)O[C@]1(C(=O)COC(C)=O)CC[C@H]2[C@@H]3C[C@H](F)C4=CC(=O)C=C[C@]4(C)[C@@]3(F)[C@@H](O)C[C@@]21C
1424,1,[C@]134[C@@H]([C@H](CC2=C1C=C(C)C=C2)N(C)CC3)CCCC4,Cc1ccc2c(c1)[C@]13CCCC[C@@H]1[C@H](C2)N(C)CC3
1425,1,[C@]23([C@H]([C@H]1[C@]([C@](C(CO)=O)(C)[C@@H](C1)C)(C)C[C@@H]2O)CCC4=CC(=O)C=C[C@]34C)F,C[C@@H]1C[C@H]2[C@@H]3CCC4=CC(=O)C=C[C@]4(C)[C@@]3(F)[C@@H](O)C[C@]2(C)[C@@]1(C)C(=O)CO
1426,1,C1=CC=CC3=C1N(C2=C(C=CC=C2)C3(C)C)CCCN(C)C,CN(C)CCCN1c2ccccc2C(C)(C)c2ccccc21
1427,1,C1=C(C(=CC=C1Cl)N(C(CNCC(C)=C)=O)C)C(C2=CC=CC=C2)=O,C=C(C)CNCC(=O)N(C)c1ccc(Cl)cc1C(=O)c1ccccc1
1428,1,C1=CC=CC2=C1C(C(N2CC(N)=O)=O)C3=CC=CC=C3,NC(=O)CN1C(=O)C(c2ccccc2)c2ccccc21
1429,1,[H+].C3=C2\C(C1=CC=CC=C1SCC2=CC=C3)=C\CCN(C)C.[Cl-],CN(C)CC/C=C1/c2ccccc2CSc2ccccc21.[Cl-].[H+]
1430,1,C1=C(Cl)C=CC2=C1C(=NC(O)C(N2CCO)=O)C3=CC=CC=C3F,O=C1C(O)N=C(c2ccccc2F)c2cc(Cl)ccc2N1CCO
1431,1,C3=C(C2(C1=CC=CC=C1)C(NCN2)=O)C=CC=C3,O=C1NCNC1(c1ccccc1)c1ccccc1
1432,1,[C@H]34[C@H]2[C@@](F)([C@@]1(C(=CC(=O)C=C1)CC2)C)[C@@H](O)C[C@@]3([C@](O)([C@H](C4)C)C(=O)C)C,CC(=O)[C@@]1(O)[C@@H](C)C[C@H]2[C@@H]3CCC4=CC(=O)C=C[C@]4(C)[C@@]3(F)[C@@H](O)C[C@@]21C
1433,1,[C@H]23C([C@@]1(OC(O[C@@H]1C2)(C)C)C(=O)CO)(C[C@H](O)[C@@]4(F)C3CCC5C4(CCC(=O)C5)C)C,CC1(C)O[C@@H]2C[C@H]3C4CCC5CC(=O)CCC5(C)[C@@]4(F)[C@@H](O)CC3(C)[C@]2(C(=O)CO)O1
1434,1,C1=C(C(=CC=C1Cl)N(C(CN(CCO)CCO)=O)C)C(C2=C(C=CC=C2)Cl)=O,CN(C(=O)CN(CCO)CCO)c1ccc(Cl)cc1C(=O)c1ccccc1Cl
1435,1,C1=CC=CC(=C1N3CCN(CCC2=C[N](C)N=C2)CC3)Cl,Cn1cc(CCN2CCN(c3ccccc3Cl)CC2)cn1
1436,1,C1=CC=CC2=C1N(CC3=C(C2=C)C=CC=C3)CCCN(C)C,C=C1c2ccccc2CN(CCCN(C)C)c2ccccc21
1437,1,C2=C(C1(C(N(C(=O)N(C1=O)COC)COC)=O)CC)C=CC=C2,CCC1(c2ccccc2)C(=O)N(COC)C(=O)N(COC)C1=O
1438,1,C1=CC=CC=C1C2C(N(CC)C(N2)=O)=O,CCN1C(=O)NC(c2ccccc2)C1=O
1439,1,C1=C(Cl)C=CC2=C1C(=NC(C(=O)N2)C(OCC)=O)C3=CC=CC=C3F,CCOC(=O)C1N=C(c2ccccc2F)c2cc(Cl)ccc2NC1=O
1440,1,C1=C(SC2=C1C(=NCC3=NN=C([N]23)C)C4=CC=CC=C4Cl)CC,CCc1cc2c(s1)-n1c(C)nnc1CN=C2c1ccccc1Cl
1441,1,C2=NC1=C(CC(NC)CC1)S2,CNC1CCc2ncsc2C1
1442,1,C1=CC=CC2=C1C(=C[NH]2)CC(CC)N,CCC(N)Cc1c[nH]c2ccccc12
1443,1,C1=CC=CC=C1CCNC(CCCl)=O,O=C(CCCl)NCCc1ccccc1
1444,1,C1=C(C(=N[N]1CCCN(C)C)C2=CC=CC=C2)C3=CC=CC=C3,CN(C)CCCn1cc(-c2ccccc2)c(-c2ccccc2)n1
1445,1,C1=C(Cl)C=CC2=C1C(=NCCN2CC(F)(F)F)C3=CC=CC=C3F,Fc1ccccc1C1=NCCN(CC(F)(F)F)c2ccc(Cl)cc21
1446,1,CN(C)C3CCc2[nH]c1c(F)cc(F)cc1c2C3,CN(C)C1CCc2[nH]c3c(F)cc(F)cc3c2C1
1447,1,C1=CC(=CC=C1N3CCN(CC(O)COC2(CCCCC2)C#C)CC3)F,C#CC1(OCC(O)CN2CCN(c3ccc(F)cc3)CC2)CCCCC1
1448,1,C1=C(Cl)C=CC2=C1C(=NCC(=O)N2C)C3=CC=CC=C3F,CN1C(=O)CN=C(c2ccccc2F)c2cc(Cl)ccc21
1449,1,[C@H]23[C@@]([C@@]1(C(=CC(=O)C=C1)[C@H](C2)F)C)([C@H](C[C@]4([C@H]3C[C@@H](C)[C@@]4(C(CO)=O)O)C)O)F,C[C@@H]1C[C@H]2[C@@H]3C[C@H](F)C4=CC(=O)C=C[C@]4(C)[C@@]3(F)[C@@H](O)C[C@]2(C)[C@@]1(O)C(=O)CO
1450,1,[C@]12(F)[C@H](CC4([C@H](C1C[C@@H](C3=CC(=O)C=CC23C)F)C[C@H]([C@]4(O)C(=O)COC(=O)C(C)(C)C)C)C)O,C[C@@H]1C[C@H]2C3C[C@H](F)C4=CC(=O)C=CC4(C)[C@@]3(F)[C@@H](O)CC2(C)[C@@]1(O)C(=O)COC(=O)C(C)(C)C
1451,1,[C@]14(C([C@H]3[C@H]([C@@H](O)C1)C2(C(=CC(=O)C=C2)[C@@H](F)C3)C)C[C@H]5OC(O[C@@]45C(=O)CO)(C)C)C.[C@]69(C([C@H]8[C@H]([C@@H](O)C6)C7(C(=CC(=O)C=C7)[C@@H](F)C8)C)C[C@H]%10OC(O[C@@]9%10C(=O)CO)(C)C)C.O,CC1(C)O[C@@H]2CC3[C@@H]4C[C@H](F)C5=CC(=O)C=CC5(C)[C@H]4[C@@H](O)C[C@]3(C)[C@]2(C(=O)CO)O1.CC1(C)O[C@@H]2CC3[C@@H]4C[C@H](F)C5=CC(=O)C=CC5(C)[C@H]4[C@@H](O)C[C@]3(C)[C@]2(C(=O)CO)O1.O
1452,1,[C@]12(OC(O[C@@H]1CC3C2(CC(O)[C@H]4C3C[C@H](F)C5=CC(=O)C=CC45C)C)(C)C)C(=O)COC(=O)C,CC(=O)OCC(=O)[C@@]12OC(C)(C)O[C@@H]1CC1C3C[C@H](F)C4=CC(=O)C=CC4(C)[C@H]3C(O)CC12C
1453,1,[C@@]45([C@@]3([C@H]([C@H]2[C@]([C@@]1(C(=CC(=O)C=C1)[C@H](C2)F)C)(F)[C@H](C3)O)C[C@H]4OC(O5)(C)C)C)C(CO)=O,CC1(C)O[C@@H]2C[C@H]3[C@@H]4C[C@H](F)C5=CC(=O)C=C[C@]5(C)[C@@]4(F)[C@@H](O)C[C@]3(C)[C@]2(C(=O)CO)O1
1454,1,[C@H]24[C@H]1[C@@]([C@@H](C(C(OCCCC)=O)=O)[C@@H](C1)C)(C[C@@H]([C@@H]2[C@@]3(C(=CC(=O)C=C3)[C@H](C4)F)C)O)C,CCCCOC(=O)C(=O)[C@H]1[C@H](C)C[C@H]2[C@@H]3C[C@H](F)C4=CC(=O)C=C[C@]4(C)[C@H]3[C@@H](O)C[C@@]21C
1455,1,[C@H]24[C@H]1[C@@]([C@@H](C(CO)=O)[C@@H](C1)C)(C[C@@H]([C@@H]2[C@@]3(C(=CC(=O)C=C3)[C@H](C4)F)C)O)C,C[C@@H]1C[C@H]2[C@@H]3C[C@H](F)C4=CC(=O)C=C[C@]4(C)[C@H]3[C@@H](O)C[C@]2(C)[C@H]1C(=O)CO
1456,1,C1=CC=CC3=C1C(=NC2=C(C=CC(=C2)F)C3)N4CCN(C)CC4,CN1CCN(C2=Nc3cc(F)ccc3Cc3ccccc32)CC1
1457,1,[C@H]23[C@@]([C@@]1(C(=CC(=O)C=C1)CC2)C)([C@H](C[C@]4([C@H]3CC[C@@]4(C([C@@H](OC(C)=O)C)=O)O)C)O)F,CC(=O)O[C@@H](C)C(=O)[C@@]1(O)CC[C@H]2[C@@H]3CCC4=CC(=O)C=C[C@]4(C)[C@@]3(F)[C@@H](O)C[C@@]21C
1458,1,[C@]34([C@H]([C@H]2[C@@]([C@@]1(C(=CC(C=C1)=O)CC2)C)(C(C3)O)F)CC([C@@]4(C(=O)CO)O)=C)C,C=C1C[C@H]2[C@@H]3CCC4=CC(=O)C=C[C@]4(C)[C@@]3(F)C(O)C[C@]2(C)[C@@]1(O)C(=O)CO
1459,1,[C@H]24[C@H]1[C@@]([C@](C(CO)=O)(O)CC1)(C[C@@H]([C@@H]2[C@@]3(C(=CC(=O)C=C3)[C@H](C4)F)C)O)C,C[C@]12C=CC(=O)C=C1[C@@H](F)C[C@@H]1[C@@H]2[C@@H](O)C[C@@]2(C)[C@H]1CC[C@]2(O)C(=O)CO
1460,1,[C@@]4(OC(=O)CCCC)(C3(C(C2C(C1(C(=CC(=O)C=C1)C(F)C2)C)C(O)C3)CC4)C)C(=O)CO,CCCCC(=O)O[C@]1(C(=O)CO)CCC2C3CC(F)C4=CC(=O)C=CC4(C)C3C(O)CC21C
1461,1,C1=C(F)C=CC3=C1C=C(SCCNC)C2=CC=CC=C2O3,CNCCSC1=Cc2cc(F)ccc2Oc2ccccc21
1462,1,[C@@]45([C@@]3([C@H]([C@H]2[C@@H]([C@@]1(C(=CC(=O)CC1)[C@H](C2)F)C)[C@H](C3)O)C[C@H]4OC(O5)(C)C)C)C(CO)=O,CC1(C)O[C@@H]2C[C@H]3[C@@H]4C[C@H](F)C5=CC(=O)CC[C@]5(C)[C@H]4[C@@H](O)C[C@]3(C)[C@]2(C(=O)CO)O1
1463,1,C1=CC(=CC=C1N2C4(C(NC2)=O)CCN(CCCC(C3=CC=C(F)C=C3)=O)CC4)F,O=C(CCCN1CCC2(CC1)C(=O)NCN2c1ccc(F)cc1)c1ccc(F)cc1
1464,1,C1=CC=CC=C1CC(N(CC2=CC=CO2)C)C,CC(Cc1ccccc1)N(C)Cc1ccco1
1465,1,[C@]234C1=C(C=CC(=C1O[C@H]2C[C@@H](O)C=C3)OC)CN(CC4)C,COc1ccc2c3c1O[C@H]1C[C@@H](O)C=C[C@@]31CCN(C)C2
1466,1,C2=C(C(C1CCCCC1)CCN(C)C)C=CC=C2,CN(C)CCC(c1ccccc1)C1CCCCC1
1467,1,NC(=N)NCCCOc1ccccc1,N=C(N)NCCCOc1ccccc1
1468,1,C1=C(Cl)C=CC2=C1C(=NCC(=O)N2CC(F)(F)F)C3=CC=CC=C3,O=C1CN=C(c2ccccc2)c2cc(Cl)ccc2N1CC(F)(F)F
1469,1,[C@H]23[C@@]([C@@]1(C(=CC(C(=C1)Cl)=O)[C@H](C2)F)C)([C@H](C[C@]4(C3C[C@H]([C@@]4(C(CO)=O)O)C)C)O)F,C[C@@H]1CC2[C@@H]3C[C@H](F)C4=CC(=O)C(Cl)=C[C@]4(C)[C@@]3(F)[C@@H](O)C[C@]2(C)[C@@]1(O)C(=O)CO
1470,1,C(C2(C1=CCCCCC1)C(NC(=O)NC2=O)=O)C,CCC1(C2=CCCCCC2)C(=O)NC(=O)NC1=O
1471,1,C1=C(C(F)(F)F)C=CC3=C1N(C2=C(C=CC=C2)S3)CCCN4CCN(CCO)CCC4,OCCN1CCCN(CCCN2c3ccccc3Sc3ccc(C(F)(F)F)cc32)CC1
1472,1,[C@]34([C@H]([C@H]2[C@@H]([C@@]1(C(=CC(=O)CC1)CC2)C)[C@H](C3)O)CC[C@@]4(C(COC(C)=O)=O)O)C,CC(=O)OCC(=O)[C@@]1(O)CC[C@H]2[C@@H]3CCC4=CC(=O)CC[C@]4(C)[C@H]3[C@@H](O)C[C@@]21C
1473,1,[C@@]4([C@@]3([C@H]([C@H]2[C@@H]([C@@]1(C(=CC(=O)CC1)CC2)C)[C@H](C3)O)CC4)C)(C(COC(CC)=O)=O)OC(CCC)=O,CCCC(=O)O[C@]1(C(=O)COC(=O)CC)CC[C@H]2[C@@H]3CCC4=CC(=O)CC[C@]4(C)[C@H]3[C@@H](O)C[C@@]21C
1474,1,[C@]4([C@@]3([C@H]([C@H]2[C@@H]([C@@]1(C(=CC(=O)CC1)CC2)C)[C@H](C3)O)CC4)C)(OC(CCC)=O)C(CO)=O,CCCC(=O)O[C@]1(C(=O)CO)CC[C@H]2[C@@H]3CCC4=CC(=O)CC[C@]4(C)[C@H]3[C@@H](O)C[C@@]21C
1475,1,[C@@]125C3=C4C[C@H]([C@@H]1CCC([C@@H]2OC3=C(C=C4)O)=O)N(C)CC5,CN1CC[C@]23c4c5ccc(O)c4O[C@H]2C(=O)CC[C@H]3[C@H]1C5
1476,1,C2=C(C1(C(OCC)=O)CCN(C)CC1)C=CC=C2O,CCOC(=O)C1(c2cccc(O)c2)CCN(C)CC1
1477,1,[C@@]4([C@@]3([C@H]([C@H]2[C@]([C@@]1(C(=CC(=O)C=C1)CC2)C)(Cl)[C@H](C3)O)C[C@H]4C)C)(C(COC(C)=O)=O)OC(CCC)=O,CCCC(=O)O[C@]1(C(=O)COC(C)=O)[C@H](C)C[C@H]2[C@@H]3CCC4=CC(=O)C=C[C@]4(C)[C@@]3(Cl)[C@@H](O)C[C@@]21C
1478,1,C2=C(C1(C(NC(=O)CN1)=O)CC)C=CC=C2,CCC1(c2ccccc2)NCC(=O)NC1=O
1479,1,C1=CC=CC2=C1C(=C[NH]2)CCC3CCNCC3,c1ccc2c(CCC3CCNCC3)c[nH]c2c1
1480,1,C1=CC=CC3=C1C2=C(CCCCCC2)[N]3CCCN(C)C,CN(C)CCCn1c2c(c3ccccc31)CCCCCC2
1481,1,C1=CN=CC=C1C(NNC(C)C)=O,CC(C)NNC(=O)c1ccncc1
1482,1,C1=CC=CC=C1C(C2=CC=CC=C2)(C(CN(C)C)C)C(CC)=O,CCC(=O)C(c1ccccc1)(c1ccccc1)C(C)CN(C)C
1483,1,[C@@]4(O)(C3(C(C2C(C1(C(=CC(=O)CC1)C=C2)C)C(O)C3)CC4=C)C)C(=O)CO,C=C1CC2C3C=CC4=CC(=O)CCC4(C)C3C(O)CC2(C)[C@@]1(O)C(=O)CO
1484,1,C1=CC=CC3=C1N(C2=C(C=CC=C2)S3)CC(N(CC)CC)C,CCN(CC)C(C)CN1c2ccccc2Sc2ccccc21
1485,1,C1=CC=CC2=C1N(C3=C(CC2=O)C=CC=C3)CCCN(C)C,CN(C)CCCN1c2ccccc2CC(=O)c2ccccc21
1486,1,[C@]235[C@H]([C@H](N(CC1CC1)CC2)CC4=C3C(=CC=C4)O)CCC(C5)=O,O=C1CC[C@H]2[C@H]3Cc4cccc(O)c4[C@@]2(CCN3CC2CC2)C1
1487,1,C13(C4=C(C(C2=C1C=CC=C2)CC3)C=CC=C4)C[C@H](CNC)O,CNC[C@H](O)CC12CCC(c3ccccc31)c1ccccc12
1488,1,C3=C(C(CC2N(C(CC(C1=CC=CC=C1)=O)CCC2)C)O)C=CC=C3,CN1C(CC(=O)c2ccccc2)CCCC1CC(O)c1ccccc1
1489,1,C1=CC(=NN=C1C2=C(Cl)C=CC=C2)N3CCC(O)CC3,OC1CCN(c2ccc(-c3ccccc3Cl)nn2)CC1
1490,1,C1=CC(=CC(=C1\C(=C\[N]2C=NC=N2)Cl)Cl)Cl,Cl/C(=C\n1cncn1)c1ccc(Cl)cc1Cl
1491,1,[C@@H]1([C@H]3[C@@H](CC2=C1C=C(Cl)C=C2)CN(C3)C)C4=CC=CC=C4,CN1C[C@@H]2Cc3ccc(Cl)cc3[C@@H](c3ccccc3)[C@@H]2C1
1492,1,C1=CC=CC3=C1C4=C(C2=C(C=CC=C2)O3)CCN(CC4)C,CN1CCC2=C(CC1)c1ccccc1Oc1ccccc12
1493,1,C3=C(CN2CCN(C1=C(OC(C)C)C=CC=C1)CC2)C=CC=C3C(=O)N4CCCCC4.C(C(=O)O)CC(=O)O,CC(C)Oc1ccccc1N1CCN(Cc2cccc(C(=O)N3CCCCC3)c2)CC1.O=C(O)CCC(=O)O
1494,1,C2=C(OC(OC1=CC=CC=C1)CN(C)C)C=CC=C2,CN(C)CC(Oc1ccccc1)Oc1ccccc1
1495,1,C1=CC(=CC(=C1OC)OC)CCN2CCN(CC2)C3=CC(=CC=C3)Cl,COc1ccc(CCN2CCN(c3cccc(Cl)c3)CC2)cc1OC
1496,1,C1=C([N+](=O)[O-])C=CC2=C1C(=NCC(N2C)=O)C3=CCCCC3,CN1C(=O)CN=C(C2=CCCCC2)c2cc([N+](=O)[O-])ccc21
1497,1,C2=C(C1(C(N(C)C(N1)=O)=O)CC)C=CC=C2,CCC1(c2ccccc2)NC(=O)N(C)C1=O
1498,1,C2=C(C1(C(N(C(NC1=O)=O)C)=O)CC)C=CC=C2,CCC1(c2ccccc2)C(=O)NC(=O)N(C)C1=O
1499,1,[C@H]12[C@@]([C@](C(CO)=O)(O)[C@H](C1)C)(CC(=O)[C@H]3[C@H]2CCC4=CC(=O)C=C[C@]34C)C,C[C@H]1C[C@H]2[C@@H]3CCC4=CC(=O)C=C[C@]4(C)[C@H]3C(=O)C[C@]2(C)[C@@]1(O)C(=O)CO
1500,1,C1=C(Br)C=CC2=C1C(=NCC(N2C)COC)C3=CC=CC=C3Cl,COCC1CN=C(c2ccccc2Cl)c2cc(Br)ccc2N1C
1501,1,C1=CC=CC(=C1)C(=O)C(C)N(C)C,CC(C(=O)c1ccccc1)N(C)C
1502,1,C1=CC=CC2=C1C(CC3=C(N2C)C=CC=C3)NC,CNC1Cc2ccccc2N(C)c2ccccc21
1503,1,C1=C(C=C(C=C1OCC2CNC(O2)=O)C)C,Cc1cc(C)cc(OCC2CNC(=O)O2)c1
1504,1,C1=CC(=CC2=C1CC3C(C2(CCN3C)C)C)O,CC1C2Cc3ccc(O)cc3C1(C)CCN2C
1505,1,C1=CC=CC=C1C(C2=CC=CC=C2)(C(CC)=O)CC(N(C)C)C,CCC(=O)C(CC(C)N(C)C)(c1ccccc1)c1ccccc1
1506,1,C1=CC=CC=C1/C=C/C2C(NC(O2)(C)C)=O,CC1(C)NC(=O)C(/C=C/c2ccccc2)O1
1507,1,[C@H]24[C@H]1[C@@]([C@](C(COC(C)=O)=O)(O)CC1)(C[C@@H]([C@@H]2[C@@]3(C(=CC(=O)C=C3)[C@H](C4)C)C)O)C,CC(=O)OCC(=O)[C@@]1(O)CC[C@H]2[C@@H]3C[C@H](C)C4=CC(=O)C=C[C@]4(C)[C@H]3[C@@H](O)C[C@@]21C
1508,1,[C@H]24[C@H]1[C@@]([C@](C(COC(CCC(O)=O)=O)=O)(O)CC1)(C[C@@H]([C@@H]2[C@@]3(C(=CC(=O)C=C3)[C@H](C4)C)C)O)C,C[C@H]1C[C@@H]2[C@H]([C@@H](O)C[C@@]3(C)[C@H]2CC[C@]3(O)C(=O)COC(=O)CCC(=O)O)[C@@]2(C)C=CC(=O)C=C12
1509,1,C1=NC=C([N]1C(C2=CC=CC=C2)C)C(=O)OC,COC(=O)c1cncn1C(C)c1ccccc1
1510,1,C1=CC=CC2=C1N(CC3=C(C2)C=CC=C3)CCCNC,CNCCCN1Cc2ccccc2Cc2ccccc21
1511,1,C1=CC(=CC3=C1[N]2C(=CN=C2C)CN=C3C4=CC=CC=C4F)Cl,Cc1ncc2n1-c1ccc(Cl)cc1C(c1ccccc1F)=NC2
1512,1,C1=CC(=CC2=C1N(C(=O)N2)CCCN4CCC(C(C3=CC=C(F)C=C3)=O)CC4)Cl,O=C(c1ccc(F)cc1)C1CCN(CCCn2c(=O)[nH]c3cc(Cl)ccc32)CC1
1513,1,C1=C(OC)C(=CC2=C1C(=C(C)[NH]2)CCN4CCN(C3=CC=CC=C3OC)CC4)OC,COc1cc2[nH]c(C)c(CCN3CCN(c4ccccc4OC)CC3)c2cc1OC
1514,1,[C@]1([C@H](C1)CN)(C(=O)N(CC)CC)C2=CC=CC=C2.[H+].[Cl-],CCN(CC)C(=O)[C@]1(c2ccccc2)C[C@@H]1CN.[Cl-].[H+]
1515,1,C1=CC(=CC2=C1C(=C([NH]2)C)C4CCN(CCCC(C3=CC=C(F)C=C3)=O)CC4)OC,COc1ccc2c(C3CCN(CCCC(=O)c4ccc(F)cc4)CC3)c(C)[nH]c2c1
1516,1,C1=NC=CN=C1N(C3CCN(CCC2=CC=CC=C2)CC3)C(C4=CC=CO4)=O,O=C(c1ccco1)N(c1cnccn1)C1CCN(CCc2ccccc2)CC1
1517,1,C1=CN=C(C(=N1)N2CCCCC2)C,Cc1nccnc1N1CCCCC1
1518,1,[C@]3(C1=CC=CC=C1)(C(C2=C(C=CC=C2)CC3)=O)CCN(C)C,CN(C)CC[C@]1(c2ccccc2)CCc2ccccc2C1=O
1519,1,C5CC(CN1CCC(C1)c2ccccc2)c4ccc3OCOc3c4C5,c1ccc(C2CCN(CC3CCCc4c3ccc3c4OCO3)C2)cc1
1520,1,C1=C4C(=C2C(=C1)C=CC=C2)CC3CN(C)CC(C3(O4)O)C,CC1CN(C)CC2Cc3c(ccc4ccccc34)OC12O
1521,1,C(C1(C(NC(=O)NC1=O)=O)CC=C)C(C)(C)C,C=CCC1(CC(C)(C)C)C(=O)NC(=O)NC1=O
1522,1,C1=CC=CC3=C1C(C2=CC=CC=C2)OCCN(C3)C,CN1CCOC(c2ccccc2)c2ccccc2C1
1523,1,C2=C1C(=NN=C(CC1=CC(=C2OC)OC)C)C3=CC=C(N)C=C3,COc1cc2c(cc1OC)C(c1ccc(N)cc1)=NN=C(C)C2
1524,1,C1=CC(=C3C2=C1CC6C4C2(C(O3)C(CC4)OC(C5=CN=CC=C5)=O)CCN6C)OC,COc1ccc2c3c1OC1C(OC(=O)c4cccnc4)CCC4C(C2)N(C)CCC341
1525,1,C2=C(C(C1=CC=CC=C1)(CCN(C)C)C(CC)=O)C=CC=C2,CCC(=O)C(CCN(C)C)(c1ccccc1)c1ccccc1
1526,1,C3=C(N(C2CCN(CCC1=CC=CC=C1)CC2)C(COC)=O)C(=CC=C3)F,COCC(=O)N(c1ccccc1F)C1CCN(CCc2ccccc2)CC1
1527,1,C1=C3C(=CC=C1)N=C2SC(=CC2=C(N3)N4CCN(CC4)C)C,Cc1cc2c(s1)=Nc1ccccc1NC=2N1CCN(C)CC1
1528,1,C1=CC=CC2=C1N(C3=C(C=C2)C=CC=C3)CCCN4CCN(CCO)CC4,OCCN1CCN(CCCN2c3ccccc3C=Cc3ccccc32)CC1
1529,1,O1CCCCC1C(=O)N,NC(=O)C1CCCCO1
1530,1,[C@@]12(C3=C(NC(CN1C[C@H](O2)C)=O)C=CC(=C3)Cl)C4=CC=CC=C4,C[C@@H]1CN2CC(=O)Nc3ccc(Cl)cc3[C@]2(c2ccccc2)O1
1531,1,[C@]235[C@]([C@H](N(CC1CC1)CC2)CC4=C3C=C(O)C=C4)(CCCC5)O,Oc1ccc2c(c1)[C@@]13CCCC[C@@]1(O)[C@@H](C2)N(CC1CC1)CC3
1532,1,C1=CC=CC3=C1N(C2=C(C=CC=C2)[S]3(=O)=O)CC(CN(C)C)C,CC(CN(C)C)CN1c2ccccc2S(=O)(=O)c2ccccc21
1533,1,C1=C(OC)C(=CC2=C1C(=C(C)[NH]2)CCN4CCN(C3=CC=CC=C3)CC4)OC,COc1cc2[nH]c(C)c(CCN3CCN(c4ccccc4)CC3)c2cc1OC
1534,1,C1=C(OC)C=CC3=C1N(C2=C(C=CC=C2)S3)CCC4N(CCCC4)C,COc1ccc2c(c1)N(CCC1CCCCN1C)c1ccccc1S2
1535,1,C(C)C1(C)C(=O)N(C(O1)=O)C,CCC1(C)OC(=O)N(C)C1=O
1536,1,[C@]12(C(=CC(C=C1)=O)[C@H](C[C@H]3[C@H]4[C@](C[C@@H]([C@H]23)O)([C@](C(=O)CO)(O)[C@@H](C4)C)C)F)C,C[C@@H]1C[C@H]2[C@@H]3C[C@H](F)C4=CC(=O)C=C[C@]4(C)[C@H]3[C@@H](O)C[C@]2(C)[C@@]1(O)C(=O)CO
1537,1,C1=C(NC(CC)=O)C=CC(=C1)O,CCC(=O)Nc1ccc(O)cc1
1538,1,C1=CC=CC2=C1N(C(CO2)=O)CC(N)=O,NC(=O)CN1C(=O)COc2ccccc21
1539,1,C2C1=NN=N[N]1CCCC2,C1CCc2nnnn2CC1
1540,1,C1=C(C=CC3=C1N(CCCN2CCC(CC2)O)C4=C(S3)C=CC=C4)C#N,N#Cc1ccc2c(c1)N(CCCN1CCC(O)CC1)c1ccccc1S2
1541,1,C1=C(OC)C=CC3=C1N(C2=C(C=CC=C2)S3)CC(CN4CCC(O)CC4)C,COc1ccc2c(c1)N(CC(C)CN1CCC(O)CC1)c1ccccc1S2
1542,1,C2=C(C1=CC=CC=C1)ON=C2C(CN3CCCCC3)O,OC(CN1CCCCC1)c1cc(-c2ccccc2)on1
1543,1,C1=C(C(C(C)(C)O)(C)O)C=CC(=C1)Cl,CC(C)(O)C(C)(O)c1ccc(Cl)cc1
1544,1,[C@H]2(C1=CC=CC=C1)[C@@H](N(CCO2)C)C,C[C@H]1[C@H](c2ccccc2)OCCN1C
1545,1,[Cl].C1=CC=CC=C1CCNN,NNCCc1ccccc1.[Cl]
1546,1,C1=CC=CC=C1CC(NN)C,CC(Cc1ccccc1)NN
1547,1,C1=C(O)C=CC4=C1C35C(C(N(CCC2=CC=CC=C2)CC3)C4)CCCC5,Oc1ccc2c(c1)C13CCCCC1C(C2)N(CCc1ccccc1)CC3
1548,1,C1=CC=CC3=C1C(C2=C(C=CC=C2)S3)=C4CCN(C)CC4,CN1CCC(=C2c3ccccc3Sc3ccccc32)CC1
1549,1,C3=C(C1(C(OCC)=O)CCN(CC1)CCCNC2=CC=CC=C2)C=CC=C3,CCOC(=O)C1(c2ccccc2)CCN(CCCNc2ccccc2)CC1
1550,1,C1=C(Cl)C=CC2=C1C(=NCC(N2CC#C)=O)C3=CC=CC=C3,C#CCN1C(=O)CN=C(c2ccccc2)c2cc(Cl)ccc21
1551,1,C1=C([S](N(C)C)(=O)=O)C=CC3=C1N(C2=C(C=CC=C2)S3)CCCN4CCC(CCO)CC4,CN(C)S(=O)(=O)c1ccc2c(c1)N(CCCN1CCC(CCO)CC1)c1ccccc1S2
1552,1,C1=C(C=CC=C1)C(C2=CC=CC=C2)(C3NCCCC3)O,OC(c1ccccc1)(c1ccccc1)C1CCCCN1
1553,1,C1=CSC2=C1C(C3=C(CC2)C=CC=C3)=C4CCN(CC4)C,CN1CCC(=C2c3ccccc3CCc3sccc32)CC1
1554,1,C1=CC=CC2=C1N(C3=C(CC2)C=CC=C3)CCCN(C)C,CN(C)CCCN1c2ccccc2CCc2ccccc21
1555,1,[C@]34([C@H]([C@H]2[C@@H]([C@@]1(C(=CC(=O)C=C1)CC2)C)[C@H](C3)O)CC[C@@]4(C(COC(C)=O)=O)O)C,CC(=O)OCC(=O)[C@@]1(O)CC[C@H]2[C@@H]3CCC4=CC(=O)C=C[C@]4(C)[C@H]3[C@@H](O)C[C@@]21C
1556,1,[C@]14([C@@](C(=O)COC(CCC(=O)[O-])=O)(CC[C@H]1[C@@H]3CCC2=CC(C=C[C@@]2([C@H]3[C@H](C4)O)C)=O)O)C.[Na+],C[C@]12C=CC(=O)C=C1CC[C@@H]1[C@@H]2[C@@H](O)C[C@@]2(C)[C@H]1CC[C@]2(O)C(=O)COC(=O)CCC(=O)[O-].[Na+]
1557,1,C(C)CCC(=O)OC3(CCC4C2CCC1=CC(=O)C=CC1(C)C2C(O)CC34C)C(=O)CO,CCCCC(=O)OC1(C(=O)CO)CCC2C3CCC4=CC(=O)C=CC4(C)C3C(O)CC21C
1558,1,C1=C2C(=C([N]1C)C)C(=NCC(N2)=O)C3=CC=CC=C3,Cc1c2c(cn1C)NC(=O)CN=C2c1ccccc1
1559,1,C1=C(C(=CC=C1C#N)OC)C(NCCN3CCC(C(C2=CC=C(F)C=C2)=O)CC3)=O,COc1ccc(C#N)cc1C(=O)NCCN1CCC(C(=O)c2ccc(F)cc2)CC1
1560,1,[C@@]23(F)C1(C(=CC(=O)C=C1)[C@@H](F)CC2C5C(CC3O)([C@]4(C(=O)COC(=O)CC)OC(O[C@@H]4C5)(C)C)C)C,CCC(=O)OCC(=O)[C@@]12OC(C)(C)O[C@@H]1CC1C3C[C@H](F)C4=CC(=O)C=CC4(C)[C@@]3(F)C(O)CC12C
1561,1,C1=CC=CC=C1C2CN(C(NCCC)=O)C(O2)=O,CCCNC(=O)N1CC(c2ccccc2)OC1=O
1562,1,C1=CC=CC2=C1N(C3=C(S2)C=CC=C3)CC(C)N(C)C,CC(CN1c2ccccc2Sc2ccccc21)N(C)C
1563,1,C1=NC=C([N]1C(C2=CC=CC=C2)C)C(OCCC)=O,CCCOC(=O)c1cncn1C(C)c1ccccc1
1564,1,C1=C([S](N)(=O)=O)C=CC(=C1C(NCC2N(CCC2)CCC)=O)OC,CCCN1CCCC1CNC(=O)c1cc(S(N)(=O)=O)ccc1OC
1565,1,C1=CC=CC2=C1N(C3=C(S2)C=CC=N3)CCCN(C)C,CN(C)CCCN1c2ccccc2Sc2cccnc21
1566,1,C(C1(C(C=CNC1=O)=O)CC)C,CCC1(CC)C(=O)C=CNC1=O
1567,1,C2=C(C(C(N1CCCC1)CCC)=O)C=CC(=C2)C,CCCC(C(=O)c1ccc(C)cc1)N1CCCC1
1568,1,C1=CC=CC4=C1N(C2C3CCN(C2)CC3)C5=C(CC4)C=CC=C5,c1ccc2c(c1)CCc1ccccc1N2C1CN2CCC1CC2
1569,1,C1=C(Cl)C(=C(C=C1)C)NC(=O)/C=C/2SCC(=O)N2C,Cc1cccc(Cl)c1NC(=O)/C=C1\SCC(=O)N1C
1570,1,C3=C(N2C1=C([NH]N=C1N(C(=O)CC2=O)C)C)C=CC=C3,Cc1[nH]nc2c1N(c1ccccc1)C(=O)CC(=O)N2C
1571,1,[C@H](C1=CC=CC=C1)([C@@H]2CNCCO2)OC3=CC=CC=C3OCC,CCOc1ccccc1O[C@@H](c1ccccc1)[C@@H]1CNCCO1
1572,1,[C@H]2(CNC(C1=C(C=CC(=C1OC)Br)OC)=O)N(CCC2)CC,CCN1CCC[C@H]1CNC(=O)c1c(OC)ccc(Br)c1OC
1573,1,C1=CC=CC4=C1C(N(CCCN3CCN(C2=NC=CC=N2)CC3)[S]4(=O)=O)=O,O=C1c2ccccc2S(=O)(=O)N1CCCN1CCN(c2ncccn2)CC1
1574,1,[H+].C1=C(OC(F)(F)F)C=CC2=C1SC(=N2)N.[Cl-],Nc1nc2ccc(OC(F)(F)F)cc2s1.[Cl-].[H+]
1575,1,COC(C(F)Br)(F)F,COC(F)(F)C(F)Br
1576,1,C1=C(C(=C(C=C1C(\C=C\N2CC=CC2)=O)OC)OC)OC,COc1cc(C(=O)/C=C/N2CC=CC2)cc(OC)c1OC
1577,1,O=C1N2C(CC1)CCC2=O,O=C1CCC2CCC(=O)N12
1578,1,C4=C(C(N2CCN(\N=C\C1=NC(=CC=C1)C)CC2)C3=CC=CC=C3)C=CC=C4,Cc1cccc(/C=N/N2CCN(C(c3ccccc3)c3ccccc3)CC2)n1
1579,1,C1=C(C(N)=O)N=N[N]1CC2=C(C=CC=C2F)F,NC(=O)c1cn(Cc2c(F)cccc2F)nn1
1580,1,C1=CC=CC2=C1N=C(S2)N(C4CCN(CC(COC3=CC=C(C=C3)F)O)CC4)C,CN(c1nc2ccccc2s1)C1CCN(CC(O)COc2ccc(F)cc2)CC1
1581,1,NCCC(Oc1ccc(cc1)C(F)(F)F)c2ccccc2,NCCC(Oc1ccc(C(F)(F)F)cc1)c1ccccc1
1582,1,C4=C(C(C3CCN(CCC1=C(N=C2N(C1=O)CCS2)C)CC3)=O)C=CC(=C4)F,Cc1nc2n(c(=O)c1CCN1CCC(C(=O)c3ccc(F)cc3)CC1)CCS2
1583,1,C3=C(C2=C(N=C(N1CCN(C)CC1)N=C2)N)C(=C(C=C3Cl)Cl)Cl,CN1CCN(c2ncc(-c3cc(Cl)cc(Cl)c3Cl)c(N)n2)CC1
1584,1,[C@@H]3(C1=CC=C(Cl)C=C1)[C@H]2CC[C@@H](C2)C34CCC(=N4)N5CCOCC5,Clc1ccc([C@@H]2[C@H]3CC[C@@H](C3)C23CCC(N2CCOCC2)=N3)cc1
1585,1,C1=C(Cl)C=CC2=C1C(=NCC(=S)N2C)C3=CC=CC=C3,CN1C(=S)CN=C(c2ccccc2)c2cc(Cl)ccc21
1586,1,C(C([S](CC)(=O)=O)([S](CC)(=O)=O)C)C,CCC(C)(S(=O)(=O)CC)S(=O)(=O)CC
1587,1,C1=C([S](=O)(=O)N)C=CC(=C1C(NCC2N(CC)CCC2)=O)OC,CCN1CCCC1CNC(=O)c1cc(S(N)(=O)=O)ccc1OC
1588,1,C1=CC=CC3=C1C(N(C2C(NCCC2)=O)[S]3(=O)=O)=O,O=C1NCCCC1N1C(=O)c2ccccc2S1(=O)=O
1589,1,C5=C2C1=C(CCC4=C(C1CN3CCCCC23)C=CC=C4)C=C5,c1ccc2c(c1)CCc1cccc3c1C2CN1CCCCC31
1590,1,C(C(C)C1(CC=C)C(=O)NC(NC1=O)=O)C,C=CCC1(C(C)CC)C(=O)NC(=O)NC1=O
1591,1,C3=C2C(=NC1=CSC=C1C(/C2=CS3)=C/C#N)N4CCN(C)CC4,CN1CCN(C2=Nc3cscc3/C(=C/C#N)c3cscc32)CC1
1592,1,C1=CC=CC(=C1CC2=CC=CS2)OCC3OCCNC3.O=C(O)\C=C/C(=O)O,O=C(O)/C=C\C(=O)O.c1csc(Cc2ccccc2OCC2CNCCO2)c1
1593,1,C1=C(Cl)C=CC2=C1C(=NCC(=O)N2C)C3=CCCCC3,CN1C(=O)CN=C(C2=CCCCC2)c2cc(Cl)ccc21
1594,1,C(C1(C(CCC)CC)C(NC(=S)NC1=O)=O)C,CCCC(CC)C1(CC)C(=O)NC(=S)NC1=O
1595,1,C1=C([S](C)(=O)=O)C=CC(=C1C(NCCN(CC)CC)=O)OC,CCN(CC)CCNC(=O)c1cc(S(C)(=O)=O)ccc1OC
1596,1,[C@]14([C@](OC(=O)CC)([C@@H](CC1C3[C@@](F)(C2(C(=CC(=O)C=C2)[C@@H](F)C3)C)[C@@H](O)C4)C)C(SC)=O)C,CCC(=O)O[C@]1(C(=O)SC)[C@H](C)CC2C3C[C@H](F)C4=CC(=O)C=CC4(C)[C@@]3(F)[C@@H](O)C[C@@]21C
1597,1,C1=CSC2=C1N(C3=C(C=C2)C=CC=C3)CCCN(C)C,CN(C)CCCN1c2ccccc2C=Cc2sccc21
1598,1,C1=C(SC=C1)C2(C(CCCC2)=O)NCC,CCNC1(c2cccs2)CCCCC1=O
1599,1,CSC(=O)C3(O)C(C)CC4C2CCC1=CC(=O)C=CC1(C)C2(F)C(O)CC34C,CSC(=O)C1(O)C(C)CC2C3CCC4=CC(=O)C=CC4(C)C3(F)C(O)CC21C
1600,1,C1=CC(=CC=C1B2OCC(CCC)(C)CO2)C,CCCC1(C)COB(c2ccc(C)cc2)OC1
1601,1,C2=C(N1CC(CO)OC1=O)C=CC=C2C,Cc1cccc(N2CC(CO)OC2=O)c1
1602,1,C1=CC=CC(=C1N3CCN(CCCOC2=CC=CC=N2)CC3)C,Cc1ccccc1N1CCN(CCCOc2ccccn2)CC1
1603,1,[C@H]2(C1=CC(=C(OC)C=C1CCN(C2)C)OC)C3=CC=CC=C3,COc1cc2c(cc1OC)[C@@H](c1ccccc1)CN(C)CC2
1604,1,[C@@]45([C@@]3([C@H]([C@H]2[C@]([C@@]1(C(=CC(=O)C=C1)CC2)C)(F)[C@H](C3)O)C[C@H]4OC(O5)(C)C)C)C(CO)=O,CC1(C)O[C@@H]2C[C@H]3[C@@H]4CCC5=CC(=O)C=C[C@]5(C)[C@@]4(F)[C@@H](O)C[C@]3(C)[C@]2(C(=O)CO)O1
1605,1,[C@]34([C@H]([C@H]2[C@]([C@@]1(C(=CC(=O)C=C1)CC2)C)(F)[C@H](C3)O)C[C@H]([C@@]4(C(COC(C)=O)=O)O)OC(C)=O)C,CC(=O)OCC(=O)[C@@]1(O)[C@H](OC(C)=O)C[C@H]2[C@@H]3CCC4=CC(=O)C=C[C@]4(C)[C@@]3(F)[C@@H](O)C[C@@]21C
1606,1,[C@@]45([C@@]3([C@H]([C@H]2[C@]([C@@]1(C(=CC(=O)C=C1)CC2)C)(F)[C@H](C3)O)C[C@H]4OC(O5)(C)C)C)C(COC(CC(C)(C)C)=O)=O,CC(C)(C)CC(=O)OCC(=O)[C@@]12OC(C)(C)O[C@@H]1C[C@H]1[C@@H]3CCC4=CC(=O)C=C[C@]4(C)[C@@]3(F)[C@@H](O)C[C@@]12C
1607,1,C1=C(NC(C(Cl)(Cl)Cl)=O)C=CC(=C1)O,O=C(Nc1ccc(O)cc1)C(Cl)(Cl)Cl
1608,1,C1=C(C(F)(F)F)C=CC3=C1N(C2=CC=CC=C2)C(CC(N3C)=O)=O,CN1C(=O)CC(=O)N(c2ccccc2)c2cc(C(F)(F)F)ccc21
1609,1,C1=CC=C2C(=C1)SC3=C(N2CC(C)CN(C)C)C=C(C=C3)C(F)(F)F,CC(CN(C)C)CN1c2ccccc2Sc2ccc(C(F)(F)F)cc21
1610,1,C1=C(C=CC3=C1N(CCCN2CCN(CC2)C)C4=C(S3)C=CC=C4)C(F)(F)F,CN1CCN(CCCN2c3ccccc3Sc3ccc(C(F)(F)F)cc32)CC1
1611,1,C(C(C(N)=O)(CC)CC)C=C,C=CCC(CC)(CC)C(N)=O
1612,1,C(C(C(CC)C)C(N)=O)C,CCC(C)C(CC)C(N)=O
1613,1,[C@@H]1(C[C@H]3[C@H]2[C@@]1(O[C@H](O[C@H]2OC)[C@@H]3C)CN4CCCCC4)O,CO[C@@H]1O[C@H]2O[C@@]3(CN4CCCCC4)[C@@H]1[C@H](C[C@@H]3O)[C@H]2C
1614,1,C(C(CCC)C(N)=O)CC,CCCC(CCC)C(N)=O
1615,1,C(C(C1(C(NC(=O)NC1=O)=O)C=C)C)CC,C=CC1(C(C)CCC)C(=O)NC(=O)NC1=O
1616,1,C1=C(OC)C=CC2=NC=CC(=C12)CCCC3C(CNCC3)C=C,C=CC1CNCCC1CCCc1ccnc2ccc(OC)cc12
1617,1,C(OC1=NSN=C1C2=CCCN(C2)C)CCCCC,CCCCCCOc1nsnc1C1=CCCN(C)C1
1618,1,C2=N[N]1C(=CC=NC1=C2C#N)C3=CC(=CC=C3)N(C(C)=O)CC,CCN(C(C)=O)c1cccc(-c2ccnc3c(C#N)cnn23)c1
1619,1,C2=C(\C(C1=CC=CN=C1)=C\CN(C)C)C=CC(=C2)Br,CN(C)C/C=C(/c1ccc(Br)cc1)c1cccnc1
1620,1,C3=C(N2C1=C([N](C)N=C1C)N(C(=O)CC2=O)C)C=CC=C3,Cc1nn(C)c2c1N(c1ccccc1)C(=O)CC(=O)N2C
1621,1,C3=C(C1=NCCN=C2N(NC(=C12)C)C)C=CC=C3Cl,CC1=C2C(c3cccc(Cl)c3)=NCCN=C2N(C)N1
1622,1,[N+](=[N-])=O,[N-]=[N+]=O
1623,1,C1=C(Cl)C(=C(C2=C1NC(=O)C(N2)=O)[N+](=O)[O-])Cl,O=c1[nH]c2cc(Cl)c(Cl)c([N+](=O)[O-])c2[nH]c1=O
1624,1,[C@H]3([N]2C1=C(C(=NC=N1)N)N=C2)[C@@H]([C@@H]([C@H](O3)C[S+](CC[C@@H](C([O-])=O)N)C)O)O,C[S+](CC[C@H](N)C(=O)[O-])C[C@H]1O[C@@H](n2cnc3c(N)ncnc32)[C@H](O)[C@@H]1O
1625,1,[O+]1=N[N](C=C1[N-]C(NC2=CC=CC=C2)=O)C(CC3=CC=CC=C3)C,CC(Cc1ccccc1)n1cc([N-]C(=O)Nc2ccccc2)[o+]n1
1626,1,C1=C(OC)C(=CC2=C1C(=[N+](C(=C2CC)C)[NH-])C3=CC=C(C(=C3)OC)OC)OC,CCc1c(C)[n+]([NH-])c(-c2ccc(OC)c(OC)c2)c2cc(OC)c(OC)cc12
1627,1,[N+](=NCC(=O)N[C@@H]([C@H](O)C1=CC=C([N+]([O-])=O)C=C1)CO)=[N-],[N-]=[N+]=NCC(=O)N[C@H](CO)[C@H](O)c1ccc([N+](=O)[O-])cc1
