,BBBP,smiles,cano_smiles
0,1,[Cl].CC(C)NCC(O)COc1cccc2ccccc12,CC(C)NCC(O)COc1cccc2ccccc12.[Cl]
1,1,C(=O)(OC(C)(C)C)CCCc1ccc(cc1)N(CCCl)CCCl,CC(C)(C)OC(=O)CCCc1ccc(N(CCCl)CCCl)cc1
2,1,c12c3c(N4CCN(C)CC4)c(F)cc1c(c(C(O)=O)cn2C(C)CO3)=O,CC1COc2c(N3CCN(C)CC3)c(F)cc3c(=O)c(C(=O)O)cn1c23
3,1,C1CCN(CC1)Cc1cccc(c1)OCCCNC(=O)C,CC(=O)NCCCOc1cccc(CN2CCCCC2)c1
4,1,Cc1onc(c2ccccc2Cl)c1C(=O)N[C@H]3[C@H]4SC(C)(C)[C@@H](N4C3=O)C(O)=O,Cc1onc(-c2ccccc2Cl)c1C(=O)N[C@@H]1C(=O)N2[C@@H]1SC(C)(C)[C@@H]2C(=O)O
5,1,CCN1CCN(C(=O)N[C@@H](C(=O)N[C@H]2[C@H]3SCC(=C(N3C2=O)C(O)=O)CSc4nnnn4C)c5ccc(O)cc5)C(=O)C1=O,CCN1CCN(C(=O)N[C@@H](C(=O)N[C@@H]2C(=O)N3C(C(=O)O)=C(CSc4nnnn4C)CS[C@H]23)c2ccc(O)cc2)C(=O)C1=O
6,1,CN(C)[C@H]1[C@@H]2C[C@H]3C(=C(O)c4c(O)cccc4[C@@]3(C)O)C(=O)[C@]2(O)C(=O)\C(=C(/O)NCN5CCCC5)C1=O,CN(C)[C@@H]1C(=O)/C(=C(/O)NCN2CCCC2)C(=O)[C@@]2(O)C(=O)C3=C(O)c4c(O)cccc4[C@@](C)(O)[C@H]3C[C@@H]12
7,1,NC(N)=NC(=O)c1nc(Cl)c(N)nc1N,NC(N)=NC(=O)c1nc(Cl)c(N)nc1N
8,0,OCC(C)(O)c1onc(c2ncn3c2CN(C)C(c4c3cccc4Cl)=O)n1,CN1Cc2c(-c3noc(C(C)(O)CO)n3)ncn2-c2cccc(Cl)c2C1=O
9,1,CC1=CN([C@H]2C[C@H](F)[C@@H](CO)O2)C(=O)NC1=O,Cc1cn([C@H]2C[C@H](F)[C@@H](CO)O2)c(=O)[nH]c1=O
10,1,C(Cl)Cl,ClCCl
11,1,C1N(C(CC2CCCCC12)C(NC(C)(C)C)=O)CC(C(Cc1ccccc1)NC(C(NC(c1nc2c(cccc2)cc1)=O)CC(N)=O)=O)O,CC(C)(C)NC(=O)C1CC2CCCCC2CN1CC(O)C(Cc1ccccc1)NC(=O)C(CC(N)=O)NC(=O)c1ccc2ccccc2n1
12,1,CCC(=O)C(CC(C)N(C)C)(c1ccccc1)c2ccccc2,CCC(=O)C(CC(C)N(C)C)(c1ccccc1)c1ccccc1
13,1,CCN1N=NN(CCN2CCC(CC2)(COC)N(C(=O)CC)c3ccccc3)C1=O,CCC(=O)N(c1ccccc1)C1(COC)CCN(CCn2nnn(CC)c2=O)CC1
14,1,CN(C)C(=O)C(CCN1CCC(O)(CC1)c1ccc(Cl)cc1)(c1ccccc1)c1ccccc1,CN(C)C(=O)C(CCN1CCC(O)(c2ccc(Cl)cc2)CC1)(c1ccccc1)c1ccccc1
15,1,CN1C2CCC1CC(C2)OC(=O)[C@H](CO)c3ccccc3,CN1C2CCC1CC(OC(=O)[C@H](CO)c1ccccc1)C2
16,1,COc1ccc(Cl)cc1C(=O)NCCc2ccc(cc2)[S](=O)(=O)NC(=O)NC3CCCCC3,COc1ccc(Cl)cc1C(=O)NCCc1ccc(S(=O)(=O)NC(=O)NC2CCCCC2)cc1
17,1,Nc1nnc(c(N)n1)c2cccc(Cl)c2Cl,Nc1nnc(-c2cccc(Cl)c2Cl)c(N)n1
18,1,CCCC(C)C,CCCC(C)C
19,1,C[C@H](N)Cc1ccccc1,C[C@H](N)Cc1ccccc1
20,0,c1cc2c(cc(CC3=CNC(=NC3=O)NCCSCc3oc(cc3)CN(C)C)cc2)cc1,CN(C)Cc1ccc(CSCCNc2nc(=O)c(Cc3ccc4ccccc4c3)c[nH]2)o1
21,1,CC(C)(C)NCC(O)COc1cccc2C[C@@H](O)[C@@H](O)Cc12,CC(C)(C)NCC(O)COc1cccc2c1C[C@H](O)[C@H](O)C2
22,1,CCC(=O)N(c1ccccc1)C2(CCN(CCc3sccc3)CC2)COC,CCC(=O)N(c1ccccc1)C1(COC)CCN(CCc2cccs2)CC1
23,0,CCNC(=NC#N)NCCSCc1c(cccn1)Br,CCNC(=NC#N)NCCSCc1ncccc1Br
24,1,CN(C)C(=O)Cc1n2cc(C)ccc2nc1c3ccc(C)cc3,Cc1ccc(-c2nc3ccc(C)cn3c2CC(=O)N(C)C)cc1
25,1,CN1CCN(CC1)C2=C3C=CC=CC3=Nc4ccc(Cl)cc4N2,CN1CCN(C2=c3ccccc3=Nc3ccc(Cl)cc3N2)CC1
26,1,FC(F)(F)c1c(Cl)nc(N2CCNCC2)cc1,FC(F)(F)c1ccc(N2CCNCC2)nc1Cl
27,1,O.CCN1CCN(C(=O)N[C@@H](C(=O)N[C@H]2[C@H]3SC(C)(C)[C@@H](N3C2=O)C(O)=O)c4ccccc4)C(=O)C1=O,CCN1CCN(C(=O)N[C@@H](C(=O)N[C@@H]2C(=O)N3[C@@H]2SC(C)(C)[C@@H]3C(=O)O)c2ccccc2)C(=O)C1=O.O
28,1,CCCC(C)C1(CC)C(=O)NC(=O)NC1=O,CCCC(C)C1(CC)C(=O)NC(=O)NC1=O
29,1,C[C@H]1COc2c(N3CCN(C)CC3)c(F)cc4C(=O)C(=CN1c24)C(O)=O,C[C@H]1COc2c(N3CCN(C)CC3)c(F)cc3c(=O)c(C(=O)O)cn1c23
30,1,c1ccc(C(NCCCOc2cc(CN3CCCCC3)ccc2)=O)cc1,O=C(NCCCOc1cccc(CN2CCCCC2)c1)c1ccccc1
31,1,CC(C)(C)OC(=O)C1=C2CN(C(=O)C3=C(N2C=N1)C=CS3)C,CN1Cc2c(C(=O)OC(C)(C)C)ncn2-c2ccsc2C1=O
32,1,CCOC(=O)c1cncn1C(C)c2ccccc2,CCOC(=O)c1cncn1C(C)c1ccccc1
33,1,CN1CCN(CCCN2c3ccccc3Sc4ccc(Cl)cc24)CC1,CN1CCN(CCCN2c3ccccc3Sc3ccc(Cl)cc32)CC1
34,1,IC1=C(N([H])[H])C=CC(C2=NC3=CC=C(O[H])C=C3S2)=C1,Nc1ccc(-c2nc3ccc(O)cc3s2)cc1I
35,1,CN1[C@H]2CCC[C@@H]1CC(C2)NC(=O)c3nn(C)c4ccccc34,CN1[C@@H]2CCC[C@H]1CC(NC(=O)c1nn(C)c3ccccc13)C2
36,1,C[S](=O)(=O)c1ccc(cc1)[C@@H](O)[C@@H](CO)NC(=O)C(Cl)Cl,CS(=O)(=O)c1ccc([C@@H](O)[C@@H](CO)NC(=O)C(Cl)Cl)cc1
37,1,c1ccc(cc1)c1csc(n1)N=C(N)N,NC(N)=Nc1nc(-c2ccccc2)cs1
38,1,CC(N)COc1c(C)cccc1C,Cc1cccc(C)c1OCC(C)N
39,1,CCC(=O)O[C@@](Cc1ccccc1)([C@H](C)CN(C)C)c2ccccc2,CCC(=O)O[C@](Cc1ccccc1)(c1ccccc1)[C@H](C)CN(C)C
40,1,ClC1=CC=C(C2=C1)SC3=C(N2CCCNC)C=CC=C3,CNCCCN1c2ccccc2Sc2ccc(Cl)cc21
41,1,CN(C)Cc1ccc(c2cccc(NC3C([N+]([O-])=O)=CC=N3)c2)o1,CN(C)Cc1ccc(-c2cccc(NC3N=CC=C3[N+](=O)[O-])c2)o1
42,1,Cn1nnnc1SCC2=C(N3[C@H](SC2)[C@H](NC(=O)[C@H](O)c4ccccc4)C3=O)C(O)=O,Cn1nnnc1SCC1=C(C(=O)O)N2C(=O)[C@@H](NC(=O)[C@H](O)c3ccccc3)[C@H]2SC1
43,1,n(ccc1)c(c1)CCN(C)C,CN(C)CCc1ccccn1
44,1,O=C1N(CCC1)CCCCN2CCN(CC2)c3cc(C(F)(F)F)ccn3,O=C1CCCN1CCCCN1CCN(c2cc(C(F)(F)F)ccn2)CC1
45,1,COc1ccc2nccc([C@H](O)[C@H]3C[C@@H]4CCN3C[C@@H]4C=C)c2c1,C=C[C@H]1CN2CC[C@H]1C[C@@H]2[C@@H](O)c1ccnc2ccc(OC)cc12
46,1,c1(ccccc1)CC,CCc1ccccc1
47,1,c1ccc(cc1N)c1csc(n1)N=C(N)N,NC(N)=Nc1nc(-c2cccc(N)c2)cs1
48,1,CC[C@]1(O)C[C@H]2CN(CCc3c([nH]c4ccccc34)[C@@](C2)(C(=O)OC)c5cc6c(cc5OC)N(C)[C@H]7[C@](O)([C@H](OC(C)=O)[C@]8(CC)C=CCN9CC[C@]67[C@H]89)C(=O)OC)C1,CC[C@]1(O)C[C@H]2CN(CCc3c([nH]c4ccccc34)[C@@](C(=O)OC)(c3cc4c(cc3OC)N(C)[C@H]3[C@@](O)(C(=O)OC)[C@H](OC(C)=O)[C@]5(CC)C=CCN6CC[C@]43[C@@H]65)C2)C1
49,1,ClC1=CC=C(SC(C=CC=C2)=C2N3CCCN)C3=C1,NCCCN1c2ccccc2Sc2ccc(Cl)cc21
50,1,CN(C)Cc1ccc(CSCCNC2=C([N+]([O-])=O)C(Cc3ccccc3)=CN2)o1,CN(C)Cc1ccc(CSCCNc2[nH]cc(Cc3ccccc3)c2[N+](=O)[O-])o1
51,0,CNC(=NC#N)Nc1cccc(c1)c1csc(n1)N=C(N)N,CNC(=NC#N)Nc1cccc(-c2csc(N=C(N)N)n2)c1
52,1,[Cl-].CN[C@H]1CC[C@@H](c2ccc(Cl)c(Cl)c2)c3ccccc13.[H+],CN[C@H]1CC[C@@H](c2ccc(Cl)c(Cl)c2)c2ccccc21.[Cl-].[H+]
53,1,CC[C@]1(O)C[C@H]2CN(CCc3c([nH]c4ccccc34)[C@@](C2)(C(=O)OC)c5cc6c(cc5OC)N(C=O)[C@H]7[C@](O)([C@H](OC(C)=O)[C@]8(CC)C=CCN9CC[C@]67[C@H]89)C(=O)OC)C1,CC[C@]1(O)C[C@H]2CN(CCc3c([nH]c4ccccc34)[C@@](C(=O)OC)(c3cc4c(cc3OC)N(C=O)[C@H]3[C@@](O)(C(=O)OC)[C@H](OC(C)=O)[C@]5(CC)C=CCN6CC[C@]43[C@@H]65)C2)C1
54,1,CCC(NC(=O)c1c(c(nc2c1cccc2)c1ccccc1)C)c1ccccc1,CCC(NC(=O)c1c(C)c(-c2ccccc2)nc2ccccc12)c1ccccc1
55,1,ClC1=CC=CC(OC2CCN(CCC3CCCN3S(C4=CC(N([H])C=C5)=C5C=C4)(=O)=O)CC2)=C1,O=S(=O)(c1ccc2cc[nH]c2c1)N1CCCC1CCN1CCC(Oc2cccc(Cl)c2)CC1
56,1,CN(C)Cc1ccnc(c2cccc(NC3C([N+]([O-])=O)=CC=N3)c2)c1,CN(C)Cc1ccnc(-c2cccc(NC3N=CC=C3[N+](=O)[O-])c2)c1
57,1,CNCCCC12CCC(c3ccccc13)c4ccccc24,CNCCCC12CCC(c3ccccc31)c1ccccc12
58,1,N1(Cc2cc(OCCCNc3nccs3)ccc2)CCCCC1,c1cc(CN2CCCCC2)cc(OCCCNc2nccs2)c1
59,0,OC(C)(C)c1onc(c2ncn3c2CN(C)C(c4c3cccc4Cl)=O)n1,CN1Cc2c(-c3noc(C(C)(C)O)n3)ncn2-c2cccc(Cl)c2C1=O
60,1,[Na+].CO\N=C(C(=O)N[C@@H]1[C@@H]2SCC(=C(N2C1=O)C([O-])=O)COC(C)=O)\c3csc(N)n3,CO/N=C(\C(=O)N[C@H]1C(=O)N2C(C(=O)[O-])=C(COC(C)=O)CS[C@@H]12)c1csc(N)n1.[Na+]
61,1,C1=CC=C2C(=C1)C3C(O3)C4=CC=CC=C4N2C(=O)N,NC(=O)N1c2ccccc2C2OC2c2ccccc21
62,1,CCCN(CCc1c2c(c(cc1)O)NC(=O)C2)CCC,CCCN(CCC)CCc1ccc(O)c2c1CC(=O)N2
63,1,Clc1cc2c(Oc3ccccc3C3CN(CC32)C)cc1,CN1CC2c3ccccc3Oc3ccc(Cl)cc3C2C1
64,0,CN(C)Cc1oc(CSCCNC2C([N+]([O-])=O)=CC=N2)cc1,CN(C)Cc1ccc(CSCCNC2N=CC=C2[N+](=O)[O-])o1
65,1,c12c(nc([nH]1)NC(OC)=O)cc(SCCC)cc2,CCCSc1ccc2[nH]c(NC(=O)OC)nc2c1
66,0,c1cccn2c1nc(c2)CCN,NCCc1cn2ccccc2n1
67,1,Cc1ncc(n1CC(O)CCl)[N+]([O-])=O,Cc1ncc([N+](=O)[O-])n1CC(O)CCl
68,1,CCCN(CCc1c2c(ccc1)NC(=O)C2)CCC,CCCN(CCC)CCc1cccc2c1CC(=O)N2
69,1,CN(CCC=C1c2ccccc2CCc2ccccc12)C,CN(C)CCC=C1c2ccccc2CCc2ccccc21
70,1,N1(Cc2cccc(OCCCNc3ccccn3)c2)CCCCC1,c1ccc(NCCCOc2cccc(CN3CCCCC3)c2)nc1
71,1,OC12c3c(Oc4c(C)cccc4C2CNCC1)cccc3,Cc1cccc2c1Oc1ccccc1C1(O)CCNCC21
72,1,[O-][N+](C1=CC=NC1NCCSCc2ncccc2Br)=O,O=[N+]([O-])C1=CC=NC1NCCSCc1ncccc1Br
73,1,c12c3c(C(NC(C)=O)CCc2cc(c(c1OC)OC)OC)cc(=O)c(cc3)OC,COc1cc2c(c(OC)c1OC)-c1ccc(OC)c(=O)cc1C(NC(C)=O)CC2
74,1,C1CCN(CC1)Cc1cc(OCCCO)ccc1,OCCCOc1cccc(CN2CCCCC2)c1
75,1,CCN(CC)C(=O)Nc1ccc(OCC(O)CNC(C)(C)C)c(c1)C(C)=O,CCN(CC)C(=O)Nc1ccc(OCC(O)CNC(C)(C)C)c(C(C)=O)c1
76,1,ClCC(F)(F)F,FC(F)(F)CCl
77,1,CN1C(=O)c2c(cccc2Cl)n2cnc(c2C1)c1noc(n1)C(C)C,CC(C)c1nc(-c2ncn3c2CN(C)C(=O)c2c(Cl)cccc2-3)no1
78,1,CO[C@]1(NC(=O)Cc2sccc2)[C@H]3SCC(=C(N3C1=O)C(O)=O)COC(N)=O,CO[C@@]1(NC(=O)Cc2cccs2)C(=O)N2C(C(=O)O)=C(COC(N)=O)CS[C@@H]21
79,1,NC(CC=C)c1ccccc1c2noc3c2cccc3,C=CCC(N)c1ccccc1-c1noc2ccccc12
80,0,CC(=O)Oc1ccccc1C(O)=O,CC(=O)Oc1ccccc1C(=O)O
81,0,O=C1N=CN=C2NNC=C12,O=c1ncnc2[nH][nH]cc1-2
82,0,CCCCC[C@H](O)/C=C/[C@H]1[C@H](O)CC(=O)[C@@H]1CCCCCCC(O)=O,CCCCC[C@H](O)/C=C/[C@H]1[C@H](O)CC(=O)[C@@H]1CCCCCCC(=O)O
83,0,CCCCc1oc2ccccc2c1C(=O)c3cc(I)c(OCCN(CC)CC)c(I)c3,CCCCc1oc2ccccc2c1C(=O)c1cc(I)c(OCCN(CC)CC)c(I)c1
84,0,CC1(C)S[C@@H]2[C@H](NC(=O)[C@H](N)c3ccccc3)C(=O)N2[C@H]1C(O)=O,CC1(C)S[C@@H]2[C@H](NC(=O)[C@H](N)c3ccccc3)C(=O)N2[C@H]1C(=O)O
85,0,C[C@]1(O)CC[C@H]2[C@@H]3CCC4=CC(=O)CC[C@]4(C)[C@H]3CC[C@]12C,C[C@]12CCC(=O)C=C1CC[C@@H]1[C@@H]2CC[C@@]2(C)[C@H]1CC[C@]2(C)O
86,1,OC(=O)CCC(O)=O.FC(F)(F)c1ccc2Sc3ccccc3N(CCCN4CCN(CCC5OCCCO5)CC4)c2c1,FC(F)(F)c1ccc2c(c1)N(CCCN1CCN(CCC3OCCCO3)CC1)c1ccccc1S2.O=C(O)CCC(=O)O
87,1,OC1N=C(c2ccccc2)c3cc(Cl)ccc3NC1=O,O=C1Nc2ccc(Cl)cc2C(c2ccccc2)=NC1O
88,1,O=C1Nc2ccccc2N1C3CCN(CCOc4ccccc4)CC3,O=c1[nH]c2ccccc2n1C1CCN(CCOc2ccccc2)CC1
89,1,COc1ccc2C[C@H]3N(C)CC[C@@]45[C@@H](Oc1c24)C(=O)CC[C@@]35O,COc1ccc2c3c1O[C@H]1C(=O)CC[C@@]4(O)[C@@H](C2)N(C)CC[C@]314
90,1,CN1CC[C@]23[C@H]4Oc5c(O)ccc(C[C@@H]1[C@]2(O)CCC4=O)c35,CN1CC[C@]23c4c5ccc(O)c4O[C@H]2C(=O)CC[C@@]3(O)[C@H]1C5
91,1,C[C@@H]1[C@H]2Cc3ccc(O)cc3[C@]1(C)CCN2CC=C(C)C,CC(C)=CCN1CC[C@@]2(C)c3cc(O)ccc3C[C@@H]1[C@H]2C
92,1,NC(N)=Nc1scc(CSCCC(N)=N[S](N)(=O)=O)n1,NC(N)=Nc1nc(CSCCC(N)=NS(N)(=O)=O)cs1
93,1,OC(Cn1cncn1)(Cn2cncn2)c3ccc(F)cc3F,OC(Cn1cncn1)(Cn1cncn1)c1ccc(F)cc1F
94,1,[Na+].[Na+].[Na+].[O-]C(=O)[P]([O-])([O-])=O,O=C([O-])P(=O)([O-])[O-].[Na+].[Na+].[Na+]
95,1,NCC1(CCCCC1)CC(O)=O,NCC1(CC(=O)O)CCCCC1
96,0,[Na+].CCOc1ccc2ccccc2c1C(=O)N[C@H]3[C@H]4SC(C)(C)[C@@H](N4C3=O)C([O-])=O,CCOc1ccc2ccccc2c1C(=O)N[C@@H]1C(=O)N2[C@@H]1SC(C)(C)[C@@H]2C(=O)[O-].[Na+]
97,0,CCN1C=C(C(O)=O)C(=O)c2ccc(C)nc12,CCn1cc(C(=O)O)c(=O)c2ccc(C)nc21
98,0,Cc1c(O)cccc1C(=O)N[C@@H](CSc2ccccc2)[C@H](O)CN3C[C@H]4CCCC[C@H]4C[C@H]3C(=O)NC(C)(C)C,Cc1c(O)cccc1C(=O)N[C@@H](CSc1ccccc1)[C@H](O)CN1C[C@H]2CCCC[C@H]2C[C@H]1C(=O)NC(C)(C)C
99,0,COc1ccc(CCN2CCC(CC2)Nc3nc4ccccc4n3Cc5ccc(F)cc5)cc1,COc1ccc(CCN2CCC(Nc3nc4ccccc4n3Cc3ccc(F)cc3)CC2)cc1
100,0,C[C@H]1C[C@H]2[C@@H]3CCC4=CC(=O)C=C[C@]4(C)[C@@]3(F)[C@@H](O)C[C@]2(C)[C@@]1(O)C(=O)CO,C[C@H]1C[C@H]2[C@@H]3CCC4=CC(=O)C=C[C@]4(C)[C@@]3(F)[C@@H](O)C[C@]2(C)[C@@]1(O)C(=O)CO
101,0,CC1(C)S[C@@H]2[C@H](NC(=O)C(C(O)=O)c3ccccc3)C(=O)N2[C@H]1C(O)=O,CC1(C)S[C@@H]2[C@H](NC(=O)C(C(=O)O)c3ccccc3)C(=O)N2[C@H]1C(=O)O
102,0,CC(C)(C)NCC(O)COc1cccc2NC(=O)CCc12,CC(C)(C)NCC(O)COc1cccc2c1CCC(=O)N2
103,0,[Na+].Cc1sc(SCC2=C(N3[C@H](SC2)[C@H](NC(=O)Cn4cnnn4)C3=O)C([O-])=O)nn1,Cc1nnc(SCC2=C(C(=O)[O-])N3C(=O)[C@@H](NC(=O)Cn4cnnn4)[C@H]3SC2)s1.[Na+]
104,0,CC(=O)OCC1=C(N2[C@H](SC1)[C@H](NC(=O)CSc3ccncc3)C2=O)C(O)=O,CC(=O)OCC1=C(C(=O)O)N2C(=O)[C@@H](NC(=O)CSc3ccncc3)[C@H]2SC1
105,0,OC(=O)CCCc1ccc(cc1)N(CCCl)CCCl,O=C(O)CCCc1ccc(N(CCCl)CCCl)cc1
106,1,CCCN1C[C@H](CSC)C[C@H]2[C@H]1Cc3c[nH]c4cccc2c34,CCCN1C[C@H](CSC)C[C@@H]2c3cccc4[nH]cc(c34)C[C@H]21
107,1,OCCN1CCN(CCCN2c3ccccc3Sc4ccc(Cl)cc24)CC1,OCCN1CCN(CCCN2c3ccccc3Sc3ccc(Cl)cc32)CC1
108,1,CCOC(=O)C1(CCN(C)CC1)c2ccccc2,CCOC(=O)C1(c2ccccc2)CCN(C)CC1
109,1,C1CCN(CC1)C2(CCCCC2)c3ccccc3,c1ccc(C2(N3CCCCC3)CCCCC2)cc1
110,1,NNCCc1ccccc1.O[S](O)(=O)=O,NNCCc1ccccc1.O=S(=O)(O)O
111,1,NC(=O)OCCCc1ccccc1,NC(=O)OCCCc1ccccc1
112,1,CNC(=O)Oc1ccc2N(C)[C@H]3N(C)CC[C@@]3(C)c2c1,CNC(=O)Oc1ccc2c(c1)[C@]1(C)CCN(C)[C@@H]1N2C
113,0,COc1ccc2nc([nH]c2c1)[S](=O)Cc3ncc(C)c(OC)c3C,COc1ccc2nc(S(=O)Cc3ncc(C)c(OC)c3C)[nH]c2c1
114,0,Cc1onc(c2ccccc2)c1C(=O)N[C@H]3[C@H]4SC(C)(C)[C@@H](N4C3=O)C(O)=O,Cc1onc(-c2ccccc2)c1C(=O)N[C@@H]1C(=O)N2[C@@H]1SC(C)(C)[C@@H]2C(=O)O
115,1,OC[C@H]1O[C@H](C[C@@H]1O)n2cnc3[C@H](O)CN=CNc23,OC[C@H]1O[C@@H](n2cnc3c2NC=NC[C@H]3O)C[C@@H]1O
116,0,CC1(C)S[C@@H]2[C@H](NC(=O)COc3ccccc3)C(=O)N2[C@H]1C([O-])=O,CC1(C)S[C@@H]2[C@H](NC(=O)COc3ccccc3)C(=O)N2[C@H]1C(=O)[O-]
117,0,OCC(NC(=O)C(Cl)Cl)C(O)c1ccc(cc1)[N+]([O-])=O,O=C(NC(CO)C(O)c1ccc([N+](=O)[O-])cc1)C(Cl)Cl
118,0,CCCNC(=O)N[S](=O)(=O)c1ccc(Cl)cc1,CCCNC(=O)NS(=O)(=O)c1ccc(Cl)cc1
119,0,CN(C)[C@H]1[C@@H]2C[C@H]3C(=C(O)c4c(O)ccc(Cl)c4[C@@]3(C)O)C(=O)[C@]2(O)C(=O)\C(=C(N)/O)C1=O,CN(C)[C@@H]1C(=O)/C(=C(\N)O)C(=O)[C@@]2(O)C(=O)C3=C(O)c4c(O)ccc(Cl)c4[C@@](C)(O)[C@H]3C[C@@H]12
120,0,N[S](=O)(=O)c1cc(ccc1Cl)C2(O)NC(=O)c3ccccc23,NS(=O)(=O)c1cc(C2(O)NC(=O)c3ccccc32)ccc1Cl
121,0,CCOC(=O)C(C)(C)Oc1ccc(Cl)cc1,CCOC(=O)C(C)(C)Oc1ccc(Cl)cc1
122,0,CC(C)(Oc1ccc(Cl)cc1)C(O)=O,CC(C)(Oc1ccc(Cl)cc1)C(=O)O
123,0,Clc1ccccc1C(n2ccnc2)(c3ccccc3)c4ccccc4,Clc1ccccc1C(c1ccccc1)(c1ccccc1)n1ccnc1
124,0,C[C@]12C[C@H](O)[C@H]3[C@@H](CCC4=CC(=O)CC[C@]34C)[C@@H]1CC[C@@H]2C(=O)CO,C[C@]12C[C@H](O)[C@H]3[C@@H](CCC4=CC(=O)CC[C@@]43C)[C@@H]1CC[C@@H]2C(=O)CO
125,0,C[C@]12CCC(=O)C=C1CC[C@H]3[C@@H]4CC[C@](O)(C(=O)CO)[C@@]4(C)CC(=O)[C@H]23,C[C@]12CCC(=O)C=C1CC[C@@H]1[C@@H]2C(=O)C[C@@]2(C)[C@H]1CC[C@]2(O)C(=O)CO
126,1,OCC[C@@H]1CCN(CC\C=C2/c3ccc(F)cc3Sc4ccc(cc24)C(F)(F)F)CC1,OCCC1CCN(CC/C=C2\c3ccc(F)cc3Sc3ccc(C(F)(F)F)cc32)CC1
127,1,Fc1ccc(cc1)C(CCCN2CCC(CC2)N3C(=O)Nc4ccccc34)c5ccc(F)cc5,O=c1[nH]c2ccccc2n1C1CCN(CCCC(c2ccc(F)cc2)c2ccc(F)cc2)CC1
128,1,OCCN1CCN(CC\C=C/2c3ccccc3COc4ccc(Cl)cc24)CC1,OCCN1CCN(CC/C=C2/c3ccccc3COc3ccc(Cl)cc32)CC1
129,1,NC(=O)C1(CCN(CCCC(=O)c2ccc(F)cc2)CC1)N3CCCCC3,NC(=O)C1(N2CCCCC2)CCN(CCCC(=O)c2ccc(F)cc2)CC1
130,1,Clc1ccc2N(CC3CC3)C(=O)CN=C(c4ccccc4)c2c1,O=C1CN=C(c2ccccc2)c2cc(Cl)ccc2N1CC1CC1
131,1,CCC1(C(=O)NCNC1=O)c2ccccc2,CCC1(c2ccccc2)C(=O)NCNC1=O
132,1,CCN(CC)CCOC(=O)c1ccc(N)cc1,CCN(CC)CCOC(=O)c1ccc(N)cc1
133,1,OC(CCN1CCCC1)(C2CCCCC2)c3ccccc3,OC(CCN1CCCC1)(c1ccccc1)C1CCCCC1
134,1,CN(C)CCCN1c2ccccc2Sc3ccccc13,CN(C)CCCN1c2ccccc2Sc2ccccc21
135,1,CC(C)NCC(O)COc1cccc2[nH]ccc12,CC(C)NCC(O)COc1cccc2[nH]ccc12
136,0,COc1cc(NCc2ccc3nc(N)nc(N)c3c2C)cc(OC)c1OC,COc1cc(NCc2ccc3nc(N)nc(N)c3c2C)cc(OC)c1OC
137,0,NC(CO)(CO)CO,NC(CO)(CO)CO
138,1,NC1[C@H]2CN(C[C@@H]12)c3nc4N(C=C(C(O)=O)C(=O)c4cc3F)c5ccc(F)cc5F,NC1[C@H]2CN(c3nc4c(cc3F)c(=O)c(C(=O)O)cn4-c3ccc(F)cc3F)C[C@@H]12
139,1,NC(N)=O,NC(N)=O
140,0,O=C1Oc2ccccc2C=C1,O=c1ccc2ccccc2o1
141,0,Nc1ccc(cc1)[S](=O)(=O)c2ccc(N)cc2,Nc1ccc(S(=O)(=O)c2ccc(N)cc2)cc1
142,0,C[C@H](CCC(O)=O)[C@H]1CC[C@H]2[C@H]3[C@H](CC(=O)[C@]12C)[C@@]4(C)CCC(=O)C[C@H]4CC3=O,C[C@H](CCC(=O)O)[C@H]1CC[C@H]2[C@@H]3C(=O)C[C@@H]4CC(=O)CC[C@]4(C)[C@H]3CC(=O)[C@]12C
143,0,CCN(CC)CCOC(=O)C1(CCCCC1)C2CCCCC2,CCN(CC)CCOC(=O)C1(C2CCCCC2)CCCCC1
144,0,C[C@H]1O[C@H](C[C@H](O)[C@@H]1O)O[C@H]2[C@@H](O)C[C@@H](O[C@@H]2C)O[C@H]3[C@@H](O)C[C@@H](O[C@@H]3C)O[C@H]4CC[C@@]5(C)[C@H](CC[C@@H]6[C@@H]5CC[C@]7(C)[C@@H](CC[C@]67O)C8=CC(=O)OC8)C4,C[C@H]1O[C@@H](O[C@H]2[C@@H](O)C[C@H](O[C@H]3[C@@H](O)C[C@H](O[C@H]4CC[C@@]5(C)[C@H](CC[C@@H]6[C@@H]5CC[C@]5(C)[C@H](C7=CC(=O)OC7)CC[C@]65O)C4)O[C@@H]3C)O[C@@H]2C)C[C@H](O)[C@@H]1O
145,0,C[C@H]1O[C@H](C[C@H](O)[C@@H]1O)O[C@H]2[C@@H](O)C[C@@H](O[C@@H]2C)O[C@H]3[C@@H](O)C[C@@H](O[C@@H]3C)O[C@H]4CC[C@@]5(C)[C@H](CC[C@@H]6[C@@H]5C[C@@H](O)[C@]7(C)[C@H](CC[C@]67O)C8=CC(=O)OC8)C4,C[C@H]1O[C@@H](O[C@H]2[C@@H](O)C[C@H](O[C@H]3[C@@H](O)C[C@H](O[C@H]4CC[C@@]5(C)[C@H](CC[C@@H]6[C@@H]5C[C@@H](O)[C@]5(C)[C@@H](C7=CC(=O)OC7)CC[C@]65O)C4)O[C@@H]3C)O[C@@H]2C)C[C@H](O)[C@@H]1O
146,1,CCC(=O)c1ccc2Sc3ccccc3N(CC(C)N(C)C)c2c1,CCC(=O)c1ccc2c(c1)N(CC(C)N(C)C)c1ccccc1S2
147,1,CC(C)c1cccc(C(C)C)c1O,CC(C)c1cccc(C(C)C)c1O
148,1,O=C1C=CNN=C1,O=c1cc[nH]nc1
149,1,CO[C@H]1[C@@H](C[C@@H]2CN3CCc4c([nH]c5cc(OC)ccc45)[C@H]3C[C@@H]2[C@@H]1C(=O)OC)OC(=O)\C=C\c6cc(OC)c(OC)c(OC)c6,COC(=O)[C@H]1[C@H]2C[C@@H]3c4[nH]c5cc(OC)ccc5c4CCN3C[C@H]2C[C@@H](OC(=O)/C=C/c2cc(OC)c(OC)c(OC)c2)[C@@H]1OC
150,1,CO[C@H]1[C@@H](C[C@@H]2CN3CCc4c([nH]c5cc(OC)ccc45)[C@H]3C[C@@H]2[C@@H]1C(=O)OC)OC(=O)c6cc(OC)c(OC)c(OC)c6,COC(=O)[C@H]1[C@H]2C[C@@H]3c4[nH]c5cc(OC)ccc5c4CCN3C[C@H]2C[C@@H](OC(=O)c2cc(OC)c(OC)c(OC)c2)[C@@H]1OC
151,1,[H+].[Cl-].Clc1ccc2Sc3ccccc3N(CCCN4CCC5(CC4)NC(=O)CS5)c2c1,O=C1CSC2(CCN(CCCN3c4ccccc4Sc4ccc(Cl)cc43)CC2)N1.[Cl-].[H+]
152,0,OC1=C(C2CCC(CC2)c3ccc(Cl)cc3)C(=O)C(=O)c4ccccc14,O=C1C(=O)c2ccccc2C(O)=C1C1CCC(c2ccc(Cl)cc2)CC1
153,0,OC(=O)CCCCCCCC(O)=O,O=C(O)CCCCCCCC(=O)O
154,0,CC[C@H]1OC(=O)[C@H](C)[C@@H](O[C@H]2C[C@@](C)(OC)[C@@H](O)[C@H](C)O2)C(C)[C@@H](O[C@@H]3O[C@H](C)C[C@@H]([C@H]3O)N(C)C)[C@](C)(O)C[C@@H](C)CN(C)[C@H](C)[C@@H](O)[C@]1(C)O,CC[C@H]1OC(=O)[C@H](C)[C@@H](O[C@H]2C[C@@](C)(OC)[C@@H](O)[C@H](C)O2)C(C)[C@@H](O[C@@H]2O[C@H](C)C[C@H](N(C)C)[C@H]2O)[C@](C)(O)C[C@@H](C)CN(C)[C@H](C)[C@@H](O)[C@]1(C)O
155,0,CCC(C)C(N)C1=NC(CS1)C(=O)N[C@@H](CC(C)C)C(=O)N[C@H](CCC(O)=O)C(=O)N[C@@H]([C@@H](C)CC)C(=O)NCCCC[C@@H]2NC(=O)[C@H](CC(N)=O)NC(=O)[C@@H](CC(O)=O)NC(=O)[C@H](Cc3[nH]cnc3)NC(=O)[C@@H](Cc4ccccc4)NC(=O)[C@@H](NC(=O)[C@@H](CCCN)NC2=O)[C@@H](C)CC,CCC(C)C(N)C1=NC(C(=O)N[C@@H](CC(C)C)C(=O)N[C@H](CCC(=O)O)C(=O)N[C@H](C(=O)NCCCC[C@@H]2NC(=O)[C@H](CC(N)=O)NC(=O)[C@@H](CC(=O)O)NC(=O)[C@H](Cc3cnc[nH]3)NC(=O)[C@@H](Cc3ccccc3)NC(=O)[C@H]([C@@H](C)CC)NC(=O)[C@@H](CCCN)NC2=O)[C@@H](C)CC)CS1
156,0,[Cl-].CC(C[N+](C)(C)C)OC(N)=O,CC(C[N+](C)(C)C)OC(N)=O.[Cl-]
157,0,CC[N+](C)(C)Cc1ccccc1Br.Cc2ccc(cc2)[S]([O-])(=O)=O,CC[N+](C)(C)Cc1ccccc1Br.Cc1ccc(S(=O)(=O)[O-])cc1
158,0,CC(C)C[C@@H]1N2C(=O)[C@](NC(=O)[C@H]3CN(C)[C@@H]4Cc5c(Br)[nH]c6cccc(C4=C3)c56)(O[C@@]2(O)[C@@H]7CCCN7C1=O)C(C)C,CC(C)C[C@H]1C(=O)N2CCC[C@H]2[C@]2(O)O[C@](NC(=O)[C@@H]3C=C4c5cccc6[nH]c(Br)c(c56)C[C@H]4N(C)C3)(C(C)C)C(=O)N12
159,1,c12[C@]34[C@@]56[C@H]([N@@](CC7CC7)CC4)Cc2ccc(c1O[C@H]3[C@](OC)([C@H](C5)[C@](C(C)(C)C)(C)O)CC6)O,CO[C@]12CC[C@@]3(C[C@@H]1[C@](C)(O)C(C)(C)C)[C@H]1Cc4ccc(O)c5c4[C@@]3(CCN1CC1CC1)[C@H]2O5
160,0,NCCc1ccc(O)c(O)c1,NCCc1ccc(O)c(O)c1
161,0,Clc1ccc(COC(Cn2ccnc2)c3ccc(Cl)cc3Cl)cc1,Clc1ccc(COC(Cn2ccnc2)c2ccc(Cl)cc2Cl)cc1
162,0,CC(C)[C@H](NC(=O)[C@H](Cc1ccccc1)NC(=O)CNC(=O)[C@@H](C)NC(=O)[C@@H](N)Cc2ccc(O)cc2)C(N)=O,CC(C)[C@H](NC(=O)[C@H](Cc1ccccc1)NC(=O)CNC(=O)[C@@H](C)NC(=O)[C@@H](N)Cc1ccc(O)cc1)C(N)=O
163,0,CN[C@@H](C)[C@H](O)c1ccccc1,CN[C@@H](C)[C@H](O)c1ccccc1
164,0,CNC[C@H](O)c1ccc(O)c(O)c1,CNC[C@H](O)c1ccc(O)c(O)c1
165,0,CC[C@H]1OC(=O)[C@H](C)[C@@H](O[C@H]2C[C@@](C)(OC)[C@@H](O)[C@H](C)O2)[C@H](C)[C@@H](O[C@@H]3O[C@H](C)C[C@@H]([C@H]3O)N(C)C)[C@](C)(O)C[C@@H](C)C(=O)[C@H](C)[C@@H](O)[C@]1(C)O,CC[C@H]1OC(=O)[C@H](C)[C@@H](O[C@H]2C[C@@](C)(OC)[C@@H](O)[C@H](C)O2)[C@H](C)[C@@H](O[C@@H]2O[C@H](C)C[C@H](N(C)C)[C@H]2O)[C@](C)(O)C[C@@H](C)C(=O)[C@H](C)[C@@H](O)[C@]1(C)O
166,0,C[C@]12CC[C@H]3[C@@H](CCc4cc(O)ccc34)[C@@H]1CC[C@@H]2O,C[C@]12CC[C@@H]3c4ccc(O)cc4CC[C@H]3[C@@H]1CC[C@@H]2O
167,1,Nc1c2CCCCc2nc3ccccc13,Nc1c2c(nc3ccccc13)CCCC2
168,1,CN1C(=O)C(O)N=C(c2ccccc2)c3cc(Cl)ccc13,CN1C(=O)C(O)N=C(c2ccccc2)c2cc(Cl)ccc21
169,1,COc1cc2CCN3CC(CC(C)C)C(=O)CC3c2cc1OC,COc1cc2c(cc1OC)C1CC(=O)C(CC(C)C)CN1CC2
170,1,CCCCCc1cc(O)c2[C@@H]3C=C(C)CC[C@H]3C(C)(C)Oc2c1,CCCCCc1cc(O)c2c(c1)OC(C)(C)[C@@H]1CCC(C)=C[C@@H]21
171,1,COC1=CC=C2[C@H]3Cc4ccc(OC)c5O[C@@H]1[C@]2(CCN3C)c45,COC1=CC=C2[C@H]3Cc4ccc(OC)c5c4[C@@]2(CCN3C)[C@H]1O5
172,1,CCSc1ccc2Sc3ccccc3N(CCCN4CCN(C)CC4)c2c1,CCSc1ccc2c(c1)N(CCCN1CCN(C)CC1)c1ccccc1S2
173,1,CN1CCN(CC/C=C/2c3ccccc3Sc4ccc(cc24)[S](=O)(=O)N(C)C)CC1,CN1CCN(CC/C=C2\c3ccccc3Sc3ccc(S(=O)(=O)N(C)C)cc32)CC1
174,1,Clc1cccc(c1)N2CCN(CCCN3N=C4C=CC=CN4C3=O)CC2,O=c1n(CCCN2CCN(c3cccc(Cl)c3)CC2)nc2ccccn12
175,1,C[S](=O)(=O)OCCCCO[S](C)(=O)=O,CS(=O)(=O)OCCCCOS(C)(=O)=O
176,0,CC1=C(N2[C@H](SC1)[C@H](NC(=O)[C@H](N)C3=CCC=CC3)C2=O)C(O)=O,CC1=C(C(=O)O)N2C(=O)[C@@H](NC(=O)[C@H](N)C3=CCC=CC3)[C@H]2SC1
177,1,O.COC1CN(CCCOc2ccc(F)cc2)CCC1NC(=O)c3cc(Cl)c(N)cc3OC,COc1cc(N)c(Cl)cc1C(=O)NC1CCN(CCCOc2ccc(F)cc2)CC1OC.O
178,1,Nc1nc(Cl)nc2n(cnc12)[C@H]3C[C@H](O)[C@@H](CO)O3,Nc1nc(Cl)nc2c1ncn2[C@H]1C[C@H](O)[C@@H](CO)O1
179,0,C[C@]12CC[C@H]3[C@@H](CCc4cc(O)ccc34)[C@@H]1CCC2=O,C[C@]12CC[C@@H]3c4ccc(O)cc4CC[C@H]3[C@@H]1CCC2=O
180,0,CCC(=C)C(=O)c1ccc(OCC(O)=O)c(Cl)c1Cl,C=C(CC)C(=O)c1ccc(OCC(=O)O)c(Cl)c1Cl
181,0,C[C@]12CC[C@H]3[C@@H](CCc4cc(O)ccc34)[C@@H]1CC[C@@]2(O)C#C,C#C[C@]1(O)CC[C@H]2[C@@H]3CCc4cc(O)ccc4[C@H]3CC[C@@]21C
182,0,CC(Cc1ccc(O)cc1)NCC(O)c2cc(O)cc(O)c2,CC(Cc1ccc(O)cc1)NCC(O)c1cc(O)cc(O)c1
183,0,OC[C@H]1O[C@H](C[C@@H]1O)N2C=C(F)C(=O)NC2=O,O=c1[nH]c(=O)n([C@H]2C[C@H](O)[C@@H](CO)O2)cc1F
184,0,Cc1onc(c1C(=O)N[C@H]2[C@H]3SC(C)(C)[C@@H](N3C2=O)C(O)=O)c4c(F)cccc4Cl,Cc1onc(-c2c(F)cccc2Cl)c1C(=O)N[C@@H]1C(=O)N2[C@@H]1SC(C)(C)[C@@H]2C(=O)O
185,0,FC1=CNC(=O)NC1=O,O=c1[nH]cc(F)c(=O)[nH]1
186,0,N[S](=O)(=O)c1cc(C(O)=O)c(NCc2occc2)cc1Cl,NS(=O)(=O)c1cc(C(=O)O)c(NCc2ccco2)cc1Cl
187,0,NC1=NC(=O)c2ncn(COC(CO)CO)c2N1,Nc1nc(=O)c2ncn(COC(CO)CO)c2[nH]1
188,0,[Br-].C[N+]1(C)CCC(C1)OC(=O)C(O)(C2CCCC2)c3ccccc3,C[N+]1(C)CCC(OC(=O)C(O)(c2ccccc2)C2CCCC2)C1.[Br-]
189,1,OC1(CCN(CCCC(=O)c2ccc(F)cc2)CC1)c3cccc(c3)C(F)(F)F,O=C(CCCN1CCC(O)(c2cccc(C(F)(F)F)c2)CC1)c1ccc(F)cc1
190,1,CN(C)CCCN1c2ccccc2Sc3ccc(cc13)C(F)(F)F,CN(C)CCCN1c2ccccc2Sc2ccc(C(F)(F)F)cc21
191,1,OC(CCN1CCCCC1)(C2CCCCC2)c3ccccc3,OC(CCN1CCCCC1)(c1ccccc1)C1CCCCC1
192,1,COc1cc(cc(OC)c1OC)C(=O)N2CCOCC2,COc1cc(C(=O)N2CCOCC2)cc(OC)c1OC
193,1,CC(CN(C)C)CN1c2ccccc2CCc3ccccc13,CC(CN(C)C)CN1c2ccccc2CCc2ccccc21
194,1,OCC1OC(C(O)C1O)N2C=CC(=O)NC2=O,O=c1ccn(C2OC(CO)C(O)C2O)c(=O)[nH]1
195,1,CCCC(CCC)C(O)=O,CCCC(CCC)C(=O)O
196,0,CC(C)N=C1C=C2N(c3ccc(Cl)cc3)c4ccccc4N=C2C=C1Nc5ccc(Cl)cc5,CC(C)N=c1cc2n(-c3ccc(Cl)cc3)c3ccccc3nc-2cc1Nc1ccc(Cl)cc1
197,0,COC1=CC=C2C(=CC1=O)[C@H](CCc3cc(OC)c(OC)c(OC)c23)NC(C)=O,COc1cc2c(c(OC)c1OC)-c1ccc(OC)c(=O)cc1[C@@H](NC(C)=O)CC2
198,0,OC(COc1ccc2OC(=CC(=O)c2c1)C(O)=O)COc3cccc4OC(=CC(=O)c34)C(O)=O,O=C(O)c1cc(=O)c2cc(OCC(O)COc3cccc4oc(C(=O)O)cc(=O)c34)ccc2o1
199,1,NC1CONC1=O,NC1CONC1=O
200,1,NC(=O)NO,NC(=O)NO
201,0,[Br-].CC(C)[N+]1(C)C2CCC1CC(C2)OC(=O)C(CO)c3ccccc3,CC(C)[N+]1(C)C2CCC1CC(OC(=O)C(CO)c1ccccc1)C2.[Br-]
202,0,NC(N)=N\N=C\c1c(Cl)cccc1Cl,NC(N)=N/N=C/c1c(Cl)cccc1Cl
203,0,NC(N)=NCCN1CCCCCCC1,NC(N)=NCCN1CCCCCCC1
204,0,NNc1nncc2ccccc12,NNc1nncc2ccccc12
205,0,N[S](=O)(=O)c1cc2c(NCN[S]2(=O)=O)cc1Cl,NS(=O)(=O)c1cc2c(cc1Cl)NCNS2(=O)=O
206,0,C[C@]12CCC(=O)C=C1CC[C@H]3[C@@H]4CC[C@](O)(C(=O)CO)[C@@]4(C)C[C@H](O)[C@H]23,C[C@]12CCC(=O)C=C1CC[C@@H]1[C@@H]2[C@@H](O)C[C@@]2(C)[C@H]1CC[C@]2(O)C(=O)CO
207,0,N[S](=O)(=O)c1cc2c(NCN[S]2(=O)=O)cc1C(F)(F)F,NS(=O)(=O)c1cc2c(cc1C(F)(F)F)NCNS2(=O)=O
208,0,CC(C)Cc1ccc(cc1)C(C)C(O)=O,CC(C)Cc1ccc(C(C)C(=O)O)cc1
209,0,COc1ccc2n(c(C)c(CC(O)=O)c2c1)C(=O)c3ccc(Cl)cc3,COc1ccc2c(c1)c(CC(=O)O)c(C)n2C(=O)c1ccc(Cl)cc1
210,0,c12c(c(ccc1)Cl)C(N(Cc1n2cnc1c1nc(on1)[C@](CO)(C)O)C)=O,CN1Cc2c(-c3noc([C@](C)(O)CO)n3)ncn2-c2cccc(Cl)c2C1=O
211,0,NCCc1cn2c(n1)cccc2,NCCc1cn2ccccc2n1
212,1,CCCN(CCC)CCc1ccc(c2c1CC(N2)=C)O,C=C1Cc2c(CCN(CCC)CCC)ccc(O)c2N1
213,1,Cc1nnc2CN=C(c3ccccc3)c4cc(Cl)ccc4n12,Cc1nnc2n1-c1ccc(Cl)cc1C(c1ccccc1)=NC2
214,1,ClCCNC(=O)N(CCCl)N=O,O=NN(CCCl)C(=O)NCCCl
215,0,CCC(C)N1N=CN(C1=O)c2ccc(cc2)N3CCN(CC3)c4ccc(OC[C@H]5CO[C@@](Cn6cncn6)(O5)c7ccc(Cl)cc7Cl)cc4,CCC(C)n1ncn(-c2ccc(N3CCN(c4ccc(OC[C@H]5CO[C@](Cn6cncn6)(c6ccc(Cl)cc6Cl)O5)cc4)CC3)cc2)c1=O
216,0,NCC1OC(OC2C(N)CC(N)C(OC3OC(CO)C(O)C(N)C3O)C2O)C(O)C(O)C1O,NCC1OC(OC2C(N)CC(N)C(OC3OC(CO)C(O)C(N)C3O)C2O)C(O)C(O)C1O
217,1,CC(C(O)=O)c1cccc(c1)C(=O)c2ccccc2,CC(C(=O)O)c1cccc(C(=O)c2ccccc2)c1
218,0,C[C@H](N)[C@H](O)c1cccc(O)c1,C[C@H](N)[C@H](O)c1cccc(O)c1
219,0,CC(C)NCC(O)c1ccc(O)c(O)c1,CC(C)NCC(O)c1ccc(O)c(O)c1
220,0,OC[C@H]1O[C@@H](OC2=C(Oc3cc(O)cc(O)c3C2=O)c4ccc(O)c(O)c4)[C@H](O)[C@@H](O)[C@@H]1O,O=c1c(O[C@@H]2O[C@H](CO)[C@@H](O)[C@H](O)[C@H]2O)c(-c2ccc(O)c(O)c2)oc2cc(O)cc(O)c12
221,0,CC(=O)N1CCN(CC1)c2ccc(OC[C@H]3CO[C@@](Cn4ccnc4)(O3)c5ccc(Cl)cc5Cl)cc2,CC(=O)N1CCN(c2ccc(OC[C@H]3CO[C@](Cn4ccnc4)(c4ccc(Cl)cc4Cl)O3)cc2)CC1
222,0,CN(C)C1C2C(O)C3C(=C)c4c(Cl)ccc(O)c4C(=C3C(=O)C2(O)C(=O)\C(=C(N)/O)C1=O)O,C=C1c2c(Cl)ccc(O)c2C(O)=C2C(=O)C3(O)C(=O)/C(=C(/N)O)C(=O)C(N(C)C)C3C(O)C12
223,0,Cc1ccc(Cl)c(Nc2ccccc2C(O)=O)c1Cl,Cc1ccc(Cl)c(Nc2ccccc2C(=O)O)c1Cl
224,0,Cc1cccc(Nc2ccccc2C(O)=O)c1C,Cc1cccc(Nc2ccccc2C(=O)O)c1C
225,0,CN=C(NCCSCc1nc[nH]c1C)NC#N,CN=C(NC#N)NCCSCc1nc[nH]c1C
226,1,Clc1cccc(Cl)c1NC2=NCCN2,Clc1cccc(Cl)c1NC1=NCCN1
227,0,OC[C@@H]1CC[C@@H](O1)n2cnc3C(=O)N=CNc23,O=c1nc[nH]c2c1ncn2[C@H]1CC[C@@H](CO)O1
228,1,COCCc1ccc(OCC(O)CNC(C)C)cc1,COCCc1ccc(OCC(O)CNC(C)C)cc1
229,1,Cc1ncc(n1CCO)[N+]([O-])=O,Cc1ncc([N+](=O)[O-])n1CCO
230,0,CC#C[C@]1(O)CC[C@H]2[C@@H]3CCC4=CC(=O)CCC4=C3[C@H](C[C@]12C)c5ccc(cc5)N(C)C,CC#C[C@]1(O)CC[C@H]2[C@@H]3CCC4=CC(=O)CCC4=C3[C@@H](c3ccc(N(C)C)cc3)C[C@@]21C
231,1,C1[C@@H]2[C@](C(=C3C(c4c(ccc(c4C[C@@H]13)N(C)C)O)=O)O)(C(C(C(N)=O)=C([C@H]2N(C)C)O)=O)O,CN(C)c1ccc(O)c2c1C[C@H]1C[C@H]3[C@H](N(C)C)C(O)=C(C(N)=O)C(=O)[C@@]3(O)C(O)=C1C2=O
232,1,Clc1ccc(cc1)C(=O)NCCN2CCOCC2,O=C(NCCN1CCOCC1)c1ccc(Cl)cc1
233,0,[Br-].CC(C)[N+](C)(CCOC(=O)C1c2ccccc2Oc3ccccc13)C(C)C,CC(C)[N+](C)(CCOC(=O)C1c2ccccc2Oc2ccccc21)C(C)C.[Br-]
234,1,NC(=O)c1cnccn1,NC(=O)c1cnccn1
235,1,[Br-].CN(C)C(=O)Oc1ccc[n+](C)c1,CN(C)C(=O)Oc1ccc[n+](C)c1.[Br-]
236,1,CCc1nc(N)nc(N)c1c2ccc(Cl)cc2,CCc1nc(N)nc(N)c1-c1ccc(Cl)cc1
237,0,COc1ccc2nccc([C@@H](O)[C@@H]3C[C@H]4CCN3C[C@@H]4C=C)c2c1,C=C[C@H]1CN2CC[C@@H]1C[C@H]2[C@H](O)c1ccnc2ccc(OC)cc12
238,0,NC(Cc1ccc(cc1)N(CCCl)CCCl)C(O)=O,NC(Cc1ccc(N(CCCl)CCCl)cc1)C(=O)O
239,0,[Br-].C[N+]1(C)CCCC(C1)OC(=O)C(O)(c2ccccc2)c3ccccc3,C[N+]1(C)CCCC(OC(=O)C(O)(c2ccccc2)c2ccccc2)C1.[Br-]
240,0,C1CN2CCC1C(C2)CN3c4ccccc4Sc5ccccc35,c1ccc2c(c1)Sc1ccccc1N2CC1CN2CCC1CC2
241,0,COc1ccc2[C@H]3CC[C@@]4(C)[C@@H](CC[C@@]4(O)C#C)[C@@H]3CCc2c1,C#C[C@]1(O)CC[C@H]2[C@@H]3CCc4cc(OC)ccc4[C@H]3CC[C@@]21C
242,0,CC[N+](C)(CC)CCOC(=O)C1c2ccccc2Oc3ccccc13,CC[N+](C)(CC)CCOC(=O)C1c2ccccc2Oc2ccccc21
243,0,CN1C(CCl)Nc2cc(Cl)c(cc2[S]1(=O)=O)[S](N)(=O)=O,CN1C(CCl)Nc2cc(Cl)c(S(N)(=O)=O)cc2S1(=O)=O
244,0,C[C@](N)(Cc1ccc(O)c(O)c1)C(O)=O,C[C@](N)(Cc1ccc(O)c(O)c1)C(=O)O
245,1,CC(C)c1onc(n1)c2ncn3c2CN(C)C(=O)c4c(Cl)cccc34,CC(C)c1nc(-c2ncn3c2CN(C)C(=O)c2c(Cl)cccc2-3)no1
246,0,Cc1ccc(CC2=CN=C(NCCSCc3oc(cc3)C(C)(C)N)NC2=O)cn1,Cc1ccc(Cc2cnc(NCCSCc3ccc(C(C)(C)N)o3)[nH]c2=O)cn1
247,1,CN1CCN2C(C1)c3ccccc3Cc4ccccc24,CN1CCN2c3ccccc3Cc3ccccc3C2C1
248,1,Cc1ncc2CN=C(c3ccccc3F)c4cc(Cl)ccc4n12,Cc1ncc2n1-c1ccc(Cl)cc1C(c1ccccc1F)=NC2
249,0,CC(C)[C@H](NC(=O)N(C)Cc1csc(n1)C(C)C)C(=O)N[C@H](C[C@H](O)[C@H](Cc2ccccc2)NC(=O)OCc3scnc3)Cc4ccccc4,CC(C)c1nc(CN(C)C(=O)N[C@H](C(=O)N[C@@H](Cc2ccccc2)C[C@H](O)[C@H](Cc2ccccc2)NC(=O)OCc2cncs2)C(C)C)cs1
250,0,CC(C)(C)NC(=O)[C@@H]1C[C@@H]2CCCC[C@@H]2CN1C[C@@H](O)[C@H](Cc3ccccc3)NC(=O)[C@H](CC(N)=O)NC(=O)c4ccc5ccccc5n4,CC(C)(C)NC(=O)[C@@H]1C[C@@H]2CCCC[C@@H]2CN1C[C@@H](O)[C@H](Cc1ccccc1)NC(=O)[C@H](CC(N)=O)NC(=O)c1ccc2ccccc2n1
251,0,[Na+].CC(=O)Nc1c(I)c(NC(C)=O)c(I)c(C([O-])=O)c1I,CC(=O)Nc1c(I)c(NC(C)=O)c(I)c(C(=O)[O-])c1I.[Na+]
252,1,CC(C)NCC(O)c1ccc(N[S](C)(=O)=O)cc1,CC(C)NCC(O)c1ccc(NS(C)(=O)=O)cc1
253,1,CC1=CN([C@@H]2O[C@H](CO)C=C2)C(=O)NC1=O,Cc1cn([C@H]2C=C[C@@H](CO)O2)c(=O)[nH]c1=O
254,0,CN[C@H]1[C@H](O)[C@@H](O)[C@H](CO)O[C@H]1O[C@H]2[C@@H](O[C@@H](C)[C@]2(O)C=O)O[C@H]3[C@H](O)[C@@H](O)[C@H](N=C(N)N)[C@@H](O)[C@@H]3N=C(N)N,CN[C@@H]1[C@H](O[C@H]2[C@H](O[C@H]3[C@H](O)[C@@H](O)[C@H](N=C(N)N)[C@@H](O)[C@@H]3N=C(N)N)O[C@@H](C)[C@]2(O)C=O)O[C@@H](CO)[C@H](O)[C@H]1O
255,1,Nc1ccc(cc1)[S](=O)(=O)Nc2ncccn2,Nc1ccc(S(=O)(=O)Nc2ncccn2)cc1
256,1,Cc1noc(N[S](=O)(=O)c2ccc(N)cc2)c1C,Cc1noc(NS(=O)(=O)c2ccc(N)cc2)c1C
257,0,CCOC(=O)C(C1=C(O)Oc2ccccc2C1=O)C3=C(O)Oc4ccccc4C3=O,CCOC(=O)C(c1c(O)oc2ccccc2c1=O)c1c(O)oc2ccccc2c1=O
258,0,OCc1cccnc1,OCc1cccnc1
259,0,C[C@]12CC[C@H]3[C@@H](CCC4=CC(=O)CC[C@H]34)[C@@H]1CC[C@@]2(O)C#C,C#C[C@]1(O)CC[C@H]2[C@@H]3CCC4=CC(=O)CC[C@@H]4[C@H]3CC[C@@]21C
260,0,NCC(O)c1cccc(O)c1,NCC(O)c1cccc(O)c1
261,0,CC(CCc1ccccc1)NC(C)C(O)c2ccc(O)cc2,CC(CCc1ccccc1)NC(C)C(O)c1ccc(O)cc1
262,0,C[C@]1(O)CC[C@H]2[C@@H]3CC[C@H]4CC(=O)OC[C@]4(C)[C@H]3CC[C@]12C,C[C@]12COC(=O)C[C@@H]1CC[C@@H]1[C@@H]2CC[C@@]2(C)[C@H]1CC[C@]2(C)O
263,0,OC(=O)CCc1oc(c2ccccc2)c(n1)c3ccccc3,O=C(O)CCc1nc(-c2ccccc2)c(-c2ccccc2)o1
264,1,CN1CCN2C(C1)c3ccccc3Cc4cccnc24,CN1CCN2c3ncccc3Cc3ccccc3C2C1
265,1,C1NCCN(C1)c1ccc(c(n1)Cl)C(F)(F)F,FC(F)(F)c1ccc(N2CCNCC2)nc1Cl
266,1,c1c2c(cc(c1)Cl)[C@@H]1[C@H](c3ccccc3O2)CNC1,Clc1ccc2c(c1)[C@H]1CNC[C@H]1c1ccccc1O2
267,1,c1c2c(ccc1)[C@@]1([C@@H](c3cccc(c3O2)C)CNCC1)O,Cc1cccc2c1Oc1ccccc1[C@@]1(O)CCNC[C@H]21
268,1,c1c2c(ccc1)[C@@]1([C@@H](c3cccc(c3O2)C)C[N@](CC1)C)O,Cc1cccc2c1Oc1ccccc1[C@@]1(O)CCN(C)C[C@H]21
269,0,CNC(/NCCSCc1oc(CN(C)C)cc1)=C\[N+]([O-])=O,CN/C(=C\[N+](=O)[O-])NCCSCc1ccc(CN(C)C)o1
270,1,Cc1onc(N[S](=O)(=O)c2ccc(N)cc2)c1,Cc1cc(NS(=O)(=O)c2ccc(N)cc2)no1
271,1,[Na+].[Na+].CC1(C)S[C@@H]2[C@H](NC(=O)[C@H](C([O-])=O)c3cscc3)C(=O)N2[C@H]1C([O-])=O,CC1(C)S[C@@H]2[C@H](NC(=O)[C@H](C(=O)[O-])c3ccsc3)C(=O)N2[C@H]1C(=O)[O-].[Na+].[Na+]
272,1,CC[C@@]1(O)C(=O)OCC2=C1C=C3N(Cc4cc5c(CN(C)C)c(O)ccc5nc34)C2=O,CC[C@@]1(O)C(=O)OCc2c1cc1n(c2=O)Cc2cc3c(CN(C)C)c(O)ccc3nc2-1
273,1,NC1=NC(=O)N(C=C1)[C@H]2CC[C@@H](CO)O2,Nc1ccn([C@H]2CC[C@@H](CO)O2)c(=O)n1
274,1,N[S](=O)(=O)Cc1noc2ccccc12,NS(=O)(=O)Cc1noc2ccccc12
275,0,C[C@H]1O[C@@H](O[C@@H]\2C[C@@H]3O[C@](O)(C[C@@H](O)C[C@@H](O)[C@H](O)CC[C@@H](O)C[C@@H](O)CC(=O)O[C@@H](C)[C@H](C)[C@H](O)[C@@H](C)\C=C/C=C\C=C/C=C\C=C/C=C\C=C2)C[C@H](O)[C@H]3C(O)=O)[C@@H](O)[C@@H](N)[C@@H]1O,C[C@@H]1[C@H](O)[C@@H](C)/C=C\C=C/C=C\C=C/C=C\C=C/C=C\[C@H](O[C@@H]2O[C@H](C)[C@@H](O)[C@H](N)[C@@H]2O)C[C@@H]2O[C@](O)(C[C@@H](O)C[C@@H](O)[C@H](O)CC[C@@H](O)C[C@@H](O)CC(=O)O[C@H]1C)C[C@H](O)[C@H]2C(=O)O
276,1,[Ca++].NC1=NC(=O)C2=C(NCC(CNc3ccc(cc3)C(=O)N[C@@H](CCC([O-])=O)C([O-])=O)N2C=O)N1,Nc1nc(=O)c2c([nH]1)NCC(CNc1ccc(C(=O)N[C@@H](CCC(=O)[O-])C(=O)[O-])cc1)N2C=O.[Ca+2]
277,0,O.O.CN(C)[C@H]1[C@@H]2[C@@H](O)[C@H]3C(=C(O)c4c(O)cccc4[C@@]3(C)O)C(=O)[C@]2(O)C(=O)\C(=C(N)/O)C1=O,CN(C)[C@@H]1C(=O)/C(=C(\N)O)C(=O)[C@@]2(O)C(=O)C3=C(O)c4c(O)cccc4[C@@](C)(O)[C@H]3[C@H](O)[C@@H]12.O.O
278,0,COc1ccc(Cc2nccc3cc(OC)c(OC)cc23)cc1OC,COc1ccc(Cc2nccc3cc(OC)c(OC)cc23)cc1OC
279,0,CC1(C)S[C@@H]2[C@H](NC(=O)Cc3ccccc3)C(=O)N2[C@H]1C(O)=O,CC1(C)S[C@@H]2[C@H](NC(=O)Cc3ccccc3)C(=O)N2[C@H]1C(=O)O
280,0,CN(C)CCC(c1ccccc1)c2ccccn2,CN(C)CCC(c1ccccc1)c1ccccn1
281,0,CC(COc1ccccc1)N(CCCl)Cc2ccccc2,CC(COc1ccccc1)N(CCCl)Cc1ccccc1
282,0,CCCCC1C(=O)N(N(C1=O)c2ccccc2)c3ccccc3,CCCCC1C(=O)N(c2ccccc2)N(c2ccccc2)C1=O
283,0,Cc1ccc(CC2=CN=C(NCCCCc3ncc(Br)cc3C)NC2=O)cn1,Cc1ccc(Cc2cnc(NCCCCc3ncc(Br)cc3C)[nH]c2=O)cn1
284,1,C[C@@H]1CC2=C(CCC(=O)C2)[C@H]3CC[C@@]4(C)[C@@H](CC[C@@]4(O)C#C)[C@H]13,C#C[C@]1(O)CC[C@H]2[C@@H]3[C@H](C)CC4=C(CCC(=O)C4)[C@H]3CC[C@@]21C
285,1,CC(C)(O/N=C(C(=O)N[C@H]1[C@H]2SCC(=C(N2C1=O)C([O-])=O)C[n+]3ccccc3)/c4csc(N)n4)C(O)=O,CC(C)(O/N=C(\C(=O)N[C@@H]1C(=O)N2C(C(=O)[O-])=C(C[n+]3ccccc3)CS[C@H]12)c1csc(N)n1)C(=O)O
286,0,NC(N)=NCC1COC2(CCCCC2)O1,NC(N)=NCC1COC2(CCCCC2)O1
287,1,ClCCN(N=O)C(=O)NC1CCCCC1,O=NN(CCCl)C(=O)NC1CCCCC1
288,0,[Na+].[O-][S](=O)(=O)CCS,O=S(=O)([O-])CCS.[Na+]
289,0,CN(N=O)C(=O)N[C@H]1[C@@H](O)O[C@H](CO)[C@@H](O)[C@@H]1O,CN(N=O)C(=O)N[C@@H]1[C@@H](O)[C@H](O)[C@@H](CO)O[C@@H]1O
290,1,S=[P](N1CC1)(N2CC2)N3CC3,S=P(N1CC1)(N1CC1)N1CC1
291,0,CN1C(CSCC(F)(F)F)Nc2cc(Cl)c(cc2[S]1(=O)=O)[S](N)(=O)=O,CN1C(CSCC(F)(F)F)Nc2cc(Cl)c(S(N)(=O)=O)cc2S1(=O)=O
292,0,C[C@]12C[C@H](O)[C@H]3[C@@H](CCC4=CC(=O)C=C[C@]34C)[C@@H]1CC[C@]2(O)C(=O)CO,C[C@]12C=CC(=O)C=C1CC[C@@H]1[C@@H]2[C@@H](O)C[C@@]2(C)[C@H]1CC[C@]2(O)C(=O)CO
293,0,C[C@]12CC(=O)[C@H]3[C@@H](CCC4=CC(=O)C=C[C@]34C)[C@@H]1CC[C@]2(O)C(=O)CO,C[C@]12C=CC(=O)C=C1CC[C@@H]1[C@@H]2C(=O)C[C@@]2(C)[C@H]1CC[C@]2(O)C(=O)CO
294,0,CCCN(CCC)[S](=O)(=O)c1ccc(cc1)C(O)=O,CCCN(CCC)S(=O)(=O)c1ccc(C(=O)O)cc1
295,0,CC(C)NCC(O)COc1cccc2ccccc12,CC(C)NCC(O)COc1cccc2ccccc12
296,0,CC1OC(O[C@H]2CC[C@]3(C)[C@H]4CC[C@]5(C)[C@H](CC[C@]5(O)[C@@H]4CCC3=C2)C6=COC(=O)C=C6)C(O)C(O)C1O,CC1OC(O[C@@H]2C=C3CC[C@@H]4[C@H](CC[C@]5(C)[C@@H](c6ccc(=O)oc6)CC[C@]45O)[C@@]3(C)CC2)C(O)C(O)C1O
297,0,NC(=O)c1ncn(n1)[C@@H]2O[C@H](CO)[C@@H](O)[C@H]2O,NC(=O)c1ncn([C@@H]2O[C@H](CO)[C@@H](O)[C@H]2O)n1
298,1,CN=C(NCCSCc1csc(N=C(N)N)n1)NC#N,CN=C(NC#N)NCCSCc1csc(N=C(N)N)n1
299,1,OC(=O)\C=C/C(O)=O.OC(=O)\C=C/C(O)=O.C1CCN(CC1)Cc2cccc(OCCCNc3sc4ccccc4n3)c2,O=C(O)/C=C\C(=O)O.O=C(O)/C=C\C(=O)O.c1cc(CN2CCCCC2)cc(OCCCNc2nc3ccccc3s2)c1
300,1,CC(Cl)(Cl)Cl,CC(Cl)(Cl)Cl
301,1,C(CCl)(F)(F)F,FC(F)(F)CCl
302,1,CCC(C)(C)C,CCC(C)(C)C
303,0,c12c(C(N(Cc3n1cnc3c1noc(n1)C(CO)(CO)C)C)=O)c(ccc2)Cl,CN1Cc2c(-c3noc(C(C)(CO)CO)n3)ncn2-c2cccc(Cl)c2C1=O
304,1,S=C(NC1CCCCC1)N2CCC(CC2)c3[nH]cnc3,S=C(NC1CCCCC1)N1CCC(c2cnc[nH]2)CC1
305,0,CC1C=CC=C(C(=O)NC2=C(C3=C(C(=C4C(=C3C(=O)C2=CNN5CCN(CC5)C)C(=O)C(O4)(OC=CC(C(C(C(C(C(C1O)C)O)C)OC(=O)C)C)OC)C)C)O)O)C,COC1C=COC2(C)Oc3c(C)c(O)c4c(c3C2=O)C(=O)C(=CNN2CCN(C)CC2)C(=C4O)NC(=O)C(C)=CC=CC(C)C(O)C(C)C(O)C(C)C(OC(C)=O)C1C
306,0,CN1[C@@H]2CC(C[C@H]1[C@@H]3O[C@H]23)OC(=O)[C@H](CO)c4ccccc4,CN1[C@@H]2CC(OC(=O)[C@H](CO)c3ccccc3)C[C@H]1[C@@H]1O[C@@H]12
307,0,CC(=O)S[C@@H]1CC2=CC(=O)CC[C@]2(C)[C@H]3CC[C@@]4(C)[C@@H](CC[C@@]45CCC(=O)O5)[C@H]13,CC(=O)S[C@@H]1CC2=CC(=O)CC[C@]2(C)[C@H]2CC[C@@]3(C)[C@@H](CC[C@@]34CCC(=O)O4)[C@H]12
308,0,CC(C)N1CCN(CC1)c2ccc(OC[C@H]3CO[C@@](Cn4cncn4)(O3)c5ccc(Cl)cc5Cl)cc2,CC(C)N1CCN(c2ccc(OC[C@H]3CO[C@](Cn4cncn4)(c4ccc(Cl)cc4Cl)O3)cc2)CC1
309,0,C[C@]12CC[C@H]3[C@@H](CCC4=CC(=O)C=C[C@]34C)[C@@H]1CCC(=O)O2,C[C@]12C=CC(=O)C=C1CC[C@@H]1[C@@H]2CC[C@]2(C)OC(=O)CC[C@@H]12
310,0,C[C@]12CC[C@H]3[C@@H](CCC4=CC(=O)CC[C@]34C)[C@@H]1CC[C@@H]2O,C[C@]12CC[C@H]3[C@@H](CCC4=CC(=O)CC[C@@]43C)[C@@H]1CC[C@@H]2O
311,0,CN(C)[C@H]1[C@@H]2C[C@H]3C(=C(O)c4c(O)cccc4[C@@]3(C)O)C(=O)[C@]2(O)C(=O)\C(=C(N)/O)C1=O,CN(C)[C@@H]1C(=O)/C(=C(\N)O)C(=O)[C@@]2(O)C(=O)C3=C(O)c4c(O)cccc4[C@@](C)(O)[C@H]3C[C@@H]12
312,1,CCCC(C)CC,CCCC(C)CC
313,1,CCC(C)CC,CCC(C)CC
314,1,Cc1ncc2C(O)N=C(c3ccccc3F)c4cc(Cl)ccc4n12,Cc1ncc2n1-c1ccc(Cl)cc1C(c1ccccc1F)=NC2O
315,1,CN(C)C1=C(C)N(C)N(c2ccccc2)C1=O,Cc1c(N(C)C)c(=O)n(-c2ccccc2)n1C
316,1,c1ccccc1,c1ccccc1
317,1,CC(C)(C)OC(=O)c1ncn2c3cccc(Br)c3C(=O)N4CCC[C@H]4c12,CC(C)(C)OC(=O)c1ncn2c1[C@@H]1CCCN1C(=O)c1c(Br)cccc1-2
318,1,OC(C1CCCCN1)c2cc(nc3c2cccc3C(F)(F)F)C(F)(F)F,OC(c1cc(C(F)(F)F)nc2c(C(F)(F)F)cccc12)C1CCCCN1
319,1,CN1C(CNC(=O)c2cscc2)CN=C(c3ccccc3F)c4ccccc14,CN1c2ccccc2C(c2ccccc2F)=NCC1CNC(=O)c1ccsc1
320,0,C[C@]12CCC(=O)C=C1CC[C@H]3[C@@H]4CC[C@H](C(=O)CO)[C@]4(C[C@H](O)[C@H]23)C=O,C[C@]12CCC(=O)C=C1CC[C@@H]1[C@@H]2[C@@H](O)C[C@]2(C=O)[C@@H](C(=O)CO)CC[C@@H]12
321,1,c1(cc(c(cc1)Cl)Cl)CC(N1CCCC[C@H]1CN1CCCC1)=O,O=C(Cc1ccc(Cl)c(Cl)c1)N1CCCC[C@H]1CN1CCCC1
322,1,c1(cc(c(cc1)Cl)Cl)CC(N1[C@@H](c2c(CC1)cccc2)CN1CCCC1)=O,O=C(Cc1ccc(Cl)c(Cl)c1)N1CCc2ccccc2[C@H]1CN1CCCC1
323,1,c1(ccc(cc1)C(F)(F)F)CC(N1[C@@H](CCCC1)CN1CCCC1)=O,O=C(Cc1ccc(C(F)(F)F)cc1)N1CCCC[C@H]1CN1CCCC1
324,1,c1(ccc(c(c1)Cl)Cl)CC(N1[C@@H](c2c(CC1)scc2)CN1CCCC1)=O,O=C(Cc1ccc(Cl)c(Cl)c1)N1CCc2sccc2[C@H]1CN1CCCC1
325,0,CN1C(=O)N(C)c2nc[nH]c2C1=O,Cn1c(=O)c2[nH]cnc2n(C)c1=O
326,0,NC1=NC(=S)c2[nH]cnc2N1,Nc1nc(=S)c2[nH]cnc2[nH]1
327,0,Cc1ccc(cc1)[S](=O)(=O)NC(=O)NN2CCCCCC2,Cc1ccc(S(=O)(=O)NC(=O)NN2CCCCCC2)cc1
328,0,CCCCNC(=O)N[S](=O)(=O)c1ccc(C)cc1,CCCCNC(=O)NS(=O)(=O)c1ccc(C)cc1
329,0,C[C@]12C[C@H](O)[C@@]3(F)[C@@H](CCC4=CC(=O)C=C[C@]34C)[C@@H]1C[C@@H](O)[C@]2(O)C(=O)CO,C[C@]12C=CC(=O)C=C1CC[C@H]1[C@@H]3C[C@@H](O)[C@](O)(C(=O)CO)[C@@]3(C)C[C@H](O)[C@@]12F
330,0,N[S](=O)(=O)c1cc2c(NC(N[S]2(=O)=O)C(Cl)Cl)cc1Cl,NS(=O)(=O)c1cc2c(cc1Cl)NC(C(Cl)Cl)NS2(=O)=O
331,0,COc1ccc(CCN(C)CCCC(C#N)(C(C)C)c2ccc(OC)c(OC)c2)cc1OC,COc1ccc(CCN(C)CCCC(C#N)(c2ccc(OC)c(OC)c2)C(C)C)cc1OC
332,0,CC(=O)CC(c1ccccc1)C2=C(O)Oc3ccccc3C2=O,CC(=O)CC(c1ccccc1)c1c(O)oc2ccccc2c1=O
333,1,CCC(C)=O,CCC(C)=O
334,1,C1CC1,C1CC1
335,1,N1(c2c(CCc3c1cccc3)cccc2)CCCN,NCCCN1c2ccccc2CCc2ccccc21
336,1,ClCCl,ClCCl
337,1,CCOCC,CCOCC
338,1,C=COC=C,C=COC=C
339,1,FC(F)OC(F)(F)C(F)Cl,FC(F)OC(F)(F)C(F)Cl
340,1,c1(ccc(c(c1)Cl)Cl)CC(N1[C@@H](CN2CCCC2)CC(CC1)(C)C)=O,CC1(C)CCN(C(=O)Cc2ccc(Cl)c(Cl)c2)[C@@H](CN2CCCC2)C1
341,0,CC(C)(C(O)=O)c1ccc(cc1)C(=O)CCCN2CCC(CC2)OC(c3ccccc3)c4ccccc4,CC(C)(C(=O)O)c1ccc(C(=O)CCCN2CCC(OC(c3ccccc3)c3ccccc3)CC2)cc1
342,0,OC(=O)COCCN1CCN(CC1)C(c2ccccc2)c3ccc(Cl)cc3,O=C(O)COCCN1CCN(C(c2ccccc2)c2ccc(Cl)cc2)CC1
343,0,OC(=O)C1=CN(C2CC2)c3cc(N4CCNCC4)c(F)cc3C1=O,O=C(O)c1cn(C2CC2)c2cc(N3CCNCC3)c(F)cc2c1=O
344,0,c1cn(CCCCO)c(CC)c(O)c1=O,CCc1c(O)c(=O)ccn1CCCCO
345,0,COC(=O)[C@H]1[C@@H](O)CC[C@H]2CN3CCc4c([nH]c5ccccc45)[C@@H]3C[C@H]12,COC(=O)[C@@H]1[C@H]2C[C@H]3c4[nH]c5ccccc5c4CCN3C[C@@H]2CC[C@@H]1O
346,0,CC1=CN([C@H]2C[C@H](N=[N+]=[N-])[C@@H](CO)O2)C(=O)NC1=O,Cc1cn([C@H]2C[C@H](N=[N+]=[N-])[C@@H](CO)O2)c(=O)[nH]c1=O
347,1,CN(C)CCCN1c2ccccc2Sc3ccc(cc13)C(C)=O,CC(=O)c1ccc2c(c1)N(CCCN(C)C)c1ccccc1S2
348,1,CC(=O)c1ccc2Sc3ccccc3N(CCCN4CCN(CCO)CC4)c2c1,CC(=O)c1ccc2c(c1)N(CCCN1CCN(CCO)CC1)c1ccccc1S2
349,1,CC(=O)Nc1sc(nn1)[S](N)(=O)=O,CC(=O)Nc1nnc(S(N)(=O)=O)s1
350,1,C=CCC1(CC=C)C(=O)NC(=O)NC1=O,C=CCC1(CC=C)C(=O)NC(=O)NC1=O
351,1,[Cl-].NC12CC3CC(CC(C3)C1)C2.[H+],NC12CC3CC(CC(C3)C1)C2.[Cl-].[H+]
352,1,CN(C)CCC=C1c2ccccc2CCc3ccccc13,CN(C)CCC=C1c2ccccc2CCc2ccccc21
353,1,CCC1(CCC(C)C)C(=O)NC(=O)NC1=O,CCC1(CCC(C)C)C(=O)NC(=O)NC1=O
354,1,CC(N)Cc1ccccc1,CC(N)Cc1ccccc1
355,1,CCO,CCO
356,1,CCc1ccccc1,CCc1ccccc1
357,1,CN1C(=O)CN=C(c2ccccc2F)c3cc(ccc13)[N+]([O-])=O,CN1C(=O)CN=C(c2ccccc2F)c2cc([N+](=O)[O-])ccc21
358,1,FC(F)(F)C(Cl)Br,FC(F)(F)C(Cl)Br
359,1,CCCCCCC,CCCCCCC
360,1,CCCCCC,CCCCCC
361,1,CN1C=CC(=O)C(=C1C)O,Cc1c(O)c(=O)ccn1C
362,1,CCCCN1C=CC(=O)C(=C1C)O,CCCCn1ccc(=O)c(O)c1C
363,1,CCCCCN1C=CC(=O)C(=C1C)O,CCCCCn1ccc(=O)c(O)c1C
364,0,c1cn(CCCO)c(C)c(O)c1=O,Cc1c(O)c(=O)ccn1CCCO
365,1,CCN1C=CC(=O)C(=C1CC)O,CCc1c(O)c(=O)ccn1CC
366,0,CN1CCN(CC1)c2cc3N(C=C(C(O)=O)C(=O)c3cc2F)c4ccc(F)cc4,CN1CCN(c2cc3c(cc2F)c(=O)c(C(=O)O)cn3-c2ccc(F)cc2)CC1
367,1,CN1N(C(=O)C=C1C)c2ccccc2,Cc1cc(=O)n(-c2ccccc2)n1C
368,1,CN1CCc2cccc3c2[C@H]1Cc4ccc(O)c(O)c34,CN1CCc2cccc3c2[C@H]1Cc1ccc(O)c(O)c1-3
369,1,COC(=O)C1=CCCN(C)C1,COC(=O)C1=CCCN(C)C1
370,1,Fc1ccc(cc1)C(=O)CCCN2CCN(CC2)c3ccccn3,O=C(CCCN1CCN(c2ccccn2)CC1)c1ccc(F)cc1
371,1,[H+].[Cl-].CCN(CC)CCOC(=O)C(O)(c1ccccc1)c2ccccc2,CCN(CC)CCOC(=O)C(O)(c1ccccc1)c1ccccc1.[Cl-].[H+]
372,1,Fc1ccc(cc1)C(=O)CCCN2CCC(CC2)N3C(=O)Nc4ccccc34,O=C(CCCN1CCC(n2c(=O)[nH]c3ccccc32)CC1)c1ccc(F)cc1
373,1,CCOC(=O)c1ccc(N)cc1,CCOC(=O)c1ccc(N)cc1
374,1,CCN(CC)C(=O)C1CN2CCc3cc(OC)c(OC)cc3C2CC1OC(C)=O,CCN(CC)C(=O)C1CN2CCc3cc(OC)c(OC)cc3C2CC1OC(C)=O
375,1,CN1C2CCC1CC(C2)OC(c3ccccc3)c4ccccc4.O[S](O)(=O)=O,CN1C2CCC1CC(OC(c1ccccc1)c1ccccc1)C2.O=S(=O)(O)O
376,1,CN1C(=O)NC(=O)C(C)(C1=O)C2=CCCCC2,CN1C(=O)NC(=O)C(C)(C2=CCCCC2)C1=O
377,1,FC(F)OC(Cl)C(F)(F)F,FC(F)OC(Cl)C(F)(F)F
378,1,CCC#CC(C)C1(CC=C)C(=O)NC(=O)N(C)C1=O,C=CCC1(C(C)C#CCC)C(=O)NC(=O)N(C)C1=O
379,1,COC(F)(F)C(Cl)Cl,COC(F)(F)C(Cl)Cl
380,1,CC1CCCC1,CC1CCCC1
381,1,N1(c2c(Sc3c1cccc3)ccc(c2)Cl)CCCNC,CNCCCN1c2ccccc2Sc2ccc(Cl)cc21
382,1,N1(c2c(Sc3c1cccc3)ccc(c2)Cl)CCCN,NCCCN1c2ccccc2Sc2ccc(Cl)cc21
383,1,CN(C)CCOC(C)(c1ccccc1)c2ccccn2,CN(C)CCOC(C)(c1ccccc1)c1ccccn1
384,0,c1ccc([C@H](C[N@]2CC[C@H](C2)O)N(C(Cc2ccccc2N)=O)C)cc1,CN(C(=O)Cc1ccccc1N)[C@@H](CN1CC[C@@H](O)C1)c1ccccc1
385,0,CCN1C=C(C(O)=O)C(=O)c2cc(F)c(nc12)N3CCNCC3,CCn1cc(C(=O)O)c(=O)c2cc(F)c(N3CCNCC3)nc21
386,0,CN1CCN(CC1)c2c(F)cc3C(=O)C(=CN(CCF)c3c2F)C(O)=O,CN1CCN(c2c(F)cc3c(=O)c(C(=O)O)cn(CCF)c3c2F)CC1
387,1,c1(ccc(c(c1)Cl)Cl)CC(N1[C@@H](c2c(CC1)occ2)CN1CCCC1)=O,O=C(Cc1ccc(Cl)c(Cl)c1)N1CCc2occc2[C@H]1CN1CCCC1
388,1,c1(ccc(c(c1)Cl)Cl)CC(N1[C@H](CN(CC1)C(=O)OC)CN1CCCC1)=O,COC(=O)N1CCN(C(=O)Cc2ccc(Cl)c(Cl)c2)[C@@H](CN2CCCC2)C1
389,1,Brc1ccc2NC(=O)CN=C(c3ccccn3)c2c1,O=C1CN=C(c2ccccn2)c2cc(Br)ccc2N1
390,1,CC(C)(C)c1ccc(CN2CCN(CC2)C(c3ccccc3)c4ccc(Cl)cc4)cc1,CC(C)(C)c1ccc(CN2CCN(C(c3ccccc3)c3ccc(Cl)cc3)CC2)cc1
391,1,OCCOC(=O)NCc1ccccc1,O=C(NCc1ccccc1)OCCO
392,1,CCC(C)C1(CC)C(=O)NC(=O)NC1=O,CCC(C)C1(CC)C(=O)NC(=O)NC1=O
393,1,Cn1cnc2N(C)C(=O)N(C)C(=O)c12,Cn1c(=O)c2c(ncn2C)n(C)c1=O
394,1,CCCCCc1cc(O)c(C2C=C(C)CC[C@H]2C(C)=C)c(O)c1,C=C(C)[C@@H]1CCC(C)=CC1c1c(O)cc(CCCCC)cc1O
395,1,CCC(C)C(CC)C(=O)NC(N)=O,CCC(C)C(CC)C(=O)NC(N)=O
396,1,NC(=O)N1c2ccccc2C=Cc3ccccc13,NC(=O)N1c2ccccc2C=Cc2ccccc21
397,1,CSc1ccc2Sc3ccccc3N(CCC4CCCNC4)c2c1,CSc1ccc2c(c1)N(CCC1CCCNC1)c1ccccc1S2
398,1,C1N(CCN(C1)c1cc(ccn1)C(F)(F)F)CCCCN1C(CCC1)=O,O=C1CCCN1CCCCN1CCN(c2cc(C(F)(F)F)ccn2)CC1
399,1,CCCCC,CCCCC
400,1,CC(C)=O,CC(C)=O
401,1,c1(ccc(c(c1)Cl)Cl)CC(N1[C@H](CN(CC1)C(=O)OCC)CN1CCCC1)=O,CCOC(=O)N1CCN(C(=O)Cc2ccc(Cl)c(Cl)c2)[C@@H](CN2CCCC2)C1
402,1,c1(CC(N2[C@H](CN(CC2)C(=O)OCCC)CN2CCCC2)=O)cc(c(cc1)Cl)Cl,CCCOC(=O)N1CCN(C(=O)Cc2ccc(Cl)c(Cl)c2)[C@@H](CN2CCCC2)C1
403,0,c1(ccc(c(c1)Cl)Cl)CC(=O)N1[C@H](CN(C(=O)C)CC1)C[N@@]1C[C@H](O)CC1,CC(=O)N1CCN(C(=O)Cc2ccc(Cl)c(Cl)c2)[C@@H](CN2CC[C@@H](O)C2)C1
404,0,c1(CC(N2[C@H](CN(CC2)C(=O)C)C[N@]2CC[C@H](C2)O)=O)cc(cc(c1)F)F,CC(=O)N1CCN(C(=O)Cc2cc(F)cc(F)c2)[C@@H](CN2CC[C@@H](O)C2)C1
405,1,CCC(=O)c1ccc2Sc3ccccc3N(CCCN4CCN(CCO)CC4)c2c1,CCC(=O)c1ccc2c(c1)N(CCCN1CCN(CCO)CC1)c1ccccc1S2
406,1,CCCCNc1c(cnc2n(CC)ncc12)C(=O)OCC,CCCCNc1c(C(=O)OCC)cnc2c1cnn2CC
407,1,OC(O)C(Cl)(Cl)Cl,OC(O)C(Cl)(Cl)Cl
408,1,CN=C1CN(O)C(=C2C=C(Cl)C=CC2=N1)c3ccccc3,CN=C1CN(O)C(c2ccccc2)=c2cc(Cl)ccc2=N1
409,1,CN(C)CCCN1c2ccccc2Sc3ccc(Cl)cc13,CN(C)CCCN1c2ccccc2Sc2ccc(Cl)cc21
410,1,CN(C)CC\C=C/1c2ccccc2Sc3ccc(Cl)cc13,CN(C)CC/C=C1/c2ccccc2Sc2ccc(Cl)cc21
411,1,Clc1ccc2OC(=O)Nc2c1,O=c1[nH]c2cc(Cl)ccc2o1
412,1,C[N+](C)(C)CCO,C[N+](C)(C)CCO
413,1,CN1C(=O)CC(=O)N(c2ccccc2)c3cc(Cl)ccc13,CN1C(=O)CC(=O)N(c2ccccc2)c2cc(Cl)ccc21
414,1,CN1Cc2n(cnc2C(=O)OC(C)(C)C)c3ccsc3C1=O,CN1Cc2c(C(=O)OC(C)(C)C)ncn2-c2ccsc2C1=O
415,1,C1C(Nc2c1c(ccc2)CCN(CCC)CCC)=O,CCCN(CCC)CCc1cccc2c1CC(=O)N2
416,1,C1C(Nc2c1c(ccc2O)CCN(CCC)CCC)=O,CCCN(CCC)CCc1ccc(O)c2c1CC(=O)N2
417,1,OC(=O)CNC(=O)c1ccccc1O,O=C(O)CNC(=O)c1ccccc1O
418,1,CN1CCCCC1CCN2c3ccccc3Sc4ccc(cc24)[S](C)(=O)=O,CN1CCCCC1CCN1c2ccccc2Sc2ccc(S(C)(=O)=O)cc21
419,1,Cc1ccccc1,Cc1ccccc1
420,1,Cc1nnc2CN=C(c3ccccc3Cl)c4cc(Cl)ccc4n12,Cc1nnc2n1-c1ccc(Cl)cc1C(c1ccccc1Cl)=NC2
421,0,c1(CC(N2[C@H](CN(CC2)C(=O)C)C[N@]2CC[C@H](O)C2)=O)cc(ccc1)N(=O)=O,CC(=O)N1CCN(C(=O)Cc2cccc([N+](=O)[O-])c2)[C@@H](CN2CC[C@H](O)C2)C1
422,0,c1(ccccc1)CC(N1[C@H](CN(CC1)C(=O)C)C[N@]1CC[C@H](C1)O)=O,CC(=O)N1CCN(C(=O)Cc2ccccc2)[C@@H](CN2CC[C@@H](O)C2)C1
423,0,c1(CC(N2[C@H](CN(CC2)C(=O)C)C[N@]2CC[C@H](O)C2)=O)ccc([S@](=O)C)cc1,CC(=O)N1CCN(C(=O)Cc2ccc([S@@](C)=O)cc2)[C@@H](CN2CC[C@H](O)C2)C1
424,1,CC(C)[C@@H](CN1CCCC1)N(C)C(=O)Cc2ccc(Cl)c(Cl)c2,CC(C)[C@@H](CN1CCCC1)N(C)C(=O)Cc1ccc(Cl)c(Cl)c1
425,1,c1(ccccc1)[C@H](CN1CCCC1)N(C(=O)Cc1ccc(c(c1)Cl)Cl)C,CN(C(=O)Cc1ccc(Cl)c(Cl)c1)[C@@H](CN1CCCC1)c1ccccc1
426,0,CN1C(=C(\O)Nc2cc(C)on2)/C(=O)c3ccccc3[S]1(=O)=O,Cc1cc(N/C(O)=C2\C(=O)c3ccccc3S(=O)(=O)N2C)no1
427,1,Oc1ccc2C[C@@H]3[C@@H]4CCCC[C@]4(CCN3CC=C)c2c1,C=CCN1CC[C@]23CCCC[C@H]2[C@H]1Cc1ccc(O)cc13
428,0,CCN1C=C(C(O)=O)C(=O)c2cc(F)c(N3CCNC(C)C3)c(F)c12,CCn1cc(C(=O)O)c(=O)c2cc(F)c(N3CCNC(C)C3)c(F)c21
429,0,CN(C)C(=O)C(CCN1CCC(O)(CC1)c2ccc(Cl)cc2)(c3ccccc3)c4ccccc4,CN(C)C(=O)C(CCN1CCC(O)(c2ccc(Cl)cc2)CC1)(c1ccccc1)c1ccccc1
430,1,CN(C)CCCN1c2ccccc2CCc3ccc(Cl)cc13,CN(C)CCCN1c2ccccc2CCc2ccc(Cl)cc21
431,1,[O-][N+](=O)c1ccc2NC(=O)CN=C(c3ccccc3Cl)c2c1,O=C1CN=C(c2ccccc2Cl)c2cc([N+](=O)[O-])ccc2N1
432,1,OCCN1CCN(CC\C=C/2c3ccccc3Sc4ccc(Cl)cc24)CC1,OCCN1CCN(CC/C=C2/c3ccccc3Sc3ccc(Cl)cc32)CC1
433,1,Fc1ccc(cc1)C(CCCN2CCC(CC2)N3C(=O)Nc4cc(Cl)ccc34)c5ccc(F)cc5,O=c1[nH]c2cc(Cl)ccc2n1C1CCN(CCCC(c2ccc(F)cc2)c2ccc(F)cc2)CC1
434,1,COC(=O)[C@H]1[C@H](CC2CCC1N2C)OC(=O)c3ccccc3,COC(=O)[C@@H]1C2CCC(C[C@@H]1OC(=O)c1ccccc1)N2C
435,1,COc1ccc2C[C@@H]3[C@@H]4C=C[C@H](O)[C@@H]5Oc1c2[C@]45CCN3C,COc1ccc2c3c1O[C@H]1[C@@H](O)C=C[C@H]4[C@@H](C2)N(C)CC[C@@]341
436,1,CC1C2Cc3ccc(O)cc3C1(C)CCN2CC4CC4,CC1C2Cc3ccc(O)cc3C1(C)CCN2CC1CC1
437,1,FC(F)(F)c1ccc2Sc3ccccc3N(CCCN4CCN(CC4)C5CC5)c2c1,FC(F)(F)c1ccc2c(c1)N(CCCN1CCN(C3CC3)CC1)c1ccccc1S2
438,1,CN(C)CCO,CN(C)CCO
439,1,[H+].[Cl-].CCOC(=O)C1(CCN(C)CC1)c2ccccc2,CCOC(=O)C1(c2ccccc2)CCN(C)CC1.[Cl-].[H+]
440,1,ClC=C(Cl)Cl,ClC=C(Cl)Cl
441,1,ClC(Cl)Cl,ClC(Cl)Cl
442,1,c1c(nccc1)CCNC,CNCCc1ccccn1
443,1,c1c(nccc1)CCN(C)C,CN(C)CCc1ccccn1
444,1,n1c(scc1)CCN,NCCc1nccs1
445,0,n1c(scc1c1ccccc1)CCN,NCCc1nc(-c2ccccc2)cs1
446,1,Cc1cccc(C)c1,Cc1cccc(C)c1
447,0,CCOC(=O)N1CCC(CC1)=C2c3ccc(Cl)cc3CCc4cccnc24,CCOC(=O)N1CCC(=C2c3ccc(Cl)cc3CCc3cccnc32)CC1
448,0,CN1C(=C(/O)Nc2sc(C)cn2)/C(=O)c3ccccc3[S]1(=O)=O,Cc1cnc(N/C(O)=C2/C(=O)c3ccccc3S(=O)(=O)N2C)s1
449,1,Oc1ccc2C[C@H]3N(CC[C@@]45[C@@H](Oc1c24)C(=O)CC[C@@]35O)CC6CC6,O=C1CC[C@@]2(O)[C@H]3Cc4ccc(O)c5c4[C@@]2(CCN3CC2CC2)[C@H]1O5
450,0,CCN1C=C(C(O)=O)C(=O)c2cc(F)c(cc12)N3CCNCC3,CCn1cc(C(=O)O)c(=O)c2cc(F)c(N3CCNCC3)cc21
451,1,C[S](O)(=O)=O.Oc1ccc2[nH]cc(CCCCN3CCC(=CC3)c4ccccc4)c2c1,CS(=O)(=O)O.Oc1ccc2[nH]cc(CCCCN3CC=C(c4ccccc4)CC3)c2c1
452,1,CO[C@H]1[C@@H](C[C@@H]2CN3CCc4c([nH]c5ccccc45)[C@H]3C[C@@H]2[C@@H]1C(=O)OC)OC(=O)c6cc(OC)c(OC)c(OC)c6,COC(=O)[C@H]1[C@H]2C[C@@H]3c4[nH]c5ccccc5c4CCN3C[C@H]2C[C@@H](OC(=O)c2cc(OC)c(OC)c(OC)c2)[C@@H]1OC
453,1,CNCCCN1c2ccccc2CCc3ccccc13,CNCCCN1c2ccccc2CCc2ccccc21
454,1,CN1C(=O)CN=C(c2ccccc2)c3cc(Cl)ccc13,CN1C(=O)CN=C(c2ccccc2)c2cc(Cl)ccc21
455,1,COc1ccc2C[C@@H]3[C@@H]4CC[C@H](O)[C@@H]5Oc1c2[C@]45CCN3C,COc1ccc2c3c1O[C@H]1[C@@H](O)CC[C@H]4[C@@H](C2)N(C)CC[C@@]341
456,1,CN(C)CCOC(c1ccccc1)c2ccccc2,CN(C)CCOC(c1ccccc1)c1ccccc1
457,1,O=C1NC(=O)C(N1)(c2ccccc2)c3ccccc3,O=C1NC(=O)C(c2ccccc2)(c2ccccc2)N1
458,1,CC(CN1CCN(CCOCCO)CC1)CN2c3ccccc3Sc4ccccc24,CC(CN1CCN(CCOCCO)CC1)CN1c2ccccc2Sc2ccccc21
459,1,COC(=O)c1ccc(cc1)C(=O)OC,COC(=O)c1ccc(C(=O)OC)cc1
460,1,Cc1ccccc1C,Cc1ccccc1C
461,1,Cc1ccc(C)cc1,Cc1ccc(C)cc1
462,1,CC(C)O,CC(C)O
463,1,NC(=O)N1c2ccccc2C3OC3c4ccccc14,NC(=O)N1c2ccccc2C2OC2c2ccccc21
464,1,c12c(nc(c(c1C(N[C@@H](CC)c1ccccc1)=O)C)c1ccccc1)cccc2,CC[C@H](NC(=O)c1c(C)c(-c2ccccc2)nc2ccccc12)c1ccccc1
465,0,CC(C)Nc1cccnc1N2CCN(CC2)C(=O)c3[nH]c4ccc(N[S](C)(=O)=O)cc4c3,CC(C)Nc1cccnc1N1CCN(C(=O)c2cc3cc(NS(C)(=O)=O)ccc3[nH]2)CC1
466,0,CC(C)(C)c1ccc(cc1)C(=O)CCCN2CCC(CC2)OC(c3ccccc3)c4ccccc4,CC(C)(C)c1ccc(C(=O)CCCN2CCC(OC(c3ccccc3)c3ccccc3)CC2)cc1
467,1,CN1CCN(CC1)CC(=O)N2c3ccccc3C(=O)Nc4cccnc24,CN1CCN(CC(=O)N2c3ccccc3C(=O)Nc3cccnc32)CC1
468,0,CN1CCN(CC1)c2c(F)cc3C(=O)C(=CN4CCSc2c34)C(O)=O,CN1CCN(c2c(F)cc3c(=O)c(C(=O)O)cn4c3c2SCC4)CC1
469,1,c1(ccc(c(c1)Cl)Cl)CC(N1[C@H](CN2CCCC2)c2n(CC1)ccn2)=O,O=C(Cc1ccc(Cl)c(Cl)c1)N1CCn2ccnc2[C@H]1CN1CCCC1
470,0,c1(ccc(c(c1)Cl)Cl)CC(N1[C@H](C[C@]2(CC1)NC(NC2=O)=O)CN1CCCC1)=O,O=C1NC(=O)[C@@]2(CCN(C(=O)Cc3ccc(Cl)c(Cl)c3)[C@@H](CN3CCCC3)C2)N1
471,1,c1(ccc(c(c1)Cl)Cl)CC(N1[C@H](CN2CCCC2)c2n(CC1)ncn2)=O,O=C(Cc1ccc(Cl)c(Cl)c1)N1CCn2ncnc2[C@H]1CN1CCCC1
472,0,c1(ccc(c(c1)Cl)Cl)CC(N1[C@@H](C[N@@]2C[C@@H](CC2)O)C[N@](CC1)CCO)=O,O=C(Cc1ccc(Cl)c(Cl)c1)N1CCN(CCO)C[C@@H]1CN1CC[C@@H](O)C1
473,1,[H+].[Cl-].CN(C)CC\C=C/1c2ccccc2COc3ccccc13,CN(C)CC/C=C1/c2ccccc2COc2ccccc21.[Cl-].[H+]
474,1,CN(C)CCOC(C)(c1ccccc1)c2ccccn2.OC(=O)CCC(O)=O,CN(C)CCOC(C)(c1ccccc1)c1ccccn1.O=C(O)CCC(=O)O
475,1,CC\C(=C/C)C(=O)NC(N)=O,C/C=C(\CC)C(=O)NC(N)=O
476,1,CCC(C)(CC)OC(N)=O,CCC(C)(CC)OC(N)=O
477,1,Clc1ccc2n3cnnc3CN=C(c4ccccc4)c2c1,Clc1ccc2c(c1)C(c1ccccc1)=NCc1nncn1-2
478,1,CCc1ccccc1N2C(=Nc3ccccc3C2=O)C,CCc1ccccc1-n1c(C)nc2ccccc2c1=O
479,1,CCOC(=O)c1cnc2n(CC)ncc2c1NN=C(C)C,CCOC(=O)c1cnc2c(cnn2CC)c1NN=C(C)C
480,1,NC(=O)OC1(CCCCC1)C#C,C#CC1(OC(N)=O)CCCCC1
481,1,c1cc(CCN(C)C)ncc1,CN(C)CCc1ccccn1
482,1,s1c(ncc1)CCN,NCCc1nccs1
483,1,c1nc(C2CCN(CC2)C(NC2CCCCC2)=S)c[nH]1,S=C(NC1CCCCC1)N1CCC(c2c[nH]cn2)CC1
484,1,c1ccc2Oc3c(cc(cc3)Cl)[C@@H]3[C@@H](c2c1)C[N@](CC3)C,CN1CC[C@@H]2c3cc(Cl)ccc3Oc3ccccc3[C@H]2C1
485,1,c1ccc2Oc3c(cc(cc3)Cl)[C@@H]3[C@@H](c2c1)CNCC3,Clc1ccc2c(c1)[C@H]1CCNC[C@@H]1c1ccccc1O2
486,0,c1(ccc(c(c1)Cl)Cl)CC(N1[C@H](C[N@@]2C[C@@H](CC2)O)c2c(CC1)[nH]cn2)=O,O=C(Cc1ccc(Cl)c(Cl)c1)N1CCc2[nH]cnc2[C@H]1CN1CC[C@@H](O)C1
487,1,c1ccc2nc(c(c(C(N[C@@H](CC)c3ccccc3)=O)c2c1)O)c1ccccc1,CC[C@H](NC(=O)c1c(O)c(-c2ccccc2)nc2ccccc12)c1ccccc1
488,1,c1cc2c(C(N[C@@H](CC)c3ccccc3)=O)c(c(nc2cc1)c1ccccc1)OCCCN(C)C,CC[C@H](NC(=O)c1c(OCCCN(C)C)c(-c2ccccc2)nc2ccccc12)c1ccccc1
489,0,c1cc2c(C(N[C@@H](CC)c3ccccc3)=O)c(c(nc2cc1)c1ccccc1)OCC(O)=O,CC[C@H](NC(=O)c1c(OCC(=O)O)c(-c2ccccc2)nc2ccccc12)c1ccccc1
490,0,c1cc2c(C(N[C@@H](CC)c3ccccc3)=O)c(c(c3ccccc3)nc2cc1)OCCCC(O)=O,CC[C@H](NC(=O)c1c(OCCCC(=O)O)c(-c2ccccc2)nc2ccccc12)c1ccccc1
491,0,c1ccc2c(c(C(N[C@@H](CC)c3ccccc3)=O)c(OCCNC(Cc3c(cccc3)C(=O)O)=O)c(c3ccccc3)n2)c1,CC[C@H](NC(=O)c1c(OCCNC(=O)Cc2ccccc2C(=O)O)c(-c2ccccc2)nc2ccccc12)c1ccccc1
492,0,c1cc2c(c(c(c3ccccc3)nc2cc1)OCCNC([C@@H]1CCCN1)=O)C(=O)N[C@@H](CC)c1ccccc1,CC[C@H](NC(=O)c1c(OCCNC(=O)[C@@H]2CCCN2)c(-c2ccccc2)nc2ccccc12)c1ccccc1
493,0,c1cc2c(C(N[C@@H](CC)c3ccccc3)=O)c(c(nc2cc1)c1ccccc1)Cn1cncc1,CC[C@H](NC(=O)c1c(Cn2ccnc2)c(-c2ccccc2)nc2ccccc12)c1ccccc1
494,0,C[C@H]1CN(C[C@@H](C)N1)c2c(F)c(N)c3C(=O)C(=CN(C4CC4)c3c2F)C(O)=O,C[C@@H]1CN(c2c(F)c(N)c3c(=O)c(C(=O)O)cn(C4CC4)c3c2F)C[C@H](C)N1
495,1,CCC1(C)CC(=O)NC1=O,CCC1(C)CC(=O)NC1=O
496,1,CCc1ccc2Sc3ccccc3N(CC(C)CN(C)C)c2c1,CCc1ccc2c(c1)N(CC(C)CN(C)C)c1ccccc1S2
497,1,OCCN1CCN(CC\C=C/2c3ccccc3Sc4ccc(cc24)C(F)(F)F)CC1,OCCN1CCN(CC/C=C2/c3ccccc3Sc3ccc(C(F)(F)F)cc32)CC1
498,1,OCCN1CCN(CCCN2c3ccccc3Sc4ccc(cc24)C(F)(F)F)CC1,OCCN1CCN(CCCN2c3ccccc3Sc3ccc(C(F)(F)F)cc32)CC1
499,1,CCN(CC)CCN1C(=O)CN=C(c2ccccc2F)c3cc(Cl)ccc13,CCN(CC)CCN1C(=O)CN=C(c2ccccc2F)c2cc(Cl)ccc21
500,1,COc1cc2CCN(C)C3CC4(C=CC(=O)C=C4)c(c1O)c23,COc1cc2c3c(c1O)C1(C=CC(=O)C=C1)CC3N(C)CC2
501,1,CCC1(CCC(=O)NC1=O)c2ccccc2,CCC1(c2ccccc2)CCC(=O)NC1=O
502,1,OC1(CCN(CCCC(=O)c2ccc(F)cc2)CC1)c3ccc(Cl)cc3,O=C(CCCN1CCC(O)(c2ccc(Cl)cc2)CC1)c1ccc(F)cc1
503,1,CC1=C2NC3=CC(=O)C=CC3=C2C=CN1,Cc1[nH]ccc2c1[nH]c1cc(=O)ccc12
504,1,c1cc(ncc1)CSCCNc1c(cc[nH]1)[N+](=O)[O-],O=[N+]([O-])c1cc[nH]c1NCCSCc1ccccn1
505,1,c1(c(oc(c1C)C(N(C(C)(N)C)C(N)(C)C)(C)C)C)C.C[NH+]O.[OH-],C[NH+]O.Cc1oc(C(C)(C)N(C(C)(C)N)C(C)(C)N)c(C)c1C.[OH-]
506,1,[NH]C(CC(C)C([N@@](C(C)(C)C)C(N)(C)N)(C)C)c1c(c(c[nH+][o+]1)C)[O-],Cc1c[nH+][o+]c(C([NH])CC(C)C(C)(C)N(C(C)(C)C)C(C)(N)N)c1[O-]
507,0,CN1C(=C(\O)Nc2ccccn2)/C(=O)c3sccc3[S]1(=O)=O,CN1/C(=C(\O)Nc2ccccn2)C(=O)c2sccc2S1(=O)=O
508,0,CC(C)(C)c1ccc(cc1)C(O)CCCN2CCC(CC2)C(O)(c3ccccc3)c4ccccc4,CC(C)(C)c1ccc(C(O)CCCN2CCC(C(O)(c3ccccc3)c3ccccc3)CC2)cc1
509,1,CN(C1CCCC[C@H]1N2CCCC2)C(=O)Cc3ccc(Cl)c(Cl)c3,CN(C(=O)Cc1ccc(Cl)c(Cl)c1)C1CCCC[C@H]1N1CCCC1
510,1,[H+].[H+].[Cl-].[Cl-].OCCN1CCCN(CCCN2c3ccccc3Sc4cc(ccc24)C(F)(F)F)CC1,OCCN1CCCN(CCCN2c3ccccc3Sc3cc(C(F)(F)F)ccc32)CC1.[Cl-].[Cl-].[H+].[H+]
511,1,COc1ccc2C[C@@H]3[C@@H]4CCC(=O)[C@@H]5Oc1c2[C@]45CCN3C,COc1ccc2c3c1O[C@H]1C(=O)CC[C@H]4[C@@H](C2)N(C)CC[C@]314
512,1,OCCOCCN1CCN(CC1)C(c2ccccc2)c3ccc(Cl)cc3,OCCOCCN1CCN(C(c2ccccc2)c2ccc(Cl)cc2)CC1
513,1,CN(C)CCCN1c2ccccc2CCc3ccccc13,CN(C)CCCN1c2ccccc2CCc2ccccc21
514,1,CNC1(CCCCC1=O)c2ccccc2Cl,CNC1(c2ccccc2Cl)CCCCC1=O
515,1,OC(=O)C1=CC(=O)c2ccccc2N1,O=C(O)c1cc(=O)c2ccccc2[nH]1
516,1,C1CN(CCC1)Cc1cccc(c1)OCCCNC(=O)C,CC(=O)NCCCOc1cccc(CN2CCCCC2)c1
517,1,C1CN(CCC1)Cc1cccc(c1)OCCCO,OCCCOc1cccc(CN2CCCCC2)c1
518,1,C1CN(CCC1)Cc1cccc(c1)OCCCNc1ncccc1,c1ccc(NCCCOc2cccc(CN3CCCCC3)c2)nc1
519,1,C1CN(CCC1)Cc1cccc(c1)OCCCNc1nccs1,c1cc(CN2CCCCC2)cc(OCCCNc2nccs2)c1
520,0,c1c(oc(c1)CN(C)C)CSCCNc1nc(c(c[nH]1)Cc1cc2c(cc1)cccc2)=O,CN(C)Cc1ccc(CSCCNc2nc(=O)c(Cc3ccc4ccccc4c3)c[nH]2)o1
521,0,CN(C)Cc1oc(cc1)CSCCNC=1NC=C(CN1)Cc1cnc(cc1)C,Cc1ccc(CC2=CNC(NCCSCc3ccc(CN(C)C)o3)=NC2)cn1
522,0,c1(nccc(c1)c1nc([nH]n1)N)N(C)C,CN(C)c1cc(-c2n[nH]c(N)n2)ccn1
523,1,n1(c(c2nc[nH]c2n(c1=O)C)=O)C,Cn1c(=O)c2nc[nH]c2n(C)c1=O
524,1,Fc1ccc(cc1)C(=O)CCCN2CCC(CC2)C(=O)c3ccc(F)cc3,O=C(CCCN1CCC(C(=O)c2ccc(F)cc2)CC1)c1ccc(F)cc1
525,1,CN1CC[C@]23CCCC[C@H]2[C@H]1Cc4ccc(O)cc34,CN1CC[C@]23CCCC[C@H]2[C@H]1Cc1ccc(O)cc13
526,1,CCN(CC)CC(=O)Nc1c(C)cccc1C,CCN(CC)CC(=O)Nc1c(C)cccc1C
527,1,OC1N=C(c2ccccc2Cl)c3cc(Cl)ccc3NC1=O,O=C1Nc2ccc(Cl)cc2C(c2ccccc2Cl)=NC1O
528,1,CC(C)N1CCC(CC1)N(C(=O)Cc2ccccc2)c3ccc(Cl)cc3,CC(C)N1CCC(N(C(=O)Cc2ccccc2)c2ccc(Cl)cc2)CC1
529,1,CN(C)CCOC(=O)COc1ccc(Cl)cc1,CN(C)CCOC(=O)COc1ccc(Cl)cc1
530,1,CC1=Nc2ccccc2C(=O)N1c3ccccc3Cl,Cc1nc2ccccc2c(=O)n1-c1ccccc1Cl
531,1,CN1CCN=C(c2ccccc2)c3cc(Cl)ccc13,CN1CCN=C(c2ccccc2)c2cc(Cl)ccc21
532,1,CCCC(C)(COC(N)=O)COC(N)=O,CCCC(C)(COC(N)=O)COC(N)=O
533,1,c1(c(cc2n(ncc2c1)CCN)Cl)Cl,NCCn1ncc2cc(Cl)c(Cl)cc21
534,1,Nc1nc(NC2CC2)c3ncn([C@@H]4C[C@H](CO)C=C4)c3n1,Nc1nc(NC2CC2)c2ncn([C@H]3C=C[C@@H](CO)C3)c2n1
535,1,NC1=NC(=O)c2ncn(COCCO)c2N1,Nc1nc(=O)c2ncn(COCCO)c2[nH]1
536,0,NCCCNCCS[P](O)(O)=O,NCCCNCCSP(=O)(O)O
537,1,COc1cc(CCN)cc(OC)c1OC,COc1cc(CCN)cc(OC)c1OC
538,1,CN1CCCCC1CCN2c3ccccc3Sc4ccc(cc24)[S](C)=O,CN1CCCCC1CCN1c2ccccc2Sc2ccc(S(C)=O)cc21
539,1,CN[C@@H](C)Cc1ccccc1,CN[C@@H](C)Cc1ccccc1
540,1,Cc1ccccc1N2C(=Nc3ccccc3C2=O)C,Cc1ccccc1-n1c(C)nc2ccccc2c1=O
541,1,COc1ccccc1OCC(O)COC(N)=O,COc1ccccc1OCC(O)COC(N)=O
542,1,COc1ccc2Sc3ccccc3N(C[C@H](C)CN(C)C)c2c1,COc1ccc2c(c1)N(C[C@H](C)CN(C)C)c1ccccc1S2
543,1,CCC(C)(O)C#C,C#CC(C)(O)CC
544,1,COC(=O)C(C1CCCCN1)c2ccccc2,COC(=O)C(c1ccccc1)C1CCCCN1
545,1,CCC1(CC)C(=O)NCC(C)C1=O,CCC1(CC)C(=O)NCC(C)C1=O
546,1,NCC[C@H](O)C(=O)N[C@@H]1C[C@H](N)[C@@H](O[C@H]2O[C@H](CN)[C@@H](O)[C@H](O)[C@H]2O)[C@H](O)[C@H]1O[C@H]3O[C@H](CO)[C@@H](O)[C@H](N)[C@H]3O,NCC[C@H](O)C(=O)N[C@@H]1C[C@H](N)[C@@H](O[C@H]2O[C@H](CN)[C@@H](O)[C@H](O)[C@H]2O)[C@H](O)[C@H]1O[C@H]1O[C@H](CO)[C@@H](O)[C@H](N)[C@H]1O
547,0,Nc1ccc(C(O)=O)c(O)c1,Nc1ccc(C(=O)O)c(O)c1
548,1,NC1=NC(=O)N(C=C1)[C@@H]2O[C@H](CO)[C@@H](O)[C@@H]2O,Nc1ccn([C@@H]2O[C@H](CO)[C@@H](O)[C@@H]2O)c(=O)n1
549,1,CN(C)N\N=C/1N=CN=C1C(N)=O,CN(C)N/N=C1/N=CN=C1C(N)=O
550,0,COc1cccc2C(=O)c3c(O)c4C[C@](O)(C[C@H](O[C@H]5C[C@H](N)[C@H](O)[C@H](C)O5)c4c(O)c3C(=O)c12)C(C)=O,COc1cccc2c1C(=O)c1c(O)c3c(c(O)c1C2=O)C[C@@](O)(C(C)=O)C[C@@H]3O[C@H]1C[C@H](N)[C@H](O)[C@H](C)O1
551,1,Clc1ccc2NC(=O)CC(=O)N(c3ccccc3)c2c1,O=C1CC(=O)N(c2ccccc2)c2cc(Cl)ccc2N1
552,1,CNCCCN1c2ccccc2Sc3ccccc13,CNCCCN1c2ccccc2Sc2ccccc21
553,0,C[C@@H](CN1CC(=O)NC(=O)C1)N2CC(=O)NC(=O)C2,C[C@@H](CN1CC(=O)NC(=O)C1)N1CC(=O)NC(=O)C1
554,1,Cc1ncc2CN=C(c3ccccc3F)c4cc(Cl)ccc4n12.OC(=O)\C=C/C(O)=O,Cc1ncc2n1-c1ccc(Cl)cc1C(c1ccccc1F)=NC2.O=C(O)/C=C\C(=O)O
555,1,CN1CCC(=CC1)c2ccccc2,CN1CC=C(c2ccccc2)CC1
556,1,Oc1ccc2C[C@H]3N(CC[C@@]45[C@@H](Oc1c24)C(=O)CC[C@@]35O)CC=C,C=CCN1CC[C@]23c4c5ccc(O)c4O[C@H]2C(=O)CC[C@@]3(O)[C@H]1C5
557,1,CN1CCC[C@H]1c2cccnc2,CN1CCC[C@H]1c1cccnc1
558,1,[O-][N+](=O)c1ccc2NC(=O)CN=C(c3ccccc3)c2c1,O=C1CN=C(c2ccccc2)c2cc([N+](=O)[O-])ccc2N1
559,1,Clc1ccc2NC(=O)CN=C(c3ccccc3)c2c1,O=C1CN=C(c2ccccc2)c2cc(Cl)ccc2N1
560,1,CN(C)CCOC(c1ccccc1)c2ccccc2C,Cc1ccccc1C(OCCN(C)C)c1ccccc1
561,1,COc1ccc2C[C@H]3[C@H]4CCCC[C@@]4(CCN3C)c2c1,COc1ccc2c(c1)[C@]13CCCC[C@@H]1[C@H](C2)N(C)CC3
562,0,CN1C[C@@H](C[C@H]2[C@H]1Cc3c[nH]c4cccc2c34)C(=O)N[C@]5(C)O[C@@]6(O)[C@@H]7CCCN7C(=O)[C@H](Cc8ccccc8)N6C5=O,CN1C[C@H](C(=O)N[C@]2(C)O[C@@]3(O)[C@@H]4CCCN4C(=O)[C@H](Cc4ccccc4)N3C2=O)C[C@@H]2c3cccc4[nH]cc(c34)C[C@H]21
563,1,CCN(CC)C(=S)SSC(=S)N(CC)CC,CCN(CC)C(=S)SSC(=S)N(CC)CC
564,0,CCOC(=O)[C@H](CCc1ccccc1)N[C@@H](C)C(=O)N2CCC[C@H]2C(O)=O,CCOC(=O)[C@H](CCc1ccccc1)N[C@@H](C)C(=O)N1CCC[C@H]1C(=O)O
565,0,CC[C@@]1(O)C[C@H](OC2CC(C(OC3CC(O)C(OC4CCC(=O)C(C)O4)C(C)O3)C(C)O2)N(C)C)c5c(O)c6C(=O)c7c(O)cccc7C(=O)c6cc5[C@H]1C(=O)OC,CC[C@@]1(O)C[C@H](OC2CC(N(C)C)C(OC3CC(O)C(OC4CCC(=O)C(C)O4)C(C)O3)C(C)O2)c2c(cc3c(c2O)C(=O)c2c(O)cccc2C3=O)[C@H]1C(=O)OC
566,0,CC1(C)S[C@@H]2[C@H](NC(=O)CCC[C@@H](N)C(O)=O)C(=O)N2[C@H]1C(O)=O,CC1(C)S[C@@H]2[C@H](NC(=O)CCC[C@@H](N)C(=O)O)C(=O)N2[C@H]1C(=O)O
567,0,COc1cccc2C(=O)c3c(O)c4CC(O)(CC(O)c4c(O)c3C(=O)c12)C(=O)CO,COc1cccc2c1C(=O)c1c(O)c3c(c(O)c1C2=O)CC(O)(C(=O)CO)CC3O
568,0,[Na+].CC1(C)SC2C(NC(=O)CSCC=C)C(=O)N2C1C([O-])=O,C=CCSCC(=O)NC1C(=O)N2C1SC(C)(C)C2C(=O)[O-].[Na+]
569,0,CC1(C)S[C@@H]2[C@H](NC(=O)C34C[C@H]5C[C@H](CC(N)(C5)C3)C4)C(=O)N2[C@H]1C(O)=O,CC1(C)S[C@@H]2[C@H](NC(=O)C34C[C@@H]5C[C@@H](CC(N)(C5)C3)C4)C(=O)N2[C@H]1C(=O)O
570,0,CC(C)(C)C(=O)OCOC(=O)C1N2[C@H](SC1(C)C)[C@H](N=CN3CCCCCC3)C2=O,CC(C)(C)C(=O)OCOC(=O)C1N2C(=O)[C@@H](N=CN3CCCCCC3)[C@H]2SC1(C)C
571,0,[Cl-].CC(=O)[C@@]1(N)C[C@H](O[C@H]2C[C@H](O)[C@H](O)CO2)c3c(O)c4C(=O)c5ccccc5C(=O)c4c(O)c3C1.[H+],CC(=O)[C@]1(N)Cc2c(O)c3c(c(O)c2[C@@H](O[C@H]2C[C@H](O)[C@H](O)CO2)C1)C(=O)c1ccccc1C3=O.[Cl-].[H+]
572,0,CC1(C)S[C@@H]2C(NC(=O)[C@H](NC(=O)C3=CNc4cccnc4C3=O)c5ccccc5)C(=O)N2[C@H]1C(O)=O,CC1(C)S[C@@H]2C(NC(=O)[C@H](NC(=O)c3c[nH]c4cccnc4c3=O)c3ccccc3)C(=O)N2[C@H]1C(=O)O
573,0,CN(C)[C@H]1[C@@H]2C[C@H]3C(=C(O)c4c(O)cccc4[C@@]3(C)O)C(=O)[C@]2(O)C(=O)\C(=C(/O)NC(N5CCN(CCO)CC5)C(O)=O)C1=O,CN(C)[C@@H]1C(=O)/C(=C(/O)NC(C(=O)O)N2CCN(CCO)CC2)C(=O)[C@@]2(O)C(=O)C3=C(O)c4c(O)cccc4[C@@](C)(O)[C@H]3C[C@@H]12
574,0,CN[C@H]1[C@@H](O)[C@H]2O[C@@H](O[C@@H]3[C@@H](N)C[C@@H](N)[C@H](O)[C@H]3O)[C@H](N)C[C@@H]2O[C@@H]1O[C@H]4O[C@H](CO)[C@@H](N)[C@H](O)[C@H]4O,CN[C@@H]1[C@@H](O[C@H]2O[C@H](CO)[C@@H](N)[C@H](O)[C@H]2O)O[C@H]2C[C@@H](N)[C@H](O[C@H]3[C@H](O)[C@@H](O)[C@H](N)C[C@@H]3N)O[C@@H]2[C@@H]1O
575,0,CNC(=O)C[C@@H](N)C(=O)N[C@@H](C(=O)N[C@H]1[C@H]2SC(C)(C)[C@@H](N2C1=O)C(O)=O)c3ccc(O)cc3,CNC(=O)C[C@@H](N)C(=O)N[C@@H](C(=O)N[C@@H]1C(=O)N2[C@@H]1SC(C)(C)[C@@H]2C(=O)O)c1ccc(O)cc1
576,0,CCOC(=O)OC(C)OC(=O)[C@@H]1N2[C@H](SC1(C)C)[C@H](N=CN3CCCCCC3)C2=O,CCOC(=O)OC(C)OC(=O)[C@@H]1N2C(=O)[C@@H](N=CN3CCCCCC3)[C@H]2SC1(C)C
577,0,NCC1OC(OC2C(N)CC(N)C(OC3OC(CO)C(O)C(N)C3O)C2O)C(N)C(O)C1O,NCC1OC(OC2C(N)CC(N)C(OC3OC(CO)C(O)C(N)C3O)C2O)C(N)C(O)C1O
578,0,CC(C)COCC(CN(Cc1ccccc1)c2ccccc2)N3CCCC3,CC(C)COCC(CN(Cc1ccccc1)c1ccccc1)N1CCCC1
579,0,CC[C@H]1OC(=O)[C@H](C)[C@@H](OC2CC(C)(OC)C(O)C(C)O2)C(C)[C@@H](OC3OC(C)CC(C3O)N(C)C)[C@](C)(O)C[C@@H](C)C(=O)[C@H](C)[C@@H](O)[C@H]1C,CC[C@H]1OC(=O)[C@H](C)[C@@H](OC2CC(C)(OC)C(O)C(C)O2)C(C)[C@@H](OC2OC(C)CC(N(C)C)C2O)[C@](C)(O)C[C@@H](C)C(=O)[C@H](C)[C@@H](O)[C@H]1C
580,0,CC(C)(C)NCC(O)c1ccc(O)c(NC(N)=O)c1,CC(C)(C)NCC(O)c1ccc(O)c(NC(N)=O)c1
581,0,CC1(C)S[C@@H]2[C@H](NC(=O)C(C(=O)Oc3ccc4CCCc4c3)c5ccccc5)C(=O)N2[C@H]1C(O)=O,CC1(C)S[C@@H]2[C@H](NC(=O)C(C(=O)Oc3ccc4c(c3)CCC4)c3ccccc3)C(=O)N2[C@H]1C(=O)O
582,0,CC1OC(CC(N)C1O)OC2C[C@@](O)(Cc3c(O)c4C(=O)c5cccc(O)c5C(=O)c4c(O)c23)C(C)=O,CC(=O)[C@]1(O)Cc2c(O)c3c(c(O)c2C(OC2CC(N)C(O)C(C)O2)C1)C(=O)c1c(O)cccc1C3=O
583,0,NC(=O)OCC1[C@H](NC(=O)C(=N/OCC(O)=O)\c2csc(N)n2)C(=O)N1[S](O)(=O)=O,NC(=O)OCC1[C@H](NC(=O)/C(=N\OCC(=O)O)c2csc(N)n2)C(=O)N1S(=O)(=O)O
584,0,N[C@@H](C(=O)N[C@H]1[C@H]2SCC(=C(N2C1=O)C(O)=O)Cl)c3ccccc3,N[C@@H](C(=O)N[C@@H]1C(=O)N2C(C(=O)O)=C(Cl)CS[C@H]12)c1ccccc1
585,0,CC1=C(N2[C@H](SC1)[C@H](NC(=O)[C@H](N)c3ccc(O)cc3)C2=O)C(O)=O,CC1=C(C(=O)O)N2C(=O)[C@@H](NC(=O)[C@H](N)c3ccc(O)cc3)[C@H]2SC1
586,0,CC1=C(N2[C@H](SC1)[C@H](NC(=O)[C@H](N)c3ccccc3)C2=O)C(O)=O,CC1=C(C(=O)O)N2C(=O)[C@@H](NC(=O)[C@H](N)c3ccccc3)[C@H]2SC1
587,0,CC(=O)OCC1=C(N2[C@H](SC1)[C@H](NC(=O)Cc3ccccc3)C2=O)C(O)=O,CC(=O)OCC1=C(C(=O)O)N2C(=O)[C@@H](NC(=O)Cc3ccccc3)[C@H]2SC1
588,0,Cc1sc(SCC2=C(N3[C@H](SC2)[C@H](NC(=O)C(N)c4ccc(O)cc4)C3=O)C(O)=O)nn1,Cc1nnc(SCC2=C(C(=O)O)N3C(=O)[C@@H](NC(=O)C(N)c4ccc(O)cc4)[C@H]3SC2)s1
589,0,NC(C(=O)N[C@H]1[C@H]2SCC(=C(N2C1=O)C(O)=O)CSc3cn[nH]n3)c4ccc(O)cc4,NC(C(=O)N[C@@H]1C(=O)N2C(C(=O)O)=C(CSc3cn[nH]n3)CS[C@H]12)c1ccc(O)cc1
590,0,[Na+].Cn1nnnc1SCC2=C(N3[C@H](SC2)[C@H](NC(=O)CSC(F)(F)F)C3=O)C([O-])=O,Cn1nnnc1SCC1=C(C(=O)[O-])N2C(=O)[C@@H](NC(=O)CSC(F)(F)F)[C@H]2SC1.[Na+]
591,0,Cc1sc(SCC2=C(N3[C@H](SC2)[C@H](NC(=O)[C@H](O)c4ccccc4)C3=O)C(O)=O)nn1,Cc1nnc(SCC2=C(C(=O)O)N3C(=O)[C@@H](NC(=O)[C@H](O)c4ccccc4)[C@H]3SC2)s1
592,0,CC(N)C(=O)OC(C(=O)NC1C2SCC(=C(N2C1=O)C(=O)OCC3=C(C)OC(=O)O3)CSc4sc(C)nn4)c5ccccc5,Cc1nnc(SCC2=C(C(=O)OCc3oc(=O)oc3C)N3C(=O)C(NC(=O)C(OC(=O)C(C)N)c4ccccc4)C3SC2)s1
593,0,CC/C=C(C(=O)N[C@H]1[C@H]2SCC(=C(N2C1=O)C(O)=O)COC(N)=O)/c3csc(N)n3,CC/C=C(\C(=O)N[C@@H]1C(=O)N2C(C(=O)O)=C(COC(N)=O)CS[C@H]12)c1csc(N)n1
594,0,COCC1=C(N2[C@H](SC1)[C@H](NC(=O)C(=N\O)/c3csc(N)n3)C2=O)C(O)=O,COCC1=C(C(=O)O)N2C(=O)[C@@H](NC(=O)/C(=N\O)c3csc(N)n3)[C@H]2SC1
595,0,Nc1scc(n1)\C(=N\O)C(=O)N[C@H]2[C@H]3SCC(=C(N3C2=O)C(O)=O)C=C,C=CC1=C(C(=O)O)N2C(=O)[C@@H](NC(=O)/C(=N\O)c3csc(N)n3)[C@H]2SC1
596,0,CO\N=C(C(=O)NC1[C@H]2SCC(=C(N2C1=O)C(O)=O)\C=C/c3scnc3C)\c4csc(N)n4,CO/N=C(\C(=O)NC1C(=O)N2C(C(=O)O)=C(/C=C\c3scnc3C)CS[C@H]12)c1csc(N)n1
597,0,CC1=C(N2[C@H](SC1)[C@H](NC(=O)[C@H](N)c3ccc(O)c(Cl)c3)C2=O)C(O)=O,CC1=C(C(=O)O)N2C(=O)[C@@H](NC(=O)[C@H](N)c3ccc(O)c(Cl)c3)[C@H]2SC1
598,0,CO/N=C(C(=O)N[C@H]1[C@H]2SCC(=C(N2C1=O)C(O)=O)C)/c3csc(N)n3,CO/N=C(\C(=O)N[C@@H]1C(=O)N2C(C(=O)O)=C(C)CS[C@H]12)c1csc(N)n1
599,0,OC(=O)C1=C(CS[C@@H]2[C@H](NC(=O)Cc3sccc3)C(=O)N12)CSc4[nH]ncn4,O=C(Cc1cccs1)N[C@@H]1C(=O)N2C(C(=O)O)=C(CSc3ncn[nH]3)CS[C@H]12
600,0,Cn1nnnc1SCC2=C(N3[C@H](SC2)[C@H](NC(=O)CS\C=C/C#N)C3=O)C(O)=O,Cn1nnnc1SCC1=C(C(=O)O)N2C(=O)[C@@H](NC(=O)CS/C=C\C#N)[C@H]2SC1
601,0,Nc1scc(n1)\C(=N\OCC(O)=O)C(=O)N[C@H]2[C@H]3SCC(=C(N3C2=O)C(O)=O)C=C,C=CC1=C(C(=O)O)N2C(=O)[C@@H](NC(=O)/C(=N\OCC(=O)O)c3csc(N)n3)[C@H]2SC1
602,0,CO/N=C(C(=O)N[C@H]1[C@H]2SCC(=C(N2C1=O)C(O)=O)CSc3nnnn3C)/c4csc(N)n4,CO/N=C(\C(=O)N[C@@H]1C(=O)N2C(C(=O)O)=C(CSc3nnnn3C)CS[C@H]12)c1csc(N)n1
603,0,CO[C@]1(NC(=O)CSCC#N)[C@H]2SCC(=C(N2C1=O)C(O)=O)CSc3nnnn3C,CO[C@@]1(NC(=O)CSCC#N)C(=O)N2C(C(=O)O)=C(CSc3nnnn3C)CS[C@@H]21
604,0,CO\N=C(C(=O)N[C@H]1[C@H]2SCC(=C(N2C1=O)C(O)=O)CSc3sc(CC(O)=O)c(C)n3)/c4csc(N)n4,CO/N=C(/C(=O)N[C@@H]1C(=O)N2C(C(=O)O)=C(CSc3nc(C)c(CC(=O)O)s3)CS[C@H]12)c1csc(N)n1
605,0,OC(C(=O)N[C@H]1[C@H]2SCC(=C(N2C1=O)C(O)=O)CSc3nnnn3C[S](O)(=O)=O)c4ccccc4,O=C(O)C1=C(CSc2nnnn2CS(=O)(=O)O)CS[C@@H]2[C@H](NC(=O)C(O)c3ccccc3)C(=O)N12
606,0,NCc1ccccc1CC(=O)N[C@H]2[C@H]3SCC(=C(N3C2=O)C(O)=O)CSc4nnnn4CC(O)=O,NCc1ccccc1CC(=O)N[C@@H]1C(=O)N2C(C(=O)O)=C(CSc3nnnn3CC(=O)O)CS[C@H]12
607,0,CO[C@]1(NC(=O)C2S\C(S2)=C(\C(N)=O)C(O)=O)[C@H]3SCC(=C(N3C1=O)C(O)=O)CSc4nnnn4C,CO[C@@]1(NC(=O)C2SC(=C(C(N)=O)C(=O)O)S2)C(=O)N2C(C(=O)O)=C(CSc3nnnn3C)CS[C@@H]21
608,0,CC(=O)OCC1=C(N2[C@H](SC1)[C@H](NC(=O)c3c(C)onc3c4ccccc4Cl)C2=O)C(O)=O,CC(=O)OCC1=C(C(=O)O)N2C(=O)[C@@H](NC(=O)c3c(-c4ccccc4Cl)noc3C)[C@H]2SC1
609,0,Cn1nnnc1SCC2=C(N3[C@H](SC2)C(NC(=O)[C@H](NC(=O)C4=CNC(=CC4=O)C)c5ccc(O)cc5)C3=O)C(O)=O,Cc1cc(=O)c(C(=O)N[C@@H](C(=O)NC2C(=O)N3C(C(=O)O)=C(CSc4nnnn4C)CS[C@H]23)c2ccc(O)cc2)c[nH]1
610,0,[Na+].COCC1=C(N2[C@H](SC1)[C@H](NC(=O)C(=N/OC)\c3csc(N)n3)C2=O)C([O-])=O,COCC1=C(C(=O)[O-])N2C(=O)[C@@H](NC(=O)/C(=N\OC)c3csc(N)n3)[C@H]2SC1.[Na+]
611,0,O.C/C=C/C1=C(N2[C@H](SC1)[C@H](NC(=O)[C@H](N)c3ccc(O)cc3)C2=O)C(O)=O,C/C=C/C1=C(C(=O)O)N2C(=O)[C@@H](NC(=O)[C@H](N)c3ccc(O)cc3)[C@H]2SC1.O
612,0,CC1=C(N2[C@H](SC1)[C@H](NC(=O)Cc3ccc(cc3)C4=NCCCN4)C2=O)C(O)=O,CC1=C(C(=O)O)N2C(=O)[C@@H](NC(=O)Cc3ccc(C4=NCCCN4)cc3)[C@H]2SC1
613,0,COC1=C(N3C(SC1)C(NC(=O)C(N)C2C=CCC=C2)C3=O)C(O)=O,COC1=C(C(=O)O)N2C(=O)C(NC(=O)C(N)C3C=CCC=C3)C2SC1
614,0,CC1=C(N2[C@H](SC1)[C@H](NC(=O)[C@H](N)c3cccc(N[S](C)(=O)=O)c3)C2=O)C(O)=O,CC1=C(C(=O)O)N2C(=O)[C@@H](NC(=O)[C@H](N)c3cccc(NS(C)(=O)=O)c3)[C@H]2SC1
615,0,CO/N=C(C(=O)N[C@H]1[C@H]2SCC(=C(N2C1=O)C(O)=O)Cn3nnc(C)n3)/c4csc(N)n4,CO/N=C(\C(=O)N[C@@H]1C(=O)N2C(C(=O)O)=C(Cn3nnc(C)n3)CS[C@H]12)c1csc(N)n1
616,0,OC(=O)C1=C(CS[C@@H]2[C@H](NC(=O)Cn3cnnn3)C(=O)N12)CSc4scnn4,O=C(Cn1cnnn1)N[C@@H]1C(=O)N2C(C(=O)O)=C(CSc3nncs3)CS[C@H]12
617,0,O.O.Nc1scc(n1)\C(=C\CC(O)=O)C(=O)N[C@H]2[C@H]3SCC=C(N3C2=O)C(O)=O,Nc1nc(/C(=C/CC(=O)O)C(=O)N[C@@H]2C(=O)N3C(C(=O)O)=CCS[C@H]23)cs1.O.O
618,0,CO/N=C(C(=O)N[C@H]1[C@H]2SCC(=C(N2C1=O)C(O)=O)CSC(=O)c3occc3)/c4csc(N)n4,CO/N=C(\C(=O)N[C@@H]1C(=O)N2C(C(=O)O)=C(CSC(=O)c3ccco3)CS[C@H]12)c1csc(N)n1
619,0,CO/N=C(C(=O)N[C@H]1[C@@H]2N(C1=O)C(=C(COC(C)=O)C[S]2=O)C(O)=O)/c3csc(N)n3,CO/N=C(\C(=O)N[C@@H]1C(=O)N2C(C(=O)O)=C(COC(C)=O)CS(=O)[C@H]12)c1csc(N)n1
620,0,CO/N=C(C(=O)N[C@H]1[C@H]2SCC(=C(N2C1=O)C(O)=O)COC(C)=O)/c3occc3,CO/N=C(\C(=O)N[C@@H]1C(=O)N2C(C(=O)O)=C(COC(C)=O)CS[C@H]12)c1ccco1
621,0,CO/N=C(C(=O)N[C@H]1[C@H]2SCC(=C(N2C1=O)C(=O)OC(C)OC(C)=O)COC(N)=O)/c3occc3,CO/N=C(\C(=O)N[C@@H]1C(=O)N2C(C(=O)OC(C)OC(C)=O)=C(COC(N)=O)CS[C@H]12)c1ccco1
622,0,CO/N=C(C(=O)N[C@H]1[C@H]2SCC(=C(N2C1=O)C(O)=O)CSc3snnc3)/c4csc(N)n4,CO/N=C(\C(=O)N[C@@H]1C(=O)N2C(C(=O)O)=C(CSc3cnns3)CS[C@H]12)c1csc(N)n1
623,0,[Na+].CC(=O)OCC1=C(N2[C@@H](SC1)[C@@H](NC(=O)CC#N)C2=O)C([O-])=O,CC(=O)OCC1=C(C(=O)[O-])N2C(=O)[C@H](NC(=O)CC#N)[C@@H]2SC1.[Na+]
624,0,O.O.CC(=O)OCC1=C(N2[C@H](SC1)[C@H](NC(=O)[C@H](N)c3ccccc3)C2=O)C(O)=O,CC(=O)OCC1=C(C(=O)O)N2C(=O)[C@@H](NC(=O)[C@H](N)c3ccccc3)[C@H]2SC1.O.O
625,0,CC(=O)OCC1=C(N2[C@H](SC1)[C@H](NC(=O)CCC[C@@H](N)C(O)=O)C2=O)C(O)=O,CC(=O)OCC1=C(C(=O)O)N2C(=O)[C@@H](NC(=O)CCC[C@@H](N)C(=O)O)[C@H]2SC1
626,0,CC(=O)OCC1=C(N2[C@H](SC1)[C@H](NC(=O)Cc3sccc3)C2=O)C(O)=O,CC(=O)OCC1=C(C(=O)O)N2C(=O)[C@@H](NC(=O)Cc3cccs3)[C@H]2SC1
627,0,CC[C@H]1OC(=O)[C@H](C)[C@@H](O[C@H]2C[C@@](C)(OC)[C@@H](O)[C@H](C)O2)[C@H](C)[C@@H](O[C@@H]3O[C@H](C)C[C@@H]([C@H]3O)N(C)C)[C@@](C)(C[C@@H](C)C(=O)[C@H](C)[C@@H](O)[C@]1(C)O)OC,CC[C@H]1OC(=O)[C@H](C)[C@@H](O[C@H]2C[C@@](C)(OC)[C@@H](O)[C@H](C)O2)[C@H](C)[C@@H](O[C@@H]2O[C@H](C)C[C@H](N(C)C)[C@H]2O)[C@](C)(OC)C[C@@H](C)C(=O)[C@H](C)[C@@H](O)[C@]1(C)O
628,0,COC(C(=O)N[C@H]1[C@H]2SC(C)(C)[C@@H](N2C1=O)C(O)=O)c3ccc(Cl)c(Cl)c3,COC(C(=O)N[C@@H]1C(=O)N2[C@@H]1SC(C)(C)[C@@H]2C(=O)O)c1ccc(Cl)c(Cl)c1
629,0,CN(C)[C@H]1[C@@H]2C[C@H]3C(=C(O)c4c(O)ccc(Cl)c4[C@@]3(C)O)C(=O)[C@]2(O)C(=O)\C(=C(/O)NCO)C1=O,CN(C)[C@@H]1C(=O)/C(=C(/O)NCO)C(=O)[C@@]2(O)C(=O)C3=C(O)c4c(O)ccc(Cl)c4[C@@](C)(O)[C@H]3C[C@@H]12
630,0,CC1(C)S[C@@H]2[C@H](NC(=O)C3(N)CCCCC3)C(=O)N2[C@H]1C(O)=O,CC1(C)S[C@@H]2[C@H](NC(=O)C3(N)CCCCC3)C(=O)N2[C@H]1C(=O)O
631,0,CCC1C(=O)N(CC(=O)N(C(C(=O)NC(C(=O)N(C(C(=O)NC(C(=O)NC(C(=O)N(C(C(=O)N(C(C(=O)N(C(C(=O)N(C(C(=O)N1)C(C(C)CC=CC)O)C)C(C)C)C)CC(C)C)C)CC(C)C)C)C)C)CC(C)C)C)C(C)C)CC(C)C)C)C,CC=CCC(C)C(O)C1C(=O)NC(CC)C(=O)N(C)CC(=O)N(C)C(CC(C)C)C(=O)NC(C(C)C)C(=O)N(C)C(CC(C)C)C(=O)NC(C)C(=O)NC(C)C(=O)N(C)C(CC(C)C)C(=O)N(C)C(CC(C)C)C(=O)N(C)C(C(C)C)C(=O)N1C
632,0,CN(C)[C@H]1[C@@H]2C[C@@H]3[C@H](O)c4cccc(O)c4C(=C3C(=O)[C@]2(O)C(=O)\C(=C(N)/O)C1=O)O,CN(C)[C@@H]1C(=O)/C(=C(\N)O)C(=O)[C@@]2(O)C(=O)C3=C(O)c4c(O)cccc4[C@@H](O)[C@H]3C[C@@H]12
633,0,CCOC(OCC)C(=O)OCC(=O)C1(O)CC(OC2CC(N)C(O)C(C)O2)c3c(O)c4C(=O)c5c(OC)cccc5C(=O)c4c(O)c3C1,CCOC(OCC)C(=O)OCC(=O)C1(O)Cc2c(O)c3c(c(O)c2C(OC2CC(N)C(O)C(C)O2)C1)C(=O)c1c(OC)cccc1C3=O
634,0,NCC1CCC(N)C(O1)OC2C(N)CC(N)C(OC3OC(CO)C(O)C(N)C3O)C2O,NCC1CCC(N)C(OC2C(N)CC(N)C(OC3OC(CO)C(O)C(N)C3O)C2O)O1
635,0,Cc1onc(c1C(=O)N[C@H]2[C@H]3SC(C)(C)[C@@H](N3C2=O)C(O)=O)c4c(Cl)cccc4Cl,Cc1onc(-c2c(Cl)cccc2Cl)c1C(=O)N[C@@H]1C(=O)N2[C@@H]1SC(C)(C)[C@@H]2C(=O)O
636,0,CNCC(O)c1ccc(OC(=O)C(C)(C)C)c(OC(=O)C(C)(C)C)c1,CNCC(O)c1ccc(OC(=O)C(C)(C)C)c(OC(=O)C(C)(C)C)c1
637,0,CCC(=O)O[C@H]1[C@@H](C)[C@@H](C)OC(=O)C(C)[C@@H](O[C@H]2C[C@H](OC)[C@@H](OC(=O)CC)[C@H](C)O2)[C@H](C)[C@@H](O[C@@H]3O[C@H](C)C[C@@H]([C@H]3O)N(C)C)C(C)C[C@@]4(CO4)C(=O)[C@@H]1C,CCC(=O)O[C@H]1[C@H](C)O[C@@H](O[C@@H]2C(C)C(=O)O[C@H](C)[C@H](C)[C@H](OC(=O)CC)[C@@H](C)C(=O)[C@]3(CO3)CC(C)[C@H](O[C@@H]3O[C@H](C)C[C@H](N(C)C)[C@H]3O)[C@H]2C)C[C@@H]1OC
638,0,OCCN(CCO)c1nc(N2CCCCC2)c3nc(nc(N4CCCCC4)c3n1)N(CCO)CCO,OCCN(CCO)c1nc(N2CCCCC2)c2nc(N(CCO)CCO)nc(N3CCCCC3)c2n1
639,0,CC(=O)O[C@@]12CO[C@@H]1C[C@H](O)[C@]3(C)[C@@H]2[C@H](OC(=O)c4ccccc4)[C@]5(O)C[C@H](OC(=O)[C@H](O)[C@@H](NC(=O)OC(C)(C)C)c6ccccc6)C(=C([C@@H](O)C3=O)C5(C)C)C,CC(=O)O[C@@]12CO[C@@H]1C[C@H](O)[C@@]1(C)C(=O)[C@H](O)C3=C(C)[C@@H](OC(=O)[C@H](O)[C@@H](NC(=O)OC(C)(C)C)c4ccccc4)C[C@@](O)([C@@H](OC(=O)c4ccccc4)[C@H]21)C3(C)C
640,0,CCC(C(=O)NC\C=C\C=C(/C)C(OC)C(C)C1OC(\C=C\C=C\C=C(/C)C(=O)C2=C(O)N(C)C=CC2=O)C(O)C1O)C3(O)OC(\C=C\C=C\C)C(C)(C)C(OC4OC(C)C(OC5OC(C)C(OC)C(O)C5OC)C(OC)C4O)C3O,C/C=C/C=C/C1OC(O)(C(CC)C(=O)NC/C=C/C=C(\C)C(OC)C(C)C2OC(/C=C/C=C/C=C(\C)C(=O)c3c(O)n(C)ccc3=O)C(O)C2O)C(O)C(OC2OC(C)C(OC3OC(C)C(OC)C(O)C3OC)C(OC)C2O)C1(C)C
641,0,[Cl].CC[C@H]1CN2CCc3cc(OC)c(OC)cc3[C@@H]2C[C@@H]1C[C@H]4NCCc5cc(OC)c(OC)cc45,CC[C@H]1CN2CCc3cc(OC)c(OC)cc3[C@@H]2C[C@@H]1C[C@H]1NCCc2cc(OC)c(OC)cc21.[Cl]
642,0,CC1(C)S[C@@H]2[C@H](NC(=O)[C@H](N)C3=CCC=CC3)C(=O)N2[C@H]1C(O)=O,CC1(C)S[C@@H]2[C@H](NC(=O)[C@H](N)C3=CCC=CC3)C(=O)N2[C@H]1C(=O)O
643,0,COc1cccc2C(=O)c3c(O)c4C[C@@](O)(C[C@@H](OC5CC(N)CC(C)O5)c4c(O)c3C(=O)c12)C(=O)CO,COc1cccc2c1C(=O)c1c(O)c3c(c(O)c1C2=O)C[C@](O)(C(=O)CO)C[C@H]3OC1CC(N)CC(C)O1
644,0,CN(C)[C@H]1[C@@H]2C[C@H]3C(=C(O)c4c(O)cccc4[C@@]3(C)O)C(=O)[C@]2(O)C(=O)\C(=C(/O)NCN(C)CCN(C)CNC(/O)=C/5C(=O)[C@H]([C@@H]6C[C@H]7C(=C(O)c8c(O)cccc8[C@@]7(C)O)C(=O)[C@]6(O)C5=O)N(C)C)C1=O,CN(CCN(C)CN/C(O)=C1\C(=O)[C@@H](N(C)C)[C@@H]2C[C@H]3C(=C(O)c4c(O)cccc4[C@@]3(C)O)C(=O)[C@]2(O)C1=O)CN/C(O)=C1\C(=O)[C@@H](N(C)C)[C@@H]2C[C@H]3C(=C(O)c4c(O)cccc4[C@@]3(C)O)C(=O)[C@]2(O)C1=O
645,0,CCNCC(O)c1cccc(O)c1,CCNCC(O)c1cccc(O)c1
646,0,CCOC(=O)C1=C(C)NC(=C(C1c2cccc(Cl)c2Cl)C(=O)OC)C,CCOC(=O)C1=C(C)NC(C)=C(C(=O)OC)C1c1cccc(Cl)c1Cl
647,0,CC1(C)S[C@@H]2[C@H](NC(=O)C(Oc3ccccc3)c4ccccc4)C(=O)N2[C@H]1C(O)=O,CC1(C)S[C@@H]2[C@H](NC(=O)C(Oc3ccccc3)c3ccccc3)C(=O)N2[C@H]1C(=O)O
648,0,CC(C)(C(O)=O)c1ccc(cc1)C(O)CCCN2CCC(CC2)C(O)(c3ccccc3)c4ccccc4,CC(C)(C(=O)O)c1ccc(C(O)CCCN2CCC(C(O)(c3ccccc3)c3ccccc3)CC2)cc1
649,0,CC1(C)S[C@@H]2[C@H](NC(=O)[C@H](NC(=O)C(C)(C)Oc3ccc(Cl)cc3)c4ccccc4)C(=O)N2[C@H]1C(O)=O,CC(C)(Oc1ccc(Cl)cc1)C(=O)N[C@@H](C(=O)N[C@@H]1C(=O)N2[C@@H]1SC(C)(C)[C@@H]2C(=O)O)c1ccccc1
650,0,[Na].CO[C@]1(NC(=O)CSC(F)(F)F)[C@H]2OCC(=C(N2C1=O)C(O)=O)CSc3nnnn3CCO,CO[C@@]1(NC(=O)CSC(F)(F)F)C(=O)N2C(C(=O)O)=C(CSc3nnnn3CCO)CO[C@@H]21.[Na]
651,0,C[C@@H](O)[C@@H]1[C@H]2SC(=C(N2C1=O)C(O)=O)[C@H]3CCCO3,C[C@@H](O)[C@H]1C(=O)N2C(C(=O)O)=C([C@H]3CCCO3)S[C@H]12
652,0,CC1(C)S[C@@H]2[C@H](NC(=O)[C@@H](N=Cc3occc3)c4ccc(O)cc4)C(=O)N2[C@H]1C(O)=O,CC1(C)S[C@@H]2[C@H](NC(=O)[C@@H](N=Cc3ccco3)c3ccc(O)cc3)C(=O)N2[C@H]1C(=O)O
653,0,CC(C)CC(OC(=O)c1occc1)C(=O)N[C@H]2[C@H]3SC(C)(C)[C@@H](N3C2=O)C(O)=O,CC(C)CC(OC(=O)c1ccco1)C(=O)N[C@@H]1C(=O)N2[C@@H]1SC(C)(C)[C@@H]2C(=O)O
654,0,C[C@@H]1[C@H](O)CC[C@@]2(C)[C@H]1CC[C@@]3(C)[C@H]2[C@H](O)C[C@H]4\C([C@H](C[C@]34C)OC(C)=O)=C(/CCC=C(C)C)C(O)=O,CC(=O)O[C@H]1C[C@@]2(C)[C@@H](C[C@@H](O)[C@H]3[C@@]4(C)CC[C@@H](O)[C@@H](C)[C@@H]4CC[C@@]32C)/C1=C(\CCC=C(C)C)C(=O)O
655,0,CNC(C)C1CCC(N)C(O1)OC2C(N)CC(N)C(OC3OCC(C)(O)C(NC)C3O)C2O,CNC(C)C1CCC(N)C(OC2C(N)CC(N)C(OC3OCC(C)(O)C(NC)C3O)C2O)O1
656,0,CO/N=C(C(=O)N[C@H]1[C@H](C)N(OCC(=O)OCC(=O)OC(C)(C)C)C1=O)/c2csc(N)n2,CO/N=C(\C(=O)N[C@@H]1C(=O)N(OCC(=O)OCC(=O)OC(C)(C)C)[C@H]1C)c1csc(N)n1
657,0,CC(C)CC1C(=O)NC(C(=O)N2CCCC2C(=O)NC(C(=O)NC(C(=O)NC(C(=O)NC(C(=O)N3CCCC3C(=O)NC(C(=O)NC(C(=O)N1)CCCN)C(C)C)CC4=CC=CC=C4)CC(C)C)CCCN)C(C)C)CC5=CC=CC=C5,CC(C)CC1NC(=O)C(CCCN)NC(=O)C(C(C)C)NC(=O)C2CCCN2C(=O)C(Cc2ccccc2)NC(=O)C(CC(C)C)NC(=O)C(CCCN)NC(=O)C(C(C)C)NC(=O)C2CCCN2C(=O)C(Cc2ccccc2)NC1=O
658,0,CC1CN(CCN1)c2cc3N(C=C(C(O)=O)C(=O)c3c(C)c2F)C4CC4,Cc1c(F)c(N2CCNC(C)C2)cc2c1c(=O)c(C(=O)O)cn2C1CC1
659,0,CC1(C)N[C@@H](C(=O)N1[C@H]2[C@H]3SC(C)(C)[C@@H](N3C2=O)C(O)=O)c4ccccc4,CC1(C)S[C@@H]2[C@H](N3C(=O)[C@@H](c4ccccc4)NC3(C)C)C(=O)N2[C@H]1C(=O)O
660,0,CC(Cc1ccccc1)NO,CC(Cc1ccccc1)NO
661,0,CNC(C)C(O)c1ccc(O)cc1,CNC(C)C(O)c1ccc(O)cc1
662,0,CC1=CC(=O)Oc2cc(O)ccc12,Cc1cc(=O)oc2cc(O)ccc12
663,0,O.C[C@H](O)[C@@H]1[C@H]2CC(=C(N2C1=O)C(O)=O)SCCN=CN,C[C@H](O)[C@H]1C(=O)N2C(C(=O)O)=C(SCCN=CN)C[C@H]12.O
664,0,CNC1C(O)C(OCC1(C)O)OC2C(O)C(OC3OC(CN)C(O)C(O)C3O)C(N)CC2NC(=O)C(O)CN,CNC1C(O)C(OC2C(NC(=O)C(O)CN)CC(N)C(OC3OC(CN)C(O)C(O)C3O)C2O)OCC1(C)O
665,0,CC1(C)S[C@@H]2[C@H](NC(=O)C(C)(C)Oc3ccccc3)C(=O)N2[C@H]1C(O)=O,CC(C)(Oc1ccccc1)C(=O)N[C@@H]1C(=O)N2[C@@H]1SC(C)(C)[C@@H]2C(=O)O
666,0,CO[C@H]1[C@@H](CC(=O)O[C@H](C)C/C=C/C=C/[C@H](O)[C@H](C)C[C@H](CC=O)[C@@H]1O[C@@H]2O[C@H](C)[C@@H](O[C@H]3C[C@@](C)(O)[C@@H](OC(=O)CC(C)C)[C@H](C)O3)[C@@H]([C@H]2O)N(C)C)OC(C)=O,CO[C@@H]1[C@@H](O[C@@H]2O[C@H](C)[C@@H](O[C@H]3C[C@@](C)(O)[C@@H](OC(=O)CC(C)C)[C@H](C)O3)[C@H](N(C)C)[C@H]2O)[C@@H](CC=O)C[C@@H](C)[C@@H](O)/C=C/C=C/C[C@@H](C)OC(=O)C[C@H]1OC(C)=O
667,0,CC1=C(COC(=O)[C@@H]2N3[C@H](SC2(C)C)[C@H](NC(=O)[C@H](N)c4ccccc4)C3=O)OC(=O)O1,Cc1oc(=O)oc1COC(=O)[C@@H]1N2C(=O)[C@@H](NC(=O)[C@H](N)c3ccccc3)[C@H]2SC1(C)C
668,0,COc1cccc2C(=O)c3c(O)c4C[C@](O)(C[C@H](O[C@H]5C[C@H](NC(=O)[C@@H](N)CC(C)C)[C@H](O)[C@H](C)O5)c4c(O)c3C(=O)c12)C(=O)CO,COc1cccc2c1C(=O)c1c(O)c3c(c(O)c1C2=O)C[C@@](O)(C(=O)CO)C[C@@H]3O[C@H]1C[C@H](NC(=O)[C@@H](N)CC(C)C)[C@H](O)[C@H](C)O1
669,0,CCCC1CC(N(C)C1)C(=O)NC(C(C)O)C2OC(SC)C(O)C(O)C2O,CCCC1CC(C(=O)NC(C(C)O)C2OC(SC)C(O)C(O)C2O)N(C)C1
670,0,[Cl-].CN(C)[C@H]1[C@@H]2C[C@H]3C(=C(O)c4c(O)ccc(Cl)c4[C@@]3(C)O)C(=O)[C@]2(O)C(=O)\C(=C(N)\O)C1=O.[H+],CN(C)[C@@H]1C(=O)/C(=C(/N)O)C(=O)[C@@]2(O)C(=O)C3=C(O)c4c(O)ccc(Cl)c4[C@@](C)(O)[C@H]3C[C@@H]12.[Cl-].[H+]
671,0,CC1(C)S[C@@H]2[C@H](N=CN3CCCCCC3)C(=O)N2[C@H]1C(O)=O,CC1(C)S[C@@H]2[C@H](N=CN3CCCCCC3)C(=O)N2[C@H]1C(=O)O
672,0,CC(CN(C)C)OC(C)(c1ccccc1)c2ccc(Cl)cc2,CC(CN(C)C)OC(C)(c1ccccc1)c1ccc(Cl)cc1
673,0,CC1OC(CC(N)C1O)OC2CC(O)(Cc3c(O)c4C(=O)c5ccccc5C(=O)c4c(O)c23)C(=O)CO,CC1OC(OC2CC(O)(C(=O)CO)Cc3c(O)c4c(c(O)c32)C(=O)c2ccccc2C4=O)CC(N)C1O
674,0,O.O.O.C[C@H](O)C1C2[C@@H](C)C(=C(N2C1=O)C(O)=O)S[C@@H]3CN[C@@H](C3)C(=O)N(C)C,C[C@H](O)C1C(=O)N2C(C(=O)O)=C(S[C@@H]3CN[C@H](C(=O)N(C)C)C3)[C@H](C)C12.O.O.O
675,0,CN(C)[C@H]1[C@@H]2[C@@H](O)[C@@H]3C(=C)c4cccc(O)c4C(=C3C(=O)[C@]2(O)C(=O)\C(=C(N)/O)C1=O)O,C=C1c2cccc(O)c2C(O)=C2C(=O)[C@]3(O)C(=O)/C(=C(/N)O)C(=O)[C@@H](N(C)C)[C@@H]3[C@@H](O)[C@H]12
676,0,CNC(C)C(=O)c1ccc(OC)cc1,CNC(C)C(=O)c1ccc(OC)cc1
677,0,COc1cccc(OC)c1C(=O)N[C@H]2[C@H]3SC(C)(C)[C@@H](N3C2=O)C(O)=O,COc1cccc(OC)c1C(=O)N[C@@H]1C(=O)N2[C@@H]1SC(C)(C)[C@@H]2C(=O)O
678,0,CC1(C)S[C@@H]2[C@H](NC(=O)[C@H](NC(=O)N3CCN(C3=O)[S](C)(=O)=O)c4ccccc4)C(=O)N2[C@H]1C(O)=O,CC1(C)S[C@@H]2[C@H](NC(=O)[C@H](NC(=O)N3CCN(S(C)(=O)=O)C3=O)c3ccccc3)C(=O)N2[C@H]1C(=O)O
679,0,CCC1NC(=O)C(NC(=O)c2ncccc2O)C(C)OC(=O)C(NC(=O)C3CC(=O)CCN3C(=O)C(Cc4ccc(cc4)N(C)C)N(C)C(=O)C5CCCN5C1=O)c6ccccc6,CCC1NC(=O)C(NC(=O)c2ncccc2O)C(C)OC(=O)C(c2ccccc2)NC(=O)C2CC(=O)CCN2C(=O)C(Cc2ccc(N(C)C)cc2)N(C)C(=O)C2CCCN2C1=O
680,0,CO[C@@]12[C@H](COC(N)=O)C3=C(N1C[C@@H]4N[C@H]24)C(=O)C(=C(N)C3=O)C,CO[C@@]12[C@H](COC(N)=O)C3=C(C(=O)C(C)=C(N)C3=O)N1C[C@@H]1N[C@@H]12
681,0,CO[C@]1(NC(=O)C(C(O)=O)c2ccc(O)cc2)[C@H]3OCC(=C(N3C1=O)C(O)=O)CSc4nnnn4C,CO[C@@]1(NC(=O)C(C(=O)O)c2ccc(O)cc2)C(=O)N2C(C(=O)O)=C(CSc3nnnn3C)CO[C@@H]21
682,0,NC[C@H]1O[C@H](O[C@@H]2[C@@H](N)C[C@@H](N)[C@H](O)[C@H]2O)[C@H](N)[C@@H](O)[C@@H]1O,NC[C@H]1O[C@H](O[C@H]2[C@H](O)[C@@H](O)[C@H](N)C[C@@H]2N)[C@H](N)[C@@H](O)[C@@H]1O
683,0,CCN[C@@H]1C[C@H](N)[C@@H](O[C@H]2OC(=CC[C@H]2N)CN)[C@H](O)[C@H]1O[C@H]3OC[C@](C)(O)[C@H](NC)[C@H]3O,CCN[C@@H]1C[C@H](N)[C@@H](O[C@H]2OC(CN)=CC[C@H]2N)[C@H](O)[C@H]1O[C@H]1OC[C@](C)(O)[C@H](NC)[C@H]1O
684,0,COC(=O)C1=C(C)NC(=C(C1c2cccc(c2)[N+]([O-])=O)C(=O)OCCN(C)Cc3ccccc3)C,COC(=O)C1=C(C)NC(C)=C(C(=O)OCCN(C)Cc2ccccc2)C1c1cccc([N+](=O)[O-])c1
685,0,COC(=O)C1=C(C)NC(=C(C1c2ccccc2[N+]([O-])=O)C(=O)OC)C,COC(=O)C1=C(C)NC(C)=C(C(=O)OC)C1c1ccccc1[N+](=O)[O-]
686,0,CCOC(=O)C1=C(C)NC(=C(C1c2cccc(c2)[N+]([O-])=O)C(=O)OC)C,CCOC(=O)C1=C(C)NC(C)=C(C(=O)OC)C1c1cccc([N+](=O)[O-])c1
687,0,CN(C)[C@H]1[C@@H]2C[C@@H]3Cc4c(ccc(O)c4C(=C3C(=O)[C@]2(O)C(=O)\C(=C(N)/O)C1=O)O)[N+]([O-])=O,CN(C)[C@@H]1C(=O)/C(=C(\N)O)C(=O)[C@@]2(O)C(=O)C3=C(O)c4c(O)ccc([N+](=O)[O-])c4C[C@H]3C[C@@H]12
688,0,CO[C@@H]1[C@@H](OC(N)=O)[C@@H](O)[C@H](Oc2ccc3C(=O)C(=C(O)Oc3c2C)NC(=O)c4ccc(O)c(CC=C(C)C)c4)OC1(C)C,CO[C@@H]1[C@@H](OC(N)=O)[C@@H](O)[C@H](Oc2ccc3c(=O)c(NC(=O)c4ccc(O)c(CC=C(C)C)c4)c(O)oc3c2C)OC1(C)C
689,0,COC1CC(OC(C)C1O)O[C@H]2[C@H](C)[C@@H](OC3OC(C)CC(C3O)N(C)C)[C@@H](C)C[C@]4(CO4)C(=O)[C@H](C)[C@@H](O)[C@@H](C)[C@@H](C)OC(=O)[C@@H]2C,COC1CC(O[C@H]2[C@H](C)[C@@H](OC3OC(C)CC(N(C)C)C3O)[C@@H](C)C[C@]3(CO3)C(=O)[C@H](C)[C@@H](O)[C@@H](C)[C@@H](C)OC(=O)[C@@H]2C)OC(C)C1O
690,0,CC1(C)NC(C(=O)[NH+]1[C@H]2[C@H]3SC(C)(C)[C@@H](N3C2=O)C(O)=O)c4ccc(O)cc4,CC1(C)S[C@@H]2[C@H]([NH+]3C(=O)C(c4ccc(O)cc4)NC3(C)C)C(=O)N2[C@H]1C(=O)O
691,0,CC(=O)O[C@H]1C(=O)[C@]2(C)[C@@H](O)C[C@H]3OC[C@@]3(OC(C)=O)C2[C@H](OC(=O)c4ccccc4)[C@]5(O)C[C@H](OC(=O)[C@H](O)[C@@H](NC(=O)c6ccccc6)c7ccccc7)C(=C1C5(C)C)C,CC(=O)O[C@H]1C(=O)[C@@]2(C)C([C@H](OC(=O)c3ccccc3)[C@]3(O)C[C@H](OC(=O)[C@H](O)[C@@H](NC(=O)c4ccccc4)c4ccccc4)C(C)=C1C3(C)C)[C@]1(OC(C)=O)CO[C@@H]1C[C@@H]2O
692,0,CN(C)[C@H]1[C@@H]2C[C@H]3C(=C(O)c4c(O)cccc4[C@@]3(C)O)C(=O)[C@]2(O)C(=O)\C(=C(/O)NCN5CCCC(C5)C(O)=O)C1=O,CN(C)[C@@H]1C(=O)/C(=C(/O)NCN2CCCC(C(=O)O)C2)C(=O)[C@@]2(O)C(=O)C3=C(O)c4c(O)cccc4[C@@](C)(O)[C@H]3C[C@@H]12
693,0,CC(=O)OCOC(=O)C1N2C(SC1(C)C)C(NC(=O)Cc3ccccc3)C2=O,CC(=O)OCOC(=O)C1N2C(=O)C(NC(=O)Cc3ccccc3)C2SC1(C)C
694,0,[Na].CC1(C)SC2C(NC(=O)Cc3ccccc3)C(=O)N2C1C(O)=O,CC1(C)SC2C(NC(=O)Cc3ccccc3)C(=O)N2C1C(=O)O.[Na]
695,0,CC(Oc1ccccc1)C(=O)NC2C3SC(C)(C)C(N3C2=O)C(O)=O,CC(Oc1ccccc1)C(=O)NC1C(=O)N2C1SC(C)(C)C2C(=O)O
696,0,COc1cccc2C(=O)c3c(O)c4C[C@](O)(C[C@H](O[C@H]5C[C@H](N)[C@H](O[C@H]6CCCCO6)[C@H](C)O5)c4c(O)c3C(=O)c12)C(=O)CO,COc1cccc2c1C(=O)c1c(O)c3c(c(O)c1C2=O)C[C@@](O)(C(=O)CO)C[C@@H]3O[C@H]1C[C@H](N)[C@H](O[C@H]2CCCCO2)[C@H](C)O1
697,0,CC1(C)SC2C(N([C@H](C(=O)NC(=O)CN)c3ccccc3)C(=N)c4ccncc4)C(=O)N2C1C(O)=O,CC1(C)SC2C(N(C(=N)c3ccncc3)[C@H](C(=O)NC(=O)CN)c3ccccc3)C(=O)N2C1C(=O)O
698,0,CC1(C)S[C@@H]2[C@H](NC(=O)[C@H](NC(=O)NC3=CN=C(NC3=O)Nc4ccc(cc4)[S](N)(=O)=O)c5ccc(O)cc5)C(=O)N2[C@H]1C(O)=O,CC1(C)S[C@@H]2[C@H](NC(=O)[C@H](NC(=O)Nc3cnc(Nc4ccc(S(N)(=O)=O)cc4)[nH]c3=O)c3ccc(O)cc3)C(=O)N2[C@H]1C(=O)O
699,0,CC(C)(C)C(=O)OCOC(=O)[C@@H]1N2[C@H](SC1(C)C)[C@H](NC(=O)[C@H](N)c3ccccc3)C2=O,CC(C)(C)C(=O)OCOC(=O)[C@@H]1N2C(=O)[C@@H](NC(=O)[C@H](N)c3ccccc3)[C@H]2SC1(C)C
700,0,CNCC(O)c1cccc(OC(=O)C(C)(C)C)c1,CNCC(O)c1cccc(OC(=O)C(C)(C)C)c1
701,0,Cc1cnn(c1C(=O)N[C@H]2[C@H]3SC(C)(C)[C@@H](N3C2=O)C(O)=O)c4c(Cl)cccc4Cl,Cc1cnn(-c2c(Cl)cccc2Cl)c1C(=O)N[C@@H]1C(=O)N2[C@@H]1SC(C)(C)[C@@H]2C(=O)O
702,0,NCC1OC(OC2C(N)CC(NC(CO)CO)C(OC3OC(CO)C(O)C(N)C3O)C2O)C(N)C(O)C1O,NCC1OC(OC2C(N)CC(NC(CO)CO)C(OC3OC(CO)C(O)C(N)C3O)C2O)C(N)C(O)C1O
703,0,CC1(C)S[C@@H]2[C@H](NC(=O)c3nc4ccccc4nc3C(O)=O)C(=O)N2[C@H]1C(O)=O,CC1(C)S[C@@H]2[C@H](NC(=O)c3nc4ccccc4nc3C(=O)O)C(=O)N2[C@H]1C(=O)O
704,0,CCN(CC)C(C)=NN=Cc1c(O)c2c3C(=O)C4(C)OC=CC(OC)C(C)C(OC(C)=O)C(C)C(O)C(C)C(O)C(C)C=CC=C(C)C(=O)Nc1c(O)c2c(O)c(C)c3O4,CCN(CC)C(C)=NN=Cc1c2c(O)c3c(O)c(C)c4c(c3c1O)C(=O)C(C)(OC=CC(OC)C(C)C(OC(C)=O)C(C)C(O)C(C)C(O)C(C)C=CC=C(C)C(=O)N2)O4
705,0,CCN(CC)C(=O)COc1cc2NC(=O)C(=C\C=C\[C@H](C)[C@H](O)[C@@H](C)[C@@H](O)[C@@H](C)[C@H](OC(C)=O)[C@H](C)[C@@H](OC)/C=C/O[C@@]3(C)Oc4c(C)c(O)c(c2O)c1c4C3=O)/C,CCN(CC)C(=O)COc1cc2c(O)c3c(O)c(C)c4c(c13)C(=O)[C@@](C)(O/C=C/[C@H](OC)[C@@H](C)[C@@H](OC(C)=O)[C@H](C)[C@H](O)[C@H](C)[C@@H](O)[C@@H](C)/C=C/C=C(/C)C(=O)N2)O4
706,0,COC1C=COC5(C)Oc4c(C)c(O)c3c(O)c(NC(=O)C(=CC=CC(C)C(O)C(C)C(O)C(C)C(OC(C)=O)C1C)C)c(C=NN2CCN(C)CC2)c(O)c3c4C5=O,COC1C=COC2(C)Oc3c(C)c(O)c4c(O)c(c(C=NN5CCN(C)CC5)c(O)c4c3C2=O)NC(=O)C(C)=CC=CC(C)C(O)C(C)C(O)C(C)C(OC(C)=O)C1C
707,0,CO[C@H]1/C=C/O[C@@]2(C)Oc3c(C)c(O)c4c(O)c(NC(=O)C(=C\C=C\[C@H](C)[C@H](O)[C@@H](C)[C@@H](O)[C@@H](C)[C@H](OC(C)=O)[C@@H]1C)/C)cc(O)c4c3C2=O,CO[C@H]1/C=C/O[C@@]2(C)Oc3c(C)c(O)c4c(O)c(cc(O)c4c3C2=O)NC(=O)/C(C)=C\C=C\[C@H](C)[C@H](O)[C@@H](C)[C@@H](O)[C@@H](C)[C@H](OC(C)=O)[C@@H]1C
708,0,CO[C@H]1\C=C\O[C@@]2(C)Oc3c(C)c(O)c4C(=C(NC(=O)C(=C/C=C/[C@H](C)[C@H](O)[C@@H](C)[C@@H](O)[C@@H](C)[C@H](OC(C)=O)[C@@H]1C)\C)C(=C/NN5CCN(CC5)C6CCCC6)\C(=O)c4c3C2=O)O,CO[C@H]1/C=C/O[C@@]2(C)Oc3c(C)c(O)c4c(c3C2=O)C(=O)/C(=C/NN2CCN(C3CCCC3)CC2)C(=C4O)NC(=O)/C(C)=C\C=C\[C@H](C)[C@H](O)[C@@H](C)[C@@H](O)[C@@H](C)[C@H](OC(C)=O)[C@@H]1C
709,0,CO[C@H]1/C=C/O[C@@]2(C)Oc3c(C)c(O)c4c(O)c(NC(=O)C(=C\C=C\[C@H](C)[C@H](O)[C@@H](C)[C@@H](O)[C@@H](C)[C@H](OC(C)=O)[C@@H]1C)/C)c5n6ccc(C)cc6nc5c4c3C2=O,CO[C@H]1/C=C/O[C@@]2(C)Oc3c(C)c(O)c4c(O)c(c5c(nc6cc(C)ccn65)c4c3C2=O)NC(=O)/C(C)=C\C=C\[C@H](C)[C@H](O)[C@@H](C)[C@@H](O)[C@@H](C)[C@H](OC(C)=O)[C@@H]1C
710,0,CC[C@@]1(O)C[C@H](O[C@H]2C[C@@H]([C@H](O[C@H]3C[C@@H]4O[C@H]5CC(=O)[C@H](C)O[C@H]5O[C@@H]4[C@H](C)O3)[C@H](C)O2)N(C)C)c6c(O)c7C(=O)c8c(O)cccc8C(=O)c7c(O)c6[C@H]1O[C@H]9C[C@@H]([C@H](O)[C@H](C)O9)N(C)C,CC[C@@]1(O)C[C@H](O[C@H]2C[C@H](N(C)C)[C@H](O[C@H]3C[C@@H]4O[C@H]5CC(=O)[C@H](C)O[C@H]5O[C@@H]4[C@H](C)O3)[C@H](C)O2)c2c(O)c3c(c(O)c2[C@H]1O[C@H]1C[C@H](N(C)C)[C@H](O)[C@H](C)O1)C(=O)c1cccc(O)c1C3=O
711,0,CC1(C)S[C@@H]2[C@H](NC(=O)[C@H](NC(=O)Cc3ccc(cc3)C4=NCCCN4)c5ccccc5)C(=O)N2[C@H]1C(O)=O,CC1(C)S[C@@H]2[C@H](NC(=O)[C@H](NC(=O)Cc3ccc(C4=NCCCN4)cc3)c3ccccc3)C(=O)N2[C@H]1C(=O)O
712,0,CC[C@H]1OC(=O)[C@H](C)[C@@H](O[C@H]2C[C@@](C)(OC)[C@@H](O)[C@H](C)O2)[C@H](C)[C@@H](O[C@@H]3O[C@H](C)C[C@@H]([C@H]3O)N(C)C)[C@](C)(O)C[C@@H](C)\C(=N\OCOCCOC)[C@H](C)[C@@H](O)[C@]1(C)O,CC[C@H]1OC(=O)[C@H](C)[C@@H](O[C@H]2C[C@@](C)(OC)[C@@H](O)[C@H](C)O2)[C@H](C)[C@@H](O[C@@H]2O[C@H](C)C[C@H](N(C)C)[C@H]2O)[C@](C)(O)C[C@@H](C)/C(=N/OCOCCOC)[C@H](C)[C@@H](O)[C@]1(C)O
713,0,COC1CCCC2C3C(C(C)O)C(=O)N3C(=C12)C([O-])=O,COC1CCCC2C1=C(C(=O)[O-])N1C(=O)C(C(C)O)C21
714,0,COCOC(=O)C1N2C(SC1(C)C)C(N3C(=O)C(NC3(C)C)c4ccc(O)cc4)C2=O,COCOC(=O)C1N2C(=O)C(N3C(=O)C(c4ccc(O)cc4)NC3(C)C)C2SC1(C)C
715,0,COCOC(=O)[C@@H]1N2[C@H](SC1(C)C)[C@H](N3C(=O)C(NC3(C)C)c4ccccc4)C2=O,COCOC(=O)[C@@H]1N2C(=O)[C@@H](N3C(=O)C(c4ccccc4)NC3(C)C)[C@H]2SC1(C)C
716,0,CN[C@@H]1[C@@H](O)[C@H](OC[C@]1(C)O)O[C@H]2[C@H](N)C[C@H](N)[C@@H](O[C@H]3OC(=CC[C@H]3N)CN)[C@@H]2O,CN[C@@H]1[C@@H](O)[C@@H](O[C@@H]2[C@@H](O)[C@H](O[C@H]3OC(CN)=CC[C@H]3N)[C@@H](N)C[C@H]2N)OC[C@]1(C)O
717,0,COC1C(O)CC(=O)OC(C)C\C=C\C=C\C(OC2CCC(C(C)O2)N(C)C)C(C)CC(CC=O)C1OC3OC(C)C(OC4CC(C)(O)C(O)C(C)O4)C(C3O)N(C)C,COC1C(O)CC(=O)OC(C)C/C=C/C=C/C(OC2CCC(N(C)C)C(C)O2)C(C)CC(CC=O)C1OC1OC(C)C(OC2CC(C)(O)C(O)C(C)O2)C(N(C)C)C1O
718,0,C[C@@H](O)[C@@H]1[C@H]2SC(=C(N2C1=O)C(O)=O)SC3CC[S](=O)C3,C[C@@H](O)[C@H]1C(=O)N2C(C(=O)O)=C(SC3CCS(=O)C3)S[C@H]12
719,0,CC1(C)S[C@@H]2[C@H](NC(=O)[C@H](N)c3ccccc3)C(=O)N2[C@H]1C(O)=O.CC4(C)[C@@H](N5[C@@H](CC5=O)[S]4(=O)=O)C(O)=O,CC1(C)S[C@@H]2[C@H](NC(=O)[C@H](N)c3ccccc3)C(=O)N2[C@H]1C(=O)O.CC1(C)[C@H](C(=O)O)N2C(=O)C[C@H]2S1(=O)=O
720,0,[Na+].[Na+].CC1(C)S[C@@H]2[C@H](NC(=O)[C@H](N[S]([O-])(=O)=O)c3ccccc3)C(=O)N2[C@H]1C([O-])=O,CC1(C)S[C@@H]2[C@H](NC(=O)[C@H](NS(=O)(=O)[O-])c3ccccc3)C(=O)N2[C@H]1C(=O)[O-].[Na+].[Na+]
721,0,CO[C@@H]1C[C@@H](CC[C@H]1O)/C=C(C)/[C@H]2OC(=O)[C@@H]3CCCCN3C(=O)C(=O)[C@]4(O)O[C@H]([C@H](C[C@@H](C)CC(=C/[C@@H](CC=C)C(=O)C[C@H](O)[C@H]2C)/C)OC)[C@H](C[C@H]4C)OC,C=CC[C@@H]1/C=C(\C)C[C@H](C)C[C@H](OC)[C@H]2O[C@@](O)(C(=O)C(=O)N3CCCC[C@H]3C(=O)O[C@H](/C(C)=C/[C@@H]3CC[C@@H](O)[C@H](OC)C3)[C@H](C)[C@@H](O)CC1=O)[C@H](C)C[C@@H]2OC
722,0,C[C@]1(Cn2ccnn2)[C@@H](N3[C@@H](CC3=O)[S]1(=O)=O)C(O)=O,C[C@]1(Cn2ccnn2)[C@H](C(=O)O)N2C(=O)C[C@H]2S1(=O)=O
723,0,CO[C@]1(NC(=O)C(C(O)=O)c2cscc2)[C@H]3SC(C)(C)[C@@H](N3C1=O)C(O)=O,CO[C@@]1(NC(=O)C(C(=O)O)c2ccsc2)C(=O)N2[C@@H](C(=O)O)C(C)(C)S[C@@H]21
724,0,CN1C(=O)N(C)c2ncn(CCNCC(O)c3ccc(O)c(O)c3)c2C1=O,Cn1c(=O)c2c(ncn2CCNCC(O)c2ccc(O)c(O)c2)n(C)c1=O
725,0,CC1(C)SC2C(NC(=O)CSc3ccccc3)C(=O)N2C1C(O)=O,CC1(C)SC2C(NC(=O)CSc3ccccc3)C(=O)N2C1C(=O)O
726,0,CC1(C)[C@H](NC(=O)C(=N\OCC(O)=O)/c2csc(N)n2)C(=O)N1O[S](O)(=O)=O,CC1(C)[C@H](NC(=O)/C(=N\OCC(=O)O)c2csc(N)n2)C(=O)N1OS(=O)(=O)O
727,0,CC(C)C(=O)OCc1cccc(OC(=O)[C@@H]2N3[C@H](SC2(C)C)[C@H](NC(=O)Cc4ccccc4)C3=O)c1,CC(C)C(=O)OCc1cccc(OC(=O)[C@@H]2N3C(=O)[C@@H](NC(=O)Cc4ccccc4)[C@H]3SC2(C)C)c1
728,0,NC[C@H]1O[C@H](O[C@@H]2[C@@H](N)C[C@@H](N)[C@H](O[C@H]3O[C@H](CO)[C@@H](O)[C@H](N)[C@H]3O)[C@H]2O)[C@H](N)C[C@@H]1O,NC[C@H]1O[C@H](O[C@H]2[C@H](O)[C@@H](O[C@H]3O[C@H](CO)[C@@H](O)[C@H](N)[C@H]3O)[C@H](N)C[C@@H]2N)[C@H](N)C[C@@H]1O
729,0,Cc1ccc(cc1)C(=O)c2cc(O)c(O)c(c2)[N+]([O-])=O,Cc1ccc(C(=O)c2cc(O)c(O)c([N+](=O)[O-])c2)cc1
730,0,CCCC[C@@H]1CC(=O)[C@]2(O)O[C@@H]3[C@@H](NC)[C@@H](O)[C@@H](NC)[C@H](O)[C@H]3O[C@@H]2O1,CCCC[C@@H]1CC(=O)[C@]2(O)O[C@@H]3[C@@H](NC)[C@@H](O)[C@@H](NC)[C@H](O)[C@H]3O[C@@H]2O1
731,0,CC(C)c1ccc(C)cc1OCC2=NCCN2,Cc1ccc(C(C)C)c(OCC2=NCCN2)c1
732,0,CC[C@]1(O)C[C@H]2CN(CCc3c([nH]c4ccccc34)[C@@](C2)(C(=O)OC)c5cc6c(cc5OC)N(C)[C@H]7[C@](O)([C@H](O)[C@]8(CC)C=CCN9CC[C@]67[C@H]89)C(N)=O)C1,CC[C@]1(O)C[C@H]2CN(CCc3c([nH]c4ccccc34)[C@@](C(=O)OC)(c3cc4c(cc3OC)N(C)[C@H]3[C@@](O)(C(N)=O)[C@H](O)[C@]5(CC)C=CCN6CC[C@]43[C@@H]65)C2)C1
733,0,CC(C)C1OC(=O)C2=CCCN2C(=O)c3coc(CC(=O)CC(O)\C=C(C)/C=C\CNC(=O)\C=C/C1C)n3,CC1=C/C(O)CC(=O)Cc2nc(co2)C(=O)N2CCC=C2C(=O)OC(C(C)C)C(C)/C=C\C(=O)NC/C=C\1
734,0,Oc1ccc(cc1)/C=C([N+]#[C-])/C(=C/c2ccc(O)cc2)[N+]#[C-],[C-]#[N+]C(=C\c1ccc(O)cc1)/C(=C/c1ccc(O)cc1)[N+]#[C-]
735,0,[Cl-].COc1cccc2C(=O)c3c(O)c4C[C@](O)(C[C@H](O[C@H]5C[C@H](N)[C@H](O)[C@H](C)O5)c4c(O)c3C(=O)c12)/C(C)=N/NC(=O)c6ccccc6.[H+],COc1cccc2c1C(=O)c1c(O)c3c(c(O)c1C2=O)C[C@@](O)(/C(C)=N/NC(=O)c1ccccc1)C[C@@H]3O[C@H]1C[C@H](N)[C@H](O)[C@H](C)O1.[Cl-].[H+]
736,1,[C@@]3(C1=CC=CS1)(N2CCCCC2)[C@H](CCCC3)C,C[C@H]1CCCC[C@@]1(c1cccs1)N1CCCCC1
737,1,C1=C(Cl)C=CC(=C1N2CCN(CCCNC(C)=O)CC2)Cl,CC(=O)NCCCN1CCN(c2cc(Cl)ccc2Cl)CC1
738,1,[C@]34([C@H]([C@H]2[C@@H]([C@@]1(C([C@@H](C(CC1)OC(C)=O)Br)[C@@H](C2)Br)C)CC3)CC[C@@H]4[C@@H](CCCC(C)C)C)C,CC(=O)OC1CC[C@@]2(C)C([C@@H]1Br)[C@H](Br)C[C@H]1[C@@H]3CC[C@H]([C@H](C)CCCC(C)C)[C@@]3(C)CC[C@@H]12
739,1,C(C(C(NC(NC(C)=O)=O)=O)(CC)Br)C,CCC(Br)(CC)C(=O)NC(=O)NC(C)=O
740,1,C2=C(CN(C(=C(SC(=O)C1=CC=CO1)\CCOC(=O)COC(=O)C)/C)C=O)C(=NC(=N2)C)N,CC(=O)OCC(=O)OCC/C(SC(=O)c1ccco1)=C(/C)N(C=O)Cc1cnc(C)nc1N
741,1,C(C(NC(C)=O)C(O)=O)CC(N)=O,CC(=O)NC(CCC(N)=O)C(=O)O
742,1,C1=CC=CC=C1C3(CCN(CCCC(C2=CC=C(F)C=C2)=O)CC3)CNC(C)=O,CC(=O)NCC1(c2ccccc2)CCN(CCCC(=O)c2ccc(F)cc2)CC1
743,1,C2=C(C(OC1=CC=C(C=C1)NC(C)=O)=O)C(=CC=C2)O,CC(=O)Nc1ccc(OC(=O)c2ccccc2O)cc1
744,1,C1=NC(=NC(=C1CN(C(=C(\CCOC(C)=O)SC(C)=O)/C)C=O)N)C,CC(=O)OCC/C(SC(C)=O)=C(/C)N(C=O)Cc1cnc(C)nc1N
745,1,C2=C(CC(C(NCC(OCC1=CC=CC=C1)=O)=O)CSC(C)=O)C=CC=C2,CC(=O)SCC(Cc1ccccc1)C(=O)NCC(=O)OCc1ccccc1
746,1,[C@]12(OC(O[C@@H]1CC3C2(CC(O)C4(F)C3CCC5=CC(=O)C=CC45C)C)C=C)C(=O)CO,C=CC1O[C@@H]2CC3C4CCC5=CC(=O)C=CC5(C)C4(F)C(O)CC3(C)[C@]2(C(=O)CO)O1
747,1,C1=NC2=C([N]1COCCO)NC(=NC2=O)N,Nc1nc(=O)c2ncn(COCCO)c2[nH]1
748,1,C1=CC(=CC=C1OCC(OCCNC23CC4CC(C2)CC(C3)C4)=O)Cl,O=C(COc1ccc(Cl)cc1)OCCNC12CC3CC(CC(C3)C1)C2
749,1,C1=CC(=CC=C1CC(OC(C(C)N)=O)(C)C)Cl,CC(N)C(=O)OC(C)(C)Cc1ccc(Cl)cc1
750,1,[C@@]4([C@@]3([C@H]([C@H]2[C@@H]([C@@]1(C(=CC(=O)C=C1)C[C@H]2Cl)C)[C@H](C3)O)C[C@H]4C)C)(C(COC(CC)=O)=O)OC(CC)=O,CCC(=O)OCC(=O)[C@@]1(OC(=O)CC)[C@H](C)C[C@H]2[C@H]3[C@H]([C@@H](O)C[C@@]21C)[C@@]1(C)C=CC(=O)C=C1C[C@H]3Cl
751,1,C1=C3C2=C(C=C1O)C=CC=C2CC(C3)N(CCC)CCC,CCCN(CCC)C1Cc2cccc3cc(O)cc(c23)C1
752,1,[C@@H]12C4([C@@H](CCC1[C@H]3C(CC2=O)(C(CC3)C(=O)CO)C)C[C@H](O)CC4)C,CC12CC(=O)[C@H]3C(CC[C@H]4C[C@H](O)CCC43C)[C@@H]1CCC2C(=O)CO
753,1,CC14C5(C(CC1C3C(C2(C(=CC(=O)CC2)CC3)C)CC4)OC(O5)(C)C)C(C)=O,CC(=O)C12OC(C)(C)OC1CC1C3CCC4=CC(=O)CCC4(C)C3CCC12C
754,1,COC1(C(F)(F)C1(F)Cl)F,COC1(F)C(F)(F)C1(F)Cl
755,1,C(N1C(C(C)OC1=O)=O)C=C,C=CCN1C(=O)OC(C)C1=O
756,1,[C@H]3(CN(C2=CC=C(OCC1=CC=CC(=C1)Cl)C=C2)C(O3)=O)CNC,CNC[C@@H]1CN(c2ccc(OCc3cccc(Cl)c3)cc2)C(=O)O1
757,1,[H+].C4=C3OCC(N(CCCCN1C(=O)CC2(CC1=O)CCCC2)CCC)CC3=C(OC)C=C4.[Cl-],CCCN(CCCCN1C(=O)CC2(CCCC2)CC1=O)C1COc2cccc(OC)c2C1.[Cl-].[H+]
758,1,C1=C([N](C(=C1C=O)C)CCNC(C)=O)C,CC(=O)NCCn1c(C)cc(C=O)c1C
759,1,C1=C(C(=CC=C1Cl)N(C(CN(C(CC#N)C)C)=O)C)C(C2=C(C=CC=C2)F)=O,CC(CC#N)N(C)CC(=O)N(C)c1ccc(Cl)cc1C(=O)c1ccccc1F
760,1,[C@H](C(C1=CC=CC=C1)(C2=CC=CC=C2)C[C@H](N(C)C)C)(CC)O,CC[C@@H](O)C(C[C@@H](C)N(C)C)(c1ccccc1)c1ccccc1
761,1,C1=CC=C3C2=C1C(N(CC(O)=O)C(C2=CC=C3)=O)=O,O=C(O)CN1C(=O)c2cccc3cccc(c23)C1=O
762,1,[C@H]23C([C@@]1(OC(O[C@@H]1C2)(CC)CC)C(=O)CO)(C[C@H](O)[C@@]4(F)C3CCC5=CC(=O)C=CC45C)C,CCC1(CC)O[C@@H]2C[C@H]3C4CCC5=CC(=O)C=CC5(C)[C@@]4(F)[C@@H](O)CC3(C)[C@]2(C(=O)CO)O1
763,1,[C@H]24C([C@@]1(O[C@@](O[C@@H]1C2)(C3=CC=CC=C3)C)C(=O)CO)(C[C@H](O)[C@@]5(F)C4CCC6=CC(=O)C=CC56C)C,CC12C[C@H](O)[C@@]3(F)C(CCC4=CC(=O)C=CC43C)[C@@H]1C[C@H]1O[C@@](C)(c3ccccc3)O[C@]12C(=O)CO
764,1,[C@@]45([C@@]3([C@H]([C@H]2[C@]([C@@]1(C(=CC(=O)C=C1)CC2)C)(F)[C@H](C3)O)C[C@H]4OC6(O5)CCCC6)C)C(COC(C)=O)=O,CC(=O)OCC(=O)[C@@]12OC3(CCCC3)O[C@@H]1C[C@H]1[C@@H]3CCC4=CC(=O)C=C[C@]4(C)[C@@]3(F)[C@@H](O)C[C@@]12C
765,1,[C@H]12[C@@]([C@](OC(=O)CC)([C@H](C1)C)C(=O)COC)(C[C@H](O)[C@@]3(F)[C@H]2CCC4=CC(=O)C=C[C@]34C)C,CCC(=O)O[C@]1(C(=O)COC)[C@@H](C)C[C@H]2[C@@H]3CCC4=CC(=O)C=C[C@]4(C)[C@@]3(F)[C@@H](O)C[C@@]21C
766,1,C1=C(C(=C(C=C1)C)NC(C2=CC=C(N)C=C2)=O)C,Cc1cccc(C)c1NC(=O)c1ccc(N)cc1
767,1,[C@H]4(CC3C2=C1C(=C[N](C1=CC=C2)C(C)C)CC3N(C4)C)C(NC5CCCCC5)=O,CC(C)n1cc2c3c(cccc31)C1C[C@@H](C(=O)NC3CCCCC3)CN(C)C1C2
768,1,C2=C(C(NC(CC1=CC=CC=C1)C)C#N)C=CC=C2,CC(Cc1ccccc1)NC(C#N)c1ccccc1
769,1,C3=C2C([NH2+]CCCCCCC(O)=O)C1=CC=CC=C1CCC2=CC=C3.[Cl-],O=C(O)CCCCCC[NH2+]C1c2ccccc2CCc2ccccc21.[Cl-]
770,1,C1=C([S](CC)(=O)=O)C(=CC(=C1C(NCC2N(CCC2)CC)=O)OC)N,CCN1CCCC1CNC(=O)c1cc(S(=O)(=O)CC)c(N)cc1OC
771,1,C1=CC=CC2=C1C(C3=C(CC2)C=CC=C3)=CCC[N+](C)(C)[O-],C[N+](C)([O-])CCC=C1c2ccccc2CCc2ccccc21
772,1,C1=CC=CC=C1C(CN2CCCC2)OCCC(C)C,CC(C)CCOC(CN1CCCC1)c1ccccc1
773,1,C1=C(C=CC=C1N2C(C=CC=C2)=O)N,Nc1cccc(-n2ccccc2=O)c1
774,1,C(C(C)(C)O)C,CCC(C)(C)O
775,1,C3=C(CCN1CCC(CC1)(C2=CC=CC=C2)C(OCC)=O)C=CC(=C3)N,CCOC(=O)C1(c2ccccc2)CCN(CCc2ccc(N)cc2)CC1
776,1,C1=CC(=CC=C1C(N2C(CCC2)=O)=O)OC,COc1ccc(C(=O)N2CCCC2=O)cc1
777,1,COc2cc1oc(=O)c(C)c(C)c1cc2OCCCN3CCN(CC3)c4ccccc4OC,COc1cc2oc(=O)c(C)c(C)c2cc1OCCCN1CCN(c2ccccc2OC)CC1
778,1,[C@H](N1C3=C(SC2=C1C=CC=C2)C=CC(=C3)C(=O)NCCC)(CN4CCCC4)C,CCCNC(=O)c1ccc2c(c1)N([C@H](C)CN1CCCC1)c1ccccc1S2
779,1,C(C1(C(NC(=O)NC1=O)=O)C(C)C)C=C,C=CCC1(C(C)C)C(=O)NC(=O)NC1=O
780,1,C1=C4C(=CC=C1OCCCCN3CCN(C2=CC=CC(=C2Cl)Cl)CC3)CCC(N4)=O,O=C1CCc2ccc(OCCCCN3CCN(c4cccc(Cl)c4Cl)CC3)cc2N1
781,1,C(O)C(O)C1OC(=C(O)C1=O)O,O=C1C(O)=C(O)OC1C(O)CO
782,1,C1=CC=CC(=C1C(O)=O)OC(C)=O,CC(=O)Oc1ccccc1C(=O)O
783,1,C1=CC=CC(=C1C(NC2=C(C=C(N(CC)CC)C=C2)C)=O)N,CCN(CC)c1ccc(NC(=O)c2ccccc2N)c(C)c1
784,1,C1=CC=CC=C1C(C(OC2CC3N(C)C(C2)CC3)=O)(CO)C,CN1C2CCC1CC(OC(=O)C(C)(CO)c1ccccc1)C2
785,1,C1=CC=CC=C1C(C(OC2CC3[N+](C(C2)CC3)(C)[O-])=O)CO,C[N+]1([O-])C2CCC1CC(OC(=O)C(CO)c1ccccc1)C2
786,1,C1=CC(=CC5=C1N(C4CCN(CC3OC2=C(C=CC=C2)OC3)CC4)C(N5)=O)Cl,O=c1[nH]c2cc(Cl)ccc2n1C1CCN(CC2COc3ccccc3O2)CC1
787,1,C1=CC(=CC=C1C(CCCN2CC3N(CC2)CCC3)=O)F,O=C(CCCN1CCN2CCCC2C1)c1ccc(F)cc1
788,1,C3=C(C(O)(C1=CC=CC=C1)C2CCNCC2)C=CC=C3,OC(c1ccccc1)(c1ccccc1)C1CCNCC1
789,1,O=C1NCCN1C4CCN(CCC3COc2ccccc2O3)CC4,O=C1NCCN1C1CCN(CCC2COc3ccccc3O2)CC1
790,1,C1=CC=CC2=C1C3N(CC2)CCNC3,c1ccc2c(c1)CCN1CCNCC21
791,1,CN(CCc2cc3cccc4CCc1ccccc1n2c34)Cc5ccccc5,CN(CCc1cc2cccc3c2n1-c1ccccc1CC3)Cc1ccccc1
792,1,C1=CC=CC=C1CC2=NC3=C([N]2CCN(CCO)CC)C(N(C)C(N3C)=O)=O,CCN(CCO)CCn1c(Cc2ccccc2)nc2c1c(=O)n(C)c(=O)n2C
793,1,C(C1(C(NC(=O)NC1=O)=O)CC)C,CCC1(CC)C(=O)NC(=O)NC1=O
794,1,C1=CC=CC=C1CNC(CCCl)=O,O=C(CCCl)NCc1ccccc1
795,1,[C@]23([C@H]([C@H]1[C@]([C@](C(CO)=O)(O)[C@H](C1)C)(C)C[C@@H]2O)CCC4=CC(=O)C=C[C@]34C)Cl,C[C@H]1C[C@H]2[C@@H]3CCC4=CC(=O)C=C[C@]4(C)[C@@]3(Cl)[C@@H](O)C[C@]2(C)[C@@]1(O)C(=O)CO
796,1,[C@@H]2(CN(C1=CC=C(C=C1)OCC[C@H](C(F)(F)F)O)C(O2)=O)COC,COC[C@H]1CN(c2ccc(OCC[C@@H](O)C(F)(F)F)cc2)C(=O)O1
797,1,C(C1(CC(NC(C1)=O)=O)C)C,CCC1(C)CC(=O)NC(=O)C1
798,1,C2=C(CN(C(=C(SC(=O)C1=CC=CC=C1)/CCO[P](=O)(O)O)/C)C=O)C(=NC(=N2)C)N,C/C(=C(\CCOP(=O)(O)O)SC(=O)c1ccccc1)N(C=O)Cc1cnc(C)nc1N
799,1,C1=CC=CC(=C1C(OC2=CC=C(NC(C)=O)C=C2)=O)OC(C)=O,CC(=O)Nc1ccc(OC(=O)c2ccccc2OC(C)=O)cc1
800,1,C4=C(C2=C1C3=C(SC1=NC(=O)CN2)CCCC3)C=CC=C4,O=C1CNC(c2ccccc2)=c2c3c(sc2=N1)CCCC3
801,1,[Cl].C1=CC=CC2=C1[N](C=C2CCC3=CC=NC=C3)CC4=CC=CC=C4,[Cl].c1ccc(Cn2cc(CCc3ccncc3)c3ccccc32)cc1
802,1,[C@@H]4(C1=C2C(=CC(=C1)Br)CCO2)C3=C(C=C(Cl)C(=C3)O)CCN(C4)C,CN1CCc2cc(Cl)c(O)cc2[C@@H](c2cc(Br)cc3c2OCC3)C1
803,1,[C@H](O)(/C=C/C1=C(C3=C(OC12CCCC2)C=CC=C3)C4=CC=C(F)C=C4)C[C@H](O)CC(OCC)=O,CCOC(=O)C[C@@H](O)C[C@@H](O)/C=C/C1=C(c2ccc(F)cc2)c2ccccc2OC12CCCC2
804,1,[C@]4([C@@]3([C@H]([C@H]2[C@]([C@@]1(C(=CC(=O)C=C1)CC2)C)(F)[C@H](C3)O)C[C@@H]4C)C)(OC(C5=CC=CC=C5)=O)C(CO)=O,C[C@H]1C[C@H]2[C@@H]3CCC4=CC(=O)C=C[C@]4(C)[C@@]3(F)[C@@H](O)C[C@]2(C)[C@@]1(OC(=O)c1ccccc1)C(=O)CO
805,1,[C@]14([C@@]([C@@H](C)C[C@H]1[C@H]3[C@]([C@@]2(C(=CC(=O)C=C2)CC3)C)(F)[C@H](C4)O)(OC(CCCC)=O)C(CO)=O)C,CCCCC(=O)O[C@]1(C(=O)CO)[C@@H](C)C[C@H]2[C@@H]3CCC4=CC(=O)C=C[C@]4(C)[C@@]3(F)[C@@H](O)C[C@@]21C
806,1,C(C2C1C(NC(N1)=O)CS2)CCCC(O)=O,O=C(O)CCCCC1SCC2NC(=O)NC21
807,1,S1[C@H]4N(CC1(C2CN3[C@H](S2)CC3=O)O)C(C4)=O,O=C1C[C@H]2SC(C3(O)CN4C(=O)C[C@H]4S3)CN12
808,1,C1=CC=CC2=C1C4=C([NH]2)CN3CCN(CC3C4)CCCC(C5=CC=C(C=C5)F)=O,O=C(CCCN1CCN2Cc3[nH]c4ccccc4c3CC2C1)c1ccc(F)cc1
809,1,C1=NC(=NC(=C1CN(C(=C(SSC(=C(\C)N(C=O)CC2=C(N)N=C(C)N=C2)/CCOC(=O)C3=CC=CC=C3)/CCOC(=O)C4=CC=CC=C4)\C)C=O)N)C,C/C(=C(/CCOC(=O)c1ccccc1)SS/C(CCOC(=O)c1ccccc1)=C(\C)N(C=O)Cc1cnc(C)nc1N)N(C=O)Cc1cnc(C)nc1N
810,1,[C@H](CCCNC(C)=O)(C(O)=O)NC(C)=O,CC(=O)NCCC[C@H](NC(C)=O)C(=O)O
811,1,C1=C(C3=C(N=C1N2CCN(CC)CC2)CCCCCC3)C4=CC=C(F)C=C4,CCN1CCN(c2cc(-c3ccc(F)cc3)c3c(n2)CCCCCC3)CC1
812,1,[C@@]23(C([C@H](N(CC1(CC1)O)CC2)CC4=C3C=C(C=C4)O)(C)C)CC,CC[C@]12CCN(CC3(O)CC3)[C@H](Cc3ccc(O)cc31)C2(C)C
813,1,C1=CC(=CC2=C1NC(=O)OC2(C)C)Br,CC1(C)OC(=O)Nc2ccc(Br)cc21
814,1,CC(C(C(NC(N)=O)=O)Br)C,CC(C)C(Br)C(=O)NC(N)=O
815,1,C(Br)(Br)Br,BrC(Br)Br
816,1,C2=C(C1C(NC(C1)=O)=O)C=CC=C2Br,O=C1CC(c2cccc(Br)c2)C(=O)N1
817,1,C1=C(Br)SC2=C1C(=NCC3=NN=C([N]23)C)C4=C(C=CC=C4)Cl,Cc1nnc2n1-c1sc(Br)cc1C(c1ccccc1Cl)=NC2
818,1,[C@]1(O)(C[C@@H]4N(CC1)C[C@@H]2C5=C(CCC3=CC=CC=C23)C=CC=C45)C(C)(C)C.[H+].[Cl-],CC(C)(C)[C@]1(O)CCN2C[C@H]3c4ccccc4CCc4cccc(c43)[C@@H]2C1.[Cl-].[H+]
819,1,C1=C(C(CCC)=O)C=CC3=C1N(C2=C(C=CC=C2)S3)CCCN4CCN(C)CC4,CCCC(=O)c1ccc2c(c1)N(CCCN1CCN(C)CC1)c1ccccc1S2
820,1,C(C(CCCC)CC)NC(CC(C)O)=O,CCCCC(CC)CNC(=O)CC(C)O
821,1,[C@]235[C@]([C@H](N(CC1CCC1)CC2)CC4=C3C=C(O)C=C4)(CCCC5)O,Oc1ccc2c(c1)[C@@]13CCCC[C@@]1(O)[C@@H](C2)N(CC1CCC1)CC3
822,1,[C@@H]34C1=CC=CC2=C1C(=C[NH]2)C[C@H]3N(C[C@@H](C4)C(N(C(NCC)=O)CCCN(C)C)=O)CC=C,C=CCN1C[C@H](C(=O)N(CCCN(C)C)C(=O)NCC)C[C@@H]2c3cccc4[nH]cc(c34)C[C@H]21
823,1,C1=NC3=C([N]1CCNC(C(C2=CC=CC=C2)O)C)C(N(C)C(N3C)=O)=O,CC(NCCn1cnc2c1c(=O)n(C)c(=O)n2C)C(O)c1ccccc1
824,1,C1=C(Cl)C=CC2=C1C(=NC(OC(N(C)C)=O)C(N2C)=O)C3=CC=CC=C3,CN(C)C(=O)OC1N=C(c2ccccc2)c2cc(Cl)ccc2N(C)C1=O
825,1,CC12C(C(CC1=O)CC2)(C)C,CC12CCC(CC1=O)C2(C)C
826,1,C1=C(C(=CC=C1C(/CCCCC)=N\OCCN)C)N,CCCCC/C(=N/OCCN)c1ccc(C)c(N)c1
827,1,C1=CC(=CC=C1C(C2=CC=CC=C2)SCCN(C)C)SCCCC,CCCCSc1ccc(C(SCCN(C)C)c2ccccc2)cc1
828,1,C(C1(C(NC(=O)NC1=O)=O)CCCC)COC(N)=O,CCCCC1(CCOC(N)=O)C(=O)NC(=O)NC1=O
829,1,C1=C(Cl)C=CC2=C1C(N(CC(=O)N2C)C(N)=O)C3=CC=CC=C3,CN1C(=O)CN(C(N)=O)C(c2ccccc2)c2cc(Cl)ccc21
830,1,C1=C(C(OC(N)=O)C#C)C=CC=C1,C#CC(OC(N)=O)c1ccccc1
831,1,O=C(C4N(C12CC3CC(C1)CC(C2)C3)CC4)O,O=C(O)C1CCN1C12CC3CC(CC(C3)C1)C2
832,1,C1=CC=CC2=C1CN(CC(N)=O)C(O2)=O,NC(=O)CN1Cc2ccccc2OC1=O
833,1,C2=C(C(CCCN1CCC(OC(NC(C)C)=O)CC1)=O)C=CC(=C2)F,CC(C)NC(=O)OC1CCN(CCCC(=O)c2ccc(F)cc2)CC1
834,1,C1=C(C=CC3=C1N(CCCN2CCN(CC2)CCO)C4=C(S3)C=CC=C4)C(CC)=O,CCC(=O)c1ccc2c(c1)N(CCCN1CCN(CCO)CC1)c1ccccc1S2
835,1,C1=C(C=CC(=C1)[S](N)(=O)=O)C(O)=O,NS(=O)(=O)c1ccc(C(=O)O)cc1
836,1,[C@@H](C(C1=CC=CC=C1)=O)(C)N,C[C@H](N)C(=O)c1ccccc1
837,1,C1=CC(=CC=C1C3CN(CC(N2CC(NCC2)=O)=O)C(C3)=O)Cl,O=C1CN(C(=O)CN2CC(c3ccc(Cl)cc3)CC2=O)CCN1
838,1,OC1OC(COCCOC(O)C(Cl)(Cl)Cl)C(OC2OC(COCCOCCOC(O)C(Cl)(Cl)Cl)CC(OC(O)C(Cl)(Cl)Cl)C2O)C(OCCOCCOC(O)C(Cl)(Cl)Cl)C1O,OC1OC(COCCOC(O)C(Cl)(Cl)Cl)C(OC2OC(COCCOCCOC(O)C(Cl)(Cl)Cl)CC(OC(O)C(Cl)(Cl)Cl)C2O)C(OCCOCCOC(O)C(Cl)(Cl)Cl)C1O
839,1,[C@@H](/C=C/C1=C(N=C(C(=C1C2=CC=C(C=C2)F)COC)C(C)C)C(C)C)(C[C@H](CC(O)=O)O)O,COCc1c(C(C)C)nc(C(C)C)c(/C=C/[C@@H](O)C[C@@H](O)CC(=O)O)c1-c1ccc(F)cc1
840,1,CC1=CC(=NNC1=O)C,Cc1cc(C)c(=O)[nH]n1
841,1,C1=C(C(O)C(CO)NC(C(Cl)Cl)=O)C=CC(=C1)C(=O)C,CC(=O)c1ccc(C(O)C(CO)NC(=O)C(Cl)Cl)cc1
842,1,C1=C(CN(C(=C(SC(OCC)=O)/CCOC(OCC)=O)/C)C=O)C(=NC(=N1)C)N,CCOC(=O)OCC/C(SC(=O)OCC)=C(\C)N(C=O)Cc1cnc(C)nc1N
843,1,[C@@H]2(OC1O[C@@H](O[C@@H]1[C@H]2O)C(Cl)(Cl)Cl)[C@H](O)CO,OC[C@@H](O)[C@H]1OC2O[C@H](C(Cl)(Cl)Cl)O[C@@H]2[C@H]1O
844,1,C(C(OC(C(Cl)(Cl)Cl)O)C)C(C)(C)O,CC(CC(C)(C)O)OC(O)C(Cl)(Cl)Cl
845,1,C(Cl)(Cl)Cl,ClC(Cl)Cl
846,1,C1=C2C(=CC=C1)C(C=C(O2)C(O)=O)=O,O=C(O)c1cc(=O)c2ccccc2o1
847,1,[C@@]45([C@@]3([C@H]([C@H]2[C@@H]([C@@]1(C(=CC(=O)C=C1)CC2)C)[C@H](C3)O)C[C@H]4O[C@H](O5)C6CCCCC6)C)C(COC(C(C)C)=O)=O,CC(C)C(=O)OCC(=O)[C@@]12O[C@H](C3CCCCC3)O[C@@H]1C[C@H]1[C@@H]3CCC4=CC(=O)C=C[C@]4(C)[C@H]3[C@@H](O)C[C@@]12C
848,1,C1=C(SC2=C1C(=NCC3=NN=C([N]23)C4CCCCC4)C5=CC=CC=C5Cl)Br,Clc1ccccc1C1=NCc2nnc(C3CCCCC3)n2-c2sc(Br)cc21
849,1,[C@H]23C([C@@]1(OC(O[C@@H]1C2)(C)C)C(=O)COC(=O)C)(CC(O)[C@@]4(F)C3CC(=C5C4(CCC(=C5)OCCCl)C)C#N)C,CC(=O)OCC(=O)[C@@]12OC(C)(C)O[C@@H]1C[C@H]1C3CC(C#N)=C4C=C(OCCCl)CCC4(C)[C@@]3(F)C(O)CC12C
850,1,[C@@]1([C@H](C2CCC1CC2)NC(C)C)(C3=CC(=C(C=C3)Cl)Cl)O,CC(C)N[C@H]1C2CCC(CC2)[C@]1(O)c1ccc(Cl)c(Cl)c1
851,1,C(C1CCCCC1)NN,NNCC1CCCCC1
852,1,CC(C(C1CCCCC1)O)C,CC(C)C(O)C1CCCCC1
853,1,C1=C(C(=C(C=C1\C=C\C(N2CCCCCCC2)=O)OC)OC)OC,COc1cc(/C=C/C(=O)N2CCCCCCC2)cc(OC)c1OC
854,1,C1=C(Cl)C=CC2=C1C(=NC(O)C(N2CCC#N)=O)C3=CC=CC=C3F,N#CCCN1C(=O)C(O)N=C(c2ccccc2F)c2cc(Cl)ccc21
855,1,C1=C(Cl)C=CC(=C1C(C2=C(C=CC=C2)Cl)=O)N(C(CNC3CC3)=O)C,CN(C(=O)CNC1CC1)c1ccc(Cl)cc1C(=O)c1ccccc1Cl
856,1,[C@]34([C@H](C2[C@@](F)([C@@]1(C(=CC(=O)C=C1)[C@@H](F)C2)C)[C@@H](O)C3)C[C@H]5OC(O[C@@]45C(=O)COC(=O)C6CC6)(C)C)C,CC1(C)O[C@@H]2C[C@H]3C4C[C@H](F)C5=CC(=O)C=C[C@]5(C)[C@@]4(F)[C@@H](O)C[C@]3(C)[C@]2(C(=O)COC(=O)C2CC2)O1
857,1,C1=C(C(=CC(=C1Cl)N)OC)C(NC3CCN(CC2=CC=CC=C2)CC3)=O,COc1cc(N)c(Cl)cc1C(=O)NC1CCN(Cc2ccccc2)CC1
858,1,C1=C(C(=C(C=C1)Cl)NC2=NCCO2)Cl,Clc1cccc(Cl)c1NC1=NCCO1
859,1,[C@@]23(F)[C@H]([C@H]1[C@@]([C@@]([C@H](C1)C)(O)C(=O)CCl)(CC2=O)C)CCC4=CC(=O)C=C[C@]34C,C[C@H]1C[C@H]2[C@@H]3CCC4=CC(=O)C=C[C@]4(C)[C@@]3(F)C(=O)C[C@]2(C)[C@@]1(O)C(=O)CCl
860,1,[C@]4([C@@]3([C@H]([C@H]2[C@]([C@@]1(C(=CC(=O)C=C1)CC2)C)(F)C(C3)=O)C[C@@H]4C)C)(OC(CCC)=O)C(CCl)=O,CCCC(=O)O[C@]1(C(=O)CCl)[C@@H](C)C[C@H]2[C@@H]3CCC4=CC(=O)C=C[C@]4(C)[C@@]3(F)C(=O)C[C@@]21C
861,1,C1=C(Cl)C=CC4=C1N(CCCN3CCC(N2CCCCC2)(CC3)C(N)=O)C5=C(CC4)C=CC=C5,NC(=O)C1(N2CCCCC2)CCN(CCCN2c3ccccc3CCc3ccc(Cl)cc32)CC1
862,1,[C@@]24(Cl)C1(C(=CC(=O)C=C1)[C@@H](F)CC2C3C(C([C@@H](C3)C)C(=O)CO)(CC4O)C)C,C[C@@H]1CC2C3C[C@H](F)C4=CC(=O)C=CC4(C)[C@@]3(Cl)C(O)CC2(C)C1C(=O)CO
863,1,C1=C(Cl)C=CC3=C1N(C2=CC=CC=C2)C(=O)N3CCCN(C)C,CN(C)CCCn1c(=O)n(-c2ccccc2)c2cc(Cl)ccc21
864,1,C1=C(C(=CC=C1C3(CCN(CCCC(C2=CC=C(F)C=C2)=O)CC3)O)Cl)C(F)(F)F,O=C(CCCN1CCC(O)(c2ccc(Cl)c(C(F)(F)F)c2)CC1)c1ccc(F)cc1
865,1,C1=CC=CC4=C1C(N(CCCN3CCN(C2=CC(=CC=C2)Cl)CC3)C(N4)=O)=O,O=c1[nH]c2ccccc2c(=O)n1CCCN1CCN(c2cccc(Cl)c2)CC1
866,1,[C@H]24[C@H]1[C@@]([C@](C(CO)=O)(O)CC1)(C[C@@H]([C@@H]2[C@@]3(C(=CC(=O)C=C3)C(=C4)Cl)C)O)C,C[C@]12C=CC(=O)C=C1C(Cl)=C[C@@H]1[C@@H]2[C@@H](O)C[C@@]2(C)[C@H]1CC[C@]2(O)C(=O)CO
867,1,C(C(Cl)(Cl)Cl)OC(OCC(Cl)(Cl)Cl)=O,O=C(OCC(Cl)(Cl)Cl)OCC(Cl)(Cl)Cl
868,1,C1=C(C(=CC(=C1)Cl)Cl)OCCCN(CC#C)C,C#CCN(C)CCCOc1ccc(Cl)cc1Cl
869,1,C3=C(C(C2CCN(CCCC(C1=CC=C(F)C=C1)=O)CC2)=O)C=CC(=C3)Cl,O=C(CCCN1CCC(C(=O)c2ccc(Cl)cc2)CC1)c1ccc(F)cc1
870,1,C1=C(Cl)C=CC4=C1C(N2CCN(C)CC2)CC3=C(C=CC=C3)S4,CN1CCN(C2Cc3ccccc3Sc3ccc(Cl)cc32)CC1
871,1,C1=C(CC)SC2=C1C(=NCC(N2C)=O)C3=CC=CC=C3Cl,CCc1cc2c(s1)N(C)C(=O)CN=C2c1ccccc1Cl
872,1,[C@]34([C@H](C2[C@@](F)([C@@]1(C(=CC(=O)C=C1)[C@@H](F)C2)C)[C@@H](O)C3)C[C@H]([C@]4(OC(=O)CC)C(SCCl)=O)C)C,CCC(=O)O[C@]1(C(=O)SCCl)[C@H](C)C[C@H]2C3C[C@H](F)C4=CC(=O)C=C[C@]4(C)[C@@]3(F)[C@@H](O)C[C@@]21C
873,1,CNC(=O)CCN1CCN(CCC=C2c3ccccc3Sc3ccc(cc23)Cl)CC1,CNC(=O)CCN1CCN(CCC=C2c3ccccc3Sc3ccc(Cl)cc32)CC1
874,1,C1=C(O)C=CC4=C1C3(C(C(N(CC2CCC2)CC3)C4)(C)C)CC,CCC12CCN(CC3CCC3)C(Cc3ccc(O)cc31)C2(C)C
875,1,CC1CC2C3CC(F)(F)C4=CC(=O)C=C[C@]4(C)C3(F)C(O)CC2(C)C1(O)C(=O)CO,CC1CC2C3CC(F)(F)C4=CC(=O)C=C[C@]4(C)C3(F)C(O)CC2(C)C1(O)C(=O)CO
876,1,[C@]34([C@H]([C@H]2[C@@H]([C@@]1(C(=CC(=O)CC1)CC2)C)C(C3)=O)CC[C@@]4(C(COC(C)=O)=O)O)C,CC(=O)OCC(=O)[C@@]1(O)CC[C@H]2[C@@H]3CCC4=CC(=O)CC[C@]4(C)[C@H]3C(=O)C[C@@]21C
877,1,[C@H]26[C@H]1[C@@]([C@](C(COC(C)=O)=O)(O)[C@@H](C1)C)(C[C@@H]([C@@H]2[C@@]3(C(=CC4=C(C3)C=N[N]4C5=CC=CC=C5)C(=C6)C)C)O)C,CC(=O)OCC(=O)[C@@]1(O)[C@H](C)C[C@H]2[C@@H]3C=C(C)C4=Cc5c(cnn5-c5ccccc5)C[C@]4(C)[C@H]3[C@@H](O)C[C@@]21C
878,1,C1=CC=NC=C1C2N(C(=O)CC2)C,CN1C(=O)CCC1c1cccnc1
879,1,CC2(CC(OC(C1NC(=O)CC1)=O)CC(C2)C)C,CC1CC(OC(=O)C2CCC(=O)N2)CC(C)(C)C1
880,1,C(C(N(C(\C=C\C)=O)CC)C(N(C)C)=O)C,C/C=C/C(=O)N(CC)C(CC)C(=O)N(C)C
881,1,C1=CC=CC=C1NC(OCC3(COC(NC2=CC=CC=C2)=O)CCCC3)=O,O=C(Nc1ccccc1)OCC1(COC(=O)Nc2ccccc2)CCCC1
882,1,C1=CC=CC2=C1C3=C([NH]2)CCC(C3)N(C)C,CN(C)C1CCc2[nH]c3ccccc3c2C1
883,1,C1=CC=CC2=C1C(C3=C(C=C2)C=CC=C3)=CCCN(C)C,CN(C)CCC=C1c2ccccc2C=Cc2ccccc21
884,1,[C@]23(C1(C(C1)CC2)[C@H](O)C[C@@H]4[C@@H]3CC[C@]5([C@H]4CC[C@@H]5C(=O)C)C)C,CC(=O)[C@H]1CC[C@H]2[C@@H]3C[C@@H](O)C45CC4CC[C@]5(C)[C@H]3CC[C@]12C
885,1,C1=NC(=NC(=C1CN(C(/C)=C2\CCOC(=O)S2)C=O)N)C,C/C(=C1/CCOC(=O)S1)N(C=O)Cc1cnc(C)nc1N
886,1,C1=CC=CC3=C1C(C2=C(C=CC=C2)CC3)C(N)=O,NC(=O)C1c2ccccc2CCc2ccccc21
887,1,C4=C(C(C2C(C1=CC=NC=C1)C2)(C3=CC=CC=C3)O)C=CC=C4,OC(c1ccccc1)(c1ccccc1)C1CC1c1ccncc1
888,1,C1=CC(=CC=C1C23C(C(=O)NC2=O)C3)Cl,O=C1NC(=O)C2(c3ccc(Cl)cc3)CC12
889,1,C1=CC=CC3=C1N(C2=C(C=CC=C2)S3)C(CN(C)C)=O,CN(C)CC(=O)N1c2ccccc2Sc2ccccc21
890,1,C1=CC(=CC=C1C(C2=NCCN2)(C3=NC=CC=C3)O)Cl,OC(C1=NCCN1)(c1ccc(Cl)cc1)c1ccccn1
891,1,C1=C(C(=CC=C1C)CC2=CC=CC=C2)N3CCNCC3,Cc1ccc(Cc2ccccc2)c(N2CCNCC2)c1
892,1,C3=C(C1=C2C(=NC(=O)CN1O)C=CC(=C2)Cl)C=CC=C3,O=C1CN(O)C(c2ccccc2)=c2cc(Cl)ccc2=N1
893,1,C1=NC2=C([N]1CC(C)=O)C(N(CCCC)C(N2CCCC)=O)=O,CCCCn1c(=O)c2c(ncn2CC(C)=O)n(CCCC)c1=O
894,1,CC(=O)C3(O)CCC4C2CCC1=CC(=O)C=CC1(C)C2C(O)CC34C,CC(=O)C1(O)CCC2C3CCC4=CC(=O)C=CC4(C)C3C(O)CC21C
895,1,[C@H]34[C@H]2[C@@](F)([C@@]1(C(=CC(=O)C=C1)CC2)C)[C@@H](O)C[C@@]3([C@](O)([C@H](O)C4)C(=O)C)C,CC(=O)[C@@]1(O)[C@H](O)C[C@H]2[C@@H]3CCC4=CC(=O)C=C[C@]4(C)[C@@]3(F)[C@@H](O)C[C@@]21C
896,1,[C@H]23[C@@]([C@@]1(C(=CC(=O)C=C1)CC2)C)([C@H](C[C@]4([C@H]3C[C@@H](C)[C@@H]4C(CO)=O)C)O)F,C[C@@H]1C[C@H]2[C@@H]3CCC4=CC(=O)C=C[C@]4(C)[C@@]3(F)[C@@H](O)C[C@]2(C)[C@H]1C(=O)CO
897,1,C2=C(CC1=CN=C[NH]1)C(=C(C=C2)C)C,Cc1cccc(Cc2cnc[nH]2)c1C
898,1,[C@]4([C@@]3([C@H]([C@H]2[C@]([C@@]1(C(=CC(=O)C=C1)CC2)C)(F)[C@H](C3)O)C[C@H]4C)C)(OC(C5=CC=CO5)=O)C(COC(C)=O)=O,CC(=O)OCC(=O)[C@@]1(OC(=O)c2ccco2)[C@H](C)C[C@H]2[C@@H]3CCC4=CC(=O)C=C[C@]4(C)[C@@]3(F)[C@@H](O)C[C@@]21C
899,1,[C@@H]3(C1=CC=CC=C1)CN2CCSC2=N3,c1ccc([C@@H]2CN3CCSC3=N2)cc1
900,1,C3=C(C1N2C(=NC1)NCC2)C=CC=C3,c1ccc(C2CN=C3NCCN32)cc1
901,1,[C@@H]1(NCCCC1)[C@@H]2OC(OC2)(C3=CC=CC=C3)C4=CC=CC=C4,c1ccc(C2(c3ccccc3)OC[C@H]([C@@H]3CCCCN3)O2)cc1
902,1,[C@@]23(Cl)C(C1C([C@](O)(CC1)C(=O)CO)(CC2Cl)C)CCC4=CC(=O)C=CC34C,CC12C=CC(=O)C=C1CCC1C3CC[C@](O)(C(=O)CO)C3(C)CC(Cl)[C@@]12Cl
903,1,[C@@]23(Cl)C(C1C([C@](O)(CC1)C(=O)COC(=O)C)(CC2Cl)C)CCC4=CC(=O)C=CC34C,CC(=O)OCC(=O)[C@@]1(O)CCC2C3CCC4=CC(=O)C=CC4(C)[C@@]3(Cl)C(Cl)CC21C
904,1,[C@]23([C@@H]1[C@@H](C(=CO[C@H]1OC(=O)CC(C)C)COC(=O)CC(C)C)C[C@@H]2OC(=O)C)OC3,CC(=O)O[C@H]1C[C@@H]2C(COC(=O)CC(C)C)=CO[C@@H](OC(=O)CC(C)C)[C@@H]2[C@@]12CO2
905,1,C2=C(C1(C(N(C(=O)N(C1=O)CC(COCCCC)OC(N)=O)CC(COCCCC)OC(N)=O)=O)CC)C=CC=C2,CCCCOCC(CN1C(=O)N(CC(COCCCC)OC(N)=O)C(=O)C(CC)(c2ccccc2)C1=O)OC(N)=O
906,1,C4=C(C(C1=CC=C(C=C1)F)CCCN3CCN(CCNC2=CC=CC=C2)CC3)C=CC(=C4)F,Fc1ccc(C(CCCN2CCN(CCNc3ccccc3)CC2)c2ccc(F)cc2)cc1
907,1,[C@@]24(F)C1(C(=CC(=O)C=C1)[C@@H](F)CC2C3C(C([C@@H](C3)C)C(=O)CO)(CC4O)C)C,C[C@@H]1CC2C3C[C@H](F)C4=CC(=O)C=CC4(C)[C@@]3(F)C(O)CC2(C)C1C(=O)CO
908,1,C1=CC=CC3=C1N(C2=C(C=CC=C2)S3)CC4(CN(C)CC4)C,CN1CCC(C)(CN2c3ccccc3Sc3ccccc32)C1
909,1,CC1(C(NC(O1)=O)=O)C,CC1(C)OC(=O)NC1=O
910,1,CN(C(C)CC1=CC=CC=C1)C,CC(Cc1ccccc1)N(C)C
911,1,O=C2N1C(NC(=O)C1)CC2,O=C1CN2C(=O)CCC2N1
912,1,C(C1(OC(COC(N)=O)CO1)C)CCCCCCCC,CCCCCCCCCC1(C)OCC(COC(N)=O)O1
913,1,C2=C(C(C1=CC=CC=C1)(CC(NNC(C)=O)=O)O)C=CC=C2,CC(=O)NNC(=O)CC(O)(c1ccccc1)c1ccccc1
914,1,[C@]235[C@@]67[C@H](N(CC1CC1)CC2)CC4=C3C(=C(C=C4)O)O[C@H]5[C@](OC)([C@H](C6)C(C)(C)O)CC7,CO[C@]12CC[C@@]3(C[C@@H]1C(C)(C)O)[C@H]1Cc4ccc(O)c5c4[C@@]3(CCN1CC1CC1)[C@H]2O5
915,1,C1=C(N=C2[N]1C(=C(CC)C(=N2)OC)C)C(C3=CC=CC=C3)=O,CCc1c(OC)nc2nc(C(=O)c3ccccc3)cn2c1C
916,1,C1=CC=CC2=C1C3(C4=C(CC2N3)C=CC=C4)C,CC12NC(Cc3ccccc31)c1ccccc12
917,1,[H+].C1=C(OC)C(=CC2=C1C(=O)C(C2)CC3CCN(CC3)CC4=CC=CC=C4)OC.[Cl-],COc1cc2c(cc1OC)C(=O)C(CC1CCN(Cc3ccccc3)CC1)C2.[Cl-].[H+]
918,1,C4=C(CCNC(C12CC3CC(C1)CC(C2)C3)=O)C=CC(=C4O)O,O=C(NCCc1ccc(O)c(O)c1)C12CC3CC(CC(C3)C1)C2
919,1,C1=CC=CC=C1C2(C(CN(C2=O)CC)CCN3CCOCC3)C4=CC=CC=C4,CCN1CC(CCN2CCOCC2)C(c2ccccc2)(c2ccccc2)C1=O
920,1,[C@@]123C4=C(C[C@H]([C@@]1(CC[C@H](C2)O)O)N(CC3)C)C=CC(=C4OC)OC,COc1ccc2c(c1OC)[C@]13CCN(C)[C@H](C2)[C@]1(O)CC[C@@H](O)C3
921,1,C1=CC=C3C(=C1OC(C2=CC=CS2)CCNC)C=CC=C3,CNCCC(Oc1cccc2ccccc12)c1cccs1
922,1,C1=C(C(F)(F)F)C=CC3=C1N(C2=C(C=CC=C2)S3)CCCN5CCC(C(C4=CC=C(F)C=C4)=O)CC5,O=C(c1ccc(F)cc1)C1CCN(CCCN2c3ccccc3Sc3ccc(C(F)(F)F)cc32)CC1
923,1,C(N1C(CCC1)=O)C(NNC(CN2C(CCC2)=O)=O)=O,O=C(CN1CCCC1=O)NNC(=O)CN1CCCC1=O
924,1,[C@H]2(N(C1=CC=C(C(=C1)Cl)Cl)C(CC)=O)[C@@H](CCC2)N(C)C,CCC(=O)N(c1ccc(Cl)c(Cl)c1)[C@@H]1CCC[C@H]1N(C)C
925,1,C2=C(N1N=C(C)CC1=O)C=CC=C2,CC1=NN(c2ccccc2)C(=O)C1
926,1,C1=CC=CC=C1C(C)[N]2C=CN=C2C,Cc1nccn1C(C)c1ccccc1
927,1,C1=CC(=CC3=C1\C(C2=CC=CC=C2N3)=C/CN(CC)CC)Cl,CCN(CC)C/C=C1/c2ccccc2Nc2cc(Cl)ccc21
928,1,C1=C(Cl)C=CC2=C1C(=NCC(N2CC[S](CC)(=O)=O)=O)C3=CC=CC=C3F,CCS(=O)(=O)CCN1C(=O)CN=C(c2ccccc2F)c2cc(Cl)ccc21
929,1,C1=C(C2=C(C=C1)C=CO2)N5CCN(CC3=CC=C([NH]3)C4=CC=C(C=C4)F)CC5,Fc1ccc(-c2ccc(CN3CCN(c4cccc5ccoc45)CC3)[nH]2)cc1
930,1,C1=C(C2=C(C=C1)OCCO2)N3CCNCC3,c1cc2c(c(N3CCNCC3)c1)OCCO2
931,1,C1=C(C=CC=C1C(CNC(CCCO)=O)(CC)CC)OC,CCC(CC)(CNC(=O)CCCO)c1cccc(OC)c1
932,1,C3=C(N2CCN(CC(COC1=CC(=C(OC)C(=C1)OC)OC)O)CC2)C(=CC=C3)OC,COc1ccccc1N1CCN(CC(O)COc2cc(OC)c(OC)c(OC)c2)CC1
933,1,C1=CC=CC=C1CN(C2CC2)C(OCC)=O,CCOC(=O)N(Cc1ccccc1)C1CC1
934,1,C3=C(C2=CC=C(N1CCC(O)CC1)N=N2)C(=CC(=C3)Cl)Cl,OC1CCN(c2ccc(-c3ccc(Cl)cc3Cl)nn2)CC1
935,1,[C@@H]1([C@@H]([C@H]2C=C[C@@H]1C2)C(N(CC)CC)=O)C(N(CC)CC)=O,CCN(CC)C(=O)[C@H]1[C@H](C(=O)N(CC)CC)[C@H]2C=C[C@@H]1C2
936,1,CC3CC2C1CCC(C(C)=O)C1(C)CC(O)C2C4(C)C=CC(=O)C=C34,CC(=O)C1CCC2C3CC(C)C4=CC(=O)C=CC4(C)C3C(O)CC12C
937,1,C3=C(OC2C1(NC(=O)C(O1)C)CCCC2)C=CC=C3Cl,CC1OC2(CCCCC2Oc2cccc(Cl)c2)NC1=O
938,1,[C@@]12(C3=C(N(C)[C@H]1N(C)CC2)C=CC(=C3)OC(NCCCCCCC)=O)C,CCCCCCCNC(=O)Oc1ccc2c(c1)[C@]1(C)CCN(C)[C@@H]1N2C
939,1,C1=CC=CC3=C1C4=C(C2=C(C=CC=C2)N3C)CCN(CC4)C,CN1CCC2=C(CC1)c1ccccc1N(C)c1ccccc12
940,1,C1=C(C(C)=O)C=CC(=C1C(NCC2N(CCC2)CC)=O)OC,CCN1CCCC1CNC(=O)c1cc(C(C)=O)ccc1OC
941,1,C1=C(Cl)C=CC3=C1C(C2=CC=CC=C2)SC(=N3)NCC,CCNC1=Nc2ccc(Cl)cc2C(c2ccccc2)S1
942,1,C1=CC=CC2=C1C(C3=C(N(C)C2=O)C=CC=C3)OCC,CCOC1c2ccccc2C(=O)N(C)c2ccccc21
943,1,[H+].C2=C1OCC(OC1=C(C=C2)OCC)CNCCCC.[Cl-],CCCCNCC1COc2cccc(OCC)c2O1.[Cl-].[H+]
944,1,C(C)Cl,CCCl
945,1,C(C1(C(C(=CNC1=O)C)=O)CC)C,CCC1(CC)C(=O)NC=C(C)C1=O
946,1,C2=C(C1(CCCCC1)NCC)C=CC=C2,CCNC1(c2ccccc2)CCCCC1
947,1,[H+].C2=C1C(OC(=NC1=CC=C2Cl)NCC)(C3=CC=CC=C3)C.[Cl-],CCNC1=Nc2ccc(Cl)cc2C(C)(c2ccccc2)O1.[Cl-].[H+]
948,1,C(C(N1C(CCC1)=O)C(N)=O)C,CCC(C(N)=O)N1CCCC1=O
949,1,[C@@H]34C1=CC=CC2=C1C(=C[NH]2)C[C@H]3N(C[C@H](C4)N[S](N(CC)CC)(=O)=O)C,CCN(CC)S(=O)(=O)N[C@H]1C[C@@H]2c3cccc4[nH]cc(c34)C[C@H]2N(C)C1
950,1,C3=C(C(N1CCN(CC1)CCOCCOCCO)C2=CC=CC=C2)C=CC(=C3)Cl.O=C(O)\C=C\C(O)=O,O=C(O)/C=C/C(=O)O.OCCOCCOCCN1CCN(C(c2ccccc2)c2ccc(Cl)cc2)CC1
951,1,C1=C(C=CC=C1N3CCN(CCCN2C(N(C(=N2)CC)CC)=O)CC3)Cl,CCc1nn(CCCN2CCN(c3cccc(Cl)c3)CC2)c(=O)n1CC
952,1,C2=CC(=C3OC5C14C6(C(N(CC1)C)CC2=C34)CC(C5(OC)C=C6)C(O)(CCC)C)O,CCCC(C)(O)C1CC23C=CC1(OC)C1Oc4c(O)ccc5c4C12CCN(C)C3C5
953,1,C3=C(C2(OC(C1CCCCN1)CO2)CC)C=CC=C3,CCC1(c2ccccc2)OCC(C2CCCCN2)O1
954,1,C1=NC2=C([N]1CCC(COC(C)=O)COC(C)=O)N=C(N)N=C2,CC(=O)OCC(CCn1cnc2cnc(N)nc21)COC(C)=O
955,1,C1=CC=CC2=C1C3=C(C(=O)N2CCCN(C)C)C=CC=C3,CN(C)CCCn1c(=O)c2ccccc2c2ccccc21
956,1,C1=C(N=C2[N]1C(=C(CC)C(=N2)OC)C)C3=NOC(=N3)C,CCc1c(OC)nc2nc(-c3noc(C)n3)cn2c1C
957,1,C2=C(C1(C(N(CC(COCCCC)OC(N)=O)C(=O)NC1=O)=O)CC)C=CC=C2,CCCCOCC(CN1C(=O)NC(=O)C(CC)(c2ccccc2)C1=O)OC(N)=O
958,1,C3=C(C2C(COC1=CC=C(OC)C=C1)CN(C)CC2)C=CC=C3,COc1ccc(OCC2CN(C)CCC2c2ccccc2)cc1
959,1,C1=CC(=CC=C1C(CCCN3CCN(C(OC2CCCCC2)=O)CC3)=O)F,O=C(CCCN1CCN(C(=O)OC2CCCCC2)CC1)c1ccc(F)cc1
960,1,C3=C(C1C(N(CCO1)CCOC(C(C2=CC=CC=C2)CC)=O)C)C=CC=C3,CCC(C(=O)OCCN1CCOC(c2ccccc2)C1C)c1ccccc1
961,1,C3=C(C1C(NCC)C2CC1CC2)C=CC=C3,CCNC1C2CCC(C2)C1c1ccccc1
962,1,C2=C(\C(NCCCC)=C\1C=C(Cl)C=CC1=O)C(=CC=C2)Cl,CCCCN/C(=C1/C=C(Cl)C=CC1=O)c1ccccc1Cl
963,1,C4=C3[NH]C1=C(CCNC1CC2=CC=CC=C2)C3=CC=C4,c1ccc(CC2NCCc3c2[nH]c2ccccc32)cc1
964,1,C1=CC=CC=C1C2C(NC(=O)CO2)C,CC1NC(=O)COC1c1ccccc1
965,1,C1=C(C=CC=C1NC(NC2=NC(=O)CN2C)=O)Cl,CN1CC(=O)N=C1NC(=O)Nc1cccc(Cl)c1
966,1,C1=CC=CC=C1C2C(N=C(O2)NCC)=O,CCNC1=NC(=O)C(c2ccccc2)O1
967,1,C1=C4C(=CC(=C1)CN3CCN(C(COC2=CC=C(Cl)C=C2)=O)CC3)OCO4,O=C(COc1ccc(Cl)cc1)N1CCN(Cc2ccc3c(c2)OCO3)CC1
968,1,C1=C(C(CNC(C)(C)C)O)C(=CC=C1)F,CC(C)(C)NCC(O)c1ccccc1F
969,1,[C@@H](C1=CC=C(C=C1)[S](C)(=O)=O)([C@H](NC(C(Cl)Cl)=O)CF)O,CS(=O)(=O)c1ccc([C@@H](O)[C@@H](CF)NC(=O)C(Cl)Cl)cc1
970,1,C1=C(C(F)(F)F)C=CC3=C1N(C2=C(C=CC=C2)S3)C(CCN(CC)CC)=O,CCN(CC)CCC(=O)N1c2ccccc2Sc2ccc(C(F)(F)F)cc21
971,1,[C@@]34(F)C(C2C(C1(N=C(OC1C2)C)C(=O)COC(=O)C)(CC3O)C)CCC5=CC(=O)C=CC45C,CC(=O)OCC(=O)C12N=C(C)OC1CC1C3CCC4=CC(=O)C=CC4(C)[C@@]3(F)C(O)CC12C
972,1,C1=C(C(=CC=C1[S](N)(=O)=O)OC)C(NCC3N(CC2=CC=C(F)C=C2)CCC3)=O,COc1ccc(S(N)(=O)=O)cc1C(=O)NCC1CCCN1Cc1ccc(F)cc1
973,1,[C@H]23[C@@]([C@@]1(C(=CC(=O)CC1)CC2)C)([C@H](C[C@]4([C@H]3CC[C@@]4(C(CO)=O)O)C)O)F,C[C@]12CCC(=O)C=C1CC[C@H]1[C@@H]3CC[C@](O)(C(=O)CO)[C@@]3(C)C[C@H](O)[C@@]12F
974,1,[C@H]23[C@@]([C@@]1(C(=CC(=O)CC1)CC2)C)([C@H](C[C@]4([C@H]3CC[C@@]4(C(COC(C)=O)=O)O)C)O)F,CC(=O)OCC(=O)[C@@]1(O)CC[C@H]2[C@@H]3CCC4=CC(=O)CC[C@]4(C)[C@@]3(F)[C@@H](O)C[C@@]21C
975,1,C1=C(F)C=CC2=C1NC(=C3C(=N2)SC(=C3)C)N4CCN(CC4)C,Cc1cc2c(s1)=Nc1ccc(F)cc1NC=2N1CCN(C)CC1
976,1,[C@]12(OC(O[C@@H]1CC3C2(CC(O)[C@@]4(F)C3C[C@H](F)C5=CC(=O)C=CC45C)C)(C)C)C(=O)C(OC)OC,COC(OC)C(=O)[C@@]12OC(C)(C)O[C@@H]1CC1C3C[C@H](F)C4=CC(=O)C=CC4(C)[C@@]3(F)C(O)CC12C
977,1,[C@@]45([C@@]3([C@H]([C@H]2[C@]([C@@]1(C(=CC(=O)C=C1)[C@H](C2)F)C)(F)[C@H](C3)O)C[C@H]4OC(O5)(C)C)C)C(COC(C)=O)=O,CC(=O)OCC(=O)[C@@]12OC(C)(C)O[C@@H]1C[C@H]1[C@@H]3C[C@H](F)C4=CC(=O)C=C[C@]4(C)[C@@]3(F)[C@@H](O)C[C@@]12C
978,1,CCCCOC(=O)C(=O)C3C(C)CC4C2CC(F)C1=CC(=O)C=CC1(C)C2C(O)CC34C,CCCCOC(=O)C(=O)C1C(C)CC2C3CC(F)C4=CC(=O)C=CC4(C)C3C(O)CC21C
979,1,CCCCCC(=O)OCC(=O)C3C(C)CC4C2CC(F)C1=CC(=O)C=CC1(C)C2C(O)CC34C,CCCCCC(=O)OCC(=O)C1C(C)CC2C3CC(F)C4=CC(=O)C=CC4(C)C3C(O)CC21C
980,1,[C@@H]1(C3=C([C@H](C2=C1C=CC=C2)C)C=CC(=C3)C(F)(F)F)CCCN(C)C,C[C@H]1c2ccccc2[C@@H](CCCN(C)C)c2cc(C(F)(F)F)ccc21
981,1,C2=C(C(OC1=CC=C(C=C1)C(F)(F)F)CCNC)C=CC=C2,CNCCC(Oc1ccc(C(F)(F)F)cc1)c1ccccc1
982,1,C1=C(C(F)(F)F)C=CC3=C1N(C2=C(C=CC=C2)S3)CCCN4CCN(CCOC(CCCCCC)=O)CC4,CCCCCCC(=O)OCCN1CCN(CCCN2c3ccccc3Sc3ccc(C(F)(F)F)cc32)CC1
983,1,C1=CC=CC3=C1N(CCCN2CCC(OCCO)CC2)C4=C(S3)C=CC(=C4)C(F)(F)F,OCCOC1CCN(CCCN2c3ccccc3Sc3ccc(C(F)(F)F)cc32)CC1
984,1,CN2C(=O)C(O)N=C(c1ccccc1F)c3cc(Cl)ccc23,CN1C(=O)C(O)N=C(c2ccccc2F)c2cc(Cl)ccc21
985,1,CC4CC3C2CC(F)C1=CC(=O)C=CC1(C)C2(F)C(O)CC3(C)C4(O)C(=O)SCF,CC1CC2C3CC(F)C4=CC(=O)C=CC4(C)C3(F)C(O)CC2(C)C1(O)C(=O)SCF
986,1,[C@]4([C@@]3([C@H]([C@H]2[C@]([C@@]1(C(=CC(=O)C=C1)[C@H](C2)F)C)(F)[C@H](C3)O)C[C@H]4C)C)(OC(CC)=O)C(SCF)=O,CCC(=O)O[C@]1(C(=O)SCF)[C@H](C)C[C@H]2[C@@H]3C[C@H](F)C4=CC(=O)C=C[C@]4(C)[C@@]3(F)[C@@H](O)C[C@@]21C
987,1,C1=C(C(F)(F)F)C=CC3=C1N(C2=C(SC=C2)S3)CCCN4CCN(CCO)CC4,OCCN1CCN(CCCN2c3cc(C(F)(F)F)ccc3Sc3sccc32)CC1
988,1,C1=C(C(OCC)=O)[N](C=N1)C(C)C2=CC=C(C=C2)F,CCOC(=O)c1cncn1C(C)c1ccc(F)cc1
989,1,C1=CC(=CC2=C1[N](C4=C2CN(CCCC(C3=CC=C(C=C3)F)O)CC4)C5=CC=C(F)C=C5)F,OC(CCCN1CCc2c(c3cc(F)ccc3n2-c2ccc(F)cc2)C1)c1ccc(F)cc1
990,1,[C@@H](O)(/C=C/C1=C(C2=C([N]1C(C)C)C=CC=C2)C3=CC=C(F)C=C3)C[C@H](O)CC(=O)O,CC(C)n1c(/C=C/[C@@H](O)C[C@H](O)CC(=O)O)c(-c2ccc(F)cc2)c2ccccc21
991,1,C1=C(C(F)(F)F)C=CC(=C1)C(=N/OCCN)/CCCCOC.O=C(O)\C=C/C(=O)O,COCCCC/C(=N\OCCN)c1ccc(C(F)(F)F)cc1.O=C(O)/C=C\C(=O)O
992,1,C2=C(OC1CN(C(NC)=O)C1)C=CC=C2C(F)(F)F,CNC(=O)N1CC(Oc2cccc(C(F)(F)F)c2)C1
993,1,[C@H](NC(C3=CC=C(NCC1=NC2=C(N=C1)NC(=NC2=O)N)C=C3)=O)(CCC(O)=O)C(O)=O,Nc1nc(=O)c2nc(CNc3ccc(C(=O)N[C@@H](CCC(=O)O)C(=O)O)cc3)cnc2[nH]1
994,1,[C@]12(OC(O[C@@H]1CC3C2(CC(O)[C@@]4(F)C3CC(=C5C4(CCC(=C5)OCCCl)C)C=O)C)(C)C)C(=O)COC(=O)C,CC(=O)OCC(=O)[C@@]12OC(C)(C)O[C@@H]1CC1C3CC(C=O)=C4C=C(OCCCl)CCC4(C)[C@@]3(F)C(O)CC12C
995,1,C1=CC=CC=C1[P](C2=CC=CC=C2)(CC(NN)=O)=O,NNC(=O)CP(=O)(c1ccccc1)c1ccccc1
996,1,[C@@H]1([P](O)(O)=O)[C@H](C)O1,C[C@@H]1O[C@@H]1P(=O)(O)O
997,1,C1=CC=CC=C1C3(C2=CC=CC=C2)C(N(CO[P](O)(O)=O)C(N3)=O)=O,O=C1NC(c2ccccc2)(c2ccccc2)C(=O)N1COP(=O)(O)O
998,1,C1=C(C(F)(F)F)C=CC3=C1N(C2=C(C=CC=C2)S3)C(CCN4CCN(C)CC4)=O,CN1CCN(CCC(=O)N2c3ccccc3Sc3ccc(C(F)(F)F)cc32)CC1
999,1,C1=C(Cl)C=CC3=C1N(C2=C(C=CC=C2)S3)CCCN5CCC(C4C(OCC4)=O)(O)CC5,O=C1OCCC1C1(O)CCN(CCCN2c3ccccc3Sc3ccc(Cl)cc32)CC1
1000,1,C1=NC(=NC(=C1CN(C(=C(SSCC2CCCO2)\CCO)/C)C=O)N)C,C/C(=C(/CCO)SSCC1CCCO1)N(C=O)Cc1cnc(C)nc1N
1001,1,O=C2C1=C(CNCC1)ON2,O=c1[nH]oc2c1CCNC2
1002,1,[C@H]13[C@@H]([C@@]2([C@@H](CC1)C[C@](O)(CC2)C)C)CC[C@]4([C@H]3CC[C@@H]4C(=O)C)C,CC(=O)[C@H]1CC[C@H]2[C@@H]3CC[C@H]4C[C@](C)(O)CC[C@]4(C)[C@H]3CC[C@]12C
1003,1,C1=NC(=C(C2=C1[NH]C3=C2C(=CC=C3)OC4=CC=C(C=C4)Cl)COC)C(OC(C)C)=O,COCc1c(C(=O)OC(C)C)ncc2[nH]c3cccc(Oc4ccc(Cl)cc4)c3c12
1004,1,C1=C(O)C=CC4=C1C3(C(C(N(CC2CC2)CC3)C4)(C)C)CC,CCC12CCN(CC3CC3)C(Cc3ccc(O)cc31)C2(C)C
1005,1,[H+].C1=CC=NC(=N1)N2CCN(CC2)CCCCN3C(=O)CC(CC3=O)(C)C.[Cl-],CC1(C)CC(=O)N(CCCCN2CCN(c3ncccn3)CC2)C(=O)C1.[Cl-].[H+]
1006,1,C1=C(F)C=CC2=C1C3=C([NH]2)CCN(C3)CCCC4=CN=CC=C4,Fc1ccc2[nH]c3c(c2c1)CN(CCCc1cccnc1)CC3
1007,1,C1=C(OC)C(=CC2=C1C(=NN=C(C2)C)C3=CC=CC(=C3)Cl)OC,COc1cc2c(cc1OC)C(c1cccc(Cl)c1)=NN=C(C)C2
1008,1,[C@@]45([C@@]3([C@H]([C@H]2[C@]([C@@]1(C(=CC(=O)CC1)CC2)C)(F)[C@H](C3)O)C[C@H]4OC(O5)(C)C)C)C(CCl)=O,CC1(C)O[C@@H]2C[C@H]3[C@@H]4CCC5=CC(=O)CC[C@]5(C)[C@@]4(F)[C@@H](O)C[C@]3(C)[C@]2(C(=O)CCl)O1
1009,1,[C@H]23C(Cl)([C@@]1(C(=CC(=O)C=C1)[C@@H](F)C2)C)[C@@H](F)C[C@]4([C@H]3C[C@H]([C@@H]4C(=O)CO)C)C,C[C@@H]1C[C@H]2[C@@H]3C[C@H](F)C4=CC(=O)C=C[C@]4(C)C3(Cl)[C@@H](F)C[C@]2(C)[C@H]1C(=O)CO
1010,1,C1=CC(=CC4=C1N(C3CCN(CCNC(C2=CC=C(F)C=C2)=O)CC3)C(N4)=O)Cl,O=C(NCCN1CCC(n2c(=O)[nH]c3cc(Cl)ccc32)CC1)c1ccc(F)cc1
1011,1,[C@]34([C@H]([C@H]2C([C@@]1(C(=CC(C(=C1)Br)=O)[C@@H](C2)F)C)([C@H](C3)O)F)CCC4(C(=O)CO)O)C,C[C@]12C=C(Br)C(=O)C=C1[C@H](F)C[C@H]1[C@@H]3CCC(O)(C(=O)CO)[C@@]3(C)C[C@H](O)C12F
1012,1,C1=C(Br)C=CC3=C1C2(N(CCO2)CC(=O)N3)C4=C(C=CC=C4)F,O=C1CN2CCOC2(c2ccccc2F)c2cc(Br)ccc2N1
1013,1,C2=C(C(C1=CC=CC=C1)(C(CCCCC)N)O)C=CC=C2,CCCCCC(N)C(O)(c1ccccc1)c1ccccc1
1014,1,C3=C2N(C1=CC=CC=C1C=CC2=CC=C3)CCCN4C=CN(CC=C4)CCO,OCCN1C=CN(CCCN2c3ccccc3C=Cc3ccccc32)C=CC1
1015,1,C1=CC(=C5C2=C1CC6C34C2(C(C(OC)(C(C3)C(CC)(C)O)C=C4)O5)CCN6CC7CC7)OC,CCC(C)(O)C1CC23C=CC1(OC)C1Oc4c(OC)ccc5c4C12CCN(CC1CC1)C3C5
1016,1,[C@H](C(NCCCC(O)=O)=O)(C(CO)(C)C)O,CC(C)(CO)[C@@H](O)C(=O)NCCCC(=O)O
1017,1,[C@]34([C@H]([C@H]2[C@@H]([C@@]1(C(=CC(=O)CC1)CC2)C)[C@H](C3)O)CC[C@@]4(C(COC(CN(CC)CC)=O)=O)O)C,CCN(CC)CC(=O)OCC(=O)[C@@]1(O)CC[C@H]2[C@@H]3CCC4=CC(=O)CC[C@]4(C)[C@H]3[C@@H](O)C[C@@]21C
1018,1,[C@]34([C@H]([C@H]2[C@@H]([C@@]1(C(=CC(=O)CC1)CC2)C)[C@@H](O)C3)CC[C@]4(O)C(=O)COC(=O)CCC(O)=O)C.O,C[C@]12CCC(=O)C=C1CC[C@@H]1[C@@H]2[C@@H](O)C[C@@]2(C)[C@H]1CC[C@]2(O)C(=O)COC(=O)CCC(=O)O.O
1019,1,[C@@]4(OC(=O)CCCC)(C3(C(C2C(C1(C(=CC(=O)CC1)CC2)C)C(O)C3)CC4)C)C(=O)CO,CCCCC(=O)O[C@]1(C(=O)CO)CCC2C3CCC4=CC(=O)CCC4(C)C3C(O)CC21C
1020,1,CC14CCC(=O)C=C1CCC5C3CCC(O)(C(=O)COC(=O)CCC2CCCC2)C3(C)CC(O)C45,CC12CCC(=O)C=C1CCC1C2C(O)CC2(C)C1CCC2(O)C(=O)COC(=O)CCC1CCCC1
1021,1,C1=C(O)C=CC2=C1C(=C(C)[N]2CC3=CC=C(OC)C=C3)CCN,COc1ccc(Cn2c(C)c(CCN)c3cc(O)ccc32)cc1
1022,1,C(C(C(C)C)(C(N)=O)Br)C,CCC(Br)(C(N)=O)C(C)C
1023,1,C1=C(Cl)C=CC2=C1C(=NCC(N2CCOCC3CC3)=O)C4=CC=CC=C4,O=C1CN=C(c2ccccc2)c2cc(Cl)ccc2N1CCOCC1CC1
1024,1,[C@@H]2(OC1=C(C(=CC=C1)C)C)[C@@H](CNCC2)O,Cc1cccc(O[C@H]2CCNC[C@H]2O)c1C
1025,1,C1=CC(=CC2=C1C(=NO2)C4CCN(CCCOC3=C(C=C(C(C)=O)C=C3)OC)CC4)F,COc1cc(C(C)=O)ccc1OCCCN1CCC(c2noc3cc(F)ccc23)CC1
1026,1,C1=C(Cl)C=CC3=C1N(C2=C(C=CC=C2)S3)CCCN5CCN(CCN4C(N(C)CC4)=O)CC5,CN1CCN(CCN2CCN(CCCN3c4ccccc4Sc4ccc(Cl)cc43)CC2)C1=O
1027,1,C2=C(N1C(N(CCN(C)C)CC1)=O)C=CC=C2Cl,CN(C)CCN1CCN(c2cccc(Cl)c2)C1=O
1028,1,[C@@H]2(C1=CC=CC=C1[C@H](NC)C2)C3=CC=C(Cl)C(=C3)Cl.[H+].[Cl-],CN[C@@H]1C[C@@H](c2ccc(Cl)c(Cl)c2)c2ccccc21.[Cl-].[H+]
1029,1,C2=C(C1=C(C=CC1)C=C2)OCC3CNCCO3,C1=Cc2cccc(OCC3CNCCO3)c2C1
1030,1,C1=CC(=CC2=C1[N](C(=C2CC(O)=O)C)C(C3=CC=C(Cl)C=C3)=O)OC,COc1ccc2c(c1)c(CC(=O)O)c(C)n2C(=O)c1ccc(Cl)cc1
1031,1,C1=CC=CC3=C1C(C2=CC=CC=C2)(C=C3)CCN(C)C,CN(C)CCC1(c2ccccc2)C=Cc2ccccc21
1032,1,C1=CC(=CC=C1OCC(NNC(C)C)=O)Cl,CC(C)NNC(=O)COc1ccc(Cl)cc1
1033,1,CSC1=C(N=C(N=C1N2CCN(C)CC2)NC(C)C)Cl,CSc1c(Cl)nc(NC(C)C)nc1N1CCN(C)CC1
1034,1,C1=C(C)ON=C1C(NNCC2=CC=CC=C2)=O,Cc1cc(C(=O)NNCc2ccccc2)no1
1035,1,C(C(C1(CCC2C4C(C(CC12C)O)(F)C3(C=CC(C=C3CC4)=O)C)O)=O)O,CC12C=CC(=O)C=C1CCC1C3CCC(O)(C(=O)CO)C3(C)CC(O)C12F
1036,1,[C@H]23[C@@]([C@@]1(C(=CC(=O)C=C1)CC2)C)([C@H](C[C@]4([C@H]3CC[C@@]4(C(COC(C)=O)=O)O)C)O)F,CC(=O)OCC(=O)[C@@]1(O)CC[C@H]2[C@@H]3CCC4=CC(=O)C=C[C@]4(C)[C@@]3(F)[C@@H](O)C[C@@]21C
1037,1,[C@]34([C@H]([C@H]2C(F)([C@@]1(C(=CC(=O)C=C1)[C@@H](F)C2)C)[C@@H](O)C3)C[C@H]5O[C@H](O[C@@]45C(O[C@@H](OC(OCC)=O)C)=O)CCC)C,CCC[C@@H]1O[C@@H]2C[C@H]3[C@@H]4C[C@H](F)C5=CC(=O)C=C[C@]5(C)C4(F)[C@@H](O)C[C@]3(C)[C@]2(C(=O)O[C@H](C)OC(=O)OCC)O1
1038,1,C1=C(Cl)C=CC2=C1C3(N(CC(=O)N2C)C(C=C(O3)C)=O)C4=CC=CC=C4,CC1=CC(=O)N2CC(=O)N(C)c3ccc(Cl)cc3C2(c2ccccc2)O1
1039,1,C1=C(C=CC=C1C2(CCN(C)CC2)C(CC)=O)O,CCC(=O)C1(c2cccc(O)c2)CCN(C)CC1
1040,1,C1=CC=NC(=N1)N3CCN(CCCC[N]2C=C(Cl)C=N2)CC3,Clc1cnn(CCCCN2CCN(c3ncccn3)CC2)c1
1041,1,C5=C(C(CN1C2C4C(CC1)(C3=C(C2)C=CC(=C3)O)CCCC4)=O)C=CC=C5,O=C(CN1CCC23CCCCC2C1Cc1ccc(O)cc13)c1ccccc1
1042,1,C1=CC=CC2=C1C(C(N2C3=CC=CC=C3)=O)(CC4=CC=NC=C4)CC5=CC=NC=C5,O=C1N(c2ccccc2)c2ccccc2C1(Cc1ccncc1)Cc1ccncc1
1043,1,[C@@H]14C(=C[C@H](NC(N(CC)CC)=O)CN1C)C2=CC=CC3=C2C(=C[NH]3)C4,CCN(CC)C(=O)N[C@H]1C=C2c3cccc4[nH]cc(c34)C[C@H]2N(C)C1
1044,1,C1=C(Cl)C=CC3=C1N(C2=CC=CC=C2)C(CCN3)=O,O=C1CCNc2ccc(Cl)cc2N1c1ccccc1
1045,1,[C@]3(N(C1=CC=CC=C1)C(=O)CC)(C(=O)OC)[C@H](CN(CCC2=CC=CC=C2)CC3)C,CCC(=O)N(c1ccccc1)[C@]1(C(=O)OC)CCN(CCc2ccccc2)C[C@@H]1C
1046,1,[H+].C1=CC=CC2=C1N(C3=C(CC2)C=CC=C3)CCCN(CC(=O)C4=CC=C(Cl)C=C4)C.[Cl-],CN(CCCN1c2ccccc2CCc2ccccc21)CC(=O)c1ccc(Cl)cc1.[Cl-].[H+]
1047,1,C1=C(C2=C(C(=C1)OC)CCCC2N(C)C)Cl,COc1ccc(Cl)c2c1CCCC2N(C)C
1048,1,C3=C(C1=NC(C(=O)NC2=C1N=C(Cl)C=C2)O)C(=CC=C3)Cl,O=C1Nc2ccc(Cl)nc2C(c2ccccc2Cl)=NC1O
1049,1,C1=CC(=CC4=C1N2C(=NC(/C2=O)=C\N3CCN(C)CC3)CN=C4C5=C(C=CC=C5)Cl)[N+](=O)[O-],CN1CCN(/C=C2\N=C3CN=C(c4ccccc4Cl)c4cc([N+](=O)[O-])ccc4N3C2=O)CC1
1050,1,C1=CC(=CC2=C1C(C3=C(CC2)C=CC=N3)=C4CCN(C(OCC)=O)CC4)Cl,CCOC(=O)N1CCC(=C2c3ccc(Cl)cc3CCc3cccnc32)CC1
1051,1,[C@H]23C1=NN=C([N]1C[C@H]2CCC3)CCN4CCN(CC4)C5=CC=CC(=C5)C(F)(F)F,FC(F)(F)c1cccc(N2CCN(CCc3nnc4n3C[C@H]3CCC[C@@H]43)CC2)c1
1052,1,[C@@]123OC4=C(C(C1CN(CC2)C)CC(=O)N3)C=C(Cl)C=C4,CN1CC[C@]23NC(=O)CC(c4cc(Cl)ccc4O2)C3C1
1053,1,C2=C(C(C1C(=CC(O1)=O)OC)O)C(=CC=C2)Cl,COC1=CC(=O)OC1C(O)c1ccccc1Cl
1054,1,CCOC(=O)OC3(CCC4C2CCC1=CC(=O)C=CC1(C)C2C(O)CC34C)C(=O)OCCl,CCOC(=O)OC1(C(=O)OCCl)CCC2C3CCC4=CC(=O)C=CC4(C)C3C(O)CC21C
1055,1,C1=C(Cl)C=CC2=C1C(=NC3=C(O2)C=CC=C3)N4CCN(CC4)C,CN1CCN(C2=Nc3ccccc3Oc3ccc(Cl)cc32)CC1
1056,1,C1=CC(=CC2=C1C(=NCC(N2C)CNC(C3=COC=C3)=O)C4=CC=CC=C4)F,CN1c2cc(F)ccc2C(c2ccccc2)=NCC1CNC(=O)c1ccoc1
1057,1,C1=CC=CC2=C1C(N3C2=NCC3)(C4=CC=C(C=C4)Cl)O,OC1(c2ccc(Cl)cc2)c2ccccc2C2=NCCN21
1058,1,[C@]34([C@H]([C@H]2[C@@H]([C@@]1(C(=CC(=O)C=C1)CC2)C)[C@H](C3)O)CC[C@@]4(C(CN5CCN(C)CC5)=O)O)C,CN1CCN(CC(=O)[C@@]2(O)CC[C@H]3[C@@H]4CCC5=CC(=O)C=C[C@]5(C)[C@H]4[C@@H](O)C[C@@]32C)CC1
1059,1,C1=CC=CC=C1C(NN)C,CC(NN)c1ccccc1
1060,1,[C@H]2(N=C(C1=C(C=CC(=C1)[N+](=O)[O-])NC2=O)C3=CC=CC=C3Cl)C,C[C@@H]1N=C(c2ccccc2Cl)c2cc([N+](=O)[O-])ccc2NC1=O
1061,1,CNC(NC(C(Cl)(Cl)Cl)O)=O,CNC(=O)NC(O)C(Cl)(Cl)Cl
1062,1,[C@@]23(Cl)C(C1C([C@](O)([C@@H](C1)C)C(=O)CO)(CC2Cl)C)CCC4=CC(=O)C=CC34C,C[C@@H]1CC2C3CCC4=CC(=O)C=CC4(C)[C@@]3(Cl)C(Cl)CC2(C)[C@@]1(O)C(=O)CO
1063,1,[C@@H]23[C@H]([C@H]1[C@]([C@@H](C(C)=O)CC1)(C)C[C@@H]2O)C[C@H](C)C4=CC(=O)CC[C@]34C,CC(=O)[C@H]1CC[C@H]2[C@@H]3C[C@H](C)C4=CC(=O)CC[C@]4(C)[C@H]3[C@@H](O)C[C@]12C
1064,1,[H+].C1=C(OCC(=O)NCCN(CC)CC)C=CC(=C1)OC.[Cl-],CCN(CC)CCNC(=O)COc1ccc(OC)cc1.[Cl-].[H+]
1065,1,C1=CC=CC3=C1C(C2=C(C=CC=C2)C3(C)C)=CCCN(C)C,CN(C)CCC=C1c2ccccc2C(C)(C)c2ccccc21
1066,1,C1=CC(=CC=C1C(CCCN2CCC(C)CC2)=O)F,CC1CCN(CCCC(=O)c2ccc(F)cc2)CC1
1067,1,CC12CC3(CC(C1)(CC(C2)C3)N)C,CC12CC3CC(C)(C1)CC(N)(C3)C2
1068,1,C1=C(C(=CC=C1)OC)OCC2CNC(O2)=O,COc1ccccc1OCC1CNC(=O)O1
1069,1,C1=C(OC)C=CC3=C1C(C2=C(C=CC=C2)S3)(CCCN(C)C)O,COc1ccc2c(c1)C(O)(CCCN(C)C)c1ccccc1S2
1070,1,C1=CC=CC2=C1SC5=C(N2CC3C4CCN(C3)CC4)C=CC=C5,c1ccc2c(c1)Sc1ccccc1N2CC1CN2CCC1CC2
1071,1,[C@@H]34C1=CC=CC2=C1C(=C[N]2C)C[C@H]3N(C[C@H](C4)N[S](N(C)C)(=O)=O)C,CN1C[C@@H](NS(=O)(=O)N(C)C)C[C@@H]2c3cccc4c3c(cn4C)C[C@H]21
1072,1,C1=C(C=CC=C1O)NC(C)=O,CC(=O)Nc1cccc(O)c1
1073,1,C1=C(C(C(C)(C)O)(C)O)C=CC=C1Cl,CC(C)(O)C(C)(O)c1cccc(Cl)c1
1074,1,C(C1(C(NC(N(C1=O)C)=O)=O)CC)C,CCC1(CC)C(=O)NC(=O)N(C)C1=O
1075,1,C5=C3C1=C(OC4C12C(C(N(CC2)C)C3)CC=C4C)C(=C5)O,CC1=CCC2C3Cc4ccc(O)c5c4C2(CCN3C)C1O5
1076,1,C1=C(C)C=CC3=C1C(=NC2=C(C=CC=C2)S3)N4CCN(C)CC4,Cc1ccc2c(c1)C(N1CCN(C)CC1)=Nc1ccccc1S2
1077,1,C1=C(Cl)C=CC3=C1N(C2=C(C=CC=C2)S3)CCCN5CCN(CCOC(C4=CC(=C(OC)C(=C4)OC)OC)=O)CC5,COc1cc(C(=O)OCCN2CCN(CCCN3c4ccccc4Sc4ccc(Cl)cc43)CC2)cc(OC)c1OC
1078,1,C1=C([S](C)(=O)=O)C=CC3=C1N(C2=C(C=CC=C2)S3)CCCN4CCC(C(N)=O)CC4,CS(=O)(=O)c1ccc2c(c1)N(CCCN1CCC(C(N)=O)CC1)c1ccccc1S2
1079,1,C1=C(OC)C=CC3=C1C(=CC2=C(C=CC=C2)O3)N4CCN(C)CC4,COc1ccc2c(c1)C(N1CCN(C)CC1)=Cc1ccccc1O2
1080,1,C1=C(OC)C=CC2=C1C4=C3[N]2CCN(C3=NCC4)C,COc1ccc2c(c1)c1c3n2CCN(C)C3=NCC1
1081,1,C1=C(Cl)C=CC3=C1C2(N(C(C)CO2)CC(=O)N3)C4=CC=CC=C4Cl,CC1COC2(c3ccccc3Cl)c3cc(Cl)ccc3NC(=O)CN12
1082,1,CSC2=C(N1CCN(C)CC1)N=C(NC)N=C2Cl,CNc1nc(Cl)c(SC)c(N2CCN(C)CC2)n1
1083,1,C1=C(C=CC(=C1Cl)COC(C[N]2C=NC=C2)C3=C(C=C(C=C3)Cl)Cl)Cl,Clc1ccc(COC(Cn2ccnc2)c2ccc(Cl)cc2Cl)c(Cl)c1
1084,1,C1(=NC(NC1(C(F)(F)F)C(F)(F)F)(C(F)(F)F)C(F)(F)F)N,NC1=NC(C(F)(F)F)(C(F)(F)F)NC1(C(F)(F)F)C(F)(F)F
1085,1,C(NCC(N)=O)CCCC,CCCCCNCC(N)=O
1086,1,CN1CC(=CCC1)\C=N\OC,CO/N=C/C1=CCCN(C)C1
1087,1,C1=C(C(=NN=C1C2=CC=CC=C2)NCCN3CCOCC3)C,Cc1cc(-c2ccccc2)nnc1NCCN1CCOCC1
1088,1,[C@@H]23[C@H]([C@H]1[C@]([C@@H](C(C)=O)CC1)(C)C[C@H]2N(C)C)CC[C@@H]4[C@@]3(C[C@H](OCC)[C@H](C4)O)C,CCO[C@H]1C[C@@]2(C)[C@@H](CC[C@@H]3[C@@H]2[C@H](N(C)C)C[C@]2(C)[C@@H](C(C)=O)CC[C@@H]32)C[C@@H]1O
1089,1,[C@@H]45N([C@@H](CC(NC(=O)C1=CN(C2=C(C1=O)C=CC=C2)C3CCCCC3)C4)CC5)C,CN1[C@@H]2CC[C@H]1CC(NC(=O)c1cn(C3CCCCC3)c3ccccc3c1=O)C2
1090,1,C2=C(C(C1=CC=CC=C1)[S](CC(N)=O)=O)C=CC=C2,NC(=O)CS(=O)C(c1ccccc1)c1ccccc1
1091,1,[C@H]34[C@H]2[C@@](Cl)([C@@]1(C(=CC(=O)C=C1)CC2)C)[C@@H](O)C[C@@]3([C@](O)([C@@H](C4)C)C(=O)CCl)C,C[C@@H]1C[C@H]2[C@@H]3CCC4=CC(=O)C=C[C@]4(C)[C@@]3(Cl)[C@@H](O)C[C@]2(C)[C@@]1(O)C(=O)CCl
1092,1,C1=CC=CC3=C1N(C2=C(C=CC=C2)C3(C)C)CCCNC,CNCCCN1c2ccccc2C(C)(C)c2ccccc21
1093,1,C3=C(C2(C(N(CN1CCOCC1)C(C2)=O)=O)C)C=CC=C3,CC1(c2ccccc2)CC(=O)N(CN2CCOCC2)C1=O
1094,1,C1=C(Cl)C=CC5=C1N(CCCN4CCC3(N2C(CCCC2)NC3=O)CC4)C6=C(CC5)C=CC=C6,O=C1NC2CCCCN2C12CCN(CCCN1c3ccccc3CCc3ccc(Cl)cc31)CC2
1095,1,C1=C([N+](=O)[O-])C=CC2=C1C(=NCC(N2COC)=O)C3=CC=CC=C3,COCN1C(=O)CN=C(c2ccccc2)c2cc([N+](=O)[O-])ccc21
1096,1,[C@@H]13C=C[C@@H]([C@@]2([C@H]1[C@H](OC2=O)OC(NC)=O)C)C3,CNC(=O)O[C@H]1OC(=O)[C@@]2(C)[C@@H]1[C@H]1C=C[C@@H]2C1
1097,1,C(N1CCOCC1)CNC2=NNC(C=C2C)=C3C=CC(=O)C=C3,CC1=CC(=C2C=CC(=O)C=C2)NN=C1NCCN1CCOCC1
1098,1,[C@@]126C3=C4C[C@H]([C@@H]1C=C[C@@H]([C@@H]2OC3=C(C=C4)OCC5=CC=CC=C5)OC(CCCCCCCCCCCCC)=O)N(CC6)C,CCCCCCCCCCCCCC(=O)O[C@H]1C=C[C@H]2[C@H]3Cc4ccc(OCc5ccccc5)c5c4[C@@]2(CCN3C)[C@H]1O5
1099,1,[C@]14([C@H]([C@H]3[C@](F)([C@@H](O)C1)[C@@]2(C(=CC(=O)C=C2)CC3)C)C[C@@H]6[C@]4(CC5=CC=CC=C5C6)C(=O)CO)C.O,C[C@]12C=CC(=O)C=C1CC[C@H]1[C@@H]3C[C@H]4Cc5ccccc5C[C@@]4(C(=O)CO)[C@@]3(C)C[C@H](O)[C@@]12F.O
1100,1,[C@@]126C3=C4C[C@H]([C@@]1(CCC([C@@H]2OC3=C(C=C4)O)=C)O)N(CC5CC5)CC6,C=C1CC[C@@]2(O)[C@H]3Cc4ccc(O)c5c4[C@@]2(CCN3CC2CC2)[C@H]1O5
1101,1,[C@@]125C3=C4C[C@H]([C@@]1(CCC([C@@H]2OC3=C(C=C4)O)=O)O)N(CC=C(C)C)CC5,CC(C)=CCN1CC[C@]23c4c5ccc(O)c4O[C@H]2C(=O)CC[C@@]3(O)[C@H]1C5
1102,1,C1=C(C=CC2=C1C=CC=C2)CC([NH2+]C)=NC.[Cl-],CN=C(Cc1ccc2ccccc2c1)[NH2+]C.[Cl-]
1103,1,C1=C2C(=CC=C1)CCC(=C2)CC3=NCNC3,C1=C(CC2=NCNC2)CCc2ccccc21
1104,1,C2=C1C(=CC=CC1=CC=C2)OC(\C(=N\O)N)C,CC(Oc1cccc2ccccc12)/C(N)=N/O
1105,1,[H+].C4=C(N3CCN(CCCN1N=C(N(C1=O)CCOC2=CC=CC=C2)CC)CC3)C=CC=C4Cl.[Cl-],CCc1nn(CCCN2CCN(c3cccc(Cl)c3)CC2)c(=O)n1CCOc1ccccc1.[Cl-].[H+]
1106,1,C1=CC=C(C(=C1C)NC(CN2C(CCC2)=O)=O)C,Cc1cccc(C)c1NC(=O)CN1CCCC1=O
1107,1,Fc5ccc4c(CCCN1CCC(CC1)n2c(=O)[nH]c3ccccc23)noc4c5,O=c1[nH]c2ccccc2n1C1CCN(CCCc2noc3cc(F)ccc23)CC1
1108,1,C1=CN=CC=C1C(NNCCC(NCC2=CC=CC=C2)=O)=O,O=C(CCNNC(=O)c1ccncc1)NCc1ccccc1
1109,1,C1=CC(=CC=C1N3CCN(CCC(NC(C2=CC=CN=C2)=O)C)CC3)F,CC(CCN1CCN(c2ccc(F)cc2)CC1)NC(=O)c1cccnc1
1110,1,[C@]125OC(O[C@@]([C@]1(C[C@H](O)[C@H]3[C@H]2CCC4=CC(=O)CC[C@]34C)C)(CC5)C(=O)COC(=O)C6=CC=NC=C6)\C=C/C,C/C=C\C1O[C@]2(C(=O)COC(=O)c3ccncc3)CC[C@@]3(O1)[C@@H]1CCC4=CC(=O)CC[C@]4(C)[C@H]1[C@@H](O)C[C@]23C
1111,1,[C@@]127C3=C4C[C@H]([C@@H]1C=C[C@@H]([C@@H]2OC3=C(C=C4)OC(C5=CN=CC=C5)=O)OC(C6=CN=CC=C6)=O)N(C)CC7,CN1CC[C@]23c4c5ccc(OC(=O)c6cccnc6)c4O[C@H]2[C@@H](OC(=O)c2cccnc2)C=C[C@H]3[C@H]1C5
1112,1,C1=CC=NC=C1C(N2CCOCC2)=O,O=C(c1cccnc1)N1CCOCC1
1113,1,C(C1=CN=CC=C1)(=O)N,NC(=O)c1cccnc1
1114,1,C1=C([N+]([O-])=O)C=CC2=C1C(=NCC(=O)N2C)C3=CC=CC=C3,CN1C(=O)CN=C(c2ccccc2)c2cc([N+](=O)[O-])ccc21
1115,1,C(C(COC(N)=O)(C(CC)C)C)OC(NC(C)C)=O,CCC(C)C(C)(COC(N)=O)COC(=O)NC(C)C
1116,1,C1=CC=CC=C1C(OC2=CC=CC=C2OC)CCNC,CNCCC(Oc1ccccc1OC)c1ccccc1
1117,1,NC(=N)c1ccc(o1)c2ccccc2N(=O)=O,N=C(N)c1ccc(-c2ccccc2[N+](=O)[O-])o1
1118,1,C1=CC(=CC=C1\C(C2=CC=CN=C2)=C\CNC)Br,CNC/C=C(/c1ccc(Br)cc1)c1cccnc1
1119,1,C1=C[NH]C2=C1C(=NC=N2)NCCCCCCCCC,CCCCCCCCCNc1ncnc2[nH]ccc12
1120,1,C(C(F)(F)F)F,FCC(F)(F)F
1121,1,C1=C(O)C=CC3=C1C24C(C(NCC2)C3)CCCC4,Oc1ccc2c(c1)C13CCCCC1C(C2)NCC3
1122,1,C1=CC(=C3C2=C1CC5C4C2(C(O3)C(O)C=C4)CCN5)O,Oc1ccc2c3c1OC1C(O)C=CC4C(C2)NCCC341
1123,1,C1=C(Cl)C=CC2=C1C(=NCC(=O)N2)C3=CCCCC3,O=C1CN=C(C2=CCCCC2)c2cc(Cl)ccc2N1
1124,1,[C@@H]3(C1=C(C=C2C(=C1OC)OCO2)CCN3C)[C@@H]5C4=C(C(=C(OC)C=C4)OC)C(O5)=O,COc1ccc2c(c1OC)C(=O)O[C@@H]2[C@H]1c2c(cc3c(c2OC)OCO3)CCN1C
1125,1,C1=CC=CC2=C1C(C3=C(CC2)C=CC=C3)=NOCCN(C)C,CN(C)CCON=C1c2ccccc2CCc2ccccc21
1126,1,C1=CC(=CC2=C1C(=NO2)C5CCN(CCC3=C(N=C4N(C3=O)C=CC=C4C)C)CC5)F,Cc1nc2c(C)cccn2c(=O)c1CCN1CCC(c2noc3cc(F)ccc23)CC1
1127,1,C(C(NN)C)CCCCC,CCCCCCC(C)NN
1128,1,[C@H]2([C@H](CN(CC(C1=CC=C(F)C=C1)=O)CC2)COC4=CC3=C(OCO3)C=C4)C5=CC=C(F)C=C5,O=C(CN1CC[C@H](c2ccc(F)cc2)[C@@H](COc2ccc3c(c2)OCO3)C1)c1ccc(F)cc1
1129,1,C2=C(C1CN(CCO1)C(C)C)C=CC(=C2)C(F)(F)F,CC(C)N1CCOC(c2ccc(C(F)(F)F)cc2)C1
1130,1,C1=CC=CC3=C1N(C2=C(C=CC=C2)CC3=O)C(N)=O,NC(=O)N1c2ccccc2CC(=O)c2ccccc21
1131,1,C(N1CC(O)CC1=O)C(N)=O,NC(=O)CN1CC(O)CC1=O
1132,1,[C@H]34C1[C@@H](C2(C(C(=O)CC1)C(=O)C=C2)C)C(O)CC3([C@](O)(CC4)C(OC)=O)C,COC(=O)[C@@]1(O)CC[C@H]2C3CCC(=O)C4C(=O)C=CC4(C)[C@H]3C(O)CC21C
1133,1,C1=C(O)C=CC2=C1C(=C[NH]2)CC(C(O)=O)N,NC(Cc1c[nH]c2ccc(O)cc12)C(=O)O
1134,1,CN(C)C(=O)COC2c1ccccc1CCc3ccccc23,CN(C)C(=O)COC1c2ccccc2CCc2ccccc21
1135,1,C4=C3C(N(C1=CC=C2C(=N1)N=C(Cl)C=C2)C(=O)C3=CC=C4)CC(CCC(C)C)=O,CC(C)CCC(=O)CC1c2ccccc2C(=O)N1c1ccc2ccc(Cl)nc2n1
1136,1,C1=NC(=C3[N]1C2=C(C=CC=C2)N(C3=O)C(C)C)C4=NOC(=N4)C5CC5,CC(C)n1c(=O)c2c(-c3noc(C4CC4)n3)ncn2c2ccccc21
1137,1,[C@H]5(CN3CCC(C2=CC1=C(OCO1)C=C2)(CC3)O)CN(C4=CC=C(OC)C=C4)C(O5)=O,COc1ccc(N2C[C@H](CN3CCC(O)(c4ccc5c(c4)OCO5)CC3)OC2=O)cc1
1138,1,C3=C(C(NC1C2CCN(C1)CC2)=O)C(=CC(=C3Cl)N)OCC4CC4,Nc1cc(OCC2CC2)c(C(=O)NC2CN3CCC2CC3)cc1Cl
1139,1,C1=C4C(=CC=C1CN3CCC(NC(NC(C2=CC=CC=C2)=O)=O)CC3)C=CC=C4,O=C(NC(=O)c1ccccc1)NC1CCN(Cc2ccc3ccccc3c2)CC1
1140,1,CC1OC(C)OC(O1)C,CC1OC(C)OC(C)O1
1141,1,C1=CC=CC=C1CN(CC#C)C,C#CCN(C)Cc1ccccc1
1142,1,C1=CC=CC2=C1C(N(C2=O)C3=NC4=C(C=C3)C=CC(=N4)Cl)CC(=O)N6CCC5(OCCO5)CC6,O=C(CC1c2ccccc2C(=O)N1c1ccc2ccc(Cl)nc2n1)N1CCC2(CC1)OCCO2
1143,1,C4=C(C(CCCN1CCC(CC1)(C2=CC=C(C(=C2)C(F)(F)F)Cl)O)C3=CC=C(C=C3)F)C=CC(=C4)F,OC1(c2ccc(Cl)c(C(F)(F)F)c2)CCN(CCCC(c2ccc(F)cc2)c2ccc(F)cc2)CC1
1144,1,CN1CCN(CC1)C3=Nc2ccccc2Sc4nccn34,CN1CCN(C2=Nc3ccccc3Sc3nccn32)CC1
1145,1,[C@@H]45C(N(CCCCN3CCN(C1=NSC2=C1C=CC=C2)CC3)C([C@@H]4CCCC5)=O)=O,O=C1[C@H]2CCCC[C@H]2C(=O)N1CCCCN1CCN(c2nsc3ccccc23)CC1
1146,1,C1=C(Cl)C=CC3=C1N(C2=C(C=CC=C2)S3)CCCN4CCN(CCO)CC4,OCCN1CCN(CCCN2c3ccccc3Sc3ccc(Cl)cc32)CC1
1147,1,C(C(COC(C(Cl)(Cl)Cl)O)(COC(C(Cl)(Cl)Cl)O)COC(C(Cl)(Cl)Cl)O)OC(C(Cl)(Cl)Cl)O,OC(OCC(COC(O)C(Cl)(Cl)Cl)(COC(O)C(Cl)(Cl)Cl)COC(O)C(Cl)(Cl)Cl)C(Cl)(Cl)Cl
1148,1,C1=CC=CC=C1CC(NC(N)=O)=O,NC(=O)NC(=O)Cc1ccccc1
1149,1,C1=C(C=CC2=C1C3(C)C(C)C(C2)N(CC3)CCC4=CC=CC=C4)O,CC1C2Cc3ccc(O)cc3C1(C)CCN2CCc1ccccc1
1150,1,C2=C(C1C(C)NCCO1)C=CC=C2,CC1NCCOC1c1ccccc1
1151,1,C1=CC=CC=C1C2C(N(C)C(C2)=O)=O,CN1C(=O)CC(c2ccccc2)C1=O
1152,1,C1(=CC=CC=C1)OC2=CC=CC=C2C(=O)[O-],O=C([O-])c1ccccc1Oc1ccccc1
1153,1,C1=CC=CC=C1C3(C2=CC=CC=C2)NC(=O)NC3=O,O=C1NC(=O)C(c2ccccc2)(c2ccccc2)N1
1154,1,C1=CC=CC=C1N2C(C(C(NC2=O)=O)(CC)CC)=O,CCC1(CC)C(=O)NC(=O)N(c2ccccc2)C1=O
1155,1,C3=C(C(N2CCN(CC1=CC=CC=C1)CC2)=O)N=CC=C3,O=C(c1ccccn1)N1CCN(Cc2ccccc2)CC1
1156,1,[C@]2(C1=CC(=CC=C1)O)([C@H](CN(C)CC2)C)CCC,CCC[C@]1(c2cccc(O)c2)CCN(C)C[C@@H]1C
1157,1,[C@H]2(C(OC1=CC=C(NC(C)=O)C=C1)=O)NC(=O)CC2,CC(=O)Nc1ccc(OC(=O)[C@@H]2CCC(=O)N2)cc1
1158,1,C1=C(C(C)=O)C=CC3=C1N(C2=C(C=CC=C2)S3)CCCN4CCC(CCO)CC4,CC(=O)c1ccc2c(c1)N(CCCN1CCC(CCO)CC1)c1ccccc1S2
1159,1,C3=C(C(C1=CC=CC=C1)(C(OCCN2CCCCC2)=O)O)C=CC=C3,O=C(OCCN1CCCCC1)C(O)(c1ccccc1)c1ccccc1
1160,1,C2=C(N1CCN(C)CC1)N=NC3=C2N(C4=C(O3)C=CC=C4)C,CN1CCN(c2cc3c(nn2)Oc2ccccc2N3C)CC1
1161,1,C(N1C(CCC1)=O)C(N)=O,NC(=O)CN1CCCC1=O
1162,1,C1=CC=CC(=C1N2C(=NC3=C(C2=O)C=CC=C3)\C=C\C4=NC=CC=C4)C,Cc1ccccc1-n1c(/C=C/c2ccccn2)nc2ccccc2c1=O
1163,1,C1=CC=CC=C1C(C2=CC=CC=C2)(CCN4CCC(N3CCCCC3)(C(N)=O)CC4)C#N,N#CC(CCN1CCC(C(N)=O)(N2CCCCC2)CC1)(c1ccccc1)c1ccccc1
1164,1,C(NC(C(C)(C)C)=O)CCC(O)=O,CC(C)(C)C(=O)NCCCC(=O)O
1165,1,C1=C(Cl)C=CC2=C1C(=NC(C(=O)N2)OC(C(C)(C)C)=O)C3=CC=CC=C3,CC(C)(C)C(=O)OC1N=C(c2ccccc2)c2cc(Cl)ccc2NC1=O
1166,1,[C@@]4([C@@]3([C@H]([C@H]2[C@@H]([C@@]1(C(=CC(=O)C=C1)CC2)C)[C@H](C3)O)CC4)C)(C(COC(CC)=O)=O)OC(OCC)=O,CCOC(=O)O[C@]1(C(=O)COC(=O)CC)CC[C@H]2[C@@H]3CCC4=CC(=O)C=C[C@]4(C)[C@H]3[C@@H](O)C[C@@]21C
1167,1,[C@H]34[C@H]2[C@@H]([C@@]1(C(=CC(=O)C=C1)CC2)C)[C@@H](O)C[C@@]3([C@](C(COC(COC(CCCCCCCCCCCCCCCCC)=O)=O)=O)(O)CC4)C,CCCCCCCCCCCCCCCCCC(=O)OCC(=O)OCC(=O)[C@@]1(O)CC[C@H]2[C@@H]3CCC4=CC(=O)C=C[C@]4(C)[C@H]3[C@@H](O)C[C@@]21C
1168,1,[C@]34([C@H]([C@H]2[C@@H]([C@@]1(C(=CC(=O)C=C1)CC2)C)[C@H](C3)O)CC[C@@]4(C(COC(CC(C)(C)C)=O)=O)O)C,CC(C)(C)CC(=O)OCC(=O)[C@@]1(O)CC[C@H]2[C@@H]3CCC4=CC(=O)C=C[C@]4(C)[C@H]3[C@@H](O)C[C@@]21C
1169,1,C(C(C3(C(CC4C2CCC1=CC(C=CC1(C)C2C(CC34C)O)=O)=C)O)=O)O,C=C1CC2C3CCC4=CC(=O)C=CC4(C)C3C(O)CC2(C)C1(O)C(=O)CO
1170,1,C(C(OC4CC3=CCC2C1C(C(CC1)C(C)=O)(CCC2C3(CC4)C)C)=O)CC(O)=O,CC(=O)C1CCC2C3CC=C4CC(OC(=O)CCC(=O)O)CCC4(C)C3CCC12C
1171,1,[H+].C3=C(C(=C1CCN(C1)CC)C2=CC=CC=C2)C=CC=C3.[Cl-],CCN1CCC(=C(c2ccccc2)c2ccccc2)C1.[Cl-].[H+]
1172,1,C1=CC(=CC=C1C(NC(C)C)=O)CNNC,CNNCc1ccc(C(=O)NC(C)C)cc1
1173,1,C(C(C1CCCCC1)OC(N)=O)C,CCC(OC(N)=O)C1CCCCC1
1174,1,C1=C(Cl)C=CC2=C1C(=NCC(N2CC(CO)O)=O)C3=CC=CC=C3F,O=C1CN=C(c2ccccc2F)c2cc(Cl)ccc2N1CC(O)CO
1175,1,C2=C(\C(NCCCC(=O)N)=C/1C=C(F)C=CC1=O)C=CC(=C2)Cl,NC(=O)CCCN/C(=C1\C=C(F)C=CC1=O)c1ccc(Cl)cc1
1176,1,C1=CC=CC=C1CC(N2CCCC2)CCC,CCCC(Cc1ccccc1)N1CCCC1
1177,1,C(C1OC(C(C)C)(C(C)C)OC1)O,CC(C)C1(C(C)C)OCC(CO)O1
1178,1,[CH2-][CH-]C,[CH2-][CH-]C
1179,1,C1=CC=C(C(=C1C(C)C)O)C(C)C,CC(C)c1cccc(C(C)C)c1O
1180,1,C1=CC(=CC=C1C(CCCN3CCC(N2CCCCC2)(CC3)C(CC)=O)=O)F,CCC(=O)C1(N2CCCCC2)CCN(CCCC(=O)c2ccc(F)cc2)CC1
1181,1,C(C1(C(NC(=O)NC1=O)=O)CC=C)C(C)O,C=CCC1(CC(C)O)C(=O)NC(=O)NC1=O
1182,1,Oc5ccc4CC2C1CCOCC1(CCN2CC3CC3)c4c5,Oc1ccc2c(c1)C13CCN(CC4CC4)C(C2)C1CCOC3
1183,1,C1=NC2=C([N]1CC(C)O)C(N(C)C(N2C)=O)=O,CC(O)Cn1cnc2c1c(=O)n(C)c(=O)n2C
1184,1,C1=CC=C(C2=C1[NH]C=C2CCN(C)C)O[P](O)(O)=O,CN(C)CCc1c[nH]c2cccc(OP(=O)(O)O)c12
1185,1,C2=C(C1=CC=NC=C1)OC3=C2C=CC=C3,c1ccc2oc(-c3ccncc3)cc2c1
1186,1,C1=CC=CC3=C1C(=NC2=CC=CC=C2S3)N4CCN(CCOCCO)CC4,OCCOCCN1CCN(C2=Nc3ccccc3Sc3ccccc32)CC1
1187,1,[C@@]45(C1=C(C=CC(=C1)OC(N3CC2=CC=CC=C2CC3)=O)N([C@H]4N(C)CC5)C)C,CN1CC[C@@]2(C)c3cc(OC(=O)N4CCc5ccccc5C4)ccc3N(C)[C@@H]12
1188,1,C1=CC=C(C2=C1CC3C(C2)CC(N[S](N(CC)CC)(=O)=O)CN3CCC)O,CCCN1CC(NS(=O)(=O)N(CC)CC)CC2Cc3c(O)cccc3CC21
1189,1,C1=CC=CC=C1CC2(C3(C(C)(C)C(C2)CC3)C)OCCN(C)C,CN(C)CCOC1(Cc2ccccc2)CC2CCC1(C)C2(C)C
1190,1,[C@@H]1(C2=C(CC1)C=CC=C2)NCC#C,C#CCN[C@@H]1CCc2ccccc21
1191,1,C1=CC(=CC3=C1N(C2=NC(=O)CO2)CCN=C3C4=CC=CC=C4Cl)Cl,O=C1COC(N2CCN=C(c3ccccc3Cl)c3cc(Cl)ccc32)=N1
1192,1,C1=CC=CC=C1C(CC2=CC=CC=C2)(NC(CN)=O)C,CC(Cc1ccccc1)(NC(=O)CN)c1ccccc1
1193,1,CCC(=O)C1(O)CCC2C3CCC4=CC(=O)CCC4(C)C3C(O)CC21C,CCC(=O)C1(O)CCC2C3CCC4=CC(=O)CCC4(C)C3C(O)CC21C
1194,1,C3(NC(N1C2=C(C(C)(C)C1)C=CC=C2)=O)C[C@@H]4N(C)[C@H](C3)CC4,CN1[C@@H]2CC[C@H]1CC(NC(=O)N1CC(C)(C)c3ccccc31)C2
1195,1,C2=C([N]1C(=NC(=N1)C(N(C)C)=O)CNC(CN)=O)C(=CC(=C2)Cl)C(C3=C(C=CC=C3)Cl)=O,CN(C)C(=O)c1nc(CNC(=O)CN)n(-c2ccc(Cl)cc2C(=O)c2ccccc2Cl)n1
1196,1,CC4CN(CCCn2c1ccccc1c3ccccc23)CC(C)N4,CC1CN(CCCn2c3ccccc3c3ccccc32)CC(C)N1
1197,1,[C@H]12[C@@]([C@](C(CC)=O)(C)[C@@H](C1)C)(C[C@H](O)[C@H]3[C@H]2CCC4=CC(=O)C=C[C@]34C)C,CCC(=O)[C@@]1(C)[C@H](C)C[C@H]2[C@@H]3CCC4=CC(=O)C=C[C@]4(C)[C@H]3[C@@H](O)C[C@@]21C
1198,1,C1=CC=CC=C1C2=NCC(NC3=C2[N](N=C3C)CC)=O,CCn1nc(C)c2c1C(c1ccccc1)=NCC(=O)N2
1199,1,[C@H](C1=CC(=CC=C1)OC(N(CC)C)=O)(N(C)C)C,CCN(C)C(=O)Oc1cccc([C@H](C)N(C)C)c1
1200,1,[C@@H]3(N(C1CCC1)C2CCC2)CC4=C(OC3)C(=CC=C4C(=O)N)F,NC(=O)c1ccc(F)c2c1C[C@@H](N(C1CCC1)C1CCC1)CO2
1201,1,C1=NC2=C([N]1COC(COC(C)C)COC(C)C)N=C(N)N=C2,CC(C)OCC(COC(C)C)OCn1cnc2cnc(N)nc21
1202,1,[C@H]23[C@@]([C@@]1(O[C@@H](O[C@@H]1C2)CCC)C(=O)CO)(C[C@H](O)[C@@]4(F)[C@H]3C[C@H](F)C5=CC(=O)CC[C@]45C)C,CCC[C@@H]1O[C@@H]2C[C@H]3[C@@H]4C[C@H](F)C5=CC(=O)CC[C@]5(C)[C@@]4(F)[C@@H](O)C[C@]3(C)[C@]2(C(=O)CO)O1
1203,1,C3=C(C2C(NC(=O)C1NC(CC1)=O)C2)C=CC=C3,O=C1CCC(C(=O)NC2CC2c2ccccc2)N1
1204,1,[C@@H]25C(=C[C@@H](CN1CC(NC(C1)=O)=O)CN2C)C3=CC=CC4=C3C(=C[NH]4)C5,CN1C[C@H](CN2CC(=O)NC(=O)C2)C=C2c3cccc4[nH]cc(c34)C[C@H]21
1205,1,C1=C(C(=C(C=C1)Br)NC2=NCCN2)F,Fc1cccc(Br)c1NC1=NCCN1
1206,1,C2=C(C1=C(NC(C1)=O)C=C2)CCN(CCC)CCC,CCCN(CCC)CCc1cccc2c1CC(=O)N2
1207,1,C1=CC(=CC=C1C(CCCN3CCC2(C(N(C)C(C2)=O)=O)CC3)=O)F,CN1C(=O)CC2(CCN(CCCC(=O)c3ccc(F)cc3)CC2)C1=O
1208,1,C1=CC=CC(=C1OC(C2=C(C=CC=C2)O)=O)C(O)=O,O=C(Oc1ccccc1C(=O)O)c1ccccc1O
1209,1,C1=CC=CC=C1C2(C(N(CC)C)=O)CCN(CCCCCC)CC2,CCCCCCN1CCC(C(=O)N(C)CC)(c2ccccc2)CC1
1210,1,N#Cc5ccc4Oc1ccccc1C2=C(CCN(CC2)CC3CCCC3)c4c5,N#Cc1ccc2c(c1)C1=C(CCN(CC3CCCC3)CC1)c1ccccc1O2
1211,1,[C@@]125C3=C4C[C@H]([C@@]1(CCC([C@@H]2OC3=C(C=C4)O)=O)O)N(CCOC)CC5,COCCN1CC[C@]23c4c5ccc(O)c4O[C@H]2C(=O)CC[C@@]3(O)[C@H]1C5
1212,1,C2=C(C1=C(C=CC(=C1)Cl)[N]2C3=CC=C(C=C3)F)C5CCN(CCN4C(NCC4)=O)CC5,O=C1NCCN1CCN1CCC(c2cn(-c3ccc(F)cc3)c3ccc(Cl)cc23)CC1
1213,1,C1=CC=CC3=C1C4=C(C2=C(C=CC=C2)C3)CN(C)CC4,CN1CCC2=C(C1)c1ccccc1Cc1ccccc12
1214,1,C1=CC=NC2=C1C(C3=C2N=CC=C3)(CC4=CC=NC=C4)CC5=CN=CC=C5.O,O.c1cncc(CC2(Cc3ccncc3)c3cccnc3-c3ncccc32)c1
1215,1,C1=CC(=CC=C1C2(C(CC(C)C)N(C)C)CCC2)Cl,CC(C)CC(N(C)C)C1(c2ccc(Cl)cc2)CCC1
1216,1,C1=CC=CC(=C1N2CCN(C)CC2)CC3=CC=CC=C3,CN1CCN(c2ccccc2Cc2ccccc2)CC1
1217,1,C1=CC=C(C(=C1C)C(NC2=NOC(=C2)C)=O)C,Cc1cc(NC(=O)c2c(C)cccc2C)no1
1218,1,C1=CC=CC=C1N2C4(C(NC2)=O)CCN(CCCC(C3=CC=C(F)C=C3)=O)CC4,O=C(CCCN1CCC2(CC1)C(=O)NCN2c1ccccc1)c1ccc(F)cc1
1219,1,C4=C(N1C3(C(NC1)=O)CCN(CCCOC2=CC=C(C=C2)F)CC3)C=CC=C4,O=C1NCN(c2ccccc2)C12CCN(CCCOc1ccc(F)cc1)CC2
1220,1,C1=CC=CC=C1N2C4(C(NC2)=O)CCN(CC\C=C(C3=CC=C(F)C=C3)\C)CC4,C/C(=C/CCN1CCC2(CC1)C(=O)NCN2c1ccccc1)c1ccc(F)cc1
1221,1,C1=CC=CC2=C1C4(C3=C(OC2)C=CC=C3)OC(CN(C)C)CO4,CN(C)CC1COC2(O1)c1ccccc1COc1ccccc12
1222,1,C(C1=NC2=C([N]1C)C(N(C)C(N2C)=O)=O)CCN3CCN(C(N(CC)CC)=O)CC3,CCN(CC)C(=O)N1CCN(CCCc2nc3c(c(=O)n(C)c(=O)n3C)n2C)CC1
1223,1,C3=C(N2C(C(C1=CC=CC=C1)CC2=O)=O)C(=CC(=C3)[S](N)(=O)=O)Cl,NS(=O)(=O)c1ccc(N2C(=O)CC(c3ccccc3)C2=O)c(Cl)c1
1224,1,C1=CC(=CC=C1[S](NC2=NOC(=C2)C)(=O)=O)N,Cc1cc(NS(=O)(=O)c2ccc(N)cc2)no1
1225,1,C([S](C(C)(C)[S](=O)(=O)CC)(=O)=O)C,CCS(=O)(=O)C(C)(C)S(=O)(=O)CC
1226,1,C1=C(C(=CC=C1[S](N)(=O)=O)OC)C(NCC2N(CCC2)C)=O,COc1ccc(S(N)(=O)=O)cc1C(=O)NCC1CCCN1C
1227,1,C1=CC(=CC=C1N2[S](CCCC2)(=O)=O)[S](N)(=O)=O,NS(=O)(=O)c1ccc(N2CCCCS2(=O)=O)cc1
1228,1,C1=C([S](CC)(=O)=O)C=CC(=C1C(NCC2N(CCC2)CC)=O)OC,CCN1CCCC1CNC(=O)c1cc(S(=O)(=O)CC)ccc1OC
1229,1,O=C1CCC(=O)N1CC1CCC2CN(CCN2C1)c1ncccn1,O=C1CCC(=O)N1CC1CCC2CN(c3ncccn3)CCN2C1
1230,1,C4=C(N2C(C1=C(SCCS1)C2=O)OC(N3CCN(C(CC)=O)CC3)=O)N=C5C(=C4)C=CC(=N5)Cl,CCC(=O)N1CCN(C(=O)OC2C3=C(SCCS3)C(=O)N2c2ccc3ccc(Cl)nc3n2)CC1
1231,1,C4=C(N2C(C1=C(SCCS1)C2=O)OC(N3CCN(C)CC3)=O)N=C5C(=C4)C=CC(=N5)Cl,CN1CCN(C(=O)OC2C3=C(SCCS3)C(=O)N2c2ccc3ccc(Cl)nc3n2)CC1
1232,1,C1=C(C=CC=C1C2=NN(C)C(N2C)=S)F,Cn1nc(-c2cccc(F)c2)n(C)c1=S
1233,1,C1=CC=CC3=C1C(C2=CC=CC=C2)(OC3(C)C)CCCNC,CNCCCC1(c2ccccc2)OC(C)(C)c2ccccc21
1234,1,C1=CC=CC3=C1C(C2=CC=CC=C2)(SC3(C)C)CCCNC,CNCCCC1(c2ccccc2)SC(C)(C)c2ccccc21
1235,1,C1=CC=CC2=C1C(N(CC[S](NC(C)C)(=O)=O)C2=O)=O,CC(C)NS(=O)(=O)CCN1C(=O)c2ccccc2C1=O
1236,1,CNC2CCC(c1ccccc1)c3ccccc23,CNC1CCC(c2ccccc2)c2ccccc21
1237,1,C1=C(C(=C(O)C(=N1)C)CNCC)CSC,CCNCc1c(CSC)cnc(C)c1O
1238,1,CN(C)CCCN2c1ccccc1C(=Nc3cccnc23)c4ccccc4,CN(C)CCCN1c2ccccc2C(c2ccccc2)=Nc2cccnc21
1239,1,[C@H]13[C@H]([C@H]2C[C@@H]1CC2)C(=O)N(C3=O)CCCCN4CCN(CC4)C5=NC=CC=N5.C(C(O)(C(=O)O)CC(=O)O)C(=O)O,O=C(O)CC(O)(CC(=O)O)C(=O)O.O=C1[C@@H]2[C@H]3CC[C@H](C3)[C@@H]2C(=O)N1CCCCN1CCN(c2ncccn2)CC1
1240,1,C2=C(C1=NOC(=N1)C)N=C3[N]2C4=C(C(=N3)OC)CCCC4,COc1nc2nc(-c3noc(C)n3)cn2c2c1CCCC2
1241,1,C(SC1=NSN=C1C2=CCCN(C2)C)CCCCC,CCCCCCSc1nsnc1C1=CCCN(C)C1
1242,1,[C@@H]2(C3=C([C@H](C1=CC=C(C=C1)F)C2)C=CC(=C3)C(F)(F)F)N4CCN(CCO)CC4,OCCN1CCN([C@@H]2C[C@@H](c3ccc(F)cc3)c3ccc(C(F)(F)F)cc32)CC1
1243,1,C1=C(C(F)(F)F)C=CC3=C1C(C2=C(C=C(F)C=C2)S3)CCCN4CCN(CCO)CC4,OCCN1CCN(CCCC2c3ccc(F)cc3Sc3ccc(C(F)(F)F)cc32)CC1
1244,1,C2=C(C1C(NCCN1)=O)SC=C2,O=C1NCCNC1c1cccs1
1245,1,[C@@H]34C1=CC=CC2=C1C(=C[NH]2)C[C@H]3N(C[C@H](C4)NC(N(CC)CC)=O)C,CCN(CC)C(=O)N[C@H]1C[C@@H]2c3cccc4[nH]cc(c34)C[C@H]2N(C)C1
1246,1,C(C1(C(CCC)CC)C(NC(=O)NC1=O)=O)C,CCCC(CC)C1(CC)C(=O)NC(=O)NC1=O
1247,1,C1=C(OC)C(=CC3=C1C2N(CC(CC(C)C)C(C2)=O)CC3)OC,COc1cc2c(cc1OC)C1CC(=O)C(CC(C)C)CN1CC2
1248,1,C1=CC=CC2=C1CC3(CC2)NC(=O)NC3=O,O=C1NC(=O)C2(CCc3ccccc3C2)N1
1249,1,C1=CC=CC3=C1C(N(C2C(NC(=O)CC2)=O)C3=O)=O,O=C1CCC(N2C(=O)c3ccccc3C2=O)C(=O)N1
1250,1,C1=CC(=C4C2=C1CC5C3C2(C(C(=CC3)OC(C)=O)O4)CCN5C)OC,COc1ccc2c3c1OC1C(OC(C)=O)=CCC4C(C2)N(C)CCC314
1251,1,C(C2(C1CCCC=C1)C(NC(=S)NC2=O)=O)C=C,C=CCC1(C2C=CCCC2)C(=O)NC(=S)NC1=O
1252,1,C(C1(C(NC(=S)NC1=O)=O)C(CCC)C)C=C,C=CCC1(C(C)CCC)C(=O)NC(=S)NC1=O
1253,1,C1=CC=CC2=C1N(C(CC(S2)C3=CC=CC=C3)=O)CCN(C)C,CN(C)CCN1C(=O)CC(c2ccccc2)Sc2ccccc21
1254,1,C1=C(Cl)C=CC3=C1N(C2=C(C=CC=C2)S3)CCCN4CCN(CCOC(C)=O)CC4,CC(=O)OCCN1CCN(CCCN2c3ccccc3Sc3ccc(Cl)cc32)CC1
1255,1,C1=CC=CC=C1C2OC(=NC2=O)N(C)C,CN(C)C1=NC(=O)C(c2ccccc2)O1
1256,1,[C@@H]3(CN(CCC=C(C1=C(C=CS1)C)C2=C(C=CS2)C)CCC3)C(O)=O,Cc1ccsc1C(=CCCN1CCC[C@@H](C(=O)O)C1)c1sccc1C
1257,1,C1=CC(=CC2=C1C(C3=C(N(C)[S]2(=O)=O)C=CC=C3)NCCCCCCC(O)=O)Cl,CN1c2ccccc2C(NCCCCCCC(=O)O)c2ccc(Cl)cc2S1(=O)=O
1258,1,C1=C4C(=C2C(=C1)SC=C2C)C3=C(CCN(C3)C)[NH]4,Cc1csc2ccc3[nH]c4c(c3c12)CN(C)CC4
1259,1,C2=C(OCC1OC(NCC1)=S)C=CC=C2,S=C1NCCC(COc2ccccc2)O1
1260,1,[H+].C2=C(C1(C(N(C)C)C=CCC1)C(OCC)=O)C=CC=C2.[Cl-],CCOC(=O)C1(c2ccccc2)CCC=CC1N(C)C.[Cl-].[H+]
1261,1,C1=C(F)C=CC2=C1N4C(CN=C2C3=CC=CS3)CN(C)CC4,CN1CCN2c3cc(F)ccc3C(c3cccs3)=NCC2C1
1262,1,C1=CC=CC4=C1N(C3CCN(CCCC(C2=CC=C(F)C=C2)=O)CC3)C(N4)=S,O=C(CCCN1CCC(n2c(=S)[nH]c3ccccc32)CC1)c1ccc(F)cc1
1263,1,C2=C(N1C(SCC1)=N)C(=CC(=C2)Cl)N,N=C1SCCN1c1ccc(Cl)cc1N
1264,1,[C@H]12[C@@](C(OC(=O)C)([C@H](C1)C)C(SC)=O)(C[C@H](O)C3(F)[C@H]2CCC4=CC(=O)C=C[C@]34C)C,CSC(=O)C1(OC(C)=O)[C@@H](C)C[C@H]2[C@@H]3CCC4=CC(=O)C=C[C@]4(C)C3(F)[C@@H](O)C[C@@]21C
1265,1,C1=C([N](CC[S](CC)(=O)=O)C(=N1)C)[N+](=O)[O-],CCS(=O)(=O)CCn1c([N+](=O)[O-])cnc1C
1266,1,C5=C2C1=C([NH]C=C1CC4C2=CC(CSC3=NC=CC=C3)CN4C)C=C5,CN1CC(CSc2ccccn2)C=C2c3cccc4[nH]cc(c34)CC21
1267,1,C4=C(N3CCN(CCCCN2C(C1=C(C=CC=C1)NC2=O)=O)CC3)C(=CC=C4)SCCC,CCCSc1ccccc1N1CCN(CCCCn2c(=O)[nH]c3ccccc3c2=O)CC1
1268,1,C2=C1C(=NSC1=CC=C2)N5CCN(CCCCN3C(CC4(CC3=O)CCCC4)=O)CC5,O=C1CC2(CCCC2)CC(=O)N1CCCCN1CCN(c2nsc3ccccc23)CC1
1269,1,[C@]23([C@H]([C@H]1[C@]([C@@](SCC)(SC)CC1)(C)C[C@@H]2O)CCC4=CC(=O)C=C[C@]34C)F,CCS[C@]1(SC)CC[C@H]2[C@@H]3CCC4=CC(=O)C=C[C@]4(C)[C@@]3(F)[C@@H](O)C[C@@]21C
1270,1,C1=C(OC)C(=CC2=C1[S](OC(C2)C(NC(CC(N(C)C)(C)C)C)=O)(=O)=O)OC,COc1cc2c(cc1OC)S(=O)(=O)OC(C(=O)NC(C)CC(C)(C)N(C)C)C2
1271,1,C1=CC=CC=C1CC(C)NCCC3C2=C(C=CC=C2)SC4=C3C=CC=C4,CC(Cc1ccccc1)NCCC1c2ccccc2Sc2ccccc21
1272,1,[C@@H]23[C@H]([C@H]1[C@]([C@](C(CSC(C(C)(C)C)=O)=O)(O)CC1)(C)C[C@@H]2O)CCC4=CC(=O)CC[C@]34C,CC(C)(C)C(=O)SCC(=O)[C@@]1(O)CC[C@H]2[C@@H]3CCC4=CC(=O)CC[C@]4(C)[C@H]3[C@@H](O)C[C@@]21C
1273,1,C2=C(C(C1=CC=CC=C1)OCCNC)C(=CC=C2)C,CNCCOC(c1ccccc1)c1ccccc1C
1274,1,C1=C(OC)C(=CC2=C1C(=NN=C(C2CC)C)C3=CC=C(C(=C3)OC)OC)OC,CCC1C(C)=NN=C(c2ccc(OC)c(OC)c2)c2cc(OC)c(OC)cc21
1275,1,C1=CC=CC(=C1OCC(COC(C(Cl)(Cl)Cl)O)OC(C(Cl)(Cl)Cl)O)C,Cc1ccccc1OCC(COC(O)C(Cl)(Cl)Cl)OC(O)C(Cl)(Cl)Cl
1276,1,C1=C(C=CC=C1N3CCN(CCC2=N[NH]C(=C2)C)CC3)C,Cc1cccc(N2CCN(CCc3cc(C)[nH]n3)CC2)c1
1277,1,C1=C(Cl)C=CC2=C1C(=NCC(N2CC[S](C3=CC=C(C)C=C3)(=O)=O)=O)C4=CC=CC=C4Cl,Cc1ccc(S(=O)(=O)CCN2C(=O)CN=C(c3ccccc3Cl)c3cc(Cl)ccc32)cc1
1278,1,[C@]1([C@]2(C3=C(C[C@@H]1N(CC2)C)C=CC(=C3)O)C)(CCC(=O)CCCCC)C,CCCCCC(=O)CC[C@]1(C)[C@@H]2Cc3ccc(O)cc3[C@@]1(C)CCN2C
1279,1,[C@@]23([C@H]([C@H]1[C@H](OC(O1)(C)C)CO2)OC(O3)(C)C)CO[S](N)(=O)=O,CC1(C)O[C@@H]2[C@@H](CO[C@@]3(COS(N)(=O)=O)OC(C)(C)O[C@@H]23)O1
1280,1,[C@]12(OC(O[C@@H]1CC3C2(C[C@H](Cl)[C@@]4(Cl)C3C[C@H](F)C5=CC(=O)C=CC45C)C)(C)C)C(=O)CF,CC1(C)O[C@@H]2CC3C4C[C@H](F)C5=CC(=O)C=CC5(C)[C@@]4(Cl)[C@@H](Cl)CC3(C)[C@]2(C(=O)CF)O1
1281,1,C1=CC=CC2=C1CC(N(C)C)C(O2)C,CC1Oc2ccccc2CC1N(C)C
1282,1,[C@@]45([C@@]3([C@H]([C@H]2[C@]([C@@]1(C(=CC(=O)C=C1)CC2)C)(F)[C@H](C3)O)C[C@H]4OC(O5)(C)C)C)C(COC(C(CNC(C6=CC=CC=C6)=O)C)=O)=O,CC(CNC(=O)c1ccccc1)C(=O)OCC(=O)[C@@]12OC(C)(C)O[C@@H]1C[C@H]1[C@@H]3CCC4=CC(=O)C=C[C@]4(C)[C@@]3(F)[C@@H](O)C[C@@]12C
1283,1,[C@@]45([C@@]3([C@H]([C@H]2[C@]([C@@]1(C(=CC(=O)C=C1)CC2)C)(F)[C@H](C3)O)C[C@H]4OC(O5)(C)C)C)C(COC(C6=CC7=C(O6)C=CC=C7)=O)=O,CC1(C)O[C@@H]2C[C@H]3[C@@H]4CCC5=CC(=O)C=C[C@]5(C)[C@@]4(F)[C@@H](O)C[C@]3(C)[C@]2(C(=O)COC(=O)c2cc3ccccc3o2)O1
1284,1,BrCC(O)(Br)Br,OC(Br)(Br)CBr
1285,1,C3=C(C2(C1=CC=CC=C1)C(N(C(C(Cl)(Cl)Cl)O)CN2)=O)C=CC=C3,O=C1N(C(O)C(Cl)(Cl)Cl)CNC1(c1ccccc1)c1ccccc1
1286,1,O=[P](O)(OCC(Cl)(Cl)Cl)O,O=P(O)(O)OCC(Cl)(Cl)Cl
1287,1,[C@H]23C([C@@]1(OC(O[C@@H]1C2)(C)C)C(=O)CCl)(C[C@H](Cl)[C@@]4(Cl)C3C[C@H](F)C5=CC(=O)C=CC45C)C,CC1(C)O[C@@H]2C[C@H]3C4C[C@H](F)C5=CC(=O)C=CC5(C)[C@@]4(Cl)[C@@H](Cl)CC3(C)[C@]2(C(=O)CCl)O1
1288,1,C1=C3C(=C(C(=C1)CNC2=CC(=C(C(=C2)OC)OC)OC)C)C(=NC(=N3)N)N,COc1cc(NCc2ccc3nc(N)nc(N)c3c2C)cc(OC)c1OC
1289,1,C3=C2N(CC1=CC=CC=C1)C(=O)\C(NNC2=CC=C3)=C(\N)N=O,N/C(N=O)=C1\NNc2ccccc2N(Cc2ccccc2)C1=O
1290,1,C2=C(C(N1CCCCCCC1)=O)C=C(OC)C(=C2OC)OC,COc1cc(C(=O)N2CCCCCCC2)cc(OC)c1OC
1291,1,N[C@@H](CC1=C[NH]C2=CC=CC=C12)C(=O)O,N[C@@H](Cc1c[nH]c2ccccc12)C(=O)O
1292,1,C1=C(Cl)C=CC2=C1C(=NCC(=N2)NOCC=C)C3=CC=CC=C3Cl,C=CCONC1=Nc2ccc(Cl)cc2C(c2ccccc2Cl)=NC1
1293,1,NC(=O)OCC,CCOC(N)=O
1294,1,[C@@H](N)(C(OCCOC[N]1C2=C(N=C1)C(=O)N=C(N2)N)=O)C(C)C,CC(C)[C@H](N)C(=O)OCCOCn1cnc2c(=O)nc(N)[nH]c21
1295,1,C(C(C(N)=O)(CCC)CCC)CC,CCCC(CCC)(CCC)C(N)=O
1296,1,[C@@H](N)(C(OCC(OC[N]1C2=C(N=C1)C(=O)N=C(N2)N)CO)=O)C(C)C,CC(C)[C@H](N)C(=O)OCC(CO)OCn1cnc2c(=O)nc(N)[nH]c21
1297,1,C(C(C(OCOC(C(C)(C)C)=O)=O)CCC)CC,CCCC(CCC)C(=O)OCOC(=O)C(C)(C)C
1298,1,C1=CC=CC2=C1C(=C3C(=N2)CCCC3O)N,Nc1c2c(nc3ccccc13)CCCC2O
1299,1,C1=C([S](N)(=O)=O)C=C(C(=C1C(NCC2N(CCC2)CC=C)=O)OC)OC,C=CCN1CCCC1CNC(=O)c1cc(S(N)(=O)=O)cc(OC)c1OC
1300,1,C1=CC=CC(=C1OCC2CNCCO2)OCC,CCOc1ccccc1OCC1CNCCO1
1301,1,C(=C)OC=C,C=COC=C
1302,1,[C@]2(OC1=C(C(=C(C(=C1CC2)C)O)C)C)(CCC[C@@H](CCC[C@@H](CCCC(C)C)C)C)C,Cc1c(C)c2c(c(C)c1O)CC[C@@](C)(CCC[C@H](C)CCC[C@H](C)CCCC(C)C)O2
1303,1,C1=C(C(F)(F)F)C=CC=C1C2=CCN(CC2)CCC4=CC3=CC=CC=C3C=C4,FC(F)(F)c1cccc(C2=CCN(CCc3ccc4ccccc4c3)CC2)c1
1304,1,OCCCN4CCN(CCCC2c1ccccc1Sc3ccc(Cl)cc23)CC4,OCCCN1CCN(CCCC2c3ccccc3Sc3ccc(Cl)cc32)CC1
1305,1,C1=C(C(=C(C=C1)C)NC2=NCCCS2)C,Cc1cccc(C)c1NC1=NCCCS1
1306,1,[C@H]14[C@H]([C@@H]2[C@@H]3[C@H]([C@H]1C=C2)C=C3)C(=O)N(C4=O)CCCCN6CCN(C5=NC=CC=N5)CC6,O=C1[C@@H]2[C@@H]3C=C[C@@H]([C@H]4C=C[C@H]43)[C@@H]2C(=O)N1CCCCN1CCN(c2ncccn2)CC1
1307,1,C1=C(C=CC=C1N3C(N(CCN2CC(C)(C)C2)CC3)=O)Cl,CC1(C)CN(CCN2CCN(c3cccc(Cl)c3)C2=O)C1
1308,1,C1=CC=CC2=C1C(=NS2)N5CCN(CCC4=CC3=C(NC(C3)=O)C=C4Cl)CC5,O=C1Cc2cc(CCN3CCN(c4nsc5ccccc45)CC3)c(Cl)cc2N1
1309,1,C1=CC=CC(=C1C2=NCC(N(C3=C2C(=N[N]3C)C)C)=O)F,Cc1nn(C)c2c1C(c1ccccc1F)=NCC(=O)N2C
1310,1,C1=C(Cl)C=CC2=C1C(=NO2)C([N]3C=CN=C3)C,CC(c1noc2ccc(Cl)cc12)n1ccnc1
1311,1,C1=CC(=CN=C1N2C(C3=C(C2=O)N=CC=N3)OC(N4CCN(C)CC4)=O)Cl,CN1CCN(C(=O)OC2c3nccnc3C(=O)N2c2ccc(Cl)cn2)CC1
1312,1,C1=C(Cl)C=CC2=C1C(=CC3=C(S2)C=CC=C3)OCCN(C)C,CN(C)CCOC1=Cc2ccccc2Sc2ccc(Cl)cc21
1313,1,[C@@H]1(CCCO1)[C@@H](CC2=CC=CC=C2)NCC,CCN[C@H](Cc1ccccc1)[C@H]1CCCO1
1314,1,C1=CC2=C(C=C1)SC3=C(N2CC(C)N(C)C)C=C(C=C3)C(=O)C,CC(=O)c1ccc2c(c1)N(CC(C)N(C)C)c1ccccc1S2
1315,1,C1=CC(=CC3=C1[N]2C(=NN=C2CN(C)C)CN=C3C4=CC=CC=C4)Cl,CN(C)Cc1nnc2n1-c1ccc(Cl)cc1C(c1ccccc1)=NC2
1316,1,C(N1C(C(CC(C)C)NC1=S)=O)C=C,C=CCN1C(=O)C(CC(C)C)NC1=S
1317,1,[C@H]24[C@H]1[C@@]([C@](O)([C@@H](C1)C)C(=O)CO)(C[C@H](O)[C@@H]2[C@@]3(C(=CC(=O)C=C3)C[C@H]4Cl)C)C,C[C@@H]1C[C@H]2[C@H]3[C@H]([C@@H](O)C[C@]2(C)[C@@]1(O)C(=O)CO)[C@@]1(C)C=CC(=O)C=C1C[C@H]3Cl
1318,1,C1=C(CC(CC=C)N)C=CC=C1,C=CCC(N)Cc1ccccc1
1319,1,[C@H]34[C@H]2[C@@H]([C@@]1(C(=CC(=O)CC1)CC2)C)CC[C@@]3([C@](O)([C@H](O)C4)C(=O)C)C,CC(=O)[C@@]1(O)[C@H](O)C[C@H]2[C@@H]3CCC4=CC(=O)CC[C@]4(C)[C@H]3CC[C@@]21C
1320,1,C1=CC=CC3=C1N(C2=C(C=CC=C2)S3)CC(CN(C)C)C,CC(CN(C)C)CN1c2ccccc2Sc2ccccc21
1321,1,C1=C(OC)C(=CC2=C1C(=C(C(OCC)=O)[NH]2)CCN4CCN(C3=CC=CC=C3)CC4)OC,CCOC(=O)c1[nH]c2cc(OC)c(OC)cc2c1CCN1CCN(c2ccccc2)CC1
1322,1,C2=C(C1(C(CN(C)CC1)C)OC(CC)=O)C=CC=C2,CCC(=O)OC1(c2ccccc2)CCN(C)CC1C
1323,1,C3=C(C1=C([N]2C(=N1)C=CC(=C2)Cl)CC(N(CCC)CCC)=O)C=CC(=C3)Cl,CCCN(CCC)C(=O)Cc1c(-c2ccc(Cl)cc2)nc2ccc(Cl)cn12
1324,1,[C@@]4([C@@]3([C@H]([C@H]2[C@@H]([C@@]1(C(=CC(=O)CC1)[C@H](C2)C)C)[C@H](C3)O)CC4)C)(C(COC(C)=O)=O)OC(CCC)=O,CCCC(=O)O[C@]1(C(=O)COC(C)=O)CC[C@H]2[C@@H]3C[C@H](C)C4=CC(=O)CC[C@]4(C)[C@H]3[C@@H](O)C[C@@]21C
1325,1,CNCCCC2(C)C(=O)N(c1ccccc1)c3ccccc23,CNCCCC1(C)C(=O)N(c2ccccc2)c2ccccc21
1326,1,[C@@H](O)([C@@H](O)C(=O)O)C(=O)O.[C@@H](N)(CC1=CC=C(N(C)C)C=C1C)C,Cc1cc(N(C)C)ccc1C[C@H](C)N.O=C(O)[C@H](O)[C@@H](O)C(=O)O
1327,1,C1=CC(=CC=C1C2(C(NC(=O)CC2)=O)CC)N,CCC1(c2ccc(N)cc2)CCC(=O)NC1=O
1328,1,C1=CC=CC3=C1N(C2=C(C=CC=C2)S3)CC(CN(C)C)N(C)C,CN(C)CC(CN1c2ccccc2Sc2ccccc21)N(C)C
1329,1,C1=CC(=CC=C1C3(CCN(CCCC(C2=CC=C(F)C=C2)=O)CC3)C(N(C)C)=O)Cl,CN(C)C(=O)C1(c2ccc(Cl)cc2)CCN(CCCC(=O)c2ccc(F)cc2)CC1
1330,1,C1=C(Cl)C=CC2=C1C(=NC3=C(O2)C=CC=C3)N4CCNCC4,Clc1ccc2c(c1)C(N1CCNCC1)=Nc1ccccc1O2
1331,1,C3=C(N2CCN(CCCC(C1=CC=C(F)C=C1)O)CC2)C(=CC=C3)OC,COc1ccccc1N1CCN(CCCC(O)c2ccc(F)cc2)CC1
1332,1,[N]12C(=CC=C1)C4N(C3=C(C2)C=CC=C3)CCN(C4)C.O=C(O)\C=C/C(=O)O,CN1CCN2c3ccccc3Cn3cccc3C2C1.O=C(O)/C=C\C(=O)O
1333,1,C1=C(Cl)C=CC3=C1N(C2=CC=CC=C2)C(CCN3C(OCC)=O)=O,CCOC(=O)N1CCC(=O)N(c2ccccc2)c2cc(Cl)ccc21
1334,1,[C@H](N(C(C(C1=CC=CC=C1)C2=CC=CC=C2)=O)C)(C3=CC=CC=C3)CN4CC[C@@H](C4)O,CN(C(=O)C(c1ccccc1)c1ccccc1)[C@H](CN1CC[C@H](O)C1)c1ccccc1
1335,1,C2=C(OCC1=NN=C(S1)C(C)C)C=CC3=C2OC(=O)C(=C3C)C,Cc1c(C)c2ccc(OCc3nnc(C(C)C)s3)cc2oc1=O
1336,1,C1=CC=CC=C1C(C(OC2CC3N(C)C(C2)CC3)=O)CO,CN1C2CCC1CC(OC(=O)C(CO)c1ccccc1)C2
1337,1,C1=C(C(=NN=C1C2=CC=CC=C2)NCCN3CCOCC3)C#N,N#Cc1cc(-c2ccccc2)nnc1NCCN1CCOCC1
1338,1,[C@@]4([C@@]3([C@H]([C@H]2[C@]([C@@]1(C(=CC(=O)C=C1)CC2)C)(Cl)[C@H](C3)O)C[C@@H]4C)C)(C(COC(CC)=O)=O)OC(CC)=O,CCC(=O)OCC(=O)[C@@]1(OC(=O)CC)[C@@H](C)C[C@H]2[C@@H]3CCC4=CC(=O)C=C[C@]4(C)[C@@]3(Cl)[C@@H](O)C[C@@]21C
1339,1,C3=C(C(N2CCN(CC1=CC=CC=C1)CC2)=O)OC4=C3C=CC=C4,O=C(c1cc2ccccc2o1)N1CCN(Cc2ccccc2)CC1
1340,1,[C@@H]24[C@@](C1=CC=CC=C1OC3=C(C=CC=C23)C)(CCN(C4)C)O,Cc1cccc2c1Oc1ccccc1[C@@]1(O)CCN(C)C[C@@H]21
1341,1,C2=C(C(NNC(C1=CC=CC=C1)=O)C)C=CC=C2,CC(NNC(=O)c1ccccc1)c1ccccc1
1342,1,C1=CC=CC=C1C3(C(N(C(C2=CC=CC=C2)=O)C(=O)NC3=O)=O)CC,CCC1(c2ccccc2)C(=O)NC(=O)N(C(=O)c2ccccc2)C1=O
1343,1,C3=C(C(OC1C2CCN(C1)CC2)=O)C=CC=C3,O=C(OC1CN2CCC1CC2)c1ccccc1
1344,1,C1=CC=C2C(=C1)C3C4=C(C2(CNC)CC3)C=CC=C4,CNCC12CCC(c3ccccc31)c1ccccc12
1345,1,C1=CC(=CC=C1)CC(N(C)CC2=CC=CC=C2)C,CC(Cc1ccccc1)N(C)Cc1ccccc1
1346,1,C2=C(C(CC(N(C)C)C)(C(CC)O)C1=CC=CC=C1)C=CC=C2,CCC(O)C(CC(C)N(C)C)(c1ccccc1)c1ccccc1
1347,1,[C@@]4([C@@]3([C@H]([C@H]2[C@]([C@@]1(C(=CC(=O)C=C1)CC2)C)(F)[C@H](C3)O)C[C@@H]4C)C)(C(COC(C)=O)=O)OC(C(C)C)=O,CC(=O)OCC(=O)[C@@]1(OC(=O)C(C)C)[C@@H](C)C[C@H]2[C@@H]3CCC4=CC(=O)C=C[C@]4(C)[C@@]3(F)[C@@H](O)C[C@@]21C
1348,1,[C@H]34[C@H]2[C@@]([C@@]1(C(=CC(=O)C=C1)CC2)C)([C@@H](O)C[C@@]3([C@](C(COC(C)=O)=O)(O)[C@H](C4)C)C)F,CC(=O)OCC(=O)[C@@]1(O)[C@@H](C)C[C@H]2[C@@H]3CCC4=CC(=O)C=C[C@]4(C)[C@@]3(F)[C@@H](O)C[C@@]21C
1349,1,[C@@]4([C@@]3([C@H]([C@H]2[C@]([C@@]1(C(=CC(=O)C=C1)CC2)C)(F)[C@H](C3)O)C[C@@H]4C)C)(C(COC(CC)=O)=O)OC(CC)=O,CCC(=O)OCC(=O)[C@@]1(OC(=O)CC)[C@@H](C)C[C@H]2[C@@H]3CCC4=CC(=O)C=C[C@]4(C)[C@@]3(F)[C@@H](O)C[C@@]21C
1350,1,[H+].C2=C(CC1=CC=CC=C1)C(=CC=C2)OCCCCNC.[Cl-],CNCCCCOc1ccccc1Cc1ccccc1.[Cl-].[H+]
1351,1,C2=C(C1=C(C=CC=C1)[N]2N(CCN(C)C)C)C3=CC=CC=C3,CN(C)CCN(C)n1cc(-c2ccccc2)c2ccccc21
1352,1,C(C1(C(NC(=O)NC1=O)=O)CC=C)C(=C)Br,C=CCC1(CC(=C)Br)C(=O)NC(=O)NC1=O
1353,1,C2=C(C1CCNCC1)OC3=C2C=C(OC)C=C3Br,COc1cc(Br)c2oc(C3CCNCC3)cc2c1
1354,1,C1=CC(=CC=C1NCCC(N(C)C)=O)Br,CN(C)C(=O)CCNc1ccc(Br)cc1
1355,1,C2=C(C(OCCN(C)C)C1=CC=CC=C1)C=CC(=C2)Br,CN(C)CCOC(c1ccccc1)c1ccc(Br)cc1
1356,1,[C@@]45([C@@]3([C@H]([C@H]2[C@@H]([C@@]1(C(=CC(=O)C=C1)CC2)C)[C@H](C3)O)C[C@H]4OC(O5)CCC)C)C(CO)=O,CCCC1O[C@@H]2C[C@H]3[C@@H]4CCC5=CC(=O)C=C[C@]5(C)[C@H]4[C@@H](O)C[C@]3(C)[C@]2(C(=O)CO)O1
1357,1,C1=CC=CC=C1C3(C2=CC=CC=C2)CCN(C(C)(C)C)CC3,CC(C)(C)N1CCC(c2ccccc2)(c2ccccc2)CC1
1358,1,C2=C(C(C1=CC=CC=C1)OCCN(C)C)C(=CC=C2)C(C)(C)C,CN(C)CCOC(c1ccccc1)c1ccccc1C(C)(C)C
1359,1,C1=NC(=NC=C1)N4CCN(CCCCN2C(CC3(CC2=O)CCCC3)=O)CC4,O=C1CC2(CCCC2)CC(=O)N1CCCCN1CCN(c2ncccn2)CC1
1360,1,C(C1(C(NC(=O)NC1=O)=O)CC=C)C(C)C,C=CCC1(CC(C)C)C(=O)NC(=O)NC1=O
1361,1,C1=CC=CC2=C1OC(CNCCCC)CO2,CCCCNCC1COc2ccccc2O1
1362,1,C1=CC=CC3=C1C(C2=CC=CC=C2CC3)CC(CN(C)C)C,CC(CC1c2ccccc2CCc2ccccc21)CN(C)C
1363,1,C1=CC=CC=C1C(NNC(OCC)=O)C,CCOC(=O)NNC(C)c1ccccc1
1364,1,C(OC(NC(C(Cl)(Cl)Cl)O)=O)C,CCOC(=O)NC(O)C(Cl)(Cl)Cl
1365,1,C1=CC=CC=C1N(C3(CCN(CCC2=CC=CC=C2)CC3)C(OC)=O)C(CC)=O,CCC(=O)N(c1ccccc1)C1(C(=O)OC)CCN(CCc2ccccc2)CC1
1366,1,C1=C(F)C=CC2=C1C3=C([NH]2)CCN(C3)CCC4=CC=NC=C4,Fc1ccc2[nH]c3c(c2c1)CN(CCc1ccncc1)CC3
1367,1,[H+].C1=C(CC(N(C)C)(CO)C)C=CC(=C1Cl)Cl.[Cl-],CN(C)C(C)(CO)Cc1ccc(Cl)c(Cl)c1.[Cl-].[H+]
1368,1,C3=C(C(N1CCN(C)CC1)C2=CC=CC=C2)C=CC(=C3)Cl,CN1CCN(C(c2ccccc2)c2ccc(Cl)cc2)CC1
1369,1,ClC(CCC)O,CCCC(O)Cl
1370,1,[C@H]24[C@H]1[C@@]([C@](C(COC(C)=O)=O)(O)CC1)(CC([C@@H]2[C@@]3(C(=CC(=O)C=C3)[C@H](C4)Cl)C)=O)C,CC(=O)OCC(=O)[C@@]1(O)CC[C@H]2[C@@H]3C[C@H](Cl)C4=CC(=O)C=C[C@]4(C)[C@H]3C(=O)C[C@@]21C
1371,1,[C@@H]36C2=C(C1=CC(=CC=C1[NH]2)Cl)CCN3C[C@H]5C[C@@H](OC(C4=CC(=C(C(=C4)OC)OC)OC)=O)[C@@H]([C@H]([C@H]5C6)C(OC)=O)OC,COC(=O)[C@H]1[C@H]2C[C@@H]3c4[nH]c5ccc(Cl)cc5c4CCN3C[C@H]2C[C@@H](OC(=O)c2cc(OC)c(OC)c(OC)c2)[C@@H]1OC
1372,1,C1=CC(=CC=C1OCC(COC(N)=O)O)Cl,NC(=O)OCC(O)COc1ccc(Cl)cc1
1373,1,C2=C(C(C1=CC=CC=C1)(OCCN(C)C)C)C=CC(=C2)Cl,CN(C)CCOC(C)(c1ccccc1)c1ccc(Cl)cc1
1374,1,C1=C2C(=CC=C1)OC(CCCl)NC2=O,O=C1NC(CCCl)Oc2ccccc21
1375,1,C1=C(C#N)C=CC3=C1N(C2=C(C=CC=C2)CC3)CCCN(C)C,CN(C)CCCN1c2ccccc2CCc2ccc(C#N)cc21
1376,1,C1=CC=CC2=C1C(C3=NCCCN23)(C4=CC=CC(=C4)Cl)O,OC1(c2cccc(Cl)c2)C2=NCCCN2c2ccccc21
1377,1,C4=C2C1=C(CCC3=C(N1CCC2NC)C=CC=C3)C=C4,CNC1CCN2c3ccccc3CCc3cccc1c32
1378,1,CN(C)CCC=C2c1ccccc1COc3ccccc23,CN(C)CCC=C1c2ccccc2COc2ccccc21
1379,1,[C@@H](CN2CCN(C1=CC=CC=CC1=O)CC2)(C3=CC(=C(OC)C=C3)OC)O,COc1ccc([C@H](O)CN2CCN(c3cccccc3=O)CC2)cc1OC
1380,1,C1=CC=CC=C1C(C2=CC=CC=C2)OCCN(C\C=C\C3=CC=CC=C3)C,CN(C/C=C/c1ccccc1)CCOC(c1ccccc1)c1ccccc1
1381,1,C1=C(C(=CC(=C1[N+](=O)[O-])N)OCC)C(NC3CCN(CC2CCC=CC2)CC3)=O,CCOc1cc(N)c([N+](=O)[O-])cc1C(=O)NC1CCN(CC2CC=CCC2)CC1
1382,1,C1=CC=CC=C1C4(C3CCN(C\C=C\C2=CC=CC=C2)CC3)C(NC(=O)CC4)=O,O=C1CCC(c2ccccc2)(C2CCN(C/C=C/c3ccccc3)CC2)C(=O)N1
1383,1,C1=C(C=CC=C1Br)\C=C\C(NCC)=O,CCNC(=O)/C=C/c1cccc(Br)c1
1384,1,C3=C(N2CCN(CCCC(C1=CC=C(F)C=C1)=O)CC2)N=CC4=CC=CC=C34,O=C(CCCN1CCN(c2cc3ccccc3cn2)CC1)c1ccc(F)cc1
1385,1,C1=CC(=CC3=C1C(C2=CC=C(F)C=C2)(OC3)CCCN(C)C)C#N,CN(C)CCCC1(c2ccc(F)cc2)OCc2cc(C#N)ccc21
1386,1,C1=C(Cl)C=CC4=C1C3C2=CC=CC=C2CCN3CC(=O)N4C,CN1C(=O)CN2CCc3ccccc3C2c2cc(Cl)ccc21
1387,1,C1=CC=CC(=C1)C(C(CN(C)C)O)C2=CC=C(C=C2)Cl,CN(C)CC(O)C(c1ccccc1)c1ccc(Cl)cc1
1388,1,[C@]4([C@@]3([C@H]([C@H]2[C@]([C@@]1(C(=CC(=O)C=C1)CC2)C)(F)[C@H](C3)O)C[C@@H]4C)C)(OC(CC)=O)C(CCl)=O,CCC(=O)O[C@]1(C(=O)CCl)[C@@H](C)C[C@H]2[C@@H]3CCC4=CC(=O)C=C[C@]4(C)[C@@]3(F)[C@@H](O)C[C@@]21C
1389,1,C1=CC(=CC=C1OCC(NCCN(CC)CC)=O)Cl,CCN(CC)CCNC(=O)COc1ccc(Cl)cc1
1390,1,C1=C(Cl)C=CC3=C1C(C2=C(C=CC=C2)N3)CCCN(C)C,CN(C)CCCC1c2ccccc2Nc2ccc(Cl)cc21
1391,1,CN1CCC(CC1)=C3c2ccccc2Oc4ccc(Cl)cc34,CN1CCC(=C2c3ccccc3Oc3ccc(Cl)cc32)CC1
1392,1,C1=C(Cl)C=CC2=C1C(=NC3=C(S2)C=CC=C3)N4CCN(CC4)C,CN1CCN(C2=Nc3ccccc3Sc3ccc(Cl)cc32)CC1
1393,1,C1=C(C(=N/OCCN)/CCCCOC)C=CC(=C1)Cl,COCCCC/C(=N\OCCN)c1ccc(Cl)cc1
1394,1,C1=C(Cl)C=CC3=C1C2(OCCN2CC(=O)N3)C4=C(Cl)C=CC=C4,O=C1CN2CCOC2(c2ccccc2Cl)c2cc(Cl)ccc2N1
1395,1,C1=C(Cl)C=NC2=C1SC4=C(N2CCCN3CCN(CCO)CC3)C=CC=C4,OCCN1CCN(CCCN2c3ccccc3Sc3cc(Cl)cnc32)CC1
1396,1,CC4CC3C2CC(F)(F)C1=CC(=O)C=CC1(C)C2(F)C(O)CC3(C)C4(O)C(=O)COC(C)=O,CC(=O)OCC(=O)C1(O)C(C)CC2C3CC(F)(F)C4=CC(=O)C=CC4(C)C3(F)C(O)CC21C
1397,1,C(C(N(C(\C=C\C)=O)CCC)C(N(C)C)=O)C,C/C=C/C(=O)N(CCC)C(CC)C(=O)N(C)C
1398,1,C2=C(C1C(CCC1)N)C=CC=C2,NC1CCCC1c1ccccc1
1399,1,C4=C(C2=C3C(=NC(=NCC1CC1)CN2O)C=CC(=C3)Cl)C=CC=C4,ON1CC(=NCC2CC2)N=c2ccc(Cl)cc2=C1c1ccccc1
1400,1,C1=CC=C3C(=C1OCC2CNCCO2)N(CCC3)C,CN1CCCc2cccc(OCC3CNCCO3)c21
1401,1,C1=CC=CC3=C1N(C2=CC=CC=C2)CC3(CCCNC)C,CNCCCC1(C)CN(c2ccccc2)c2ccccc21
1402,1,C1=CC=CC3=C1SC2=C(C=CC=C2)C=C3CN(C)C,CN(C)CC1=Cc2ccccc2Sc2ccccc21
1403,1,[C@H](CCOC1=CC=CC2=CC=CC=C12)(C3=CC=CC=C3)N(C)C,CN(C)[C@@H](CCOc1cccc2ccccc12)c1ccccc1
1404,1,[C@](OC(=O)CC)([C@@H](CN(C)C)C)(CC1=CC=CC=C1)C2=CC=CC=C2.[H+].[Cl-],CCC(=O)O[C@](Cc1ccccc1)(c1ccccc1)[C@H](C)CN(C)C.[Cl-].[H+]
1405,1,CN2C(Cc1ccccc1N=C2C)c3ccccc3,CC1=Nc2ccccc2CC(c2ccccc2)N1C
1406,1,C1=CC=CC2=C1N(C(=O)N2)CCCN4CCC(C(C3=CC=C(F)C=C3)=O)CC4,O=C(c1ccc(F)cc1)C1CCN(CCCn2c(=O)[nH]c3ccccc32)CC1
1407,1,[C@@]45([C@@]3([C@H]([C@H]2[C@@H]([C@@]1(C(=CC(=O)C=C1)CC2)C)[C@H](C3)O)C[C@H]4OC(=N5)C)C)C(COC(C)=O)=O,CC(=O)OCC(=O)[C@@]12N=C(C)O[C@@H]1C[C@H]1[C@@H]3CCC4=CC(=O)C=C[C@]4(C)[C@H]3[C@@H](O)C[C@@]12C
1408,1,C1=C(Cl)C=CC2=C1C(=NCC(N2)=O)C3=CC=CC=C3Cl,O=C1CN=C(c2ccccc2Cl)c2cc(Cl)ccc2N1
1409,1,C1=CC=CC2=C1C(C3=C(C=C2)C=CC=C3)=NOCCNC,CNCCON=c1c2ccccc2ccc2ccccc12
1410,1,C1=CC(=CC=C1C(C[N]2C=CN=C2)O)CCC3=CC=CC=C3,OC(Cn1ccnc1)c1ccc(CCc2ccccc2)cc1
1411,1,C1=CC(=C3C2=C1CC5C4C2(C(O3)CCC4)CCN5C)O,CN1CCC23c4c5ccc(O)c4OC2CCCC3C1C5
1412,1,[C@H]15C3=C(CCC2=C1C=CC=C2)C=CC=C3[C@H]4C[C@](C(C)C)(O)CCN4C5,CC(C)[C@@]1(O)CCN2C[C@@H]3c4ccccc4CCc4cccc(c43)[C@H]2C1
1413,1,C4=C(C(C(=O)N1CCCC1)(C2=CC=CC=C2)C(CN3CCOCC3)C)C=CC=C4,CC(CN1CCOCC1)C(C(=O)N1CCCC1)(c1ccccc1)c1ccccc1
1414,1,[C@]134[C@@H]([C@H](CC2=C1C=C(O)C=C2)N(C)CC3)CCCC4,CN1CC[C@@]23CCCC[C@@H]2[C@@H]1Cc1ccc(O)cc13
1415,1,C1=C(C=CC=C1OC2CN(C(N)=O)C2)C(F)(F)F,NC(=O)N1CC(Oc2cccc(C(F)(F)F)c2)C1
1416,1,C1=CC(=C3C2=C1CC5C4C2(C(O3)C(C=C4)OC(C)=O)CCN5CC=C)OC(C)=O,C=CCN1CCC23c4c5ccc(OC(C)=O)c4OC2C(OC(C)=O)C=CC3C1C5
1417,1,C1=CC=CC2=C1N(C(C3=C(N2C)C=CC=C3)=O)CCN(C)C,CN(C)CCN1C(=O)c2ccccc2N(C)c2ccccc21
1418,1,C1=C(C)C=CC3=C1C2C(CCN(C2)C)N3,Cc1ccc2c(c1)C1CN(C)CCC1N2
1419,1,C2=C(C1[S](CCC(N1C)=O)(=O)=O)C=CC(=C2Cl)Cl,CN1C(=O)CCS(=O)(=O)C1c1ccc(Cl)c(Cl)c1
1420,1,C1=CC(=CC3=C1C(C2=CC(=C(Cl)C=C2)Cl)CN(C)C3)OC,COc1ccc2c(c1)CN(C)CC2c1ccc(Cl)c(Cl)c1
1421,1,Clc1ccc(cc1)C(OCCN2CCOCC2)c3ccccc3,Clc1ccc(C(OCCN2CCOCC2)c2ccccc2)cc1
1422,1,[C@@]4([C@@]3([C@H]([C@H]2[C@]([C@@]1(C(=CC(=O)C=C1)[C@H](C2)F)C)(F)[C@H](C3)O)C[C@@H]4C)C)(C(COC(C)=O)=O)OC(C)=O,CC(=O)OCC(=O)[C@@]1(OC(C)=O)[C@@H](C)C[C@H]2[C@@H]3C[C@H](F)C4=CC(=O)C=C[C@]4(C)[C@@]3(F)[C@@H](O)C[C@@]21C
1423,1,[C@@]4([C@@]3([C@H]([C@H]2[C@]([C@@]1(C(=CC(=O)C=C1)[C@H](C2)F)C)(F)[C@H](C3)O)CC4)C)(C(COC(C)=O)=O)OC(CCC)=O,CCCC(=O)O[C@]1(C(=O)COC(C)=O)CC[C@H]2[C@@H]3C[C@H](F)C4=CC(=O)C=C[C@]4(C)[C@@]3(F)[C@@H](O)C[C@@]21C
1424,1,C3=CC1=C(C(/C2=C(O1)C=CC=C2)=C/CCN(C)C)C=C3OC,COc1ccc2c(c1)/C(=C/CCN(C)C)c1ccccc1O2
1425,1,C1=CC=CC3=C1N(C2=C(C=CC=C2)C3(C)C)CCCN(C)C,CN(C)CCCN1c2ccccc2C(C)(C)c2ccccc21
1426,1,C1=CC=CC2=C1C(C(N2CC(N)=O)=O)C3=CC=CC=C3,NC(=O)CN1C(=O)C(c2ccccc2)c2ccccc21
1427,1,[H+].C3=C2\C(C1=CC=CC=C1SCC2=CC=C3)=C\CCN(C)C.[Cl-],CN(C)CC/C=C1/c2ccccc2CSc2ccccc21.[Cl-].[H+]
1428,1,C1=C(Cl)C=CC2=C1C(=NC(O)C(N2CCO)=O)C3=CC=CC=C3F,O=C1C(O)N=C(c2ccccc2F)c2cc(Cl)ccc2N1CCO
1429,1,C3=C(C2(C1=CC=CC=C1)C(NCN2)=O)C=CC=C3,O=C1NCNC1(c1ccccc1)c1ccccc1
1430,1,[C@H]23C([C@@]1(OC(O[C@@H]1C2)(C)C)C(=O)CO)(C[C@H](O)[C@@]4(F)C3CCC5C4(CCC(=O)C5)C)C,CC1(C)O[C@@H]2C[C@H]3C4CCC5CC(=O)CCC5(C)[C@@]4(F)[C@@H](O)CC3(C)[C@]2(C(=O)CO)O1
1431,1,C1=C(C(=CC=C1Cl)N(C(CN(CCO)CCO)=O)C)C(C2=C(C=CC=C2)Cl)=O,CN(C(=O)CN(CCO)CCO)c1ccc(Cl)cc1C(=O)c1ccccc1Cl
1432,1,C1=CC=CC(=C1N3CCN(CCC2=C[N](C)N=C2)CC3)Cl,Cn1cc(CCN2CCN(c3ccccc3Cl)CC2)cn1
1433,1,C1=CC=CC2=C1N(CC3=C(C2=C)C=CC=C3)CCCN(C)C,C=C1c2ccccc2CN(CCCN(C)C)c2ccccc21
1434,1,C1=CC(=CC=C1C(NCCCN2CCOCC2)=O)Cl,O=C(NCCCN1CCOCC1)c1ccc(Cl)cc1
1435,1,C1=C(O)C=CC3=C1C2(CC(CN(CC2)C)C3)C,CN1CCC2(C)CC(Cc3ccc(O)cc32)C1
1436,1,C2=C(C1(C(N(C(=O)N(C1=O)COC)COC)=O)CC)C=CC=C2,CCC1(c2ccccc2)C(=O)N(COC)C(=O)N(COC)C1=O
1437,1,C1=C(Cl)C=CC2=C1C(=NC(C(=O)N2)C(OCC)=O)C3=CC=CC=C3F,CCOC(=O)C1N=C(c2ccccc2F)c2cc(Cl)ccc2NC1=O
1438,1,C2=NC1=C(CC(NC)CC1)S2,CNC1CCc2ncsc2C1
1439,1,C1=CC=CC2=C1C(=C[NH]2)CC(CC)N,CCC(N)Cc1c[nH]c2ccccc12
1440,1,C1=CC=CC=C1CCNC(CCCl)=O,O=C(CCCl)NCCc1ccccc1
1441,1,O=C2\C(=C1\OC=NN1)C=CC=C2,O=C1C=CC=C/C1=C1/NN=CO1
1442,1,C1=C(Cl)C=CC2=C1C(=NCCN2CC(F)(F)F)C3=CC=CC=C3F,Fc1ccccc1C1=NCCN(CC(F)(F)F)c2ccc(Cl)cc21
1443,1,CN(C)C3CCc2[nH]c1c(F)cc(F)cc1c2C3,CN(C)C1CCc2[nH]c3c(F)cc(F)cc3c2C1
1444,1,C1=CC(=CC=C1N3CCN(CC(O)COC2(CCCCC2)C#C)CC3)F,C#CC1(OCC(O)CN2CCN(c3ccc(F)cc3)CC2)CCCCC1
1445,1,C1=C(Cl)C=CC2=C1C(=NCC(=O)N2C)C3=CC=CC=C3F,CN1C(=O)CN=C(c2ccccc2F)c2cc(Cl)ccc21
1446,1,[C@H]23[C@@]([C@@]1(C(=CC(=O)C=C1)[C@H](C2)F)C)([C@H](C[C@]4([C@H]3C[C@@H](C)[C@@]4(C(CO)=O)O)C)O)F,C[C@@H]1C[C@H]2[C@@H]3C[C@H](F)C4=CC(=O)C=C[C@]4(C)[C@@]3(F)[C@@H](O)C[C@]2(C)[C@@]1(O)C(=O)CO
1447,1,[C@]14(C([C@H]3[C@H]([C@@H](O)C1)C2(C(=CC(=O)C=C2)[C@@H](F)C3)C)C[C@H]5OC(O[C@@]45C(=O)CO)(C)C)C.[C@]69(C([C@H]8[C@H]([C@@H](O)C6)C7(C(=CC(=O)C=C7)[C@@H](F)C8)C)C[C@H]%10OC(O[C@@]9%10C(=O)CO)(C)C)C.O,CC1(C)O[C@@H]2CC3[C@@H]4C[C@H](F)C5=CC(=O)C=CC5(C)[C@H]4[C@@H](O)C[C@]3(C)[C@]2(C(=O)CO)O1.CC1(C)O[C@@H]2CC3[C@@H]4C[C@H](F)C5=CC(=O)C=CC5(C)[C@H]4[C@@H](O)C[C@]3(C)[C@]2(C(=O)CO)O1.O
1448,1,[C@]12(OC(O[C@@H]1CC3C2(CC(O)[C@H]4C3C[C@H](F)C5=CC(=O)C=CC45C)C)(C)C)C(=O)COC(=O)C,CC(=O)OCC(=O)[C@@]12OC(C)(C)O[C@@H]1CC1C3C[C@H](F)C4=CC(=O)C=CC4(C)[C@H]3C(O)CC12C
1449,1,[C@H]2(C1=CC(=O)C=C[C@@]1([C@@]4([C@@H](C2)[C@@H]3C[C@@H](O)[C@]([C@@]3(C)C[C@@H]4O)(O)C(=O)CO)F)C)F,C[C@]12C=CC(=O)C=C1[C@@H](F)C[C@H]1[C@@H]3C[C@@H](O)[C@](O)(C(=O)CO)[C@@]3(C)C[C@H](O)[C@@]12F
1450,1,[C@@]45([C@@]3([C@H]([C@H]2[C@]([C@@]1(C(=CC(=O)C=C1)[C@H](C2)F)C)(F)[C@H](C3)O)C[C@H]4OC(O5)(C)C)C)C(CO)=O,CC1(C)O[C@@H]2C[C@H]3[C@@H]4C[C@H](F)C5=CC(=O)C=C[C@]5(C)[C@@]4(F)[C@@H](O)C[C@]3(C)[C@]2(C(=O)CO)O1
1451,1,[C@H]24[C@H]1[C@@]([C@@H](C(C(OCCCC)=O)=O)[C@@H](C1)C)(C[C@@H]([C@@H]2[C@@]3(C(=CC(=O)C=C3)[C@H](C4)F)C)O)C,CCCCOC(=O)C(=O)[C@H]1[C@H](C)C[C@H]2[C@@H]3C[C@H](F)C4=CC(=O)C=C[C@]4(C)[C@H]3[C@@H](O)C[C@@]21C
1452,1,[C@H]24[C@H]1[C@@]([C@@H](C(CO)=O)[C@@H](C1)C)(C[C@@H]([C@@H]2[C@@]3(C(=CC(=O)C=C3)[C@H](C4)F)C)O)C,C[C@@H]1C[C@H]2[C@@H]3C[C@H](F)C4=CC(=O)C=C[C@]4(C)[C@H]3[C@@H](O)C[C@]2(C)[C@H]1C(=O)CO
1453,1,[C@]23([C@H]([C@H]1[C@]([C@](C(C)=O)(O)CC1)(C)C[C@@H]2O)C[C@H](C)C4=CC(=O)C=C[C@]34C)F,CC(=O)[C@@]1(O)CC[C@H]2[C@@H]3C[C@H](C)C4=CC(=O)C=C[C@]4(C)[C@@]3(F)[C@@H](O)C[C@@]21C
1454,1,[C@H]23[C@@]([C@@]1(C(=CC(=O)C=C1)CC2)C)([C@H](C[C@]4([C@H]3CC[C@@]4(C([C@@H](OC(C)=O)C)=O)O)C)O)F,CC(=O)O[C@@H](C)C(=O)[C@@]1(O)CC[C@H]2[C@@H]3CCC4=CC(=O)C=C[C@]4(C)[C@@]3(F)[C@@H](O)C[C@@]21C
1455,1,[C@]34([C@H]([C@H]2[C@@]([C@@]1(C(=CC(C=C1)=O)CC2)C)(C(C3)O)F)CC([C@@]4(C(=O)CO)O)=C)C,C=C1C[C@H]2[C@@H]3CCC4=CC(=O)C=C[C@]4(C)[C@@]3(F)C(O)C[C@]2(C)[C@@]1(O)C(=O)CO
1456,1,[C@H]24[C@H]1[C@@]([C@](C(CO)=O)(O)CC1)(C[C@@H]([C@@H]2[C@@]3(C(=CC(=O)C=C3)[C@H](C4)F)C)O)C,C[C@]12C=CC(=O)C=C1[C@@H](F)C[C@@H]1[C@@H]2[C@@H](O)C[C@@]2(C)[C@H]1CC[C@]2(O)C(=O)CO
1457,1,[C@@]4(OC(=O)CCCC)(C3(C(C2C(C1(C(=CC(=O)C=C1)C(F)C2)C)C(O)C3)CC4)C)C(=O)CO,CCCCC(=O)O[C@]1(C(=O)CO)CCC2C3CC(F)C4=CC(=O)C=CC4(C)C3C(O)CC21C
1458,1,C1=C(F)C=CC3=C1C=C(SCCNC)C2=CC=CC=C2O3,CNCCSC1=Cc2cc(F)ccc2Oc2ccccc21
1459,1,[C@@]45([C@@]3([C@H]([C@H]2[C@@H]([C@@]1(C(=CC(=O)CC1)[C@H](C2)F)C)[C@H](C3)O)C[C@H]4OC(O5)(C)C)C)C(CO)=O,CC1(C)O[C@@H]2C[C@H]3[C@@H]4C[C@H](F)C5=CC(=O)CC[C@]5(C)[C@H]4[C@@H](O)C[C@]3(C)[C@]2(C(=O)CO)O1
1460,1,C1=CC(=CC=C1N2C4(C(NC2)=O)CCN(CCCC(C3=CC=C(F)C=C3)=O)CC4)F,O=C(CCCN1CCC2(CC1)C(=O)NCN2c1ccc(F)cc1)c1ccc(F)cc1
1461,1,C1=C(Cl)C=CC2=C1C(=NCC(N2CC3CC3)=O)C4=CC=CC=C4F,O=C1CN=C(c2ccccc2F)c2cc(Cl)ccc2N1CC1CC1
1462,1,[C@]234C1=C(C=CC(=C1O[C@H]2C[C@@H](O)C=C3)OC)CN(CC4)C,COc1ccc2c3c1O[C@H]1C[C@@H](O)C=C[C@@]31CCN(C)C2
1463,1,C2=C(C(C1CCCCC1)CCN(C)C)C=CC=C2,CN(C)CCC(c1ccccc1)C1CCCCC1
1464,1,NC(=N)NCCCOc1ccccc1,N=C(N)NCCCOc1ccccc1
1465,1,C1=C(Cl)C=CC2=C1C(=NCC(=O)N2CC(F)(F)F)C3=CC=CC=C3,O=C1CN=C(c2ccccc2)c2cc(Cl)ccc2N1CC(F)(F)F
1466,1,[C@H]23[C@@]([C@@]1(C(=CC(C(=C1)Cl)=O)[C@H](C2)F)C)([C@H](C[C@]4(C3C[C@H]([C@@]4(C(CO)=O)O)C)C)O)F,C[C@@H]1CC2[C@@H]3C[C@H](F)C4=CC(=O)C(Cl)=C[C@]4(C)[C@@]3(F)[C@@H](O)C[C@]2(C)[C@@]1(O)C(=O)CO
1467,1,C(C2(C1=CCCCCC1)C(NC(=O)NC2=O)=O)C,CCC1(C2=CCCCCC2)C(=O)NC(=O)NC1=O
1468,1,C1=CC(=CC=C1C(N2CCN(C)CCC2)C3=CC=CC=C3)Cl,CN1CCCN(C(c2ccccc2)c2ccc(Cl)cc2)CC1
1469,1,[C@]34([C@H]([C@H]2[C@@H]([C@@]1(C(=CC(=O)CC1)CC2)C)[C@H](C3)O)CC[C@@]4(C(COC(C)=O)=O)O)C,CC(=O)OCC(=O)[C@@]1(O)CC[C@H]2[C@@H]3CCC4=CC(=O)CC[C@]4(C)[C@H]3[C@@H](O)C[C@@]21C
1470,1,[C@]4([C@@]3([C@H]([C@H]2[C@@H]([C@@]1(C(=CC(=O)CC1)CC2)C)[C@H](C3)O)CC4)C)(OC(CCC)=O)C(CO)=O,CCCC(=O)O[C@]1(C(=O)CO)CC[C@H]2[C@@H]3CCC4=CC(=O)CC[C@]4(C)[C@H]3[C@@H](O)C[C@@]21C
1471,1,[C@@]125C3=C4C[C@H]([C@@H]1CCC([C@@H]2OC3=C(C=C4)O)=O)N(C)CC5,CN1CC[C@]23c4c5ccc(O)c4O[C@H]2C(=O)CC[C@H]3[C@H]1C5
1472,1,C2=C(C1(C(OCC)=O)CCN(C)CC1)C=CC=C2O,CCOC(=O)C1(c2cccc(O)c2)CCN(C)CC1
1473,1,[C@@]4([C@@]3([C@H]([C@H]2[C@]([C@@]1(C(=CC(=O)C=C1)CC2)C)(Cl)[C@H](C3)O)C[C@H]4C)C)(C(COC(C)=O)=O)OC(CCC)=O,CCCC(=O)O[C@]1(C(=O)COC(C)=O)[C@H](C)C[C@H]2[C@@H]3CCC4=CC(=O)C=C[C@]4(C)[C@@]3(Cl)[C@@H](O)C[C@@]21C
1474,1,C1=CC=CC2=C1C(=C[NH]2)CCC3CCNCC3,c1ccc2c(CCC3CCNCC3)c[nH]c2c1
1475,1,CN(C)CC#CC=C2c1ccccc1C=Cc3ccccc23,CN(C)CC#CC=C1c2ccccc2C=Cc2ccccc21
1476,1,C1=CC=CC3=C1C2=C(CCCCCC2)[N]3CCCN(C)C,CN(C)CCCn1c2c(c3ccccc31)CCCCCC2
1477,1,C1=CN=CC=C1C(NNC(C)C)=O,CC(C)NNC(=O)c1ccncc1
1478,1,C1=CC=CC=C1C(C2=CC=CC=C2)(C(CN(C)C)C)C(CC)=O,CCC(=O)C(c1ccccc1)(c1ccccc1)C(C)CN(C)C
1479,1,[C@@]4(O)(C3(C(C2C(C1(C(=CC(=O)CC1)C=C2)C)C(O)C3)CC4=C)C)C(=O)CO,C=C1CC2C3C=CC4=CC(=O)CCC4(C)C3C(O)CC2(C)[C@@]1(O)C(=O)CO
1480,1,C1=CC=CC3=C1N(C2=C(C=CC=C2)S3)CC(N(CC)CC)C,CCN(CC)C(C)CN1c2ccccc2Sc2ccccc21
1481,1,[C@]235[C@H]([C@H](N(CC1CC1)CC2)CC4=C3C(=CC=C4)O)CCC(C5)=O,O=C1CC[C@H]2[C@H]3Cc4cccc(O)c4[C@@]2(CCN3CC2CC2)C1
1482,1,[C@H](CC1=CC(=C(C=C1)O)O)(C(O)=O)N,N[C@@H](Cc1ccc(O)c(O)c1)C(=O)O
1483,1,[C@H](CN1C3=C(SC2=C1C=CC=C2)C=CC(=C3)OC)(CN(C)C)C,COc1ccc2c(c1)N(C[C@H](C)CN(C)C)c1ccccc1S2
1484,1,[C@H]5(CN(C(C3=C2C1=CC(=CC=C1CCN2C(=O)C(=C3)C4=CC=CC=C4)Cl)=O)CC5)OCC,CCO[C@H]1CCN(C(=O)c2cc(-c3ccccc3)c(=O)n3c2-c2cc(Cl)ccc2CC3)C1
1485,1,C2=C(COC1CCNCC1)C=CC3=C2C=CC=C3,c1ccc2cc(COC3CCNCC3)ccc2c1
1486,1,C3=C(C(CC2N(C(CC(C1=CC=CC=C1)=O)CCC2)C)O)C=CC=C3,CN1C(CC(=O)c2ccccc2)CCCC1CC(O)c1ccccc1
1487,1,C1=CC(=NN=C1C2=C(Cl)C=CC=C2)N3CCC(O)CC3,OC1CCN(c2ccc(-c3ccccc3Cl)nn2)CC1
1488,1,C3=C(N2CCN(C\C=C\C1=CC=CC=C1)CC2)N=NC(=C3)Cl,Clc1ccc(N2CCN(C/C=C/c3ccccc3)CC2)nn1
1489,1,[C@@H]1([C@H]3[C@@H](CC2=C1C=C(Cl)C=C2)CN(C3)C)C4=CC=CC=C4,CN1C[C@@H]2Cc3ccc(Cl)cc3[C@@H](c3ccccc3)[C@@H]2C1
1490,1,C1=CC=CC3=C1C4=C(C2=C(C=CC=C2)O3)CCN(CC4)C,CN1CCC2=C(CC1)c1ccccc1Oc1ccccc12
1491,1,C2=C(OC(OC1=CC=CC=C1)CN(C)C)C=CC=C2,CN(C)CC(Oc1ccccc1)Oc1ccccc1
1492,1,C1=CC(=CC(=C1OC)OC)CCN2CCN(CC2)C3=CC(=CC=C3)Cl,COc1ccc(CCN2CCN(c3cccc(Cl)c3)CC2)cc1OC
1493,1,C1=C([N+](=O)[O-])C=CC2=C1C(=NCC(N2C)=O)C3=CCCCC3,CN1C(=O)CN=C(C2=CCCCC2)c2cc([N+](=O)[O-])ccc21
1494,1,C2=C(C1(C(N(C)C(N1)=O)=O)CC)C=CC=C2,CCC1(c2ccccc2)NC(=O)N(C)C1=O
1495,1,C2=C(C1(C(N(C(NC1=O)=O)C)=O)CC)C=CC=C2,CCC1(c2ccccc2)C(=O)NC(=O)N(C)C1=O
1496,1,C1=C(C=CC=C1N3CCN(CCC2=N[NH]C(=C2)C)CC3)Cl,Cc1cc(CCN2CCN(c3cccc(Cl)c3)CC2)n[nH]1
1497,1,[C@H]12[C@@]([C@](C(CO)=O)(O)[C@H](C1)C)(CC(=O)[C@H]3[C@H]2CCC4=CC(=O)C=C[C@]34C)C,C[C@H]1C[C@H]2[C@@H]3CCC4=CC(=O)C=C[C@]4(C)[C@H]3C(=O)C[C@]2(C)[C@@]1(O)C(=O)CO
1498,1,C1=C(Br)C=CC2=C1C(=NCC(N2C)COC)C3=CC=CC=C3Cl,COCC1CN=C(c2ccccc2Cl)c2cc(Br)ccc2N1C
1499,1,C1=CC=CC(=C1)C(=O)C(C)N(C)C,CC(C(=O)c1ccccc1)N(C)C
1500,1,C1=CC=CC2=C1C(CC3=C(N2C)C=CC=C3)NC,CNC1Cc2ccccc2N(C)c2ccccc21
1501,1,C1=C(C=C(C=C1OCC2CNC(O2)=O)C)C,Cc1cc(C)cc(OCC2CNC(=O)O2)c1
1502,1,C1=CC(=CC2=C1CC3C(C2(CCN3C)C)C)O,CC1C2Cc3ccc(O)cc3C1(C)CCN2C
1503,1,C1=CC=CC=C1C2(N(C(=O)NC2=O)C)CC,CCC1(c2ccccc2)C(=O)NC(=O)N1C
1504,1,C1=CC=CC=C1C(C2=CC=CC=C2)(C(CC)=O)CC(N(C)C)C,CCC(=O)C(CC(C)N(C)C)(c1ccccc1)c1ccccc1
1505,1,C1=CC=CC=C1/C=C/C2C(NC(O2)(C)C)=O,CC1(C)NC(=O)C(/C=C/c2ccccc2)O1
1506,1,C1=C(SC)C=CC3=C1N(C2=C(C=CC=C2)S3)CC(CN(C)C)C,CSc1ccc2c(c1)N(CC(C)CN(C)C)c1ccccc1S2
1507,1,[C@H]24[C@H]1[C@@]([C@](C(CO)=O)(O)CC1)(C[C@@H]([C@@H]2[C@@]3(C(=CC(=O)C=C3)[C@H](C4)C)C)O)C,C[C@H]1C[C@@H]2[C@H]([C@@H](O)C[C@@]3(C)[C@H]2CC[C@]3(O)C(=O)CO)[C@@]2(C)C=CC(=O)C=C12
1508,1,[C@H]24[C@H]1[C@@]([C@](C(COC(C)=O)=O)(O)CC1)(C[C@@H]([C@@H]2[C@@]3(C(=CC(=O)C=C3)[C@H](C4)C)C)O)C,CC(=O)OCC(=O)[C@@]1(O)CC[C@H]2[C@@H]3C[C@H](C)C4=CC(=O)C=C[C@]4(C)[C@H]3[C@@H](O)C[C@@]21C
1509,1,C1=C(SC)C=CC4=C1C(N2CCN(C)CC2)CC3=C(C=CC=C3)S4,CSc1ccc2c(c1)C(N1CCN(C)CC1)Cc1ccccc1S2
1510,1,C1=CC=CC2=C1N(CC3=C(C2)C=CC=C3)CCCNC,CNCCCN1Cc2ccccc2Cc2ccccc21
1511,1,C1=CC(=CC2=C1N(C(=O)N2)CCCN4CCC(C(C3=CC=C(F)C=C3)=O)CC4)Cl,O=C(c1ccc(F)cc1)C1CCN(CCCn2c(=O)[nH]c3cc(Cl)ccc32)CC1
1512,1,C1=C(OC)C(=CC2=C1C(=C(C)[NH]2)CCN4CCN(C3=CC=CC=C3OC)CC4)OC,COc1cc2[nH]c(C)c(CCN3CCN(c4ccccc4OC)CC3)c2cc1OC
1513,1,[C@]1([C@H](C1)CN)(C(=O)N(CC)CC)C2=CC=CC=C2.[H+].[Cl-],CCN(CC)C(=O)[C@]1(c2ccccc2)C[C@@H]1CN.[Cl-].[H+]
1514,1,C1=CC(=CC2=C1C(=C([NH]2)C)C4CCN(CCCC(C3=CC=C(F)C=C3)=O)CC4)OC,COc1ccc2c(C3CCN(CCCC(=O)c4ccc(F)cc4)CC3)c(C)[nH]c2c1
1515,1,C1=NC=CN=C1N(C3CCN(CCC2=CC=CC=C2)CC3)C(C4=CC=CO4)=O,O=C(c1ccco1)N(c1cnccn1)C1CCN(CCc2ccccc2)CC1
1516,1,C1=C(CC\C(CN)=C/F)C=CC(=C1)F,NC/C(=C/F)CCc1ccc(F)cc1
1517,1,C(C1=C(C)[NH]C3=C1C(C(CN2CCOCC2)CC3)=O)C,CCc1c(C)[nH]c2c1C(=O)C(CN1CCOCC1)CC2
1518,1,[C@]3(C1=CC=CC=C1)(C(C2=C(C=CC=C2)CC3)=O)CCN(C)C,CN(C)CC[C@]1(c2ccccc2)CCc2ccccc2C1=O
1519,1,C5CC(CN1CCC(C1)c2ccccc2)c4ccc3OCOc3c4C5,c1ccc(C2CCN(CC3CCCc4c3ccc3c4OCO3)C2)cc1
1520,1,C1=C4C(=C2C(=C1)C=CC=C2)CC3CN(C)CC(C3(O4)O)C,CC1CN(C)CC2Cc3c(ccc4ccccc34)OC12O
1521,1,C1=CC=CC=C1CN2C(CC(C2)CN)=O,NCC1CC(=O)N(Cc2ccccc2)C1
1522,1,C1=CC=CC3=C1C(C2=CC=CC=C2)OCCN(C3)C,CN1CCOC(c2ccccc2)c2ccccc2C1
1523,1,[C@H]2(NC(=O)C1=C(OC)C=C(NC)C(=C1)Cl)[C@H](N(CC2)CC3=CC=CC=C3)C,CNc1cc(OC)c(C(=O)N[C@@H]2CCN(Cc3ccccc3)[C@@H]2C)cc1Cl
1524,1,C2=C1C(=NN=C(CC1=CC(=C2OC)OC)C)C3=CC=C(N)C=C3,COc1cc2c(cc1OC)C(c1ccc(N)cc1)=NN=C(C)C2
1525,1,C1=CC(=C3C2=C1CC6C4C2(C(O3)C(CC4)OC(C5=CN=CC=C5)=O)CCN6C)OC,COc1ccc2c3c1OC1C(OC(=O)c4cccnc4)CCC4C(C2)N(C)CCC341
1526,1,C1=CC(=CC=C1C(CCCN2CC3CCC(C2)CC3)=O)F,O=C(CCCN1CC2CCC(CC2)C1)c1ccc(F)cc1
1527,1,C1=CC(=C3C2=C1CC5C4C2(C(O3)C(O)C=C4)CCN5)OC,COc1ccc2c3c1OC1C(O)C=CC4C(C2)NCCC341
1528,1,C3=C(N(C2CCN(CCC1=CC=CC=C1)CC2)C(COC)=O)C(=CC=C3)F,COCC(=O)N(c1ccccc1F)C1CCN(CCc2ccccc2)CC1
1529,1,[C@@H]4(C1=CC=CC2=C1OCC2)C3=CC(=C(Cl)C=C3CCN(C4)C)O.CC(=O)O,CC(=O)O.CN1CCc2cc(Cl)c(O)cc2[C@@H](c2cccc3c2OCC3)C1
1530,1,C1=C3C(=CC=C1)N=C2SC(=CC2=C(N3)N4CCN(CC4)C)C,Cc1cc2c(s1)=Nc1ccccc1NC=2N1CCN(C)CC1
1531,1,C1=CC=CC2=C1N(C3=C(C=C2)C=CC=C3)CCCN4CCN(CCO)CC4,OCCN1CCN(CCCN2c3ccccc3C=Cc3ccccc32)CC1
1532,1,O1CCCCC1C(=O)N,NC(=O)C1CCCCO1
1533,1,[C@@]12(C3=C(NC(CN1C[C@H](O2)C)=O)C=CC(=C3)Cl)C4=CC=CC=C4,C[C@@H]1CN2CC(=O)Nc3ccc(Cl)cc3[C@]2(c2ccccc2)O1
1534,1,C1=CC=CC3=C1N(C2=C(C=CC=C2)[S]3(=O)=O)CC(CN(C)C)C,CC(CN(C)C)CN1c2ccccc2S(=O)(=O)c2ccccc21
1535,1,C1=C(OC)C(=CC2=C1C(=C(C)[NH]2)CCN4CCN(C3=CC=CC=C3)CC4)OC,COc1cc2[nH]c(C)c(CCN3CCN(c4ccccc4)CC3)c2cc1OC
1536,1,C(C)C1(C)C(=O)N(C(O1)=O)C,CCC1(C)OC(=O)N(C)C1=O
1537,1,[C@]12(C(=CC(C=C1)=O)[C@H](C[C@H]3[C@H]4[C@](C[C@@H]([C@H]23)O)([C@](C(=O)CO)(O)[C@@H](C4)C)C)F)C,C[C@@H]1C[C@H]2[C@@H]3C[C@H](F)C4=CC(=O)C=C[C@]4(C)[C@H]3[C@@H](O)C[C@]2(C)[C@@]1(O)C(=O)CO
1538,1,C1=NC2=C([N]1CCC(CO)CO)NC(=NC2=O)N,Nc1nc(=O)c2ncn(CCC(CO)CO)c2[nH]1
1539,1,CC(C)CCNCC2COc1ccccc1O2,CC(C)CCNCC1COc2ccccc2O1
1540,1,C2C1=NN=N[N]1CCCC2,C1CCc2nnnn2CC1
1541,1,C1=C(OC)C=CC3=C1N(C2=C(C=CC=C2)S3)CC(CN4CCC(O)CC4)C,COc1ccc2c(c1)N(CC(C)CN1CCC(O)CC1)c1ccccc1S2
1542,1,C2=C(C1=CC=CC=C1)ON=C2C(CN3CCCCC3)O,OC(CN1CCCCC1)c1cc(-c2ccccc2)on1
1543,1,CC(=O)OC(C1CCCCN1)c2ccccc2,CC(=O)OC(c1ccccc1)C1CCCCN1
1544,1,C1=C(C(C(C)(C)O)(C)O)C=CC(=C1)Cl,CC(C)(O)C(C)(O)c1ccc(Cl)cc1
1545,1,[C@H]2(C1=CC=CC=C1)[C@@H](N(CCO2)C)C,C[C@H]1[C@H](c2ccccc2)OCCN1C
1546,1,C1=CC=CC=C1CC(NN)C,CC(Cc1ccccc1)NN
1547,1,C1=C(O)C=CC4=C1C35C(C(N(CCC2=CC=CC=C2)CC3)C4)CCCC5,Oc1ccc2c(c1)C13CCCCC1C(C2)N(CCc1ccccc1)CC3
1548,1,C1=CC=CC3=C1C(C2=C(C=CC=C2)S3)=C4CCN(C)CC4,CN1CCC(=C2c3ccccc3Sc3ccccc32)CC1
1549,1,C3=C(C1(C(OCC)=O)CCN(CC1)CCCNC2=CC=CC=C2)C=CC=C3,CCOC(=O)C1(c2ccccc2)CCN(CCCNc2ccccc2)CC1
1550,1,C1=C(Cl)C=CC2=C1C(=NCC(N2CC#C)=O)C3=CC=CC=C3,C#CCN1C(=O)CN=C(c2ccccc2)c2cc(Cl)ccc21
1551,1,C1=C([S](N(C)C)(=O)=O)C=CC3=C1N(C2=C(C=CC=C2)S3)CCCN4CCC(CCO)CC4,CN(C)S(=O)(=O)c1ccc2c(c1)N(CCCN1CCC(CCO)CC1)c1ccccc1S2
1552,1,C1=C(C=CC=C1)C(C2=CC=CC=C2)(C3NCCCC3)O,OC(c1ccccc1)(c1ccccc1)C1CCCCN1
1553,1,C4Oc3ccc(CN1CCN(CC1)c2ncccn2)cc3O4,c1cnc(N2CCN(Cc3ccc4c(c3)OCO4)CC2)nc1
1554,1,C1=CSC2=C1C(C3=C(CC2)C=CC=C3)=C4CCN(CC4)C,CN1CCC(=C2c3ccccc3CCc3sccc32)CC1
1555,1,C1=CC=CC2=C1N(C3=C(CC2)C=CC=C3)CCCN(C)C,CN(C)CCCN1c2ccccc2CCc2ccccc21
1556,1,[C@]34([C@H]([C@H]2[C@@H]([C@@]1(C(=CC(=O)C=C1)CC2)C)[C@H](C3)O)CC[C@@]4(C(COC(C)=O)=O)O)C,CC(=O)OCC(=O)[C@@]1(O)CC[C@H]2[C@@H]3CCC4=CC(=O)C=C[C@]4(C)[C@H]3[C@@H](O)C[C@@]21C
1557,1,[C@]14([C@@](C(=O)COC(CCC(=O)[O-])=O)(CC[C@H]1[C@@H]3CCC2=CC(C=C[C@@]2([C@H]3[C@H](C4)O)C)=O)O)C.[Na+],C[C@]12C=CC(=O)C=C1CC[C@@H]1[C@@H]2[C@@H](O)C[C@@]2(C)[C@H]1CC[C@]2(O)C(=O)COC(=O)CCC(=O)[O-].[Na+]
1558,1,C1=C2C(=C([N]1C)C)C(=NCC(N2)=O)C3=CC=CC=C3,Cc1c2c(cn1C)NC(=O)CN=C2c1ccccc1
1559,1,C1=C(C(=CC=C1C#N)OC)C(NCCN3CCC(C(C2=CC=C(F)C=C2)=O)CC3)=O,COc1ccc(C#N)cc1C(=O)NCCN1CCC(C(=O)c2ccc(F)cc2)CC1
1560,1,[C@@]23(F)C1(C(=CC(=O)C=C1)[C@@H](F)CC2C5C(CC3O)([C@]4(C(=O)COC(=O)CC)OC(O[C@@H]4C5)(C)C)C)C,CCC(=O)OCC(=O)[C@@]12OC(C)(C)O[C@@H]1CC1C3C[C@H](F)C4=CC(=O)C=CC4(C)[C@@]3(F)C(O)CC12C
1561,1,C1=CC=CC=C1C2CN(C(NCCC)=O)C(O2)=O,CCCNC(=O)N1CC(c2ccccc2)OC1=O
1562,1,C1=CC=CC2=C1N(C3=C(S2)C=CC=C3)CC(C)N(C)C,CC(CN1c2ccccc2Sc2ccccc21)N(C)C
1563,1,C1=NC=C([N]1C(C2=CC=CC=C2)C)C(OCCC)=O,CCCOC(=O)c1cncn1C(C)c1ccccc1
1564,1,C1=C([S](N)(=O)=O)C=CC(=C1C(NCC2N(CCC2)CCC)=O)OC,CCCN1CCCC1CNC(=O)c1cc(S(N)(=O)=O)ccc1OC
1565,1,C1=CC=CC2=C1N(C3=C(S2)C=CC=N3)CCCN(C)C,CN(C)CCCN1c2ccccc2Sc2cccnc21
1566,1,C(C1(C(C=CNC1=O)=O)CC)C,CCC1(CC)C(=O)C=CNC1=O
1567,1,C2=C(C(C(N1CCCC1)CCC)=O)C=CC(=C2)C,CCCC(C(=O)c1ccc(C)cc1)N1CCCC1
1568,1,C1=CC=CC4=C1N(C2C3CCN(C2)CC3)C5=C(CC4)C=CC=C5,c1ccc2c(c1)CCc1ccccc1N2C1CN2CCC1CC2
1569,1,[C@H](C1=CC=CC=C1)([C@@H]2CNCCO2)OC3=CC=CC=C3OCC,CCOc1ccccc1O[C@@H](c1ccccc1)[C@@H]1CNCCO1
1570,1,[C@H]2(CNC(C1=C(C=CC(=C1OC)Br)OC)=O)N(CCC2)CC,CCN1CCC[C@H]1CNC(=O)c1c(OC)ccc(Br)c1OC
1571,1,C1=CC=CC4=C1C(N(CCCN3CCN(C2=NC=CC=N2)CC3)[S]4(=O)=O)=O,O=C1c2ccccc2S(=O)(=O)N1CCCN1CCN(c2ncccn2)CC1
1572,1,C1=C(Cl)C=CC\3=C1C=C(N2CCN(C)CC2)C4=C(C3=C/C#N)C=CC=C4,CN1CCN(C2=Cc3cc(Cl)ccc3/C(=C\C#N)c3ccccc32)CC1
1573,1,[H+].C1=C(OC(F)(F)F)C=CC2=C1SC(=N2)N.[Cl-],Nc1nc2ccc(OC(F)(F)F)cc2s1.[Cl-].[H+]
1574,1,C1=C(C(=C(C=C1C(\C=C\N2CC=CC2)=O)OC)OC)OC,COc1cc(C(=O)/C=C/N2CC=CC2)cc(OC)c1OC
1575,1,C4=C(C(N2CCN(\N=C\C1=NC(=CC=C1)C)CC2)C3=CC=CC=C3)C=CC=C4,Cc1cccc(/C=N/N2CCN(C(c3ccccc3)c3ccccc3)CC2)n1
1576,1,C1=C(C(N)=O)N=N[N]1CC2=C(C=CC=C2F)F,NC(=O)c1cn(Cc2c(F)cccc2F)nn1
1577,1,C1=CC=CC2=C1N=C(S2)N(C4CCN(CC(COC3=CC=C(C=C3)F)O)CC4)C,CN(c1nc2ccccc2s1)C1CCN(CC(O)COc2ccc(F)cc2)CC1
1578,1,NCCC(Oc1ccc(cc1)C(F)(F)F)c2ccccc2,NCCC(Oc1ccc(C(F)(F)F)cc1)c1ccccc1
1579,1,C4=C(C(C3CCN(CCC1=C(N=C2N(C1=O)CCS2)C)CC3)=O)C=CC(=C4)F,Cc1nc2n(c(=O)c1CCN1CCC(C(=O)c3ccc(F)cc3)CC1)CCS2
1580,1,C3=C(C2=C(N=C(N1CCN(C)CC1)N=C2)N)C(=C(C=C3Cl)Cl)Cl,CN1CCN(c2ncc(-c3cc(Cl)cc(Cl)c3Cl)c(N)n2)CC1
1581,1,[C@@H]3(C1=CC=C(Cl)C=C1)[C@H]2CC[C@@H](C2)C34CCC(=N4)N5CCOCC5,Clc1ccc([C@@H]2[C@H]3CC[C@@H](C3)C23CCC(N2CCOCC2)=N3)cc1
1582,1,C1=CC=CC=C1N2C5(C(NC2)=O)CCN(CC4OC3=C(C=CC=C3)OC4)CC5,O=C1NCN(c2ccccc2)C12CCN(CC1COc3ccccc3O1)CC2
1583,1,C1=C(Cl)C=CC2=C1C(=NCC(=S)N2C)C3=CC=CC=C3,CN1C(=S)CN=C(c2ccccc2)c2cc(Cl)ccc21
1584,1,C(C([S](CC)(=O)=O)([S](CC)(=O)=O)C)C,CCC(C)(S(=O)(=O)CC)S(=O)(=O)CC
1585,1,C1=C([S](=O)(=O)N)C=CC(=C1C(NCC2N(CC)CCC2)=O)OC,CCN1CCCC1CNC(=O)c1cc(S(N)(=O)=O)ccc1OC
1586,1,C1=CC=CC3=C1C(N(C2C(NCCC2)=O)[S]3(=O)=O)=O,O=C1NCCCC1N1C(=O)c2ccccc2S1(=O)=O
1587,1,C5=C2C1=C(CCC4=C(C1CN3CCCCC23)C=CC=C4)C=C5,c1ccc2c(c1)CCc1cccc3c1C2CN1CCCCC31
1588,1,C(C(C)C1(CC=C)C(=O)NC(NC1=O)=O)C,C=CCC1(C(C)CC)C(=O)NC(=O)NC1=O
1589,1,C3=C2C(=NC1=CSC=C1C(/C2=CS3)=C/C#N)N4CCN(C)CC4,CN1CCN(C2=Nc3cscc3/C(=C/C#N)c3cscc32)CC1
1590,1,C1=CC=CC(=C1CC2=CC=CS2)OCC3OCCNC3.O=C(O)\C=C/C(=O)O,O=C(O)/C=C\C(=O)O.c1csc(Cc2ccccc2OCC2CNCCO2)c1
1591,1,C1=C(Cl)C=CC2=C1C(=NCC(=O)N2C)C3=CCCCC3,CN1C(=O)CN=C(C2=CCCCC2)c2cc(Cl)ccc21
1592,1,C(C1(C(CCC)CC)C(NC(=S)NC1=O)=O)C,CCCC(CC)C1(CC)C(=O)NC(=S)NC1=O
1593,1,C1=C([S](C)(=O)=O)C=CC(=C1C(NCCN(CC)CC)=O)OC,CCN(CC)CCNC(=O)c1cc(S(C)(=O)=O)ccc1OC
1594,1,[C@]14([C@](OC(=O)CC)([C@@H](CC1C3[C@@](F)(C2(C(=CC(=O)C=C2)[C@@H](F)C3)C)[C@@H](O)C4)C)C(SC)=O)C,CCC(=O)O[C@]1(C(=O)SC)[C@H](C)CC2C3C[C@H](F)C4=CC(=O)C=CC4(C)[C@@]3(F)[C@@H](O)C[C@@]21C
1595,1,C1=CSC2=C1N(C3=C(C=C2)C=CC=C3)CCCN(C)C,CN(C)CCCN1c2ccccc2C=Cc2sccc21
1596,1,C1=C4C(=C2C(=C1F)SC=C2C)C3=C(CCN(C3)CC)[NH]4,CCN1CCc2[nH]c3cc(F)c4scc(C)c4c3c2C1
1597,1,C1=C(SC=C1)C2(C(CCCC2)=O)NCC,CCNC1(c2cccs2)CCCCC1=O
1598,1,C1=CC(=CC=C1B2OCC(CCC)(C)CO2)C,CCCC1(C)COB(c2ccc(C)cc2)OC1
1599,1,C2=C(N1CC(CO)OC1=O)C=CC=C2C,Cc1cccc(N2CC(CO)OC2=O)c1
1600,1,[C@H](OC1=C(C=CC=C1)C)(C2=CC=CC=C2)CCNC,CNCC[C@@H](Oc1ccccc1C)c1ccccc1
1601,1,C1=CC=CC(=C1N3CCN(CCCOC2=CC=CC=N2)CC3)C,Cc1ccccc1N1CCN(CCCOc2ccccn2)CC1
1602,1,[C@H]2(C1=CC(=C(OC)C=C1CCN(C2)C)OC)C3=CC=CC=C3,COc1cc2c(cc1OC)[C@@H](c1ccccc1)CN(C)CC2
1603,1,[C@@]45([C@@]3([C@H]([C@H]2[C@]([C@@]1(C(=CC(=O)C=C1)CC2)C)(F)[C@H](C3)O)C[C@H]4OC(O5)(C)C)C)C(CO)=O,CC1(C)O[C@@H]2C[C@H]3[C@@H]4CCC5=CC(=O)C=C[C@]5(C)[C@@]4(F)[C@@H](O)C[C@]3(C)[C@]2(C(=O)CO)O1
1604,1,[C@]34([C@H]([C@H]2[C@]([C@@]1(C(=CC(=O)C=C1)CC2)C)(F)[C@H](C3)O)C[C@H]([C@@]4(C(COC(C)=O)=O)O)OC(C)=O)C,CC(=O)OCC(=O)[C@@]1(O)[C@H](OC(C)=O)C[C@H]2[C@@H]3CCC4=CC(=O)C=C[C@]4(C)[C@@]3(F)[C@@H](O)C[C@@]21C
1605,1,[C@@]45([C@@]3([C@H]([C@H]2[C@]([C@@]1(C(=CC(=O)C=C1)CC2)C)(F)[C@H](C3)O)C[C@H]4OC(O5)(C)C)C)C(COC(CC(C)(C)C)=O)=O,CC(C)(C)CC(=O)OCC(=O)[C@@]12OC(C)(C)O[C@@H]1C[C@H]1[C@@H]3CCC4=CC(=O)C=C[C@]4(C)[C@@]3(F)[C@@H](O)C[C@@]12C
1606,1,C1=C(NC(C(Cl)(Cl)Cl)=O)C=CC(=C1)O,O=C(Nc1ccc(O)cc1)C(Cl)(Cl)Cl
1607,1,C1=C(C(F)(F)F)C=CC3=C1N(C2=CC=CC=C2)C(CC(N3C)=O)=O,CN1C(=O)CC(=O)N(c2ccccc2)c2cc(C(F)(F)F)ccc21
1608,1,C1=C(C=CC3=C1N(CCCN2CCN(CC2)C)C4=C(S3)C=CC=C4)C(F)(F)F,CN1CCN(CCCN2c3ccccc3Sc3ccc(C(F)(F)F)cc32)CC1
1609,1,CC1(C(N(C(O1)=O)C)=O)C,CN1C(=O)OC(C)(C)C1=O
1610,1,[C@H]13N([C@H](CC(C1)NC(C2=CC=CC(=C2OC)OC)=O)CC3)CC4=CC=CC=C4,COc1cccc(C(=O)NC2C[C@H]3CC[C@@H](C2)N3Cc2ccccc2)c1OC
1611,1,C1=C2C(=CC=C1)N(C(Cl)(CN=C2C3=CC=CC=C3Cl)CO)C,CN1c2ccccc2C(c2ccccc2Cl)=NCC1(Cl)CO
1612,1,C(C(C(N)=O)(CC)CC)C=C,C=CCC(CC)(CC)C(N)=O
1613,1,C(C(CCC)C(N)=O)CC,CCCC(CCC)C(N)=O
1614,1,C(C1(C(NC(=O)NC1=O)=O)C(=C/CC)/C)C,CC/C=C(\C)C1(CC)C(=O)NC(=O)NC1=O
1615,1,C(C(C1(C(NC(=O)NC1=O)=O)C=C)C)CC,C=CC1(C(C)CCC)C(=O)NC(=O)NC1=O
1616,1,C1=C(OC)C=CC2=NC=CC(=C12)CCCC3C(CNCC3)C=C,C=CC1CNCCC1CCCc1ccnc2ccc(OC)cc12
1617,1,C(OC1=NSN=C1C2=CCCN(C2)C)CCCCC,CCCCCCOc1nsnc1C1=CCCN(C)C1
1618,1,C2=N[N]1C(=CC=NC1=C2C#N)C3=CC(=CC=C3)N(C(C)=O)CC,CCN(C(C)=O)c1cccc(-c2ccnc3c(C#N)cnn23)c1
1619,1,C2=C(\C(C1=CC=CN=C1)=C\CN(C)C)C=CC(=C2)Br,CN(C)C/C=C(/c1ccc(Br)cc1)c1cccnc1
1620,1,C3=C(N2C1=C([N](C)N=C1C)N(C(=O)CC2=O)C)C=CC=C3,Cc1nn(C)c2c1N(c1ccccc1)C(=O)CC(=O)N2C
1621,1,C3=C(C1=NCCN=C2N(NC(=C12)C)C)C=CC=C3Cl,CC1=C2C(c3cccc(Cl)c3)=NCCN=C2N(C)N1
1622,1,[N+](=[N-])=O,[N-]=[N+]=O
1623,1,C1=C(Cl)C(=C(C2=C1NC(=O)C(N2)=O)[N+](=O)[O-])Cl,O=c1[nH]c2cc(Cl)c(Cl)c([N+](=O)[O-])c2[nH]c1=O
1624,1,[C@H]3([N]2C1=C(C(=NC=N1)N)N=C2)[C@@H]([C@@H]([C@H](O3)C[S+](CC[C@@H](C([O-])=O)N)C)O)O,C[S+](CC[C@H](N)C(=O)[O-])C[C@H]1O[C@@H](n2cnc3c(N)ncnc32)[C@H](O)[C@@H]1O
1625,1,[O+]1=N[N](C=C1[N-]C(NC2=CC=CC=C2)=O)C(CC3=CC=CC=C3)C,CC(Cc1ccccc1)n1cc([N-]C(=O)Nc2ccccc2)[o+]n1
1626,1,C1=C(OC)C(=CC2=C1C(=[N+](C(=C2CC)C)[NH-])C3=CC=C(C(=C3)OC)OC)OC,CCc1c(C)[n+]([NH-])c(-c2ccc(OC)c(OC)c2)c2cc(OC)c(OC)cc12
1627,1,[N+](=NCC(=O)N[C@@H]([C@H](O)C1=CC=C([N+]([O-])=O)C=C1)CO)=[N-],[N-]=[N+]=NCC(=O)N[C@H](CO)[C@H](O)c1ccc([N+](=O)[O-])cc1
